seller_id,month,total_orders,total_gmv,total_returns,avg_rating,avg_sentiment_score,pct_negative_reviews,review_count,return_rate,seller_name,category,region,return_rate_delta_vs_baseline,sentiment_delta_vs_baseline,trust_drift_flag,avg_response_time_hours
S0001,2024-01,22,1099.03,1,4.125,0.52125,0.0,8,0.045,Figueroa and Sons,Electronics,East,0.03,-0.061,0,7.0
S0001,2024-02,27,1414.27,0,4.266666666666667,0.6566666666666666,0.0,15,0.0,Figueroa and Sons,Electronics,East,-0.015,0.074,0,3.1
S0001,2024-03,23,1269.56,0,3.9166666666666665,0.5691666666666667,0.0,12,0.0,Figueroa and Sons,Electronics,East,-0.015,-0.013,0,6.4
S0001,2024-04,17,708.41,0,4.1,0.475,0.1,10,0.0,Figueroa and Sons,Electronics,East,-0.015,-0.107,0,6.7
S0001,2024-05,23,1372.66,0,4.5625,0.6681250000000001,0.0,16,0.0,Figueroa and Sons,Electronics,East,-0.015,0.086,0,1.5
S0001,2024-06,19,879.07,1,4.416666666666667,0.8166666666666668,0.0,12,0.053,Figueroa and Sons,Electronics,East,0.038,0.234,0,4.4
S0001,2024-07,18,1006.31,1,4.153846153846154,0.6492307692307692,0.0,13,0.056,Figueroa and Sons,Electronics,East,0.041,0.067,0,7.0
S0001,2024-08,22,1070.93,2,4.222222222222222,0.5566666666666666,0.0,9,0.091,Figueroa and Sons,Electronics,East,0.076,-0.026,0,7.3
S0001,2024-09,19,1274.76,0,4.0,0.4707142857142857,0.0,14,0.0,Figueroa and Sons,Electronics,East,-0.015,-0.112,0,5.0
S0001,2024-10,22,1169.65,2,4.25,0.5425,0.0,12,0.091,Figueroa and Sons,Electronics,East,0.076,-0.04,0,6.4
S0001,2024-11,19,929.06,0,4.666666666666667,0.6166666666666667,0.0,9,0.0,Figueroa and Sons,Electronics,East,-0.015,0.034,0,6.6
S0001,2024-12,15,896.52,0,4.444444444444445,0.6622222222222223,0.0,9,0.0,Figueroa and Sons,Electronics,East,-0.015,0.08,0,6.4
S0001,2025-01,21,1069.18,2,4.5625,0.684375,0.0,16,0.095,Figueroa and Sons,Electronics,East,0.08,0.102,0,8.2
S0001,2025-02,26,1351.27,0,4.5,0.7416666666666667,0.0,12,0.0,Figueroa and Sons,Electronics,East,-0.015,0.159,0,7.0
S0001,2025-03,21,1170.03,1,4.066666666666666,0.664,0.0,15,0.048,Figueroa and Sons,Electronics,East,0.033,0.082,0,7.4
S0001,2025-04,18,1049.68,0,4.470588235294118,0.7282352941176471,0.0,17,0.0,Figueroa and Sons,Electronics,East,-0.015,0.146,0,3.5
S0001,2025-05,19,1204.91,3,4.384615384615385,0.6915384615384615,0.0,13,0.158,Figueroa and Sons,Electronics,East,0.143,0.109,0,10.7
S0001,2025-06,20,881.92,0,4.166666666666667,0.5558333333333333,0.0,12,0.0,Figueroa and Sons,Electronics,East,-0.015,-0.027,0,3.3
S0001,2025-07,21,1040.72,2,4.071428571428571,0.5092857142857142,0.0,14,0.095,Figueroa and Sons,Electronics,East,0.08,-0.073,0,9.6
S0001,2025-08,15,684.93,3,4.0,0.57,0.0,12,0.2,Figueroa and Sons,Electronics,East,0.185,-0.012,0,11.3
S0001,2025-09,23,1095.36,2,3.2222222222222223,0.2055555555555555,0.1111111111111111,9,0.087,Figueroa and Sons,Electronics,East,0.072,-0.377,1,7.5
S0001,2025-10,18,857.69,0,3.5384615384615383,0.3269230769230769,0.0,13,0.0,Figueroa and Sons,Electronics,East,-0.015,-0.255,0,3.8
S0001,2025-11,26,1127.68,4,3.75,0.4325,0.0,16,0.154,Figueroa and Sons,Electronics,East,0.139,-0.15,0,12.1
S0001,2025-12,17,808.63,3,3.923076923076923,0.4507692307692308,0.0769230769230769,13,0.176,Figueroa and Sons,Electronics,East,0.161,-0.132,0,10.4
S0002,2024-01,21,985.51,0,4.25,0.64125,0.0,8,0.0,"Garcia, Yang and Gardner",Home & Kitchen,North,-0.053,0.013,0,4.2
S0002,2024-02,24,1294.18,3,4.454545454545454,0.57,0.0,11,0.125,"Garcia, Yang and Gardner",Home & Kitchen,North,0.072,-0.058,0,8.4
S0002,2024-03,30,1454.48,1,4.4375,0.67375,0.0,16,0.033,"Garcia, Yang and Gardner",Home & Kitchen,North,-0.02,0.045,0,7.0
S0002,2024-04,28,1329.88,1,4.533333333333333,0.6813333333333333,0.0,15,0.036,"Garcia, Yang and Gardner",Home & Kitchen,North,-0.017,0.053,0,6.8
S0002,2024-05,37,1608.82,1,4.4,0.5650000000000001,0.05,20,0.027,"Garcia, Yang and Gardner",Home & Kitchen,North,-0.026,-0.063,0,6.6
S0002,2024-06,23,1004.58,2,4.1,0.524,0.0,10,0.087,"Garcia, Yang and Gardner",Home & Kitchen,North,0.034,-0.104,0,8.6
S0002,2024-07,25,1273.51,0,4.266666666666667,0.588,0.0,15,0.0,"Garcia, Yang and Gardner",Home & Kitchen,North,-0.053,-0.04,0,8.9
S0002,2024-08,10,495.98,2,4.266666666666667,0.6126666666666666,0.0,15,0.2,"Garcia, Yang and Gardner",Home & Kitchen,North,0.147,-0.016,0,10.7
S0002,2024-09,25,1409.37,2,4.3,0.658,0.0,10,0.08,"Garcia, Yang and Gardner",Home & Kitchen,North,0.027,0.03,0,6.6
S0002,2024-10,21,1000.64,0,4.578947368421052,0.6305263157894737,0.0,19,0.0,"Garcia, Yang and Gardner",Home & Kitchen,North,-0.053,0.002,0,3.5
S0002,2024-11,27,1203.99,2,4.230769230769231,0.6476923076923077,0.0,13,0.074,"Garcia, Yang and Gardner",Home & Kitchen,North,0.021,0.019,0,8.5
S0002,2024-12,30,1468.48,1,4.541666666666667,0.6595833333333333,0.0,24,0.033,"Garcia, Yang and Gardner",Home & Kitchen,North,-0.02,0.031,0,8.1
S0002,2025-01,21,997.07,1,4.533333333333333,0.666,0.0,15,0.048,"Garcia, Yang and Gardner",Home & Kitchen,North,-0.005,0.038,0,6.3
S0002,2025-02,24,986.99,1,4.7,0.7350000000000001,0.0,10,0.042,"Garcia, Yang and Gardner",Home & Kitchen,North,-0.011,0.107,0,4.8
S0002,2025-03,29,1527.72,1,4.45,0.63,0.0,20,0.034,"Garcia, Yang and Gardner",Home & Kitchen,North,-0.019,0.002,0,4.6
S0002,2025-04,29,1418.25,3,4.5,0.7125,0.0,12,0.103,"Garcia, Yang and Gardner",Home & Kitchen,North,0.05,0.084,0,9.5
S0002,2025-05,32,1606.87,1,4.521739130434782,0.6852173913043478,0.0,23,0.031,"Garcia, Yang and Gardner",Home & Kitchen,North,-0.022,0.057,0,7.3
S0002,2025-06,23,890.87,0,4.538461538461538,0.6892307692307692,0.0,13,0.0,"Garcia, Yang and Gardner",Home & Kitchen,North,-0.053,0.061,0,6.0
S0002,2025-07,28,1438.54,2,4.411764705882353,0.6158823529411765,0.0,17,0.071,"Garcia, Yang and Gardner",Home & Kitchen,North,0.018,-0.012,0,6.1
S0002,2025-08,19,1003.21,0,4.0,0.4885714285714285,0.0714285714285714,14,0.0,"Garcia, Yang and Gardner",Home & Kitchen,North,-0.053,-0.14,0,5.4
S0002,2025-09,24,940.9,0,4.2727272727272725,0.6736363636363637,0.0,11,0.0,"Garcia, Yang and Gardner",Home & Kitchen,North,-0.053,0.045,0,5.2
S0002,2025-10,18,960.19,1,4.75,0.7366666666666667,0.0,12,0.056,"Garcia, Yang and Gardner",Home & Kitchen,North,0.003,0.108,0,7.2
S0002,2025-11,20,829.82,1,3.9166666666666665,0.5708333333333333,0.0833333333333333,12,0.05,"Garcia, Yang and Gardner",Home & Kitchen,North,-0.003,-0.057,0,8.2
S0002,2025-12,20,991.59,0,4.2727272727272725,0.7045454545454546,0.0,11,0.0,"Garcia, Yang and Gardner",Home & Kitchen,North,-0.053,0.076,0,5.4
S0003,2024-01,34,1937.49,9,3.625,0.415,0.125,8,0.265,Johnson and Sons,Automotive,North,0.086,0.172,0,14.7
S0003,2024-02,33,1423.5,9,2.774193548387097,-0.0338709677419354,0.3870967741935484,31,0.273,Johnson and Sons,Automotive,North,0.094,-0.276,1,13.9
S0003,2024-03,33,1684.28,0,3.647058823529412,0.3464705882352941,0.2352941176470588,17,0.0,Johnson and Sons,Automotive,North,-0.179,0.104,0,5.5
S0003,2024-04,31,1494.67,0,4.285714285714286,0.5723809523809523,0.0,21,0.0,Johnson and Sons,Automotive,North,-0.179,0.33,0,6.1
S0003,2024-05,35,1672.33,9,4.176470588235294,0.5935294117647059,0.0,17,0.257,Johnson and Sons,Automotive,North,0.078,0.351,0,10.6
S0003,2024-06,43,2054.71,3,3.9130434782608696,0.542608695652174,0.0,23,0.07,Johnson and Sons,Automotive,North,-0.109,0.3,0,6.7
S0003,2024-07,43,2090.25,3,3.75,0.3314285714285714,0.0714285714285714,28,0.07,Johnson and Sons,Automotive,North,-0.109,0.089,0,6.4
S0003,2024-08,41,1954.28,2,3.88,0.4832,0.08,25,0.049,Johnson and Sons,Automotive,North,-0.13,0.241,0,5.4
S0003,2024-09,48,2175.86,4,3.2,0.1236,0.16,25,0.083,Johnson and Sons,Automotive,North,-0.096,-0.119,0,7.2
S0003,2024-10,25,1190.84,6,2.9545454545454546,-0.029090909090909,0.2727272727272727,22,0.24,Johnson and Sons,Automotive,North,0.061,-0.272,1,15.4
S0003,2024-11,23,976.67,11,2.8823529411764706,-0.1417647058823529,0.4705882352941176,17,0.478,Johnson and Sons,Automotive,North,0.299,-0.384,1,18.7
S0003,2024-12,60,2802.54,9,3.7083333333333335,0.4366666666666667,0.125,24,0.15,Johnson and Sons,Automotive,North,-0.029,0.194,0,11.5
S0003,2025-01,47,2225.72,10,4.0,0.5546875,0.0625,32,0.213,Johnson and Sons,Automotive,North,0.034,0.312,0,8.8
S0003,2025-02,34,1576.52,7,3.821428571428572,0.4410714285714285,0.0357142857142857,28,0.206,Johnson and Sons,Automotive,North,0.027,0.199,0,11.0
S0003,2025-03,51,2340.86,4,4.043478260869565,0.5526086956521739,0.0434782608695652,23,0.078,Johnson and Sons,Automotive,North,-0.101,0.31,0,7.8
S0003,2025-04,37,1908.86,11,3.642857142857143,0.4428571428571429,0.0,28,0.297,Johnson and Sons,Automotive,North,0.118,0.2,0,15.6
S0003,2025-05,38,2054.73,18,3.592592592592593,0.3588888888888888,0.074074074074074,27,0.474,Johnson and Sons,Automotive,North,0.295,0.116,0,21.4
S0003,2025-06,43,2273.51,5,4.107142857142857,0.5407142857142857,0.0357142857142857,28,0.116,Johnson and Sons,Automotive,North,-0.063,0.298,0,10.1
S0003,2025-07,40,2028.47,3,3.421052631578948,0.1836842105263157,0.2105263157894736,19,0.075,Johnson and Sons,Automotive,North,-0.104,-0.059,0,6.8
S0003,2025-08,36,1895.21,3,3.695652173913044,0.208695652173913,0.2608695652173913,23,0.083,Johnson and Sons,Automotive,North,-0.096,-0.034,0,6.8
S0003,2025-09,36,1817.54,2,3.6818181818181817,0.2481818181818181,0.2727272727272727,22,0.056,Johnson and Sons,Automotive,North,-0.123,0.006,0,8.3
S0003,2025-10,36,1732.45,2,2.592592592592593,-0.2562962962962963,0.4074074074074074,27,0.056,Johnson and Sons,Automotive,North,-0.123,-0.499,0,6.4
S0003,2025-11,45,2442.0,5,3.592592592592593,0.1614814814814815,0.2962962962962963,27,0.111,Johnson and Sons,Automotive,North,-0.068,-0.081,0,6.3
S0003,2025-12,21,1073.78,1,4.0,0.3873684210526316,0.1052631578947368,19,0.048,Johnson and Sons,Automotive,North,-0.131,0.145,0,4.5
S0004,2024-01,28,1646.88,1,4.333333333333333,0.6508333333333333,0.0,12,0.036,"Johnson, Gonzalez and Santos",Electronics,North,-0.01,0.048,0,4.5
S0004,2024-02,21,1002.15,1,4.0,0.5733333333333334,0.0,12,0.048,"Johnson, Gonzalez and Santos",Electronics,North,0.002,-0.03,0,7.4
S0004,2024-03,37,1783.16,2,4.157894736842105,0.5857894736842105,0.0526315789473684,19,0.054,"Johnson, Gonzalez and Santos",Electronics,North,0.008,-0.018,0,7.0
S0004,2024-04,27,1351.3,1,4.4,0.628,0.0,25,0.037,"Johnson, Gonzalez and Santos",Electronics,North,-0.009,0.025,0,7.4
S0004,2024-05,25,1254.53,0,4.285714285714286,0.6314285714285715,0.0,14,0.0,"Johnson, Gonzalez and Santos",Electronics,North,-0.046,0.028,0,4.2
S0004,2024-06,22,978.95,1,4.266666666666667,0.6366666666666667,0.0,15,0.045,"Johnson, Gonzalez and Santos",Electronics,North,-0.001,0.033,0,6.7
S0004,2024-07,28,1245.03,3,4.533333333333333,0.64,0.0,15,0.107,"Johnson, Gonzalez and Santos",Electronics,North,0.061,0.037,0,9.6
S0004,2024-08,31,1489.69,0,4.3125,0.62,0.0,16,0.0,"Johnson, Gonzalez and Santos",Electronics,North,-0.046,0.017,0,4.4
S0004,2024-09,26,1108.91,0,4.333333333333333,0.676,0.0,15,0.0,"Johnson, Gonzalez and Santos",Electronics,North,-0.046,0.073,0,5.8
S0004,2024-10,33,1649.38,0,4.368421052631579,0.7057894736842105,0.0,19,0.0,"Johnson, Gonzalez and Santos",Electronics,North,-0.046,0.102,0,3.8
S0004,2024-11,23,992.97,0,4.176470588235294,0.6452941176470589,0.0,17,0.0,"Johnson, Gonzalez and Santos",Electronics,North,-0.046,0.042,0,4.3
S0004,2024-12,25,1445.81,0,4.428571428571429,0.6814285714285714,0.0,14,0.0,"Johnson, Gonzalez and Santos",Electronics,North,-0.046,0.078,0,4.3
S0004,2025-01,26,1312.08,3,4.266666666666667,0.602,0.0,15,0.115,"Johnson, Gonzalez and Santos",Electronics,North,0.069,-0.001,0,6.5
S0004,2025-02,23,1150.19,2,4.307692307692308,0.7253846153846154,0.0,13,0.087,"Johnson, Gonzalez and Santos",Electronics,North,0.041,0.122,0,8.7
S0004,2025-03,21,1112.35,3,4.285714285714286,0.7171428571428572,0.0,14,0.143,"Johnson, Gonzalez and Santos",Electronics,North,0.097,0.114,0,8.7
S0004,2025-04,20,875.52,0,4.333333333333333,0.6111111111111112,0.0,9,0.0,"Johnson, Gonzalez and Santos",Electronics,North,-0.046,0.008,0,5.0
S0004,2025-05,21,1272.0,0,4.357142857142857,0.7107142857142856,0.0,14,0.0,"Johnson, Gonzalez and Santos",Electronics,North,-0.046,0.107,0,5.9
S0004,2025-06,23,1064.68,2,3.9444444444444446,0.4888888888888889,0.0,18,0.087,"Johnson, Gonzalez and Santos",Electronics,North,0.041,-0.114,0,8.6
S0004,2025-07,28,1410.23,3,3.583333333333333,0.2783333333333333,0.0833333333333333,12,0.107,"Johnson, Gonzalez and Santos",Electronics,North,0.061,-0.325,1,9.6
S0004,2025-08,20,1063.75,1,3.238095238095238,0.1485714285714285,0.1428571428571428,21,0.05,"Johnson, Gonzalez and Santos",Electronics,North,0.004,-0.455,0,6.4
S0004,2025-09,21,1051.63,2,3.857142857142857,0.4414285714285714,0.1428571428571428,7,0.095,"Johnson, Gonzalez and Santos",Electronics,North,0.049,-0.162,0,7.3
S0004,2025-10,26,1356.06,7,3.7222222222222223,0.3922222222222222,0.0555555555555555,18,0.269,"Johnson, Gonzalez and Santos",Electronics,North,0.223,-0.211,1,13.5
S0004,2025-11,27,1516.52,8,3.4761904761904763,0.3271428571428571,0.0476190476190476,21,0.296,"Johnson, Gonzalez and Santos",Electronics,North,0.25,-0.276,1,11.4
S0004,2025-12,17,817.83,2,3.588235294117647,0.3064705882352941,0.1176470588235294,17,0.118,"Johnson, Gonzalez and Santos",Electronics,North,0.072,-0.297,1,6.2
S0005,2024-01,32,1786.84,2,4.333333333333333,0.6855555555555556,0.0,9,0.062,Cole LLC,Beauty,Central,0.017,-0.009,0,4.6
S0005,2024-02,28,1492.78,1,4.588235294117647,0.6723529411764706,0.0,17,0.036,Cole LLC,Beauty,Central,-0.009,-0.023,0,4.4
S0005,2024-03,26,1254.87,1,4.588235294117647,0.7270588235294118,0.0,17,0.038,Cole LLC,Beauty,Central,-0.007,0.032,0,6.9
S0005,2024-04,33,1570.95,4,4.222222222222222,0.5955555555555555,0.0,9,0.121,Cole LLC,Beauty,Central,0.076,-0.099,0,7.2
S0005,2024-05,19,817.64,1,4.16,0.6164000000000001,0.04,25,0.053,Cole LLC,Beauty,Central,0.008,-0.079,0,6.0
S0005,2024-06,35,1497.26,0,4.555555555555555,0.7111111111111111,0.0,9,0.0,Cole LLC,Beauty,Central,-0.045,0.016,0,7.3
S0005,2024-07,20,868.4,2,4.238095238095238,0.680952380952381,0.0,21,0.1,Cole LLC,Beauty,Central,0.055,-0.014,0,7.6
S0005,2024-08,31,1448.22,2,4.285714285714286,0.6921428571428571,0.0,14,0.065,Cole LLC,Beauty,Central,0.02,-0.003,0,8.4
S0005,2024-09,15,544.29,0,4.368421052631579,0.6552631578947368,0.0,19,0.0,Cole LLC,Beauty,Central,-0.045,-0.04,0,3.3
S0005,2024-10,33,1811.43,1,4.5,0.725,0.0,14,0.03,Cole LLC,Beauty,Central,-0.015,0.03,0,5.6
S0005,2024-11,34,1396.42,0,4.461538461538462,0.6584615384615385,0.0,26,0.0,Cole LLC,Beauty,Central,-0.045,-0.037,0,3.3
S0005,2024-12,31,1362.02,1,4.478260869565218,0.6269565217391304,0.0,23,0.032,Cole LLC,Beauty,Central,-0.013,-0.068,0,5.4
S0005,2025-01,28,1410.11,2,4.4,0.6033333333333334,0.0,15,0.071,Cole LLC,Beauty,Central,0.026,-0.092,0,8.8
S0005,2025-02,35,1610.55,2,4.423076923076923,0.5661538461538462,0.0,26,0.057,Cole LLC,Beauty,Central,0.012,-0.129,0,3.7
S0005,2025-03,18,947.08,2,4.2727272727272725,0.630909090909091,0.0,11,0.111,Cole LLC,Beauty,Central,0.066,-0.064,0,9.3
S0005,2025-04,29,1327.94,0,4.555555555555555,0.6855555555555556,0.0,9,0.0,Cole LLC,Beauty,Central,-0.045,-0.009,0,5.4
S0005,2025-05,30,1551.9,1,4.35,0.593,0.0,20,0.033,Cole LLC,Beauty,Central,-0.012,-0.102,0,5.0
S0005,2025-06,27,1430.91,2,4.5,0.696875,0.0,16,0.074,Cole LLC,Beauty,Central,0.029,0.002,0,4.8
S0005,2025-07,34,1624.2,4,4.588235294117647,0.6823529411764706,0.0,17,0.118,Cole LLC,Beauty,Central,0.073,-0.013,0,8.9
S0005,2025-08,24,1248.57,2,4.3478260869565215,0.6060869565217392,0.0,23,0.083,Cole LLC,Beauty,Central,0.038,-0.089,0,6.7
S0005,2025-09,37,1769.0,2,4.625,0.7424999999999999,0.0,16,0.054,Cole LLC,Beauty,Central,0.009,0.048,0,7.1
S0005,2025-10,30,1334.39,1,4.25,0.57625,0.0,24,0.033,Cole LLC,Beauty,Central,-0.012,-0.119,0,6.1
S0005,2025-11,24,1329.36,1,4.6,0.741,0.0,10,0.042,Cole LLC,Beauty,Central,-0.003,0.046,0,9.2
S0005,2025-12,22,947.15,2,4.571428571428571,0.6985714285714285,0.0,14,0.091,Cole LLC,Beauty,Central,0.046,0.004,0,7.5
S0006,2024-01,53,2854.65,2,4.380952380952381,0.64,0.0,21,0.038,Blake and Sons,Automotive,South,-0.041,0.049,0,4.4
S0006,2024-02,25,1229.56,2,4.363636363636363,0.6036363636363636,0.0,22,0.08,Blake and Sons,Automotive,South,0.001,0.012,0,7.9
S0006,2024-03,51,2611.92,6,4.103448275862069,0.5303448275862069,0.0344827586206896,29,0.118,Blake and Sons,Automotive,South,0.039,-0.061,0,9.2
S0006,2024-04,38,1815.27,3,4.148148148148148,0.5607407407407408,0.0,27,0.079,Blake and Sons,Automotive,South,0.0,-0.031,0,10.0
S0006,2024-05,44,2542.4,3,3.9130434782608696,0.5208695652173914,0.0434782608695652,23,0.068,Blake and Sons,Automotive,South,-0.011,-0.07,0,8.7
S0006,2024-06,54,2752.57,3,4.290322580645161,0.6280645161290322,0.0,31,0.056,Blake and Sons,Automotive,South,-0.023,0.037,0,7.4
S0006,2024-07,39,1875.66,0,4.2,0.616,0.0,30,0.0,Blake and Sons,Automotive,South,-0.079,0.025,0,7.6
S0006,2024-08,45,2114.16,1,4.076923076923077,0.5626923076923076,0.0,26,0.022,Blake and Sons,Automotive,South,-0.057,-0.029,0,3.6
S0006,2024-09,39,1736.7,8,3.8,0.4824,0.04,25,0.205,Blake and Sons,Automotive,South,0.126,-0.109,0,10.4
S0006,2024-10,37,1865.64,3,3.68,0.4564,0.04,25,0.081,Blake and Sons,Automotive,South,0.002,-0.135,0,5.9
S0006,2024-11,40,2039.02,0,4.107142857142857,0.5264285714285715,0.0714285714285714,28,0.0,Blake and Sons,Automotive,South,-0.079,-0.065,0,4.3
S0006,2024-12,41,2043.99,4,4.416666666666667,0.7075,0.0,24,0.098,Blake and Sons,Automotive,South,0.019,0.116,0,5.7
S0006,2025-01,19,786.85,0,4.15,0.683,0.05,20,0.0,Blake and Sons,Automotive,South,-0.079,0.092,0,6.1
S0006,2025-02,45,2095.77,4,3.7916666666666665,0.5579166666666667,0.0,24,0.089,Blake and Sons,Automotive,South,0.01,-0.033,0,7.4
S0006,2025-03,57,3010.32,3,4.1,0.58,0.0,30,0.053,Blake and Sons,Automotive,South,-0.026,-0.011,0,4.0
S0006,2025-04,24,1224.45,3,4.318181818181818,0.58,0.0,22,0.125,Blake and Sons,Automotive,South,0.046,-0.011,0,7.2
S0006,2025-05,45,2324.43,6,3.7,0.3259999999999999,0.1,20,0.133,Blake and Sons,Automotive,South,0.054,-0.265,1,9.8
S0006,2025-06,38,1863.52,5,4.0,0.5455882352941177,0.0,34,0.132,Blake and Sons,Automotive,South,0.053,-0.046,0,10.7
S0006,2025-07,28,1336.7,3,3.95,0.5589999999999999,0.05,20,0.107,Blake and Sons,Automotive,South,0.028,-0.032,0,12.0
S0006,2025-08,27,1190.62,2,3.9375,0.461875,0.0,16,0.074,Blake and Sons,Automotive,South,-0.005,-0.129,0,12.6
S0006,2025-09,47,2323.65,4,4.038461538461538,0.5957692307692308,0.0,26,0.085,Blake and Sons,Automotive,South,0.006,0.004,0,8.5
S0006,2025-10,35,1672.55,5,3.3,0.1915,0.15,20,0.143,Blake and Sons,Automotive,South,0.064,-0.4,1,7.8
S0006,2025-11,46,2533.56,13,3.5,0.3739473684210526,0.0789473684210526,38,0.283,Blake and Sons,Automotive,South,0.204,-0.217,1,10.2
S0006,2025-12,19,926.88,2,3.0625,0.0975,0.1875,16,0.105,Blake and Sons,Automotive,South,0.026,-0.494,0,8.8
S0007,2024-01,11,488.92,0,3.5,0.315,0.0,2,0.0,Ramirez-Lewis,Automotive,West,-0.083,0.068,0,3.5
S0007,2024-02,16,826.55,4,3.066666666666667,0.1273333333333333,0.1333333333333333,15,0.25,Ramirez-Lewis,Automotive,West,0.167,-0.12,0,12.3
S0007,2024-03,18,826.55,0,3.5,0.3,0.1666666666666666,6,0.0,Ramirez-Lewis,Automotive,West,-0.083,0.053,0,3.9
S0007,2024-04,15,608.09,0,4.181818181818182,0.5281818181818182,0.0909090909090909,11,0.0,Ramirez-Lewis,Automotive,West,-0.083,0.281,0,4.7
S0007,2024-05,13,590.81,1,3.2857142857142856,0.1871428571428571,0.0,7,0.077,Ramirez-Lewis,Automotive,West,-0.006,-0.06,0,9.4
S0007,2024-06,21,1174.05,7,2.75,-0.1958333333333333,0.25,12,0.333,Ramirez-Lewis,Automotive,West,0.25,-0.443,1,15.9
S0007,2024-07,17,718.07,2,3.1875,0.094375,0.25,16,0.118,Ramirez-Lewis,Automotive,West,0.035,-0.153,0,8.5
S0007,2024-08,17,753.21,1,3.4285714285714284,0.2107142857142857,0.1428571428571428,14,0.059,Ramirez-Lewis,Automotive,West,-0.024,-0.037,0,5.0
S0007,2024-09,19,1009.82,4,3.7777777777777777,0.2544444444444445,0.2222222222222222,9,0.211,Ramirez-Lewis,Automotive,West,0.128,0.007,0,8.7
S0007,2024-10,14,635.01,0,4.416666666666667,0.6533333333333333,0.0,12,0.0,Ramirez-Lewis,Automotive,West,-0.083,0.406,0,4.1
S0007,2024-11,16,856.35,0,3.8181818181818175,0.5427272727272727,0.0,11,0.0,Ramirez-Lewis,Automotive,West,-0.083,0.295,0,4.9
S0007,2024-12,15,891.53,6,3.1818181818181817,0.2,0.0909090909090909,11,0.4,Ramirez-Lewis,Automotive,West,0.317,-0.047,0,21.0
S0007,2025-01,14,857.16,3,3.8333333333333335,0.7200000000000001,0.0,6,0.214,Ramirez-Lewis,Automotive,West,0.131,0.473,0,12.1
S0007,2025-02,21,1390.15,1,4.4,0.624,0.0,15,0.048,Ramirez-Lewis,Automotive,West,-0.035,0.377,0,8.3
S0007,2025-03,14,710.61,0,4.4,0.55,0.0,10,0.0,Ramirez-Lewis,Automotive,West,-0.083,0.303,0,4.1
S0007,2025-04,15,612.14,2,3.8,0.5660000000000001,0.0,5,0.133,Ramirez-Lewis,Automotive,West,0.05,0.319,0,7.1
S0007,2025-05,12,484.76,1,3.75,0.46,0.0,4,0.083,Ramirez-Lewis,Automotive,West,-0.0,0.213,0,5.9
S0007,2025-06,13,656.22,0,3.8333333333333335,0.4733333333333333,0.0,6,0.0,Ramirez-Lewis,Automotive,West,-0.083,0.226,0,3.7
S0007,2025-07,10,543.67,2,4.0,0.2983333333333333,0.1666666666666666,6,0.2,Ramirez-Lewis,Automotive,West,0.117,0.051,0,15.2
S0007,2025-08,12,506.77,2,4.555555555555555,0.73,0.0,9,0.167,Ramirez-Lewis,Automotive,West,0.084,0.483,0,8.9
S0007,2025-09,20,995.59,1,4.25,0.5175,0.0,12,0.05,Ramirez-Lewis,Automotive,West,-0.033,0.27,0,8.1
S0007,2025-10,8,347.97,4,3.4444444444444446,0.11,0.2222222222222222,9,0.5,Ramirez-Lewis,Automotive,West,0.417,-0.137,0,19.4
S0007,2025-11,17,929.32,2,3.6666666666666665,0.3783333333333333,0.0,6,0.118,Ramirez-Lewis,Automotive,West,0.035,0.131,0,10.5
S0007,2025-12,24,1108.77,5,4.083333333333333,0.5191666666666667,0.0,12,0.208,Ramirez-Lewis,Automotive,West,0.125,0.272,0,12.3
S0008,2024-01,24,1107.9,2,4.181818181818182,0.5409090909090909,0.0,11,0.083,Davis Inc,Pet Supplies,East,0.01,-0.057,0,7.4
S0008,2024-02,21,823.85,2,4.333333333333333,0.6811111111111111,0.0,9,0.095,Davis Inc,Pet Supplies,East,0.022,0.083,0,8.0
S0008,2024-03,25,1210.96,1,4.529411764705882,0.571764705882353,0.0,17,0.04,Davis Inc,Pet Supplies,East,-0.033,-0.026,0,5.1
S0008,2024-04,21,1233.77,1,4.666666666666667,0.6933333333333334,0.0,12,0.048,Davis Inc,Pet Supplies,East,-0.025,0.095,0,7.3
S0008,2024-05,23,1374.21,1,4.428571428571429,0.7321428571428571,0.0,14,0.043,Davis Inc,Pet Supplies,East,-0.03,0.134,0,5.6
S0008,2024-06,22,1196.08,0,4.538461538461538,0.7115384615384616,0.0,13,0.0,Davis Inc,Pet Supplies,East,-0.073,0.114,0,2.8
S0008,2024-07,21,1074.27,1,4.176470588235294,0.5670588235294118,0.0,17,0.048,Davis Inc,Pet Supplies,East,-0.025,-0.031,0,4.2
S0008,2024-08,18,940.83,0,4.4,0.564,0.0,5,0.0,Davis Inc,Pet Supplies,East,-0.073,-0.034,0,5.3
S0008,2024-09,21,1048.5,0,4.5,0.6950000000000001,0.0,14,0.0,Davis Inc,Pet Supplies,East,-0.073,0.097,0,7.8
S0008,2024-10,24,1110.03,0,4.142857142857143,0.6792857142857143,0.0,14,0.0,Davis Inc,Pet Supplies,East,-0.073,0.081,0,5.3
S0008,2024-11,24,1324.47,1,4.45,0.6685000000000001,0.0,20,0.042,Davis Inc,Pet Supplies,East,-0.031,0.071,0,6.1
S0008,2024-12,26,1162.23,0,4.166666666666667,0.6494444444444444,0.0,18,0.0,Davis Inc,Pet Supplies,East,-0.073,0.052,0,5.5
S0008,2025-01,20,963.29,1,4.611111111111111,0.6411111111111111,0.0,18,0.05,Davis Inc,Pet Supplies,East,-0.023,0.043,0,9.0
S0008,2025-02,23,1093.31,0,4.5,0.7391666666666666,0.0,12,0.0,Davis Inc,Pet Supplies,East,-0.073,0.141,0,5.4
S0008,2025-03,13,620.65,0,4.5,0.70125,0.0,8,0.0,Davis Inc,Pet Supplies,East,-0.073,0.103,0,4.3
S0008,2025-04,11,430.6,1,4.0,0.4575,0.0,4,0.091,Davis Inc,Pet Supplies,East,0.018,-0.14,0,9.9
S0008,2025-05,22,1416.0,0,4.25,0.7075,0.0,12,0.0,Davis Inc,Pet Supplies,East,-0.073,0.11,0,5.8
S0008,2025-06,19,984.19,1,4.5,0.52875,0.0,8,0.053,Davis Inc,Pet Supplies,East,-0.02,-0.069,0,9.5
S0008,2025-07,19,947.78,0,4.416666666666667,0.6208333333333333,0.0,12,0.0,Davis Inc,Pet Supplies,East,-0.073,0.023,0,5.3
S0008,2025-08,13,770.02,0,4.285714285714286,0.7157142857142856,0.0,7,0.0,Davis Inc,Pet Supplies,East,-0.073,0.118,0,2.8
S0008,2025-09,20,1023.57,1,4.538461538461538,0.6776923076923077,0.0,13,0.05,Davis Inc,Pet Supplies,East,-0.023,0.08,0,4.1
S0008,2025-10,23,1274.46,2,4.888888888888889,0.6922222222222222,0.0,9,0.087,Davis Inc,Pet Supplies,East,0.014,0.094,0,10.8
S0008,2025-11,22,1068.77,2,4.380952380952381,0.6190476190476191,0.0,21,0.091,Davis Inc,Pet Supplies,East,0.018,0.021,0,11.0
S0008,2025-12,22,1095.47,1,4.076923076923077,0.5323076923076923,0.0,13,0.045,Davis Inc,Pet Supplies,East,-0.028,-0.066,0,6.1
S0009,2024-01,20,1006.01,4,3.2222222222222223,0.1188888888888888,0.0,9,0.2,Munoz-Roman,Electronics,South,0.055,0.186,0,10.7
S0009,2024-02,16,758.47,1,2.6923076923076925,-0.1669230769230769,0.4615384615384615,13,0.062,Munoz-Roman,Electronics,South,-0.083,-0.099,0,9.6
S0009,2024-03,23,1005.86,4,2.7142857142857144,-0.1542857142857143,0.3571428571428571,14,0.174,Munoz-Roman,Electronics,South,0.029,-0.087,0,8.6
S0009,2024-04,14,613.05,0,3.2857142857142856,0.1771428571428571,0.1428571428571428,7,0.0,Munoz-Roman,Electronics,South,-0.145,0.245,0,3.4
S0009,2024-05,21,943.66,4,3.333333333333333,0.2566666666666666,0.1111111111111111,18,0.19,Munoz-Roman,Electronics,South,0.045,0.324,0,12.2
S0009,2024-06,21,963.91,6,3.0,-0.0422222222222221,0.2222222222222222,9,0.286,Munoz-Roman,Electronics,South,0.141,0.025,0,13.4
S0009,2024-07,25,1132.47,3,3.2857142857142856,0.23,0.1428571428571428,14,0.12,Munoz-Roman,Electronics,South,-0.025,0.297,0,8.8
S0009,2024-08,17,834.28,1,3.2857142857142856,0.1957142857142857,0.1428571428571428,14,0.059,Munoz-Roman,Electronics,South,-0.086,0.263,0,6.6
S0009,2024-09,20,951.17,4,3.8333333333333335,0.555,0.0,12,0.2,Munoz-Roman,Electronics,South,0.055,0.622,0,12.0
S0009,2024-10,28,1208.8,5,3.8333333333333335,0.4016666666666666,0.0,12,0.179,Munoz-Roman,Electronics,South,0.034,0.469,0,13.3
S0009,2024-11,20,748.75,1,3.8333333333333335,0.4383333333333333,0.0833333333333333,12,0.05,Munoz-Roman,Electronics,South,-0.095,0.506,0,6.8
S0009,2024-12,13,609.78,0,3.909090909090909,0.3272727272727272,0.0909090909090909,11,0.0,Munoz-Roman,Electronics,South,-0.145,0.395,0,6.2
S0009,2025-01,19,1010.61,0,3.866666666666666,0.526,0.0,15,0.0,Munoz-Roman,Electronics,South,-0.145,0.593,0,1.3
S0009,2025-02,24,1081.42,1,4.0625,0.569375,0.0,16,0.042,Munoz-Roman,Electronics,South,-0.103,0.637,0,6.3
S0009,2025-03,18,929.86,1,4.0,0.533076923076923,0.0,13,0.056,Munoz-Roman,Electronics,South,-0.089,0.601,0,5.3
S0009,2025-04,24,1182.46,0,4.090909090909091,0.6809090909090909,0.0,11,0.0,Munoz-Roman,Electronics,South,-0.145,0.748,0,2.8
S0009,2025-05,16,839.85,0,4.2,0.506,0.0,10,0.0,Munoz-Roman,Electronics,South,-0.145,0.573,0,3.4
S0009,2025-06,22,1200.92,1,4.375,0.615625,0.0,16,0.045,Munoz-Roman,Electronics,South,-0.1,0.683,0,5.8
S0009,2025-07,22,1155.19,2,4.5,0.652,0.0,10,0.091,Munoz-Roman,Electronics,South,-0.054,0.719,0,9.6
S0009,2025-08,23,1236.99,1,4.4,0.705,0.0,10,0.043,Munoz-Roman,Electronics,South,-0.102,0.772,0,4.0
S0009,2025-09,25,1199.02,1,4.5,0.661,0.0,10,0.04,Munoz-Roman,Electronics,South,-0.105,0.728,0,6.3
S0009,2025-10,16,827.53,1,4.388888888888889,0.5683333333333334,0.0,18,0.062,Munoz-Roman,Electronics,South,-0.083,0.636,0,6.1
S0009,2025-11,20,932.42,0,4.666666666666667,0.63,0.0,12,0.0,Munoz-Roman,Electronics,South,-0.145,0.697,0,4.4
S0009,2025-12,19,837.87,0,4.769230769230769,0.6900000000000001,0.0,13,0.0,Munoz-Roman,Electronics,South,-0.145,0.757,0,6.8
S0010,2024-01,46,2358.89,17,3.4615384615384617,0.3246153846153846,0.0769230769230769,13,0.37,"Martinez, Nielsen and Miller",Toys,East,0.098,-0.095,0,17.8
S0010,2024-02,46,2274.76,16,3.740740740740741,0.3985185185185185,0.037037037037037,27,0.348,"Martinez, Nielsen and Miller",Toys,East,0.076,-0.021,0,18.5
S0010,2024-03,41,2184.39,4,4.0,0.5356,0.0,25,0.098,"Martinez, Nielsen and Miller",Toys,East,-0.174,0.116,0,7.9
S0010,2024-04,42,2082.16,9,3.857142857142857,0.4303571428571429,0.0714285714285714,28,0.214,"Martinez, Nielsen and Miller",Toys,East,-0.058,0.011,0,10.6
S0010,2024-05,45,2030.84,2,4.363636363636363,0.7331818181818182,0.0,22,0.044,"Martinez, Nielsen and Miller",Toys,East,-0.228,0.314,0,6.0
S0010,2024-06,44,2408.97,6,4.533333333333333,0.666,0.0333333333333333,30,0.136,"Martinez, Nielsen and Miller",Toys,East,-0.136,0.246,0,9.8
S0010,2024-07,49,2574.16,17,4.379310344827586,0.6475862068965518,0.0,29,0.347,"Martinez, Nielsen and Miller",Toys,East,0.075,0.228,0,16.4
S0010,2024-08,36,1678.02,5,3.4074074074074074,0.2085185185185185,0.1851851851851851,27,0.139,"Martinez, Nielsen and Miller",Toys,East,-0.133,-0.211,0,7.5
S0010,2024-09,40,2463.01,5,3.409090909090909,0.3031818181818181,0.1818181818181818,22,0.125,"Martinez, Nielsen and Miller",Toys,East,-0.147,-0.116,0,9.2
S0010,2024-10,34,1596.06,8,3.12,0.0547999999999999,0.28,25,0.235,"Martinez, Nielsen and Miller",Toys,East,-0.037,-0.365,0,12.9
S0010,2024-11,38,1894.58,9,2.9545454545454546,0.0063636363636363,0.2272727272727272,22,0.237,"Martinez, Nielsen and Miller",Toys,East,-0.035,-0.413,0,17.1
S0010,2024-12,52,2703.08,7,2.966666666666667,-0.0386666666666666,0.2666666666666666,30,0.135,"Martinez, Nielsen and Miller",Toys,East,-0.137,-0.458,0,12.7
S0010,2025-01,44,2389.62,5,3.2758620689655173,0.1727586206896551,0.0344827586206896,29,0.114,"Martinez, Nielsen and Miller",Toys,East,-0.158,-0.247,0,7.1
S0010,2025-02,50,2671.1,1,3.259259259259259,0.1962962962962963,0.1111111111111111,27,0.02,"Martinez, Nielsen and Miller",Toys,East,-0.252,-0.223,0,5.1
S0010,2025-03,36,1862.74,6,3.48,0.1907999999999999,0.16,25,0.167,"Martinez, Nielsen and Miller",Toys,East,-0.105,-0.229,0,7.7
S0010,2025-04,37,1933.58,9,4.074074074074074,0.5866666666666667,0.0,27,0.243,"Martinez, Nielsen and Miller",Toys,East,-0.029,0.167,0,11.7
S0010,2025-05,41,1834.93,8,4.0,0.5657692307692308,0.0384615384615384,26,0.195,"Martinez, Nielsen and Miller",Toys,East,-0.077,0.146,0,11.8
S0010,2025-06,42,2279.58,1,4.045454545454546,0.5840909090909091,0.0,22,0.024,"Martinez, Nielsen and Miller",Toys,East,-0.248,0.165,0,7.9
S0010,2025-07,37,1985.23,9,3.583333333333333,0.3999999999999999,0.0416666666666666,24,0.243,"Martinez, Nielsen and Miller",Toys,East,-0.029,-0.02,0,11.5
S0010,2025-08,48,2469.65,3,4.137931034482759,0.4651724137931035,0.0689655172413793,29,0.062,"Martinez, Nielsen and Miller",Toys,East,-0.21,0.046,0,5.8
S0010,2025-09,25,1095.44,8,3.217391304347826,0.1039130434782608,0.3043478260869565,23,0.32,"Martinez, Nielsen and Miller",Toys,East,0.048,-0.316,0,11.4
S0010,2025-10,51,2886.17,11,3.4545454545454546,0.2127272727272727,0.3181818181818182,22,0.216,"Martinez, Nielsen and Miller",Toys,East,-0.056,-0.207,0,11.6
S0010,2025-11,28,1293.39,7,4.074074074074074,0.4914814814814814,0.037037037037037,27,0.25,"Martinez, Nielsen and Miller",Toys,East,-0.022,0.072,0,11.1
S0010,2025-12,45,2528.97,0,3.04,0.0227999999999999,0.32,25,0.0,"Martinez, Nielsen and Miller",Toys,East,-0.272,-0.397,0,4.0
S0011,2024-01,44,1961.97,1,4.5625,0.766875,0.0,16,0.023,"Montgomery, Hensley and Ray",Toys,North,-0.028,0.078,0,4.2
S0011,2024-02,32,1440.66,2,4.571428571428571,0.7195238095238095,0.0,21,0.062,"Montgomery, Hensley and Ray",Toys,North,0.011,0.031,0,6.8
S0011,2024-03,44,2108.53,3,4.064516129032258,0.58,0.0,31,0.068,"Montgomery, Hensley and Ray",Toys,North,0.017,-0.109,0,4.0
S0011,2024-04,46,2401.55,0,4.190476190476191,0.549047619047619,0.0,21,0.0,"Montgomery, Hensley and Ray",Toys,North,-0.051,-0.14,0,2.4
S0011,2024-05,47,2489.27,1,4.277777777777778,0.6375,0.0,36,0.021,"Montgomery, Hensley and Ray",Toys,North,-0.03,-0.051,0,9.5
S0011,2024-06,41,2026.58,1,4.296296296296297,0.7107407407407408,0.0,27,0.024,"Montgomery, Hensley and Ray",Toys,North,-0.027,0.022,0,3.5
S0011,2024-07,38,2014.2,0,4.545454545454546,0.7286363636363636,0.0,22,0.0,"Montgomery, Hensley and Ray",Toys,North,-0.051,0.04,0,3.0
S0011,2024-08,30,1772.23,4,4.333333333333333,0.6061904761904762,0.0,21,0.133,"Montgomery, Hensley and Ray",Toys,North,0.082,-0.083,0,12.6
S0011,2024-09,32,1450.44,1,4.6,0.7144999999999999,0.0,20,0.031,"Montgomery, Hensley and Ray",Toys,North,-0.02,0.026,0,11.2
S0011,2024-10,40,2331.42,2,4.434782608695652,0.738695652173913,0.0,23,0.05,"Montgomery, Hensley and Ray",Toys,North,-0.001,0.05,0,4.5
S0011,2024-11,41,2203.19,3,4.64,0.6576000000000001,0.0,25,0.073,"Montgomery, Hensley and Ray",Toys,North,0.022,-0.031,0,6.7
S0011,2024-12,36,1985.61,0,4.521739130434782,0.7017391304347826,0.0,23,0.0,"Montgomery, Hensley and Ray",Toys,North,-0.051,0.013,0,5.6
S0011,2025-01,44,2107.46,3,4.35,0.629,0.0,20,0.068,"Montgomery, Hensley and Ray",Toys,North,0.017,-0.06,0,10.3
S0011,2025-02,37,2104.26,2,4.35,0.5695,0.0,20,0.054,"Montgomery, Hensley and Ray",Toys,North,0.003,-0.119,0,5.0
S0011,2025-03,38,1832.86,2,4.583333333333333,0.6404166666666666,0.0,24,0.053,"Montgomery, Hensley and Ray",Toys,North,0.002,-0.048,0,6.3
S0011,2025-04,40,2298.22,4,4.4,0.628,0.04,25,0.1,"Montgomery, Hensley and Ray",Toys,North,0.049,-0.061,0,9.6
S0011,2025-05,56,2832.1,1,4.451612903225806,0.6070967741935483,0.0,31,0.018,"Montgomery, Hensley and Ray",Toys,North,-0.033,-0.082,0,6.4
S0011,2025-06,27,1307.27,0,4.285714285714286,0.6623809523809524,0.0,21,0.0,"Montgomery, Hensley and Ray",Toys,North,-0.051,-0.026,0,4.3
S0011,2025-07,41,2123.99,2,4.478260869565218,0.7347826086956522,0.0,23,0.049,"Montgomery, Hensley and Ray",Toys,North,-0.002,0.046,0,6.3
S0011,2025-08,45,2323.98,2,4.608695652173913,0.72,0.0,23,0.044,"Montgomery, Hensley and Ray",Toys,North,-0.007,0.031,0,3.9
S0011,2025-09,38,1945.07,5,4.478260869565218,0.6095652173913043,0.0,23,0.132,"Montgomery, Hensley and Ray",Toys,North,0.081,-0.079,0,8.8
S0011,2025-10,45,2219.59,0,4.291666666666667,0.6004166666666667,0.0,24,0.0,"Montgomery, Hensley and Ray",Toys,North,-0.051,-0.088,0,4.5
S0011,2025-11,37,1771.24,2,4.379310344827586,0.6162068965517242,0.0,29,0.054,"Montgomery, Hensley and Ray",Toys,North,0.003,-0.073,0,7.1
S0011,2025-12,30,1696.92,0,4.388888888888889,0.7,0.0,18,0.0,"Montgomery, Hensley and Ray",Toys,North,-0.051,0.011,0,4.0
S0012,2024-01,43,2185.27,5,4.428571428571429,0.6114285714285714,0.0,14,0.116,Stanley LLC,Fashion,East,0.043,0.003,0,9.6
S0012,2024-02,65,3356.71,2,4.228571428571429,0.6351428571428571,0.0,35,0.031,Stanley LLC,Fashion,East,-0.042,0.027,0,7.8
S0012,2024-03,41,1721.13,3,4.323529411764706,0.5776470588235294,0.0588235294117647,34,0.073,Stanley LLC,Fashion,East,-0.0,-0.03,0,7.6
S0012,2024-04,56,2877.93,3,4.566666666666666,0.6549999999999999,0.0,30,0.054,Stanley LLC,Fashion,East,-0.019,0.047,0,7.4
S0012,2024-05,30,1657.14,0,4.264705882352941,0.5967647058823529,0.0294117647058823,34,0.0,Stanley LLC,Fashion,East,-0.073,-0.011,0,5.1
S0012,2024-06,42,2152.52,0,4.409090909090909,0.7372727272727272,0.0,22,0.0,Stanley LLC,Fashion,East,-0.073,0.129,0,5.0
S0012,2024-07,46,1979.24,2,4.25925925925926,0.6351851851851852,0.0,27,0.043,Stanley LLC,Fashion,East,-0.03,0.027,0,5.1
S0012,2024-08,27,1219.35,2,4.2105263157894735,0.6557894736842106,0.0,19,0.074,Stanley LLC,Fashion,East,0.001,0.048,0,7.9
S0012,2024-09,42,2116.25,4,4.3478260869565215,0.5908695652173913,0.0,23,0.095,Stanley LLC,Fashion,East,0.022,-0.017,0,7.9
S0012,2024-10,38,1855.95,2,4.428571428571429,0.5933333333333334,0.0,21,0.053,Stanley LLC,Fashion,East,-0.02,-0.015,0,10.5
S0012,2024-11,39,2038.89,1,4.478260869565218,0.7013043478260869,0.0,23,0.026,Stanley LLC,Fashion,East,-0.047,0.093,0,8.7
S0012,2024-12,28,1616.64,2,4.454545454545454,0.6331818181818182,0.0,22,0.071,Stanley LLC,Fashion,East,-0.002,0.025,0,8.0
S0012,2025-01,53,2320.06,3,4.538461538461538,0.6649999999999999,0.0,26,0.057,Stanley LLC,Fashion,East,-0.016,0.057,0,5.5
S0012,2025-02,36,1893.86,1,4.333333333333333,0.7266666666666667,0.0,18,0.028,Stanley LLC,Fashion,East,-0.045,0.119,0,3.9
S0012,2025-03,40,1843.18,0,4.269230769230769,0.6003846153846154,0.0,26,0.0,Stanley LLC,Fashion,East,-0.073,-0.008,0,7.1
S0012,2025-04,36,1816.31,1,4.375,0.6820833333333334,0.0,24,0.028,Stanley LLC,Fashion,East,-0.045,0.074,0,6.4
S0012,2025-05,36,1805.2,3,4.166666666666667,0.7391666666666666,0.0,24,0.083,Stanley LLC,Fashion,East,0.01,0.131,0,8.5
S0012,2025-06,47,2313.08,3,4.148148148148148,0.5585185185185185,0.0,27,0.064,Stanley LLC,Fashion,East,-0.009,-0.05,0,3.9
S0012,2025-07,27,1386.76,0,4.578947368421052,0.7489473684210527,0.0,19,0.0,Stanley LLC,Fashion,East,-0.073,0.141,0,6.7
S0012,2025-08,39,1752.75,2,4.352941176470588,0.6788235294117646,0.0,17,0.051,Stanley LLC,Fashion,East,-0.022,0.071,0,7.4
S0012,2025-09,27,1265.45,3,4.157894736842105,0.5831578947368421,0.0526315789473684,19,0.111,Stanley LLC,Fashion,East,0.038,-0.025,0,6.6
S0012,2025-10,31,1813.24,1,4.380952380952381,0.6395238095238095,0.0,21,0.032,Stanley LLC,Fashion,East,-0.041,0.031,0,5.2
S0012,2025-11,37,1773.63,0,4.407407407407407,0.6933333333333332,0.0,27,0.0,Stanley LLC,Fashion,East,-0.073,0.085,0,5.5
S0012,2025-12,55,3443.58,1,4.32258064516129,0.6970967741935483,0.0,31,0.018,Stanley LLC,Fashion,East,-0.055,0.089,0,5.7
S0013,2024-01,14,569.67,1,3.25,0.095,0.25,4,0.071,Delacruz Group,Pet Supplies,East,-0.099,-0.072,0,6.7
S0013,2024-02,17,934.55,3,3.230769230769231,0.243076923076923,0.1538461538461538,13,0.176,Delacruz Group,Pet Supplies,East,0.006,0.076,0,10.4
S0013,2024-03,19,1008.43,5,3.1666666666666665,0.1616666666666666,0.0833333333333333,12,0.263,Delacruz Group,Pet Supplies,East,0.093,-0.005,0,13.0
S0013,2024-04,19,878.71,2,2.833333333333333,0.0291666666666666,0.25,12,0.105,Delacruz Group,Pet Supplies,East,-0.065,-0.137,0,8.6
S0013,2024-05,8,325.85,1,3.5,0.346,0.1,10,0.125,Delacruz Group,Pet Supplies,East,-0.045,0.179,0,11.6
S0013,2024-06,16,542.39,1,3.5,0.4049999999999999,0.0,2,0.062,Delacruz Group,Pet Supplies,East,-0.108,0.238,0,2.4
S0013,2024-07,15,674.3299999999999,4,2.7777777777777777,-0.1466666666666666,0.2222222222222222,9,0.267,Delacruz Group,Pet Supplies,East,0.097,-0.313,1,13.1
S0013,2024-08,19,843.1800000000001,3,3.076923076923077,0.1069230769230769,0.0769230769230769,13,0.158,Delacruz Group,Pet Supplies,East,-0.012,-0.06,0,10.4
S0013,2024-09,23,1195.13,1,3.4285714285714284,0.3192857142857143,0.0714285714285714,14,0.043,Delacruz Group,Pet Supplies,East,-0.127,0.153,0,6.9
S0013,2024-10,28,1415.99,4,3.875,0.53875,0.0,16,0.143,Delacruz Group,Pet Supplies,East,-0.027,0.372,0,8.9
S0013,2024-11,16,736.49,1,3.7058823529411766,0.4676470588235294,0.0,17,0.062,Delacruz Group,Pet Supplies,East,-0.108,0.301,0,3.8
S0013,2024-12,19,979.51,0,3.909090909090909,0.5445454545454546,0.0,11,0.0,Delacruz Group,Pet Supplies,East,-0.17,0.378,0,5.6
S0013,2025-01,18,896.65,1,3.9166666666666665,0.5058333333333334,0.0,12,0.056,Delacruz Group,Pet Supplies,East,-0.114,0.339,0,9.9
S0013,2025-02,21,1097.92,0,4.0,0.6492307692307692,0.0,13,0.0,Delacruz Group,Pet Supplies,East,-0.17,0.483,0,2.2
S0013,2025-03,15,819.53,0,3.8,0.568,0.0,10,0.0,Delacruz Group,Pet Supplies,East,-0.17,0.401,0,6.6
S0013,2025-04,17,805.59,1,4.0,0.5944444444444444,0.0,9,0.059,Delacruz Group,Pet Supplies,East,-0.111,0.428,0,6.3
S0013,2025-05,11,462.64,0,4.375,0.7325,0.0,8,0.0,Delacruz Group,Pet Supplies,East,-0.17,0.566,0,4.9
S0013,2025-06,18,832.74,2,4.333333333333333,0.715,0.0,12,0.111,Delacruz Group,Pet Supplies,East,-0.059,0.548,0,6.7
S0013,2025-07,16,1137.61,0,4.25,0.7116666666666666,0.0,12,0.0,Delacruz Group,Pet Supplies,East,-0.17,0.545,0,4.4
S0013,2025-08,19,1012.1,0,4.25,0.5675,0.0,12,0.0,Delacruz Group,Pet Supplies,East,-0.17,0.401,0,7.3
S0013,2025-09,24,1195.62,0,4.545454545454546,0.7100000000000001,0.0,11,0.0,Delacruz Group,Pet Supplies,East,-0.17,0.543,0,6.0
S0013,2025-10,21,1107.96,0,4.615384615384615,0.6792307692307692,0.0,13,0.0,Delacruz Group,Pet Supplies,East,-0.17,0.513,0,8.1
S0013,2025-11,28,1433.07,1,4.444444444444445,0.6488888888888888,0.0,18,0.036,Delacruz Group,Pet Supplies,East,-0.134,0.482,0,8.3
S0013,2025-12,19,819.38,0,4.833333333333333,0.6627777777777778,0.0,18,0.0,Delacruz Group,Pet Supplies,East,-0.17,0.496,0,5.8
S0014,2024-01,33,1492.82,7,3.25,0.20125,0.125,8,0.212,"Flowers, Martin and Kelly",Books,Central,0.037,0.147,0,14.9
S0014,2024-02,34,1622.08,8,2.6875,-0.1556249999999999,0.375,16,0.235,"Flowers, Martin and Kelly",Books,Central,0.06,-0.21,1,13.3
S0014,2024-03,26,1417.36,2,3.1666666666666665,0.1161111111111111,0.1666666666666666,18,0.077,"Flowers, Martin and Kelly",Books,Central,-0.098,0.062,0,9.0
S0014,2024-04,26,1287.67,4,3.210526315789474,0.1221052631578947,0.1578947368421052,19,0.154,"Flowers, Martin and Kelly",Books,Central,-0.021,0.068,0,9.4
S0014,2024-05,29,1406.61,5,3.3157894736842106,0.1357894736842105,0.2105263157894736,19,0.172,"Flowers, Martin and Kelly",Books,Central,-0.003,0.082,0,10.6
S0014,2024-06,38,2298.68,5,3.238095238095238,0.1223809523809523,0.0952380952380952,21,0.132,"Flowers, Martin and Kelly",Books,Central,-0.043,0.068,0,8.0
S0014,2024-07,48,2521.65,3,3.606060606060606,0.3778787878787879,0.0909090909090909,33,0.062,"Flowers, Martin and Kelly",Books,Central,-0.113,0.324,0,8.8
S0014,2024-08,42,2089.23,6,3.590909090909091,0.3363636363636363,0.0909090909090909,22,0.143,"Flowers, Martin and Kelly",Books,Central,-0.032,0.282,0,7.5
S0014,2024-09,39,2041.88,4,3.7142857142857135,0.4525,0.0714285714285714,28,0.103,"Flowers, Martin and Kelly",Books,Central,-0.072,0.399,0,9.7
S0014,2024-10,30,1498.94,2,3.6666666666666665,0.4570833333333333,0.0416666666666666,24,0.067,"Flowers, Martin and Kelly",Books,Central,-0.108,0.403,0,6.8
S0014,2024-11,32,1520.85,4,3.6666666666666665,0.39875,0.0,24,0.125,"Flowers, Martin and Kelly",Books,Central,-0.05,0.345,0,11.1
S0014,2024-12,27,1442.52,1,3.941176470588236,0.4782352941176471,0.0,17,0.037,"Flowers, Martin and Kelly",Books,Central,-0.138,0.424,0,7.5
S0014,2025-01,33,1643.97,5,3.75,0.462,0.0,20,0.152,"Flowers, Martin and Kelly",Books,Central,-0.023,0.408,0,13.1
S0014,2025-02,27,1187.01,2,3.882352941176471,0.4276470588235294,0.1176470588235294,17,0.074,"Flowers, Martin and Kelly",Books,Central,-0.101,0.374,0,8.7
S0014,2025-03,31,1621.53,2,3.863636363636364,0.4913636363636364,0.0,22,0.065,"Flowers, Martin and Kelly",Books,Central,-0.11,0.437,0,4.3
S0014,2025-04,35,1867.67,2,3.684210526315789,0.4352631578947368,0.0,19,0.057,"Flowers, Martin and Kelly",Books,Central,-0.118,0.381,0,6.7
S0014,2025-05,30,1601.7,3,4.086956521739131,0.5539130434782609,0.0434782608695652,23,0.1,"Flowers, Martin and Kelly",Books,Central,-0.075,0.5,0,6.1
S0014,2025-06,32,1525.88,1,4.266666666666667,0.662,0.0,15,0.031,"Flowers, Martin and Kelly",Books,Central,-0.144,0.608,0,5.1
S0014,2025-07,33,1949.39,1,4.066666666666666,0.5066666666666666,0.0,15,0.03,"Flowers, Martin and Kelly",Books,Central,-0.145,0.453,0,8.7
S0014,2025-08,26,1073.11,0,4.333333333333333,0.6375000000000001,0.0,24,0.0,"Flowers, Martin and Kelly",Books,Central,-0.175,0.584,0,6.1
S0014,2025-09,39,1746.79,1,4.083333333333333,0.6733333333333333,0.0,12,0.026,"Flowers, Martin and Kelly",Books,Central,-0.149,0.619,0,4.6
S0014,2025-10,32,1765.59,1,4.111111111111111,0.5766666666666667,0.0,27,0.031,"Flowers, Martin and Kelly",Books,Central,-0.144,0.523,0,4.2
S0014,2025-11,44,2450.79,2,4.375,0.57,0.0,24,0.045,"Flowers, Martin and Kelly",Books,Central,-0.13,0.516,0,6.5
S0014,2025-12,20,1042.86,0,4.722222222222222,0.7244444444444444,0.0,18,0.0,"Flowers, Martin and Kelly",Books,Central,-0.175,0.671,0,2.8
S0015,2024-01,30,1464.94,0,4.333333333333333,0.75,0.0,9,0.0,"Zuniga, Wong and Lynch",Grocery,North,-0.035,0.053,0,3.8
S0015,2024-02,35,2022.05,2,4.473684210526316,0.6505263157894736,0.0,19,0.057,"Zuniga, Wong and Lynch",Grocery,North,0.022,-0.046,0,7.4
S0015,2024-03,43,1902.88,2,4.5,0.6900000000000001,0.0,26,0.047,"Zuniga, Wong and Lynch",Grocery,North,0.012,-0.007,0,8.6
S0015,2024-04,23,1031.2,1,4.533333333333333,0.6940000000000001,0.0,15,0.043,"Zuniga, Wong and Lynch",Grocery,North,0.008,-0.003,0,7.5
S0015,2024-05,35,1487.48,0,4.277777777777778,0.5583333333333333,0.0,18,0.0,"Zuniga, Wong and Lynch",Grocery,North,-0.035,-0.139,0,1.0
S0015,2024-06,29,1234.12,1,4.4,0.6406666666666666,0.0,15,0.034,"Zuniga, Wong and Lynch",Grocery,North,-0.001,-0.056,0,6.6
S0015,2024-07,47,2757.85,7,4.32,0.6204,0.0,25,0.149,"Zuniga, Wong and Lynch",Grocery,North,0.114,-0.076,0,9.9
S0015,2024-08,31,1474.23,1,4.333333333333333,0.6391666666666667,0.0,24,0.032,"Zuniga, Wong and Lynch",Grocery,North,-0.003,-0.058,0,6.8
S0015,2024-09,36,1838.85,2,4.384615384615385,0.5507692307692308,0.0,13,0.056,"Zuniga, Wong and Lynch",Grocery,North,0.021,-0.146,0,9.7
S0015,2024-10,36,1662.27,1,4.517241379310345,0.6224137931034484,0.0,29,0.028,"Zuniga, Wong and Lynch",Grocery,North,-0.007,-0.074,0,2.2
S0015,2024-11,29,1352.92,1,4.2631578947368425,0.6947368421052631,0.0,19,0.034,"Zuniga, Wong and Lynch",Grocery,North,-0.001,-0.002,0,5.0
S0015,2024-12,34,1777.89,2,4.55,0.7115,0.0,20,0.059,"Zuniga, Wong and Lynch",Grocery,North,0.024,0.015,0,8.0
S0015,2025-01,21,1106.51,0,4.5,0.735,0.0,14,0.0,"Zuniga, Wong and Lynch",Grocery,North,-0.035,0.038,0,2.2
S0015,2025-02,46,1896.37,4,4.071428571428571,0.51,0.1428571428571428,14,0.087,"Zuniga, Wong and Lynch",Grocery,North,0.052,-0.187,1,10.4
S0015,2025-03,26,1271.92,1,4.2727272727272725,0.6590909090909091,0.0,22,0.038,"Zuniga, Wong and Lynch",Grocery,North,0.003,-0.038,0,6.9
S0015,2025-04,29,1463.41,3,4.28,0.5956,0.0,25,0.103,"Zuniga, Wong and Lynch",Grocery,North,0.068,-0.101,0,9.8
S0015,2025-05,41,1801.59,4,4.235294117647059,0.618235294117647,0.0,17,0.098,"Zuniga, Wong and Lynch",Grocery,North,0.063,-0.079,0,7.1
S0015,2025-06,21,1335.34,0,4.411764705882353,0.6652941176470588,0.0,17,0.0,"Zuniga, Wong and Lynch",Grocery,North,-0.035,-0.032,0,6.5
S0015,2025-07,22,1071.54,1,4.166666666666667,0.6611111111111111,0.0,18,0.045,"Zuniga, Wong and Lynch",Grocery,North,0.01,-0.036,0,8.4
S0015,2025-08,34,1844.57,1,4.473684210526316,0.6268421052631579,0.0,19,0.029,"Zuniga, Wong and Lynch",Grocery,North,-0.006,-0.07,0,6.3
S0015,2025-09,44,2124.17,4,4.357142857142857,0.65,0.0,28,0.091,"Zuniga, Wong and Lynch",Grocery,North,0.056,-0.047,0,8.3
S0015,2025-10,17,891.46,1,4.35,0.694,0.0,20,0.059,"Zuniga, Wong and Lynch",Grocery,North,0.024,-0.003,0,7.4
S0015,2025-11,38,1990.06,3,4.45,0.7434999999999999,0.0,20,0.079,"Zuniga, Wong and Lynch",Grocery,North,0.044,0.047,0,6.0
S0015,2025-12,43,2124.64,0,4.645161290322581,0.6870967741935484,0.0,31,0.0,"Zuniga, Wong and Lynch",Grocery,North,-0.035,-0.01,0,4.7
S0016,2024-01,33,1545.91,0,4.0,0.6233333333333334,0.0,6,0.0,"Sanchez, Ford and Nelson",Pet Supplies,East,-0.078,0.022,0,4.7
S0016,2024-02,37,2176.27,4,4.190476190476191,0.6519047619047619,0.0,21,0.108,"Sanchez, Ford and Nelson",Pet Supplies,East,0.03,0.05,0,9.1
S0016,2024-03,32,1569.64,4,4.08,0.53,0.0,25,0.125,"Sanchez, Ford and Nelson",Pet Supplies,East,0.047,-0.072,0,10.8
S0016,2024-04,40,2022.32,1,3.85,0.5165,0.0,20,0.025,"Sanchez, Ford and Nelson",Pet Supplies,East,-0.053,-0.085,0,3.9
S0016,2024-05,47,2294.98,2,4.285714285714286,0.6224999999999999,0.0,28,0.043,"Sanchez, Ford and Nelson",Pet Supplies,East,-0.035,0.021,0,6.2
S0016,2024-06,43,2047.19,5,4.269230769230769,0.661923076923077,0.0,26,0.116,"Sanchez, Ford and Nelson",Pet Supplies,East,0.038,0.06,0,11.4
S0016,2024-07,40,1816.2,3,4.25,0.5675,0.0,24,0.075,"Sanchez, Ford and Nelson",Pet Supplies,East,-0.003,-0.034,0,6.1
S0016,2024-08,35,1792.92,3,4.46875,0.708125,0.0,32,0.086,"Sanchez, Ford and Nelson",Pet Supplies,East,0.008,0.106,0,6.3
S0016,2024-09,46,2102.16,2,4.434782608695652,0.628695652173913,0.0,23,0.043,"Sanchez, Ford and Nelson",Pet Supplies,East,-0.035,0.027,0,6.7
S0016,2024-10,28,1284.08,1,4.2,0.6444,0.0,25,0.036,"Sanchez, Ford and Nelson",Pet Supplies,East,-0.042,0.043,0,7.7
S0016,2024-11,33,1613.51,0,3.9166666666666665,0.5033333333333333,0.0,24,0.0,"Sanchez, Ford and Nelson",Pet Supplies,East,-0.078,-0.098,0,5.0
S0016,2024-12,40,1688.12,1,4.117647058823529,0.5982352941176471,0.0,17,0.025,"Sanchez, Ford and Nelson",Pet Supplies,East,-0.053,-0.004,0,8.2
S0016,2025-01,35,1860.76,5,4.2727272727272725,0.67,0.0,22,0.143,"Sanchez, Ford and Nelson",Pet Supplies,East,0.065,0.068,0,11.1
S0016,2025-02,30,1533.62,1,4.3125,0.634375,0.0,16,0.033,"Sanchez, Ford and Nelson",Pet Supplies,East,-0.045,0.033,0,7.6
S0016,2025-03,41,2213.3,0,4.5,0.6555,0.0,20,0.0,"Sanchez, Ford and Nelson",Pet Supplies,East,-0.078,0.054,0,6.0
S0016,2025-04,35,1813.17,3,4.304347826086956,0.6634782608695652,0.0,23,0.086,"Sanchez, Ford and Nelson",Pet Supplies,East,0.008,0.062,0,11.9
S0016,2025-05,48,2503.26,2,4.071428571428571,0.6275000000000001,0.0357142857142857,28,0.042,"Sanchez, Ford and Nelson",Pet Supplies,East,-0.036,0.026,0,6.0
S0016,2025-06,40,1994.65,4,4.352941176470588,0.5735294117647058,0.0,17,0.1,"Sanchez, Ford and Nelson",Pet Supplies,East,0.022,-0.028,0,4.6
S0016,2025-07,43,2288.82,3,3.7142857142857135,0.415,0.0714285714285714,28,0.07,"Sanchez, Ford and Nelson",Pet Supplies,East,-0.008,-0.187,0,10.1
S0016,2025-08,35,1661.28,2,3.7142857142857135,0.43,0.0357142857142857,28,0.057,"Sanchez, Ford and Nelson",Pet Supplies,East,-0.021,-0.172,0,6.0
S0016,2025-09,47,2214.1,3,3.52,0.32,0.08,25,0.064,"Sanchez, Ford and Nelson",Pet Supplies,East,-0.014,-0.282,0,7.2
S0016,2025-10,35,1541.89,3,3.7916666666666665,0.4516666666666666,0.0,24,0.086,"Sanchez, Ford and Nelson",Pet Supplies,East,0.008,-0.15,0,10.1
S0016,2025-11,53,2554.41,7,3.72,0.4368,0.04,25,0.132,"Sanchez, Ford and Nelson",Pet Supplies,East,0.054,-0.165,1,6.3
S0016,2025-12,32,1458.44,3,3.260869565217391,0.1852173913043478,0.0869565217391304,23,0.094,"Sanchez, Ford and Nelson",Pet Supplies,East,0.016,-0.417,0,5.8
S0017,2024-01,33,1835.99,2,3.727272727272727,0.4690909090909091,0.0,11,0.061,"Hawkins, Cohen and Cameron",Fashion,North,-0.07,0.017,0,4.1
S0017,2024-02,33,1582.53,3,4.227272727272728,0.6390909090909092,0.0454545454545454,22,0.091,"Hawkins, Cohen and Cameron",Fashion,North,-0.04,0.187,0,6.5
S0017,2024-03,33,1624.45,8,3.619047619047619,0.2480952380952381,0.0952380952380952,21,0.242,"Hawkins, Cohen and Cameron",Fashion,North,0.111,-0.204,1,13.5
S0017,2024-04,42,2190.48,3,3.9565217391304346,0.491304347826087,0.1304347826086956,23,0.071,"Hawkins, Cohen and Cameron",Fashion,North,-0.06,0.039,0,8.2
S0017,2024-05,43,2209.31,1,4.090909090909091,0.5890909090909091,0.0,33,0.023,"Hawkins, Cohen and Cameron",Fashion,North,-0.108,0.137,0,6.2
S0017,2024-06,45,2387.42,3,4.2105263157894735,0.6426315789473684,0.0,19,0.067,"Hawkins, Cohen and Cameron",Fashion,North,-0.064,0.191,0,4.6
S0017,2024-07,37,1624.77,1,4.25925925925926,0.5840740740740741,0.0,27,0.027,"Hawkins, Cohen and Cameron",Fashion,North,-0.104,0.132,0,1.7
S0017,2024-08,40,1942.76,1,4.227272727272728,0.7518181818181818,0.0,22,0.025,"Hawkins, Cohen and Cameron",Fashion,North,-0.106,0.3,0,5.9
S0017,2024-09,30,1527.04,3,4.269230769230769,0.5773076923076923,0.0,26,0.1,"Hawkins, Cohen and Cameron",Fashion,North,-0.031,0.125,0,7.4
S0017,2024-10,34,1833.61,1,3.882352941176471,0.5341176470588236,0.0588235294117647,17,0.029,"Hawkins, Cohen and Cameron",Fashion,North,-0.102,0.082,0,6.8
S0017,2024-11,30,1680.77,4,4.647058823529412,0.7994117647058824,0.0,17,0.133,"Hawkins, Cohen and Cameron",Fashion,North,0.002,0.347,0,10.5
S0017,2024-12,32,1758.12,1,4.368421052631579,0.68,0.0,19,0.031,"Hawkins, Cohen and Cameron",Fashion,North,-0.1,0.228,0,6.2
S0017,2025-01,39,2249.87,0,4.533333333333333,0.512,0.0,15,0.0,"Hawkins, Cohen and Cameron",Fashion,North,-0.131,0.06,0,6.4
S0017,2025-02,36,1778.47,1,4.238095238095238,0.5657142857142857,0.0,21,0.028,"Hawkins, Cohen and Cameron",Fashion,North,-0.103,0.114,0,6.3
S0017,2025-03,40,2050.94,4,4.125,0.6725,0.0,24,0.1,"Hawkins, Cohen and Cameron",Fashion,North,-0.031,0.22,0,9.2
S0017,2025-04,43,2209.03,8,3.92,0.5052,0.08,25,0.186,"Hawkins, Cohen and Cameron",Fashion,North,0.055,0.053,0,9.7
S0017,2025-05,41,2057.45,7,3.9,0.53,0.05,20,0.171,"Hawkins, Cohen and Cameron",Fashion,North,0.04,0.078,0,10.1
S0017,2025-06,38,1876.51,2,4.125,0.5883333333333333,0.0416666666666666,24,0.053,"Hawkins, Cohen and Cameron",Fashion,North,-0.078,0.136,0,7.1
S0017,2025-07,33,1683.6,2,4.068965517241379,0.5548275862068965,0.0,29,0.061,"Hawkins, Cohen and Cameron",Fashion,North,-0.07,0.103,0,8.4
S0017,2025-08,39,1759.88,3,3.809523809523809,0.4852380952380952,0.0476190476190476,21,0.077,"Hawkins, Cohen and Cameron",Fashion,North,-0.054,0.033,0,6.8
S0017,2025-09,45,2706.56,8,3.6666666666666665,0.3185185185185185,0.1111111111111111,27,0.178,"Hawkins, Cohen and Cameron",Fashion,North,0.047,-0.134,0,11.6
S0017,2025-10,31,1853.05,5,3.565217391304348,0.3778260869565217,0.0434782608695652,23,0.161,"Hawkins, Cohen and Cameron",Fashion,North,0.03,-0.074,0,9.7
S0017,2025-11,38,1731.0,4,3.2857142857142856,0.2221428571428571,0.2142857142857142,14,0.105,"Hawkins, Cohen and Cameron",Fashion,North,-0.026,-0.23,0,8.1
S0017,2025-12,25,1249.23,1,3.380952380952381,0.2971428571428571,0.0952380952380952,21,0.04,"Hawkins, Cohen and Cameron",Fashion,North,-0.091,-0.155,0,7.8
S0018,2024-01,23,1330.61,0,4.307692307692308,0.7100000000000001,0.0,13,0.0,Underwood LLC,Sports,North,-0.016,0.027,0,1.4
S0018,2024-02,21,891.9499999999999,1,4.181818181818182,0.56,0.0,11,0.048,Underwood LLC,Sports,North,0.032,-0.123,0,4.2
S0018,2024-03,20,901.07,0,4.5,0.7778571428571429,0.0,14,0.0,Underwood LLC,Sports,North,-0.016,0.095,0,2.3
S0018,2024-04,32,1553.07,4,3.6666666666666665,0.2966666666666666,0.1666666666666666,18,0.125,Underwood LLC,Sports,North,0.109,-0.386,1,4.8
S0018,2024-05,17,947.98,4,3.7058823529411766,0.3464705882352941,0.0,17,0.235,Underwood LLC,Sports,North,0.219,-0.336,1,11.3
S0018,2024-06,24,1258.44,5,4.0,0.4983333333333333,0.0,12,0.208,Underwood LLC,Sports,North,0.192,-0.184,1,13.0
S0018,2024-07,23,1083.73,7,3.083333333333333,0.1358333333333333,0.1666666666666666,12,0.304,Underwood LLC,Sports,North,0.288,-0.547,1,14.2
S0018,2024-08,23,1210.55,5,3.533333333333333,0.2833333333333333,0.1333333333333333,15,0.217,Underwood LLC,Sports,North,0.201,-0.399,1,12.3
S0018,2024-09,31,1491.29,2,3.3529411764705883,0.1423529411764705,0.2352941176470588,17,0.065,Underwood LLC,Sports,North,0.049,-0.54,0,9.0
S0018,2024-10,30,1557.65,5,3.5217391304347827,0.2708695652173913,0.0869565217391304,23,0.167,Underwood LLC,Sports,North,0.151,-0.412,1,12.7
S0018,2024-11,27,1247.9,1,4.071428571428571,0.5307142857142857,0.0,14,0.037,Underwood LLC,Sports,North,0.021,-0.152,0,6.1
S0018,2024-12,19,904.41,0,3.8125,0.43,0.0625,16,0.0,Underwood LLC,Sports,North,-0.016,-0.253,0,7.4
S0018,2025-01,17,768.0500000000001,1,3.0,0.0207692307692307,0.2307692307692307,13,0.059,Underwood LLC,Sports,North,0.043,-0.662,0,7.1
S0018,2025-02,20,937.66,2,3.1,0.054,0.2,10,0.1,Underwood LLC,Sports,North,0.084,-0.629,1,6.7
S0018,2025-03,25,1411.54,3,2.466666666666667,-0.3339999999999999,0.5333333333333333,15,0.12,Underwood LLC,Sports,North,0.104,-1.017,1,7.8
S0018,2025-04,20,814.88,3,2.8421052631578947,-0.0821052631578947,0.2631578947368421,19,0.15,Underwood LLC,Sports,North,0.134,-0.765,1,7.1
S0018,2025-05,24,1358.71,0,3.5,0.2733333333333333,0.2222222222222222,18,0.0,Underwood LLC,Sports,North,-0.016,-0.409,0,3.4
S0018,2025-06,22,1041.06,2,3.5,0.3928571428571428,0.0,14,0.091,Underwood LLC,Sports,North,0.075,-0.29,1,7.3
S0018,2025-07,21,970.22,4,3.625,0.41625,0.0625,16,0.19,Underwood LLC,Sports,North,0.174,-0.266,1,12.5
S0018,2025-08,26,1237.36,0,3.7857142857142856,0.485,0.0,14,0.0,Underwood LLC,Sports,North,-0.016,-0.198,0,8.1
S0018,2025-09,25,1286.39,1,3.2777777777777777,0.1177777777777777,0.1666666666666666,18,0.04,Underwood LLC,Sports,North,0.024,-0.565,0,3.8
S0018,2025-10,28,1481.87,3,3.117647058823529,0.1176470588235294,0.1176470588235294,17,0.107,Underwood LLC,Sports,North,0.091,-0.565,1,9.1
S0018,2025-11,20,1040.88,2,3.642857142857143,0.1085714285714285,0.2142857142857142,14,0.1,Underwood LLC,Sports,North,0.084,-0.574,1,6.3
S0018,2025-12,32,1697.44,0,4.380952380952381,0.5823809523809524,0.0,21,0.0,Underwood LLC,Sports,North,-0.016,-0.1,0,5.9
S0019,2024-01,36,1784.84,4,2.7333333333333334,-0.0993333333333333,0.2666666666666666,15,0.111,Clark PLC,Fashion,West,0.002,-0.17,0,8.3
S0019,2024-02,33,1582.2,5,3.1666666666666665,0.1338888888888889,0.1111111111111111,18,0.152,Clark PLC,Fashion,West,0.043,0.064,0,6.6
S0019,2024-03,47,2272.33,3,3.2962962962962963,0.1762962962962962,0.1481481481481481,27,0.064,Clark PLC,Fashion,West,-0.045,0.106,0,8.7
S0019,2024-04,48,2235.6,7,3.206896551724138,0.213448275862069,0.1379310344827586,29,0.146,Clark PLC,Fashion,West,0.037,0.143,0,8.6
S0019,2024-05,44,2414.7,8,3.290322580645161,0.1987096774193548,0.1935483870967742,31,0.182,Clark PLC,Fashion,West,0.073,0.128,0,9.9
S0019,2024-06,37,1894.86,4,3.388888888888889,0.1211111111111111,0.1666666666666666,18,0.108,Clark PLC,Fashion,West,-0.001,0.051,0,6.5
S0019,2024-07,39,2344.59,5,3.586206896551724,0.3286206896551724,0.0689655172413793,29,0.128,Clark PLC,Fashion,West,0.019,0.258,0,7.9
S0019,2024-08,50,2481.95,6,3.592592592592593,0.327037037037037,0.074074074074074,27,0.12,Clark PLC,Fashion,West,0.011,0.257,0,9.6
S0019,2024-09,44,2401.17,6,3.7586206896551726,0.4844827586206897,0.0344827586206896,29,0.136,Clark PLC,Fashion,West,0.027,0.414,0,9.0
S0019,2024-10,45,2191.45,5,3.5,0.3397058823529412,0.088235294117647,34,0.111,Clark PLC,Fashion,West,0.002,0.269,0,9.1
S0019,2024-11,24,1207.22,3,3.8,0.5533333333333333,0.0,15,0.125,Clark PLC,Fashion,West,0.016,0.483,0,9.7
S0019,2024-12,45,2090.96,3,3.85,0.5735,0.05,20,0.067,Clark PLC,Fashion,West,-0.042,0.503,0,9.5
S0019,2025-01,30,1496.11,2,3.8846153846153846,0.44,0.0384615384615384,26,0.067,Clark PLC,Fashion,West,-0.042,0.37,0,6.5
S0019,2025-02,43,2281.55,0,4.1,0.5725,0.0,20,0.0,Clark PLC,Fashion,West,-0.109,0.502,0,2.3
S0019,2025-03,47,2422.91,2,4.217391304347826,0.6008695652173913,0.0,23,0.043,Clark PLC,Fashion,West,-0.066,0.531,0,8.3
S0019,2025-04,47,2444.76,3,4.242424242424242,0.6603030303030303,0.0,33,0.064,Clark PLC,Fashion,West,-0.045,0.59,0,6.5
S0019,2025-05,37,1708.92,2,4.266666666666667,0.6579999999999999,0.0,15,0.054,Clark PLC,Fashion,West,-0.055,0.588,0,8.7
S0019,2025-06,45,2142.63,4,3.8181818181818175,0.3736363636363636,0.0,22,0.089,Clark PLC,Fashion,West,-0.02,0.303,0,8.5
S0019,2025-07,36,1695.16,2,4.4,0.6572,0.0,25,0.056,Clark PLC,Fashion,West,-0.053,0.587,0,6.6
S0019,2025-08,43,2129.25,0,4.142857142857143,0.5104761904761905,0.0,21,0.0,Clark PLC,Fashion,West,-0.109,0.44,0,5.6
S0019,2025-09,46,2204.1,0,4.275862068965517,0.6251724137931034,0.0,29,0.0,Clark PLC,Fashion,West,-0.109,0.555,0,8.5
S0019,2025-10,45,2477.95,1,4.125,0.5871875,0.03125,32,0.022,Clark PLC,Fashion,West,-0.087,0.517,0,9.4
S0019,2025-11,49,2476.92,0,4.483870967741935,0.6512903225806452,0.0,31,0.0,Clark PLC,Fashion,West,-0.109,0.581,0,5.1
S0019,2025-12,50,2477.89,2,4.612903225806452,0.6983870967741935,0.0,31,0.04,Clark PLC,Fashion,West,-0.069,0.628,0,6.6
S0020,2024-01,21,1179.56,0,4.5,0.6966666666666667,0.0,6,0.0,Lewis-Porter,Toys,South,-0.046,0.03,0,6.9
S0020,2024-02,28,1157.29,2,4.333333333333333,0.6377777777777778,0.0,18,0.071,Lewis-Porter,Toys,South,0.025,-0.029,0,5.7
S0020,2024-03,30,1665.49,2,4.5,0.6644444444444444,0.0,18,0.067,Lewis-Porter,Toys,South,0.021,-0.002,0,7.7
S0020,2024-04,28,1525.53,3,4.083333333333333,0.5141666666666667,0.0,12,0.107,Lewis-Porter,Toys,South,0.061,-0.152,1,8.4
S0020,2024-05,23,1146.95,2,4.529411764705882,0.6788235294117646,0.0,17,0.087,Lewis-Porter,Toys,South,0.041,0.013,0,8.3
S0020,2024-06,24,1337.55,2,4.75,0.7525,0.0,12,0.083,Lewis-Porter,Toys,South,0.037,0.086,0,6.2
S0020,2024-07,25,1374.57,1,4.352941176470588,0.65,0.0,17,0.04,Lewis-Porter,Toys,South,-0.006,-0.016,0,3.4
S0020,2024-08,25,1227.81,1,4.333333333333333,0.6193333333333334,0.0,15,0.04,Lewis-Porter,Toys,South,-0.006,-0.047,0,2.5
S0020,2024-09,24,1268.37,1,4.2,0.5135,0.05,20,0.042,Lewis-Porter,Toys,South,-0.004,-0.153,0,4.3
S0020,2024-10,25,1293.98,3,4.25,0.5975,0.0,16,0.12,Lewis-Porter,Toys,South,0.074,-0.069,0,8.0
S0020,2024-11,31,1365.96,1,4.684210526315789,0.6678947368421052,0.0,19,0.032,Lewis-Porter,Toys,South,-0.014,0.002,0,5.5
S0020,2024-12,24,1317.98,0,4.375,0.58875,0.0,16,0.0,Lewis-Porter,Toys,South,-0.046,-0.078,0,8.5
S0020,2025-01,20,979.56,3,4.411764705882353,0.7088235294117647,0.0,17,0.15,Lewis-Porter,Toys,South,0.104,0.043,0,11.8
S0020,2025-02,23,1082.07,2,4.666666666666667,0.6544444444444445,0.0,9,0.087,Lewis-Porter,Toys,South,0.041,-0.012,0,6.1
S0020,2025-03,20,888.04,0,3.8333333333333335,0.4766666666666666,0.0,6,0.0,Lewis-Porter,Toys,South,-0.046,-0.19,0,5.6
S0020,2025-04,26,1223.19,2,4.545454545454546,0.6527272727272727,0.0,11,0.077,Lewis-Porter,Toys,South,0.031,-0.014,0,6.7
S0020,2025-05,22,1227.2,1,4.375,0.5775,0.0,16,0.045,Lewis-Porter,Toys,South,-0.001,-0.089,0,5.9
S0020,2025-06,39,2394.03,2,4.631578947368421,0.6721052631578948,0.0,19,0.051,Lewis-Porter,Toys,South,0.005,0.006,0,7.0
S0020,2025-07,11,473.12,0,4.6,0.725,0.0,10,0.0,Lewis-Porter,Toys,South,-0.046,0.059,0,6.1
S0020,2025-08,29,1433.8,2,4.461538461538462,0.6784615384615384,0.0,13,0.069,Lewis-Porter,Toys,South,0.023,0.012,0,6.6
S0020,2025-09,26,1421.11,2,4.388888888888889,0.71,0.0,18,0.077,Lewis-Porter,Toys,South,0.031,0.044,0,9.4
S0020,2025-10,25,968.02,3,4.294117647058823,0.6447058823529412,0.0588235294117647,17,0.12,Lewis-Porter,Toys,South,0.074,-0.022,0,6.8
S0020,2025-11,24,1395.08,0,4.416666666666667,0.6466666666666666,0.0,12,0.0,Lewis-Porter,Toys,South,-0.046,-0.02,0,5.0
S0020,2025-12,24,1309.34,2,4.3,0.687,0.0,10,0.083,Lewis-Porter,Toys,South,0.037,0.021,0,12.3
S0021,2024-01,24,1019.7,2,4.3,0.61,0.0,10,0.083,"Ellis, Baker and Wright",Beauty,East,0.001,-0.031,0,8.1
S0021,2024-02,28,1140.2,3,4.416666666666667,0.6608333333333333,0.0,12,0.107,"Ellis, Baker and Wright",Beauty,East,0.025,0.02,0,11.0
S0021,2024-03,18,898.87,1,4.357142857142857,0.6514285714285714,0.0,14,0.056,"Ellis, Baker and Wright",Beauty,East,-0.026,0.011,0,7.0
S0021,2024-04,26,1322.43,5,4.307692307692308,0.6507692307692309,0.0,13,0.192,"Ellis, Baker and Wright",Beauty,East,0.11,0.01,0,12.2
S0021,2024-05,25,1020.02,2,4.0,0.4847368421052632,0.0,19,0.08,"Ellis, Baker and Wright",Beauty,East,-0.002,-0.156,0,7.5
S0021,2024-06,28,1338.1699999999998,2,4.222222222222222,0.7511111111111111,0.0,9,0.071,"Ellis, Baker and Wright",Beauty,East,-0.011,0.11,0,7.0
S0021,2024-07,22,1319.48,1,4.066666666666666,0.486,0.0,15,0.045,"Ellis, Baker and Wright",Beauty,East,-0.037,-0.155,0,5.0
S0021,2024-08,25,1149.34,2,3.7857142857142856,0.4671428571428571,0.0,14,0.08,"Ellis, Baker and Wright",Beauty,East,-0.002,-0.174,0,8.3
S0021,2024-09,16,702.3000000000001,1,3.5,0.315,0.0,4,0.062,"Ellis, Baker and Wright",Beauty,East,-0.02,-0.326,0,5.5
S0021,2024-10,28,1108.08,7,3.6,0.3653333333333333,0.0666666666666666,15,0.25,"Ellis, Baker and Wright",Beauty,East,0.168,-0.275,1,14.2
S0021,2024-11,22,1007.64,5,3.588235294117647,0.3211764705882353,0.0,17,0.227,"Ellis, Baker and Wright",Beauty,East,0.145,-0.32,1,14.2
S0021,2024-12,15,874.92,1,3.333333333333333,0.2288888888888889,0.0,9,0.067,"Ellis, Baker and Wright",Beauty,East,-0.015,-0.412,0,7.8
S0021,2025-01,19,997.88,2,3.642857142857143,0.3321428571428572,0.0714285714285714,14,0.105,"Ellis, Baker and Wright",Beauty,East,0.023,-0.309,0,7.8
S0021,2025-02,21,1055.57,3,3.8461538461538463,0.4761538461538461,0.0,13,0.143,"Ellis, Baker and Wright",Beauty,East,0.061,-0.165,1,10.4
S0021,2025-03,21,864.87,0,3.7,0.395,0.1,10,0.0,"Ellis, Baker and Wright",Beauty,East,-0.082,-0.246,0,4.4
S0021,2025-04,20,1305.08,3,3.5,0.2283333333333333,0.0833333333333333,12,0.15,"Ellis, Baker and Wright",Beauty,East,0.068,-0.412,1,11.5
S0021,2025-05,26,1352.86,7,3.5,0.3299999999999999,0.125,16,0.269,"Ellis, Baker and Wright",Beauty,East,0.187,-0.311,1,10.3
S0021,2025-06,21,996.23,3,3.363636363636364,0.2781818181818182,0.0,11,0.143,"Ellis, Baker and Wright",Beauty,East,0.061,-0.363,1,9.0
S0021,2025-07,21,1217.16,5,3.5,0.3307142857142857,0.0714285714285714,14,0.238,"Ellis, Baker and Wright",Beauty,East,0.156,-0.31,1,9.0
S0021,2025-08,23,1227.33,4,3.1666666666666665,0.1175,0.25,12,0.174,"Ellis, Baker and Wright",Beauty,East,0.092,-0.523,1,7.9
S0021,2025-09,22,1202.06,6,3.1818181818181817,0.2218181818181818,0.2727272727272727,11,0.273,"Ellis, Baker and Wright",Beauty,East,0.191,-0.419,1,16.2
S0021,2025-10,18,904.17,6,2.875,-0.0637499999999999,0.25,16,0.333,"Ellis, Baker and Wright",Beauty,East,0.251,-0.705,1,17.3
S0021,2025-11,24,1255.33,7,2.2666666666666666,-0.4053333333333333,0.6666666666666666,15,0.292,"Ellis, Baker and Wright",Beauty,East,0.21,-1.046,1,13.0
S0021,2025-12,26,1368.85,8,2.933333333333333,0.0146666666666666,0.2,15,0.308,"Ellis, Baker and Wright",Beauty,East,0.226,-0.626,1,12.2
S0022,2024-01,49,2534.04,8,4.533333333333333,0.6473333333333334,0.0,15,0.163,Burgess-Patterson,Fashion,Central,0.05,0.051,0,4.9
S0022,2024-02,37,1708.0,0,4.48,0.6448,0.0,25,0.0,Burgess-Patterson,Fashion,Central,-0.113,0.048,0,4.0
S0022,2024-03,34,1393.39,6,3.947368421052632,0.4968421052631578,0.0526315789473684,19,0.176,Burgess-Patterson,Fashion,Central,0.063,-0.099,0,15.0
S0022,2024-04,53,2700.06,7,3.875,0.3483333333333333,0.125,24,0.132,Burgess-Patterson,Fashion,Central,0.019,-0.248,0,10.0
S0022,2024-05,47,2654.94,16,4.290322580645161,0.4964516129032258,0.0967741935483871,31,0.34,Burgess-Patterson,Fashion,Central,0.227,-0.1,0,14.9
S0022,2024-06,42,2103.27,7,4.0,0.3404166666666666,0.0833333333333333,24,0.167,Burgess-Patterson,Fashion,Central,0.054,-0.256,1,11.2
S0022,2024-07,34,1475.14,3,4.25,0.6008333333333333,0.0,24,0.088,Burgess-Patterson,Fashion,Central,-0.025,0.005,0,5.0
S0022,2024-08,36,1683.19,0,3.7777777777777777,0.4177777777777777,0.0,27,0.0,Burgess-Patterson,Fashion,Central,-0.113,-0.179,0,4.5
S0022,2024-09,44,2141.93,2,4.214285714285714,0.5696428571428571,0.0357142857142857,28,0.045,Burgess-Patterson,Fashion,Central,-0.068,-0.027,0,6.6
S0022,2024-10,29,1496.75,6,3.736842105263158,0.3557894736842105,0.2631578947368421,19,0.207,Burgess-Patterson,Fashion,Central,0.094,-0.241,1,11.5
S0022,2024-11,47,2494.65,9,4.285714285714286,0.5039285714285714,0.0,28,0.191,Burgess-Patterson,Fashion,Central,0.078,-0.092,0,12.5
S0022,2024-12,53,2903.09,1,4.035714285714286,0.5842857142857143,0.0,28,0.019,Burgess-Patterson,Fashion,Central,-0.094,-0.012,0,6.2
S0022,2025-01,43,2125.01,4,3.612903225806452,0.3748387096774193,0.1612903225806451,31,0.093,Burgess-Patterson,Fashion,Central,-0.02,-0.221,0,9.2
S0022,2025-02,32,1524.97,2,3.2857142857142856,0.1433333333333333,0.238095238095238,21,0.062,Burgess-Patterson,Fashion,Central,-0.051,-0.453,0,5.7
S0022,2025-03,34,1406.49,2,3.0,0.1385,0.35,20,0.059,Burgess-Patterson,Fashion,Central,-0.054,-0.458,0,8.5
S0022,2025-04,37,1512.1,2,2.833333333333333,-0.1683333333333333,0.3333333333333333,18,0.054,Burgess-Patterson,Fashion,Central,-0.059,-0.765,0,9.7
S0022,2025-05,50,2412.39,1,2.833333333333333,-0.0973333333333333,0.2666666666666666,30,0.02,Burgess-Patterson,Fashion,Central,-0.093,-0.694,0,3.9
S0022,2025-06,33,1296.31,0,3.064516129032258,0.1083870967741935,0.1612903225806451,31,0.0,Burgess-Patterson,Fashion,Central,-0.113,-0.488,0,3.4
S0022,2025-07,53,2302.44,0,4.535714285714286,0.5660714285714286,0.0357142857142857,28,0.0,Burgess-Patterson,Fashion,Central,-0.113,-0.03,0,7.4
S0022,2025-08,35,1747.0,1,4.275862068965517,0.5386206896551724,0.0344827586206896,29,0.029,Burgess-Patterson,Fashion,Central,-0.084,-0.058,0,5.6
S0022,2025-09,35,1570.57,9,3.692307692307693,0.4138461538461538,0.0769230769230769,26,0.257,Burgess-Patterson,Fashion,Central,0.144,-0.182,1,15.8
S0022,2025-10,49,2586.05,10,3.5,0.3218181818181818,0.0909090909090909,22,0.204,Burgess-Patterson,Fashion,Central,0.091,-0.275,1,10.7
S0022,2025-11,33,1438.3,14,3.363636363636364,0.1972727272727272,0.1363636363636363,22,0.424,Burgess-Patterson,Fashion,Central,0.311,-0.399,1,21.2
S0022,2025-12,37,1881.01,0,3.066666666666667,0.0883333333333333,0.2,30,0.0,Burgess-Patterson,Fashion,Central,-0.113,-0.508,0,5.2
S0023,2024-01,37,1583.12,2,4.466666666666667,0.6739999999999999,0.0,15,0.054,Robinson-Bright,Automotive,South,0.036,0.011,0,7.2
S0023,2024-02,41,2012.43,0,4.592592592592593,0.7233333333333334,0.0,27,0.0,Robinson-Bright,Automotive,South,-0.018,0.06,0,7.8
S0023,2024-03,32,1517.5,0,4.35,0.593,0.0,20,0.0,Robinson-Bright,Automotive,South,-0.018,-0.07,0,4.3
S0023,2024-04,28,1352.37,1,4.466666666666667,0.6173333333333333,0.0,15,0.036,Robinson-Bright,Automotive,South,0.018,-0.046,0,4.5
S0023,2024-05,43,2338.74,3,4.0,0.5445833333333333,0.0,24,0.07,Robinson-Bright,Automotive,South,0.052,-0.119,0,6.4
S0023,2024-06,41,1998.99,2,4.041666666666667,0.53625,0.0,24,0.049,Robinson-Bright,Automotive,South,0.031,-0.127,0,7.4
S0023,2024-07,41,2040.52,1,4.423076923076923,0.6676923076923077,0.0,26,0.024,Robinson-Bright,Automotive,South,0.006,0.004,0,2.9
S0023,2024-08,40,2006.84,1,4.125,0.54125,0.0,24,0.025,Robinson-Bright,Automotive,South,0.007,-0.122,0,6.9
S0023,2024-09,38,1816.76,2,4.137931034482759,0.6175862068965517,0.0,29,0.053,Robinson-Bright,Automotive,South,0.035,-0.046,0,5.7
S0023,2024-10,46,2424.14,1,4.318181818181818,0.6090909090909091,0.0,22,0.022,Robinson-Bright,Automotive,South,0.004,-0.054,0,7.8
S0023,2024-11,29,1446.43,0,4.387096774193548,0.6125806451612903,0.0,31,0.0,Robinson-Bright,Automotive,South,-0.018,-0.051,0,1.0
S0023,2024-12,39,1881.56,3,4.608695652173913,0.7317391304347827,0.0,23,0.077,Robinson-Bright,Automotive,South,0.059,0.068,0,6.0
S0023,2025-01,34,1560.42,1,4.230769230769231,0.6353846153846153,0.0,26,0.029,Robinson-Bright,Automotive,South,0.011,-0.028,0,2.9
S0023,2025-02,41,2036.05,2,4.136363636363637,0.6295454545454545,0.0,22,0.049,Robinson-Bright,Automotive,South,0.031,-0.034,0,5.1
S0023,2025-03,43,1995.38,0,4.216216216216216,0.6475675675675676,0.0,37,0.0,Robinson-Bright,Automotive,South,-0.018,-0.016,0,5.4
S0023,2025-04,35,1966.42,1,3.954545454545455,0.6109090909090908,0.0,22,0.029,Robinson-Bright,Automotive,South,0.011,-0.053,0,5.6
S0023,2025-05,52,2438.37,1,3.928571428571429,0.5775,0.0,28,0.019,Robinson-Bright,Automotive,South,0.001,-0.086,0,5.2
S0023,2025-06,19,870.9,0,3.9,0.363,0.0,10,0.0,Robinson-Bright,Automotive,South,-0.018,-0.3,0,4.7
S0023,2025-07,42,2197.28,4,3.8181818181818175,0.4977272727272727,0.0454545454545454,22,0.095,Robinson-Bright,Automotive,South,0.077,-0.166,1,8.4
S0023,2025-08,35,1581.9,6,3.96875,0.589375,0.0,32,0.171,Robinson-Bright,Automotive,South,0.153,-0.074,0,8.7
S0023,2025-09,42,1758.42,10,3.5217391304347827,0.3326086956521739,0.217391304347826,23,0.238,Robinson-Bright,Automotive,South,0.22,-0.331,1,13.9
S0023,2025-10,34,1704.51,5,3.6,0.3676,0.0,25,0.147,Robinson-Bright,Automotive,South,0.129,-0.296,1,10.9
S0023,2025-11,36,1857.65,8,3.272727272727273,0.2722727272727273,0.1818181818181818,22,0.222,Robinson-Bright,Automotive,South,0.204,-0.391,1,12.8
S0023,2025-12,46,2327.7,11,3.4482758620689653,0.2786206896551724,0.1379310344827586,29,0.239,Robinson-Bright,Automotive,South,0.221,-0.385,1,13.6
S0024,2024-01,23,1258.36,1,4.375,0.585,0.0,8,0.043,Campos Inc,Grocery,East,0.015,-0.012,0,6.9
S0024,2024-02,25,1290.24,1,4.1875,0.55375,0.0,16,0.04,Campos Inc,Grocery,East,0.012,-0.043,0,9.9
S0024,2024-03,28,1311.99,0,4.454545454545454,0.6518181818181819,0.0,11,0.0,Campos Inc,Grocery,East,-0.028,0.055,0,4.8
S0024,2024-04,21,1065.34,3,4.5,0.610625,0.0,16,0.143,Campos Inc,Grocery,East,0.115,0.014,0,9.0
S0024,2024-05,27,1349.5,1,4.2,0.5853333333333333,0.0,15,0.037,Campos Inc,Grocery,East,0.009,-0.012,0,4.8
S0024,2024-06,18,996.01,1,4.0,0.5769230769230769,0.0,13,0.056,Campos Inc,Grocery,East,0.028,-0.02,0,4.9
S0024,2024-07,16,677.41,1,4.375,0.7012499999999999,0.0,8,0.062,Campos Inc,Grocery,East,0.034,0.104,0,4.7
S0024,2024-08,25,1103.95,3,4.642857142857143,0.6492857142857142,0.0,14,0.12,Campos Inc,Grocery,East,0.092,0.052,0,7.2
S0024,2024-09,20,976.26,2,4.142857142857143,0.5621428571428572,0.0714285714285714,14,0.1,Campos Inc,Grocery,East,0.072,-0.035,0,8.1
S0024,2024-10,21,1041.65,2,4.25,0.5016666666666666,0.0,12,0.095,Campos Inc,Grocery,East,0.067,-0.095,0,8.6
S0024,2024-11,19,1073.59,1,4.411764705882353,0.6852941176470588,0.0,17,0.053,Campos Inc,Grocery,East,0.025,0.088,0,6.8
S0024,2024-12,30,1578.62,2,4.411764705882353,0.6264705882352941,0.0,17,0.067,Campos Inc,Grocery,East,0.039,0.03,0,5.8
S0024,2025-01,25,1314.38,1,4.545454545454546,0.6077272727272727,0.0,22,0.04,Campos Inc,Grocery,East,0.012,0.011,0,7.9
S0024,2025-02,21,1252.66,3,4.230769230769231,0.5453846153846154,0.0,13,0.143,Campos Inc,Grocery,East,0.115,-0.051,0,10.9
S0024,2025-03,25,1364.49,1,4.2,0.604,0.0,20,0.04,Campos Inc,Grocery,East,0.012,0.007,0,6.0
S0024,2025-04,28,1392.11,1,4.25,0.6425,0.0,12,0.036,Campos Inc,Grocery,East,0.008,0.046,0,5.0
S0024,2025-05,27,1377.93,1,4.352941176470588,0.6423529411764706,0.0,17,0.037,Campos Inc,Grocery,East,0.009,0.045,0,7.2
S0024,2025-06,24,1070.04,1,4.388888888888889,0.6566666666666667,0.0,18,0.042,Campos Inc,Grocery,East,0.014,0.06,0,6.7
S0024,2025-07,26,1267.06,0,4.611111111111111,0.7572222222222221,0.0,18,0.0,Campos Inc,Grocery,East,-0.028,0.16,0,2.4
S0024,2025-08,28,1325.81,2,4.55,0.625,0.0,20,0.071,Campos Inc,Grocery,East,0.043,0.028,0,7.1
S0024,2025-09,20,852.51,1,4.444444444444445,0.6655555555555556,0.0,9,0.05,Campos Inc,Grocery,East,0.022,0.069,0,7.1
S0024,2025-10,16,752.53,0,4.6,0.72,0.0,10,0.0,Campos Inc,Grocery,East,-0.028,0.123,0,3.4
S0024,2025-11,19,1067.05,1,4.416666666666667,0.7391666666666667,0.0,12,0.053,Campos Inc,Grocery,East,0.025,0.142,0,7.0
S0024,2025-12,20,1014.38,1,4.25,0.5991666666666667,0.0,12,0.05,Campos Inc,Grocery,East,0.022,0.002,0,4.0
S0025,2024-01,23,1113.28,3,2.4285714285714284,-0.2871428571428571,0.5714285714285714,7,0.13,Conner Group,Automotive,South,-0.077,0.031,0,11.6
S0025,2024-02,24,1166.55,6,2.25,-0.3,0.5,8,0.25,Conner Group,Automotive,South,0.043,0.018,0,15.2
S0025,2024-03,25,1098.31,6,2.333333333333333,-0.3661111111111111,0.5,18,0.24,Conner Group,Automotive,South,0.033,-0.048,0,12.2
S0025,2024-04,35,1778.57,8,3.0454545454545454,0.0059090909090909,0.2272727272727272,22,0.229,Conner Group,Automotive,South,0.022,0.324,0,13.0
S0025,2024-05,22,1041.0,7,2.789473684210526,-0.1068421052631578,0.3684210526315789,19,0.318,Conner Group,Automotive,South,0.111,0.211,0,10.8
S0025,2024-06,46,2268.6,12,2.8,-0.0605,0.3,20,0.261,Conner Group,Automotive,South,0.054,0.257,0,11.3
S0025,2024-07,32,1630.08,5,2.1578947368421053,-0.4621052631578947,0.6842105263157895,19,0.156,Conner Group,Automotive,South,-0.051,-0.144,0,9.5
S0025,2024-08,27,1338.37,2,2.894736842105264,0.001578947368421,0.1052631578947368,19,0.074,Conner Group,Automotive,South,-0.133,0.319,0,5.4
S0025,2024-09,31,1590.19,5,2.4,-0.3555,0.6,20,0.161,Conner Group,Automotive,South,-0.046,-0.038,0,11.4
S0025,2024-10,25,1415.94,3,2.7222222222222223,-0.1055555555555555,0.3888888888888889,18,0.12,Conner Group,Automotive,South,-0.087,0.212,0,12.4
S0025,2024-11,27,1364.2,4,2.789473684210526,0.0089473684210526,0.3684210526315789,19,0.148,Conner Group,Automotive,South,-0.059,0.327,0,7.6
S0025,2024-12,38,1688.49,11,2.7142857142857144,-0.1152380952380952,0.3333333333333333,21,0.289,Conner Group,Automotive,South,0.082,0.203,0,12.7
S0025,2025-01,37,2058.5,12,2.090909090909091,-0.475,0.7272727272727273,22,0.324,Conner Group,Automotive,South,0.117,-0.157,1,15.8
S0025,2025-02,36,1687.79,4,2.5,-0.194090909090909,0.4090909090909091,22,0.111,Conner Group,Automotive,South,-0.096,0.124,0,11.5
S0025,2025-03,30,1575.97,5,2.055555555555556,-0.4377777777777777,0.7777777777777778,18,0.167,Conner Group,Automotive,South,-0.04,-0.12,0,8.1
S0025,2025-04,36,2060.61,9,2.473684210526316,-0.3252631578947368,0.5263157894736842,19,0.25,Conner Group,Automotive,South,0.043,-0.008,0,13.4
S0025,2025-05,38,1870.74,8,2.703703703703704,-0.1377777777777777,0.3333333333333333,27,0.211,Conner Group,Automotive,South,0.004,0.18,0,15.0
S0025,2025-06,39,1843.95,14,2.25,-0.406,0.65,20,0.359,Conner Group,Automotive,South,0.152,-0.088,0,13.5
S0025,2025-07,33,1630.03,7,2.6,-0.1773333333333333,0.4666666666666667,30,0.212,Conner Group,Automotive,South,0.005,0.14,0,9.5
S0025,2025-08,33,1413.73,9,2.6666666666666665,-0.2233333333333333,0.4166666666666667,12,0.273,Conner Group,Automotive,South,0.066,0.094,0,13.0
S0025,2025-09,37,1700.03,4,2.217391304347826,-0.4865217391304348,0.7391304347826086,23,0.108,Conner Group,Automotive,South,-0.099,-0.169,0,7.5
S0025,2025-10,32,1798.84,8,2.4444444444444446,-0.2283333333333333,0.5,18,0.25,Conner Group,Automotive,South,0.043,0.089,0,14.5
S0025,2025-11,41,1902.86,9,2.571428571428572,-0.1939285714285714,0.3928571428571428,28,0.22,Conner Group,Automotive,South,0.013,0.124,0,12.5
S0025,2025-12,25,1132.43,10,2.5789473684210527,-0.1694736842105263,0.4210526315789473,19,0.4,Conner Group,Automotive,South,0.193,0.148,0,14.6
S0026,2024-01,16,855.1800000000001,0,5.0,0.67,0.0,5,0.0,James-Ferrell,Electronics,South,-0.117,0.092,0,5.9
S0026,2024-02,17,762.99,4,4.538461538461538,0.7315384615384615,0.0,13,0.235,James-Ferrell,Electronics,South,0.118,0.154,0,11.5
S0026,2024-03,26,1475.02,3,3.8,0.332,0.1,10,0.115,James-Ferrell,Electronics,South,-0.002,-0.246,0,11.0
S0026,2024-04,28,1257.14,1,3.5454545454545454,0.2618181818181818,0.0909090909090909,11,0.036,James-Ferrell,Electronics,South,-0.081,-0.316,0,5.0
S0026,2024-05,26,1437.5,0,3.230769230769231,0.113076923076923,0.3076923076923077,13,0.0,James-Ferrell,Electronics,South,-0.117,-0.465,0,3.9
S0026,2024-06,17,648.34,3,4.0,0.5466666666666666,0.0,12,0.176,James-Ferrell,Electronics,South,0.059,-0.031,0,11.6
S0026,2024-07,22,1264.38,11,3.230769230769231,0.1592307692307692,0.3076923076923077,13,0.5,James-Ferrell,Electronics,South,0.383,-0.419,1,22.4
S0026,2024-08,14,776.91,0,3.2,0.048,0.2666666666666666,15,0.0,James-Ferrell,Electronics,South,-0.117,-0.53,0,5.8
S0026,2024-09,20,877.84,1,3.769230769230769,0.4246153846153845,0.0769230769230769,13,0.05,James-Ferrell,Electronics,South,-0.067,-0.153,0,3.6
S0026,2024-10,25,1429.43,7,4.071428571428571,0.6228571428571429,0.0,14,0.28,James-Ferrell,Electronics,South,0.163,0.045,0,14.9
S0026,2024-11,26,1218.72,1,4.1875,0.618125,0.0,16,0.038,James-Ferrell,Electronics,South,-0.079,0.04,0,4.4
S0026,2024-12,24,1373.54,0,4.45,0.7125,0.0,20,0.0,James-Ferrell,Electronics,South,-0.117,0.135,0,5.4
S0026,2025-01,22,1131.96,2,4.294117647058823,0.7223529411764705,0.0,17,0.091,James-Ferrell,Electronics,South,-0.026,0.145,0,5.3
S0026,2025-02,18,928.0,0,3.533333333333333,0.2353333333333333,0.2,15,0.0,James-Ferrell,Electronics,South,-0.117,-0.343,0,5.8
S0026,2025-03,24,1070.67,4,3.555555555555556,0.4533333333333333,0.0,9,0.167,James-Ferrell,Electronics,South,0.05,-0.125,0,8.9
S0026,2025-04,26,1245.17,2,3.923076923076923,0.4115384615384615,0.0769230769230769,13,0.077,James-Ferrell,Electronics,South,-0.04,-0.166,0,5.2
S0026,2025-05,13,663.05,5,4.5,0.715,0.0,8,0.385,James-Ferrell,Electronics,South,0.268,0.137,0,18.6
S0026,2025-06,29,1527.68,11,4.352941176470588,0.6694117647058824,0.0,17,0.379,James-Ferrell,Electronics,South,0.262,0.092,0,17.6
S0026,2025-07,17,640.23,3,3.909090909090909,0.4327272727272727,0.0909090909090909,11,0.176,James-Ferrell,Electronics,South,0.059,-0.145,0,9.5
S0026,2025-08,30,1481.43,0,4.294117647058823,0.601764705882353,0.0,17,0.0,James-Ferrell,Electronics,South,-0.117,0.024,0,7.6
S0026,2025-09,15,627.49,3,4.0,0.6246666666666666,0.0,15,0.2,James-Ferrell,Electronics,South,0.083,0.047,0,10.6
S0026,2025-10,28,1535.65,0,3.625,0.3125,0.0,16,0.0,James-Ferrell,Electronics,South,-0.117,-0.265,0,5.1
S0026,2025-11,20,971.81,3,3.4375,0.32625,0.0625,16,0.15,James-Ferrell,Electronics,South,0.033,-0.252,0,10.3
S0026,2025-12,23,1232.23,2,2.75,-0.0783333333333333,0.25,12,0.087,James-Ferrell,Electronics,South,-0.03,-0.656,0,6.7
S0027,2024-01,37,1917.05,4,3.1818181818181817,0.0972727272727272,0.0909090909090909,11,0.108,"Valencia, Smith and Le",Toys,West,-0.008,0.033,0,9.3
S0027,2024-02,27,1312.99,5,3.2,0.0946666666666666,0.2,15,0.185,"Valencia, Smith and Le",Toys,West,0.069,0.03,0,10.0
S0027,2024-03,36,1923.88,2,3.1666666666666665,0.0016666666666666,0.1666666666666666,18,0.056,"Valencia, Smith and Le",Toys,West,-0.06,-0.063,0,6.1
S0027,2024-04,36,2248.89,10,3.4166666666666665,0.2170833333333333,0.0833333333333333,24,0.278,"Valencia, Smith and Le",Toys,West,0.162,0.153,0,16.3
S0027,2024-05,40,1946.06,4,3.2,0.1186666666666666,0.2,15,0.1,"Valencia, Smith and Le",Toys,West,-0.016,0.054,0,6.3
S0027,2024-06,40,1996.53,1,3.238095238095238,0.1738095238095238,0.1428571428571428,21,0.025,"Valencia, Smith and Le",Toys,West,-0.091,0.109,0,1.5
S0027,2024-07,30,1607.74,2,3.55,0.3319999999999999,0.05,20,0.067,"Valencia, Smith and Le",Toys,West,-0.049,0.267,0,10.0
S0027,2024-08,30,1531.62,7,3.789473684210526,0.4568421052631579,0.0526315789473684,19,0.233,"Valencia, Smith and Le",Toys,West,0.117,0.392,0,17.0
S0027,2024-09,20,1065.24,4,3.6875,0.3425,0.125,16,0.2,"Valencia, Smith and Le",Toys,West,0.084,0.278,0,10.7
S0027,2024-10,38,1984.96,3,3.8333333333333335,0.4916666666666666,0.0,18,0.079,"Valencia, Smith and Le",Toys,West,-0.037,0.427,0,4.0
S0027,2024-11,30,1489.35,2,3.590909090909091,0.2540909090909091,0.0454545454545454,22,0.067,"Valencia, Smith and Le",Toys,West,-0.049,0.19,0,6.6
S0027,2024-12,36,1813.27,4,3.526315789473684,0.3184210526315789,0.0526315789473684,19,0.111,"Valencia, Smith and Le",Toys,West,-0.005,0.254,0,8.0
S0027,2025-01,29,1594.1,3,3.56,0.3984,0.04,25,0.103,"Valencia, Smith and Le",Toys,West,-0.013,0.334,0,8.0
S0027,2025-02,31,1654.93,3,4.0,0.59,0.0666666666666666,15,0.097,"Valencia, Smith and Le",Toys,West,-0.019,0.525,0,6.1
S0027,2025-03,22,1247.87,2,4.0,0.595,0.0,20,0.091,"Valencia, Smith and Le",Toys,West,-0.025,0.53,0,9.0
S0027,2025-04,28,1615.91,0,4.0,0.59,0.0,15,0.0,"Valencia, Smith and Le",Toys,West,-0.116,0.525,0,5.9
S0027,2025-05,34,1349.26,1,3.875,0.659375,0.0,16,0.029,"Valencia, Smith and Le",Toys,West,-0.087,0.595,0,3.2
S0027,2025-06,16,883.26,0,4.095238095238095,0.5223809523809524,0.0476190476190476,21,0.0,"Valencia, Smith and Le",Toys,West,-0.116,0.458,0,6.3
S0027,2025-07,38,2021.95,3,4.5,0.6428571428571429,0.0,14,0.079,"Valencia, Smith and Le",Toys,West,-0.037,0.578,0,11.2
S0027,2025-08,29,1525.24,2,4.304347826086956,0.5560869565217391,0.0,23,0.069,"Valencia, Smith and Le",Toys,West,-0.047,0.492,0,7.5
S0027,2025-09,27,1623.65,1,4.416666666666667,0.6075,0.0,24,0.037,"Valencia, Smith and Le",Toys,West,-0.079,0.543,0,5.6
S0027,2025-10,37,1973.13,0,4.7,0.722,0.0,20,0.0,"Valencia, Smith and Le",Toys,West,-0.116,0.657,0,4.7
S0027,2025-11,24,1171.62,0,4.590909090909091,0.6954545454545454,0.0,22,0.0,"Valencia, Smith and Le",Toys,West,-0.116,0.631,0,6.1
S0027,2025-12,37,1730.13,0,4.4,0.6515,0.0,20,0.0,"Valencia, Smith and Le",Toys,West,-0.116,0.587,0,1.9
S0028,2024-01,41,2043.96,1,4.0,0.548235294117647,0.0,17,0.024,"Potter, Mack and Peterson",Beauty,Central,-0.0,-0.063,0,6.1
S0028,2024-02,42,2008.28,2,4.407407407407407,0.597037037037037,0.0,27,0.048,"Potter, Mack and Peterson",Beauty,Central,0.024,-0.014,0,5.8
S0028,2024-03,36,1899.88,0,4.8,0.688,0.0,20,0.0,"Potter, Mack and Peterson",Beauty,Central,-0.024,0.077,0,8.3
S0028,2024-04,48,2162.83,3,4.458333333333333,0.7183333333333333,0.0,24,0.062,"Potter, Mack and Peterson",Beauty,Central,0.038,0.107,0,6.7
S0028,2024-05,62,2957.75,5,4.25,0.5819444444444444,0.0,36,0.081,"Potter, Mack and Peterson",Beauty,Central,0.057,-0.029,0,10.6
S0028,2024-06,50,2923.72,5,4.3125,0.645625,0.0,32,0.1,"Potter, Mack and Peterson",Beauty,Central,0.076,0.035,0,6.2
S0028,2024-07,40,2158.0,1,4.411764705882353,0.6991176470588235,0.0,34,0.025,"Potter, Mack and Peterson",Beauty,Central,0.001,0.088,0,6.9
S0028,2024-08,49,2325.38,6,4.625,0.6737500000000001,0.0,24,0.122,"Potter, Mack and Peterson",Beauty,Central,0.098,0.063,0,9.5
S0028,2024-09,68,3666.4,1,4.620689655172414,0.6713793103448276,0.0,29,0.015,"Potter, Mack and Peterson",Beauty,Central,-0.009,0.06,0,3.9
S0028,2024-10,46,2086.99,4,4.486486486486487,0.6994594594594594,0.0,37,0.087,"Potter, Mack and Peterson",Beauty,Central,0.063,0.088,0,8.1
S0028,2024-11,37,1946.69,1,4.0,0.5604761904761905,0.0,21,0.027,"Potter, Mack and Peterson",Beauty,Central,0.003,-0.051,0,8.0
S0028,2024-12,52,2853.75,1,4.484848484848484,0.7103030303030303,0.0,33,0.019,"Potter, Mack and Peterson",Beauty,Central,-0.005,0.099,0,5.0
S0028,2025-01,41,1793.57,3,4.37037037037037,0.6696296296296296,0.0,27,0.073,"Potter, Mack and Peterson",Beauty,Central,0.049,0.059,0,4.3
S0028,2025-02,45,2451.83,1,4.434782608695652,0.6247826086956522,0.0,23,0.022,"Potter, Mack and Peterson",Beauty,Central,-0.002,0.014,0,5.7
S0028,2025-03,47,2223.49,2,4.76,0.642,0.0,25,0.043,"Potter, Mack and Peterson",Beauty,Central,0.019,0.031,0,4.8
S0028,2025-04,47,2499.0,2,4.575757575757576,0.6512121212121212,0.0,33,0.043,"Potter, Mack and Peterson",Beauty,Central,0.019,0.04,0,5.8
S0028,2025-05,34,1650.15,0,4.45,0.6995,0.0,20,0.0,"Potter, Mack and Peterson",Beauty,Central,-0.024,0.088,0,4.9
S0028,2025-06,45,2263.45,4,4.56,0.632,0.0,25,0.089,"Potter, Mack and Peterson",Beauty,Central,0.065,0.021,0,4.8
S0028,2025-07,38,1822.59,5,4.357142857142857,0.6021428571428571,0.0,28,0.132,"Potter, Mack and Peterson",Beauty,Central,0.108,-0.009,0,6.3
S0028,2025-08,48,2178.42,0,4.28,0.6751999999999999,0.0,25,0.0,"Potter, Mack and Peterson",Beauty,Central,-0.024,0.064,0,5.9
S0028,2025-09,63,3248.88,1,4.382978723404255,0.6748936170212766,0.0212765957446808,47,0.016,"Potter, Mack and Peterson",Beauty,Central,-0.008,0.064,0,4.6
S0028,2025-10,36,1979.91,0,4.375,0.6279166666666667,0.0,24,0.0,"Potter, Mack and Peterson",Beauty,Central,-0.024,0.017,0,1.0
S0028,2025-11,45,2013.85,2,4.475,0.6025,0.025,40,0.044,"Potter, Mack and Peterson",Beauty,Central,0.02,-0.009,0,7.8
S0028,2025-12,59,3115.21,3,4.233333333333333,0.584,0.0,30,0.051,"Potter, Mack and Peterson",Beauty,Central,0.027,-0.027,0,7.1
S0029,2024-01,26,1560.29,3,3.0,0.0125,0.25,4,0.115,Chavez Ltd,Toys,South,-0.06,-0.147,0,7.4
S0029,2024-02,32,1620.54,7,3.263157894736842,0.2552631578947368,0.1578947368421052,19,0.219,Chavez Ltd,Toys,South,0.044,0.096,0,9.6
S0029,2024-03,42,2039.07,8,3.36,0.2104,0.2,25,0.19,Chavez Ltd,Toys,South,0.015,0.051,0,12.6
S0029,2024-04,28,1116.98,2,2.875,-0.1124999999999999,0.375,16,0.071,Chavez Ltd,Toys,South,-0.104,-0.272,0,7.9
S0029,2024-05,39,1843.99,5,3.388888888888889,0.3061111111111111,0.0,18,0.128,Chavez Ltd,Toys,South,-0.047,0.147,0,13.4
S0029,2024-06,27,1524.59,6,3.08,0.0896,0.2,25,0.222,Chavez Ltd,Toys,South,0.047,-0.07,0,12.9
S0029,2024-07,46,2223.87,10,3.5,0.3464285714285715,0.1071428571428571,28,0.217,Chavez Ltd,Toys,South,0.042,0.187,0,12.6
S0029,2024-08,21,1174.52,5,3.3125,0.234375,0.125,16,0.238,Chavez Ltd,Toys,South,0.063,0.075,0,12.3
S0029,2024-09,35,1838.51,7,3.3529411764705883,0.24,0.1764705882352941,17,0.2,Chavez Ltd,Toys,South,0.025,0.081,0,12.9
S0029,2024-10,38,2019.79,9,3.642857142857143,0.3964285714285714,0.0357142857142857,28,0.237,Chavez Ltd,Toys,South,0.062,0.237,0,13.7
S0029,2024-11,32,1567.39,1,3.772727272727273,0.4722727272727273,0.0909090909090909,22,0.031,Chavez Ltd,Toys,South,-0.144,0.313,0,8.2
S0029,2024-12,37,1653.68,0,4.148148148148148,0.5403703703703704,0.0,27,0.0,Chavez Ltd,Toys,South,-0.175,0.381,0,4.1
S0029,2025-01,44,2459.69,3,3.9047619047619047,0.5628571428571428,0.0476190476190476,21,0.068,Chavez Ltd,Toys,South,-0.107,0.403,0,6.4
S0029,2025-02,25,1075.41,3,3.9615384615384617,0.5426923076923077,0.0384615384615384,26,0.12,Chavez Ltd,Toys,South,-0.055,0.383,0,8.0
S0029,2025-03,39,2172.39,1,4.0,0.5815,0.0,20,0.026,Chavez Ltd,Toys,South,-0.149,0.422,0,7.3
S0029,2025-04,23,1306.84,1,4.315789473684211,0.6489473684210526,0.0,19,0.043,Chavez Ltd,Toys,South,-0.132,0.49,0,9.1
S0029,2025-05,39,2148.34,1,3.9130434782608696,0.4969565217391304,0.0869565217391304,23,0.026,Chavez Ltd,Toys,South,-0.149,0.338,0,5.0
S0029,2025-06,40,2048.68,2,4.5,0.5466666666666666,0.0,24,0.05,Chavez Ltd,Toys,South,-0.125,0.387,0,5.8
S0029,2025-07,34,1489.9,3,4.416666666666667,0.6608333333333333,0.0,24,0.088,Chavez Ltd,Toys,South,-0.087,0.501,0,8.4
S0029,2025-08,34,1699.69,3,4.208333333333333,0.7012499999999999,0.0,24,0.088,Chavez Ltd,Toys,South,-0.087,0.542,0,7.4
S0029,2025-09,36,1827.63,1,4.421052631578948,0.6505263157894736,0.0,19,0.028,Chavez Ltd,Toys,South,-0.147,0.491,0,7.6
S0029,2025-10,27,1334.5,0,4.75,0.691875,0.0,16,0.0,Chavez Ltd,Toys,South,-0.175,0.532,0,1.0
S0029,2025-11,26,1277.6,0,4.842105263157895,0.7226315789473684,0.0,19,0.0,Chavez Ltd,Toys,South,-0.175,0.563,0,3.5
S0029,2025-12,45,2319.29,0,4.526315789473684,0.7552631578947369,0.0,19,0.0,Chavez Ltd,Toys,South,-0.175,0.596,0,3.6
S0030,2024-01,35,1793.19,5,2.6153846153846154,-0.1276923076923077,0.4615384615384615,13,0.143,Stanton-Gill,Grocery,West,0.006,-0.319,0,5.4
S0030,2024-02,36,1983.98,1,3.473684210526316,0.2642105263157894,0.1578947368421052,19,0.028,Stanton-Gill,Grocery,West,-0.109,0.072,0,4.2
S0030,2024-03,25,1363.72,6,3.75,0.43875,0.0625,16,0.24,Stanton-Gill,Grocery,West,0.103,0.247,0,11.0
S0030,2024-04,32,1624.44,6,3.333333333333333,0.2759999999999999,0.2,15,0.188,Stanton-Gill,Grocery,West,0.051,0.084,0,10.7
S0030,2024-05,41,1909.17,7,3.333333333333333,0.2133333333333333,0.1481481481481481,27,0.171,Stanton-Gill,Grocery,West,0.034,0.022,0,12.5
S0030,2024-06,46,2270.35,4,2.925925925925926,-0.0099999999999999,0.2222222222222222,27,0.087,Stanton-Gill,Grocery,West,-0.05,-0.202,0,7.3
S0030,2024-07,33,1682.69,1,3.952380952380953,0.3580952380952381,0.0952380952380952,21,0.03,Stanton-Gill,Grocery,West,-0.107,0.166,0,4.1
S0030,2024-08,31,1438.79,10,3.823529411764706,0.3235294117647059,0.1176470588235294,17,0.323,Stanton-Gill,Grocery,West,0.186,0.132,0,15.2
S0030,2024-09,23,1095.87,7,3.555555555555556,0.4166666666666667,0.1111111111111111,18,0.304,Stanton-Gill,Grocery,West,0.167,0.225,0,16.6
S0030,2024-10,40,1696.41,0,3.772727272727273,0.4386363636363636,0.0909090909090909,22,0.0,Stanton-Gill,Grocery,West,-0.137,0.247,0,3.2
S0030,2024-11,43,2165.85,3,3.3181818181818183,0.2195454545454545,0.1363636363636363,22,0.07,Stanton-Gill,Grocery,West,-0.067,0.028,0,5.6
S0030,2024-12,38,1589.85,7,3.6666666666666665,0.3308333333333333,0.1666666666666666,24,0.184,Stanton-Gill,Grocery,West,0.047,0.139,0,11.9
S0030,2025-01,38,2008.42,0,4.428571428571429,0.6309523809523809,0.0,21,0.0,Stanton-Gill,Grocery,West,-0.137,0.439,0,4.6
S0030,2025-02,34,1628.66,0,4.473684210526316,0.7257894736842104,0.0,19,0.0,Stanton-Gill,Grocery,West,-0.137,0.534,0,6.2
S0030,2025-03,38,1894.19,6,4.103448275862069,0.5689655172413793,0.0344827586206896,29,0.158,Stanton-Gill,Grocery,West,0.021,0.377,0,10.0
S0030,2025-04,49,2508.11,2,4.076923076923077,0.4753846153846153,0.1153846153846153,26,0.041,Stanton-Gill,Grocery,West,-0.096,0.284,0,7.6
S0030,2025-05,30,1643.52,1,4.6,0.6292,0.0,25,0.033,Stanton-Gill,Grocery,West,-0.104,0.437,0,4.2
S0030,2025-06,41,1690.04,1,3.185185185185185,0.0074074074074074,0.3703703703703703,27,0.024,Stanton-Gill,Grocery,West,-0.113,-0.184,0,5.7
S0030,2025-07,42,2217.69,0,2.9615384615384617,0.003076923076923,0.2307692307692307,26,0.0,Stanton-Gill,Grocery,West,-0.137,-0.189,0,4.6
S0030,2025-08,40,2382.13,2,3.684210526315789,0.3968421052631579,0.0,19,0.05,Stanton-Gill,Grocery,West,-0.087,0.205,0,4.4
S0030,2025-09,37,1556.59,1,3.5185185185185186,0.2148148148148148,0.1111111111111111,27,0.027,Stanton-Gill,Grocery,West,-0.11,0.023,0,3.0
S0030,2025-10,30,1368.66,1,3.260869565217391,0.2013043478260869,0.0434782608695652,23,0.033,Stanton-Gill,Grocery,West,-0.104,0.01,0,7.3
S0030,2025-11,43,1990.47,1,4.090909090909091,0.4863636363636363,0.0,22,0.023,Stanton-Gill,Grocery,West,-0.114,0.295,0,5.1
S0030,2025-12,36,1739.65,9,3.8333333333333335,0.5538888888888889,0.0555555555555555,18,0.25,Stanton-Gill,Grocery,West,0.113,0.362,0,11.2
S0031,2024-01,30,1533.06,0,4.111111111111111,0.5566666666666666,0.0,9,0.0,Harrell LLC,Home & Kitchen,South,-0.056,0.032,0,4.8
S0031,2024-02,18,1090.6,3,4.153846153846154,0.5399999999999999,0.0,13,0.167,Harrell LLC,Home & Kitchen,South,0.111,0.015,0,12.4
S0031,2024-03,24,1151.73,0,4.307692307692308,0.4784615384615384,0.0,13,0.0,Harrell LLC,Home & Kitchen,South,-0.056,-0.047,0,1.0
S0031,2024-04,17,793.96,0,4.625,0.761875,0.0,16,0.0,Harrell LLC,Home & Kitchen,South,-0.056,0.237,0,2.3
S0031,2024-05,24,1053.62,3,4.416666666666667,0.6083333333333333,0.0,12,0.125,Harrell LLC,Home & Kitchen,South,0.069,0.083,0,7.3
S0031,2024-06,22,1013.98,1,4.285714285714286,0.7321428571428571,0.0,14,0.045,Harrell LLC,Home & Kitchen,South,-0.011,0.207,0,9.1
S0031,2024-07,29,1471.52,0,4.260869565217392,0.6208695652173912,0.0,23,0.0,Harrell LLC,Home & Kitchen,South,-0.056,0.096,0,5.5
S0031,2024-08,22,1050.22,1,4.615384615384615,0.6223076923076923,0.0,13,0.045,Harrell LLC,Home & Kitchen,South,-0.011,0.097,0,7.8
S0031,2024-09,23,1103.79,2,4.909090909090909,0.6472727272727273,0.0,11,0.087,Harrell LLC,Home & Kitchen,South,0.031,0.122,0,5.7
S0031,2024-10,17,708.41,0,4.615384615384615,0.7023076923076922,0.0,13,0.0,Harrell LLC,Home & Kitchen,South,-0.056,0.177,0,3.0
S0031,2024-11,15,848.11,1,4.454545454545454,0.6654545454545455,0.0,11,0.067,Harrell LLC,Home & Kitchen,South,0.011,0.14,0,8.0
S0031,2024-12,28,1350.08,1,3.95,0.5455,0.05,20,0.036,Harrell LLC,Home & Kitchen,South,-0.02,0.02,0,6.3
S0031,2025-01,18,1003.13,1,4.454545454545454,0.4609090909090909,0.0,11,0.056,Harrell LLC,Home & Kitchen,South,0.0,-0.064,0,7.8
S0031,2025-02,24,1249.93,1,4.416666666666667,0.6241666666666666,0.0,12,0.042,Harrell LLC,Home & Kitchen,South,-0.014,0.099,0,6.0
S0031,2025-03,17,793.0699999999999,2,4.538461538461538,0.6846153846153846,0.0,13,0.118,Harrell LLC,Home & Kitchen,South,0.062,0.16,0,9.3
S0031,2025-04,22,1116.75,3,4.2,0.6506666666666666,0.0,15,0.136,Harrell LLC,Home & Kitchen,South,0.08,0.126,0,9.6
S0031,2025-05,26,1141.79,4,4.428571428571429,0.7119047619047618,0.0,21,0.154,Harrell LLC,Home & Kitchen,South,0.098,0.187,0,11.3
S0031,2025-06,15,802.77,2,4.615384615384615,0.7615384615384616,0.0,13,0.133,Harrell LLC,Home & Kitchen,South,0.077,0.236,0,10.7
S0031,2025-07,22,1220.81,0,4.3,0.608,0.0,10,0.0,Harrell LLC,Home & Kitchen,South,-0.056,0.083,0,2.1
S0031,2025-08,17,656.89,0,4.5,0.6292857142857143,0.0,14,0.0,Harrell LLC,Home & Kitchen,South,-0.056,0.104,0,1.0
S0031,2025-09,22,932.4,1,4.416666666666667,0.6316666666666667,0.0,12,0.045,Harrell LLC,Home & Kitchen,South,-0.011,0.107,0,8.2
S0031,2025-10,21,1107.14,1,4.333333333333333,0.7273333333333334,0.0,15,0.048,Harrell LLC,Home & Kitchen,South,-0.008,0.202,0,8.7
S0031,2025-11,24,1258.63,2,4.1,0.425,0.0,10,0.083,Harrell LLC,Home & Kitchen,South,0.027,-0.1,0,5.8
S0031,2025-12,18,770.64,1,4.5,0.7000000000000001,0.0,6,0.056,Harrell LLC,Home & Kitchen,South,0.0,0.175,0,3.4
S0032,2024-01,32,1663.63,2,2.5,-0.205,0.4166666666666667,12,0.062,"Lynch, Hernandez and Farmer",Automotive,East,-0.018,-0.347,0,7.2
S0032,2024-02,27,1447.55,1,3.4705882352941178,0.1611764705882352,0.1176470588235294,17,0.037,"Lynch, Hernandez and Farmer",Automotive,East,-0.043,0.019,0,7.9
S0032,2024-03,43,1995.98,6,3.740740740740741,0.4703703703703704,0.037037037037037,27,0.14,"Lynch, Hernandez and Farmer",Automotive,East,0.06,0.328,0,12.7
S0032,2024-04,37,2061.1,4,4.238095238095238,0.5342857142857144,0.0476190476190476,21,0.108,"Lynch, Hernandez and Farmer",Automotive,East,0.028,0.392,0,9.4
S0032,2024-05,40,2187.05,3,4.642857142857143,0.6221428571428571,0.0,28,0.075,"Lynch, Hernandez and Farmer",Automotive,East,-0.005,0.48,0,6.7
S0032,2024-06,28,1521.19,2,4.368421052631579,0.6389473684210527,0.0,19,0.071,"Lynch, Hernandez and Farmer",Automotive,East,-0.009,0.497,0,5.7
S0032,2024-07,38,1890.36,0,4.15,0.74,0.0,20,0.0,"Lynch, Hernandez and Farmer",Automotive,East,-0.08,0.598,0,5.0
S0032,2024-08,35,1586.25,6,3.857142857142857,0.370952380952381,0.0476190476190476,21,0.171,"Lynch, Hernandez and Farmer",Automotive,East,0.091,0.229,0,9.9
S0032,2024-09,41,1909.32,11,3.5,0.3459090909090909,0.0909090909090909,22,0.268,"Lynch, Hernandez and Farmer",Automotive,East,0.188,0.204,0,11.7
S0032,2024-10,25,1450.79,2,3.631578947368421,0.3257894736842106,0.1052631578947368,19,0.08,"Lynch, Hernandez and Farmer",Automotive,East,0.0,0.184,0,11.2
S0032,2024-11,46,2475.17,0,3.1739130434782608,0.1213043478260869,0.1739130434782608,23,0.0,"Lynch, Hernandez and Farmer",Automotive,East,-0.08,-0.021,0,8.2
S0032,2024-12,34,1595.01,0,3.333333333333333,0.1993333333333333,0.1333333333333333,30,0.0,"Lynch, Hernandez and Farmer",Automotive,East,-0.08,0.057,0,7.0
S0032,2025-01,50,2517.48,2,3.814814814814815,0.4651851851851852,0.037037037037037,27,0.04,"Lynch, Hernandez and Farmer",Automotive,East,-0.04,0.323,0,4.6
S0032,2025-02,34,1614.52,0,4.304347826086956,0.5404347826086956,0.0,23,0.0,"Lynch, Hernandez and Farmer",Automotive,East,-0.08,0.398,0,6.5
S0032,2025-03,46,2185.23,3,4.409090909090909,0.6259090909090909,0.0,22,0.065,"Lynch, Hernandez and Farmer",Automotive,East,-0.015,0.484,0,8.2
S0032,2025-04,35,1816.1,5,3.739130434782609,0.4065217391304347,0.0869565217391304,23,0.143,"Lynch, Hernandez and Farmer",Automotive,East,0.063,0.264,0,10.4
S0032,2025-05,30,1373.08,7,4.35,0.616,0.0,20,0.233,"Lynch, Hernandez and Farmer",Automotive,East,0.153,0.474,0,14.7
S0032,2025-06,43,2247.51,4,4.035714285714286,0.515,0.0,28,0.093,"Lynch, Hernandez and Farmer",Automotive,East,0.013,0.373,0,9.1
S0032,2025-07,41,1937.93,1,2.6923076923076925,-0.1334615384615384,0.4615384615384615,26,0.024,"Lynch, Hernandez and Farmer",Automotive,East,-0.056,-0.276,0,7.1
S0032,2025-08,34,1743.72,3,3.6666666666666665,0.2614285714285714,0.1904761904761904,21,0.088,"Lynch, Hernandez and Farmer",Automotive,East,0.008,0.119,0,9.0
S0032,2025-09,45,2364.64,3,4.37037037037037,0.6874074074074074,0.0,27,0.067,"Lynch, Hernandez and Farmer",Automotive,East,-0.013,0.545,0,7.8
S0032,2025-10,36,1974.79,4,4.047619047619048,0.5352380952380953,0.0,21,0.111,"Lynch, Hernandez and Farmer",Automotive,East,0.031,0.393,0,5.3
S0032,2025-11,31,1339.44,2,3.4,0.301,0.05,20,0.065,"Lynch, Hernandez and Farmer",Automotive,East,-0.015,0.159,0,7.2
S0032,2025-12,28,1418.85,0,3.523809523809524,0.3366666666666666,0.0,21,0.0,"Lynch, Hernandez and Farmer",Automotive,East,-0.08,0.194,0,4.0
S0033,2024-01,31,1843.55,5,3.4166666666666665,0.2858333333333333,0.0833333333333333,12,0.161,"Sellers, George and Burns",Grocery,Central,-0.086,-0.119,0,7.8
S0033,2024-02,30,1453.58,8,3.619047619047619,0.4433333333333333,0.0476190476190476,21,0.267,"Sellers, George and Burns",Grocery,Central,0.02,0.039,0,16.6
S0033,2024-03,16,925.08,5,4.2,0.484,0.0,10,0.312,"Sellers, George and Burns",Grocery,Central,0.065,0.08,0,18.1
S0033,2024-04,34,1789.62,2,4.217391304347826,0.508695652173913,0.0434782608695652,23,0.059,"Sellers, George and Burns",Grocery,Central,-0.188,0.104,0,9.3
S0033,2024-05,30,1387.79,2,3.238095238095238,0.0271428571428571,0.3809523809523809,21,0.067,"Sellers, George and Burns",Grocery,Central,-0.18,-0.377,0,7.6
S0033,2024-06,25,1255.08,5,3.5,0.17125,0.25,8,0.2,"Sellers, George and Burns",Grocery,Central,-0.047,-0.233,0,13.8
S0033,2024-07,19,1035.41,0,3.9166666666666665,0.385,0.0833333333333333,12,0.0,"Sellers, George and Burns",Grocery,Central,-0.247,-0.019,0,5.0
S0033,2024-08,33,1560.25,0,3.8947368421052633,0.5089473684210526,0.0,19,0.0,"Sellers, George and Burns",Grocery,Central,-0.247,0.105,0,5.4
S0033,2024-09,36,1830.3,0,3.7222222222222223,0.4838888888888889,0.0,18,0.0,"Sellers, George and Burns",Grocery,Central,-0.247,0.08,0,3.0
S0033,2024-10,28,1453.89,5,3.947368421052632,0.5131578947368421,0.0526315789473684,19,0.179,"Sellers, George and Burns",Grocery,Central,-0.068,0.109,0,11.4
S0033,2024-11,28,1431.74,6,3.866666666666666,0.3873333333333333,0.1333333333333333,15,0.214,"Sellers, George and Burns",Grocery,Central,-0.033,-0.017,0,12.0
S0033,2024-12,32,1477.38,6,3.7916666666666665,0.4445833333333333,0.0833333333333333,24,0.188,"Sellers, George and Burns",Grocery,Central,-0.059,0.04,0,8.7
S0033,2025-01,26,1085.09,11,3.933333333333333,0.458,0.0666666666666666,15,0.423,"Sellers, George and Burns",Grocery,Central,0.176,0.054,0,18.4
S0033,2025-02,20,1048.68,0,4.5,0.5433333333333333,0.0,12,0.0,"Sellers, George and Burns",Grocery,Central,-0.247,0.139,0,4.9
S0033,2025-03,32,1598.33,0,4.1875,0.58125,0.0,16,0.0,"Sellers, George and Burns",Grocery,Central,-0.247,0.177,0,8.2
S0033,2025-04,39,1870.16,8,4.285714285714286,0.6380952380952382,0.0,21,0.205,"Sellers, George and Burns",Grocery,Central,-0.042,0.234,0,13.2
S0033,2025-05,31,1667.36,1,3.1333333333333333,0.1293333333333333,0.2,15,0.032,"Sellers, George and Burns",Grocery,Central,-0.215,-0.275,0,6.0
S0033,2025-06,37,1863.3,1,4.0,0.4147826086956521,0.1304347826086956,23,0.027,"Sellers, George and Burns",Grocery,Central,-0.22,0.01,0,6.3
S0033,2025-07,35,2120.05,0,4.5,0.5505,0.0,20,0.0,"Sellers, George and Burns",Grocery,Central,-0.247,0.146,0,5.1
S0033,2025-08,33,1677.46,3,4.0,0.5510526315789473,0.0,19,0.091,"Sellers, George and Burns",Grocery,Central,-0.156,0.147,0,7.5
S0033,2025-09,20,927.67,3,3.647058823529412,0.3911764705882353,0.0588235294117647,17,0.15,"Sellers, George and Burns",Grocery,Central,-0.097,-0.013,0,7.9
S0033,2025-10,22,1171.35,4,4.3,0.5429999999999999,0.0,10,0.182,"Sellers, George and Burns",Grocery,Central,-0.065,0.139,0,10.6
S0033,2025-11,19,828.72,2,4.066666666666666,0.4766666666666667,0.0,15,0.105,"Sellers, George and Burns",Grocery,Central,-0.142,0.072,0,7.0
S0033,2025-12,28,1253.26,7,4.333333333333333,0.52,0.0,9,0.25,"Sellers, George and Burns",Grocery,Central,0.003,0.116,0,10.7
S0034,2024-01,36,1794.07,4,4.666666666666667,0.73,0.0,12,0.111,Koch-Decker,Beauty,South,0.004,0.093,0,9.5
S0034,2024-02,50,2717.62,5,4.321428571428571,0.6224999999999999,0.0,28,0.1,Koch-Decker,Beauty,South,-0.007,-0.015,0,8.9
S0034,2024-03,36,1651.54,4,4.153846153846154,0.5588461538461538,0.0,26,0.111,Koch-Decker,Beauty,South,0.004,-0.078,0,5.3
S0034,2024-04,36,1921.54,4,3.9,0.5385,0.0,20,0.111,Koch-Decker,Beauty,South,0.004,-0.099,0,8.3
S0034,2024-05,29,1386.28,3,4.227272727272728,0.5440909090909091,0.0,22,0.103,Koch-Decker,Beauty,South,-0.004,-0.093,0,10.1
S0034,2024-06,29,1464.28,3,4.2,0.6353333333333333,0.0,15,0.103,Koch-Decker,Beauty,South,-0.004,-0.002,0,10.2
S0034,2024-07,29,1317.55,4,3.7857142857142856,0.5114285714285715,0.0714285714285714,14,0.138,Koch-Decker,Beauty,South,0.031,-0.126,0,11.3
S0034,2024-08,31,1263.9,2,3.952380952380953,0.5609523809523809,0.0,21,0.065,Koch-Decker,Beauty,South,-0.042,-0.076,0,7.2
S0034,2024-09,25,1347.04,8,3.866666666666666,0.4113333333333333,0.0666666666666666,15,0.32,Koch-Decker,Beauty,South,0.213,-0.226,1,13.7
S0034,2024-10,36,1691.39,5,4.076923076923077,0.6161538461538462,0.0,13,0.139,Koch-Decker,Beauty,South,0.032,-0.021,0,7.5
S0034,2024-11,21,972.26,2,3.8181818181818175,0.4109090909090909,0.0,11,0.095,Koch-Decker,Beauty,South,-0.012,-0.226,0,8.7
S0034,2024-12,30,1757.48,4,3.4545454545454546,0.3136363636363636,0.1363636363636363,22,0.133,Koch-Decker,Beauty,South,0.026,-0.323,0,9.9
S0034,2025-01,42,1829.58,7,3.6,0.3904999999999999,0.05,20,0.167,Koch-Decker,Beauty,South,0.06,-0.247,1,12.7
S0034,2025-02,41,2057.29,10,3.095238095238096,0.1257142857142857,0.238095238095238,21,0.244,Koch-Decker,Beauty,South,0.137,-0.511,1,14.8
S0034,2025-03,39,1959.08,6,3.1,0.1465,0.2,20,0.154,Koch-Decker,Beauty,South,0.047,-0.491,0,9.7
S0034,2025-04,25,1127.38,3,3.4347826086956523,0.328695652173913,0.0434782608695652,23,0.12,Koch-Decker,Beauty,South,0.013,-0.308,0,6.6
S0034,2025-05,29,1384.15,3,2.923076923076923,0.0153846153846153,0.3846153846153846,13,0.103,Koch-Decker,Beauty,South,-0.004,-0.622,0,7.7
S0034,2025-06,37,1761.28,10,3.15,0.128,0.2,20,0.27,Koch-Decker,Beauty,South,0.163,-0.509,1,14.0
S0034,2025-07,31,1587.22,6,3.263157894736842,0.1621052631578947,0.1578947368421052,19,0.194,Koch-Decker,Beauty,South,0.087,-0.475,1,10.8
S0034,2025-08,37,1692.8,6,3.1666666666666665,0.0870833333333333,0.1666666666666666,24,0.162,Koch-Decker,Beauty,South,0.055,-0.55,1,9.1
S0034,2025-09,38,1663.95,15,3.0,0.0274999999999999,0.2916666666666667,24,0.395,Koch-Decker,Beauty,South,0.288,-0.61,1,18.1
S0034,2025-10,40,1836.09,8,3.125,0.1191666666666666,0.2083333333333333,24,0.2,Koch-Decker,Beauty,South,0.093,-0.518,1,10.5
S0034,2025-11,29,1207.6,8,3.0,0.0582608695652173,0.2608695652173913,23,0.276,Koch-Decker,Beauty,South,0.169,-0.579,1,12.7
S0034,2025-12,19,981.1,6,3.071428571428572,0.1071428571428571,0.2142857142857142,14,0.316,Koch-Decker,Beauty,South,0.209,-0.53,1,15.7
S0035,2024-01,26,1450.97,3,4.5,0.632,0.0,10,0.115,Allen PLC,Fashion,North,0.026,-0.022,0,8.0
S0035,2024-02,16,675.75,1,4.714285714285714,0.7157142857142856,0.0,7,0.062,Allen PLC,Fashion,North,-0.027,0.062,0,7.4
S0035,2024-03,22,1014.52,2,4.428571428571429,0.6128571428571429,0.0,7,0.091,Allen PLC,Fashion,North,0.002,-0.041,0,8.4
S0035,2024-04,30,1561.56,7,4.117647058823529,0.5735294117647058,0.0,17,0.233,Allen PLC,Fashion,North,0.144,-0.08,0,10.4
S0035,2024-05,29,1346.87,3,4.36,0.7152,0.0,25,0.103,Allen PLC,Fashion,North,0.014,0.062,0,7.4
S0035,2024-06,33,1630.73,3,4.238095238095238,0.5719047619047619,0.0476190476190476,21,0.091,Allen PLC,Fashion,North,0.002,-0.082,0,10.5
S0035,2024-07,26,1230.19,3,4.166666666666667,0.5872222222222222,0.0555555555555555,18,0.115,Allen PLC,Fashion,North,0.026,-0.066,0,6.6
S0035,2024-08,23,1572.57,1,4.4,0.799,0.0,10,0.043,Allen PLC,Fashion,North,-0.046,0.145,0,2.6
S0035,2024-09,36,1629.73,1,4.473684210526316,0.7136842105263158,0.0,19,0.028,Allen PLC,Fashion,North,-0.061,0.06,0,2.5
S0035,2024-10,43,2070.75,2,4.580645161290323,0.6683870967741935,0.0,31,0.047,Allen PLC,Fashion,North,-0.042,0.015,0,6.6
S0035,2024-11,33,1636.8,1,4.36,0.6416,0.0,25,0.03,Allen PLC,Fashion,North,-0.059,-0.012,0,6.0
S0035,2024-12,27,1249.99,4,4.315789473684211,0.6642105263157895,0.0,19,0.148,Allen PLC,Fashion,North,0.059,0.011,0,9.5
S0035,2025-01,28,1327.93,3,4.285714285714286,0.628095238095238,0.0,21,0.107,Allen PLC,Fashion,North,0.018,-0.025,0,10.6
S0035,2025-02,30,1702.67,7,4.0625,0.445,0.0,16,0.233,Allen PLC,Fashion,North,0.144,-0.209,1,7.6
S0035,2025-03,26,1023.77,0,4.294117647058823,0.6947058823529412,0.0,17,0.0,Allen PLC,Fashion,North,-0.089,0.041,0,5.7
S0035,2025-04,32,1406.82,4,3.4375,0.38125,0.125,16,0.125,Allen PLC,Fashion,North,0.036,-0.272,0,11.8
S0035,2025-05,36,1996.24,3,4.0,0.4965217391304348,0.0434782608695652,23,0.083,Allen PLC,Fashion,North,-0.006,-0.157,0,5.6
S0035,2025-06,21,1281.28,2,4.444444444444445,0.6655555555555556,0.0,18,0.095,Allen PLC,Fashion,North,0.006,0.012,0,7.4
S0035,2025-07,25,1081.99,1,3.933333333333333,0.5153333333333333,0.0,15,0.04,Allen PLC,Fashion,North,-0.049,-0.138,0,4.9
S0035,2025-08,27,1255.61,5,3.7777777777777777,0.4794444444444445,0.0555555555555555,18,0.185,Allen PLC,Fashion,North,0.096,-0.174,1,9.3
S0035,2025-09,39,2169.49,5,3.857142857142857,0.4752380952380952,0.0476190476190476,21,0.128,Allen PLC,Fashion,North,0.039,-0.178,0,8.5
S0035,2025-10,32,1671.69,2,3.347826086956522,0.2656521739130434,0.1739130434782608,23,0.062,Allen PLC,Fashion,North,-0.027,-0.388,0,9.6
S0035,2025-11,40,2179.3,7,3.555555555555556,0.3214814814814815,0.1111111111111111,27,0.175,Allen PLC,Fashion,North,0.086,-0.332,1,13.9
S0035,2025-12,27,1267.97,7,3.571428571428572,0.2664285714285714,0.1428571428571428,14,0.259,Allen PLC,Fashion,North,0.17,-0.387,1,12.7
S0036,2024-01,38,1999.29,5,3.3157894736842106,0.2536842105263158,0.0526315789473684,19,0.132,Dennis Inc,Home & Kitchen,South,0.078,0.106,0,12.7
S0036,2024-02,32,1709.9,1,3.125,0.09625,0.125,16,0.031,Dennis Inc,Home & Kitchen,South,-0.023,-0.051,0,6.1
S0036,2024-03,29,1304.59,0,3.111111111111111,0.0916666666666666,0.0555555555555555,18,0.0,Dennis Inc,Home & Kitchen,South,-0.054,-0.056,0,8.2
S0036,2024-04,47,2583.3,8,3.5454545454545454,0.3213636363636363,0.0909090909090909,22,0.17,Dennis Inc,Home & Kitchen,South,0.116,0.174,0,10.3
S0036,2024-05,37,1816.39,3,3.592592592592593,0.3392592592592592,0.037037037037037,27,0.081,Dennis Inc,Home & Kitchen,South,0.027,0.192,0,7.8
S0036,2024-06,39,2285.36,6,3.736842105263158,0.4447368421052631,0.0526315789473684,19,0.154,Dennis Inc,Home & Kitchen,South,0.1,0.298,0,10.6
S0036,2024-07,29,1468.98,5,3.5,0.3129166666666667,0.1666666666666666,24,0.172,Dennis Inc,Home & Kitchen,South,0.118,0.166,0,16.2
S0036,2024-08,53,2240.4,11,3.586206896551724,0.3251724137931034,0.0689655172413793,29,0.208,Dennis Inc,Home & Kitchen,South,0.154,0.178,0,13.2
S0036,2024-09,45,2623.39,7,3.68,0.4092,0.04,25,0.156,Dennis Inc,Home & Kitchen,South,0.102,0.262,0,8.7
S0036,2024-10,53,2562.58,5,3.763157894736842,0.5097368421052632,0.0526315789473684,38,0.094,Dennis Inc,Home & Kitchen,South,0.04,0.363,0,9.8
S0036,2024-11,39,2052.51,7,3.5588235294117645,0.3605882352941176,0.0588235294117647,34,0.179,Dennis Inc,Home & Kitchen,South,0.125,0.213,0,10.1
S0036,2024-12,44,2214.45,2,3.7142857142857135,0.3857142857142857,0.0,21,0.045,Dennis Inc,Home & Kitchen,South,-0.009,0.239,0,5.6
S0036,2025-01,46,2060.95,4,3.71875,0.401875,0.09375,32,0.087,Dennis Inc,Home & Kitchen,South,0.033,0.255,0,9.4
S0036,2025-02,56,2637.55,4,3.931034482758621,0.5572413793103448,0.0344827586206896,29,0.071,Dennis Inc,Home & Kitchen,South,0.017,0.41,0,7.3
S0036,2025-03,34,1915.28,2,3.96875,0.5806250000000001,0.0,32,0.059,Dennis Inc,Home & Kitchen,South,0.005,0.433,0,7.4
S0036,2025-04,33,1859.78,1,4.125,0.5841666666666666,0.0,24,0.03,Dennis Inc,Home & Kitchen,South,-0.024,0.437,0,6.0
S0036,2025-05,48,2659.52,0,3.875,0.505625,0.0,16,0.0,Dennis Inc,Home & Kitchen,South,-0.054,0.358,0,5.6
S0036,2025-06,40,2280.72,1,4.454545454545454,0.6231818181818182,0.0,22,0.025,Dennis Inc,Home & Kitchen,South,-0.029,0.476,0,6.6
S0036,2025-07,42,2009.46,0,4.333333333333333,0.6079166666666667,0.0,24,0.0,Dennis Inc,Home & Kitchen,South,-0.054,0.461,0,1.5
S0036,2025-08,31,1458.1,4,4.190476190476191,0.5895238095238095,0.0,21,0.129,Dennis Inc,Home & Kitchen,South,0.075,0.442,0,10.3
S0036,2025-09,43,2303.99,0,4.043478260869565,0.6060869565217392,0.0,23,0.0,Dennis Inc,Home & Kitchen,South,-0.054,0.459,0,3.2
S0036,2025-10,36,1927.16,0,4.25925925925926,0.6325925925925925,0.0,27,0.0,Dennis Inc,Home & Kitchen,South,-0.054,0.485,0,2.4
S0036,2025-11,39,1934.17,0,4.592592592592593,0.6992592592592592,0.0,27,0.0,Dennis Inc,Home & Kitchen,South,-0.054,0.552,0,4.9
S0036,2025-12,57,2934.72,1,4.44,0.6335999999999999,0.0,25,0.018,Dennis Inc,Home & Kitchen,South,-0.036,0.486,0,5.7
S0037,2024-01,24,1183.46,0,4.25,0.6725,0.0,4,0.0,"Cannon, Anderson and Alvarez",Grocery,Central,-0.124,0.27,0,3.8
S0037,2024-02,19,1101.69,2,4.117647058823529,0.6264705882352941,0.0,17,0.105,"Cannon, Anderson and Alvarez",Grocery,Central,-0.019,0.224,0,9.9
S0037,2024-03,41,1813.92,11,2.636363636363636,-0.0904545454545454,0.4090909090909091,22,0.268,"Cannon, Anderson and Alvarez",Grocery,Central,0.144,-0.493,1,11.2
S0037,2024-04,31,1484.92,8,3.259259259259259,0.2014814814814814,0.1851851851851851,27,0.258,"Cannon, Anderson and Alvarez",Grocery,Central,0.134,-0.201,1,12.5
S0037,2024-05,21,1023.99,5,3.882352941176471,0.5564705882352942,0.0588235294117647,17,0.238,"Cannon, Anderson and Alvarez",Grocery,Central,0.114,0.154,0,11.6
S0037,2024-06,22,1073.51,0,4.571428571428571,0.7442857142857143,0.0,7,0.0,"Cannon, Anderson and Alvarez",Grocery,Central,-0.124,0.341,0,4.9
S0037,2024-07,34,1704.74,5,4.2727272727272725,0.5695454545454545,0.0,22,0.147,"Cannon, Anderson and Alvarez",Grocery,Central,0.023,0.167,0,10.2
S0037,2024-08,28,1231.45,6,4.055555555555555,0.3916666666666666,0.1111111111111111,18,0.214,"Cannon, Anderson and Alvarez",Grocery,Central,0.09,-0.011,0,10.0
S0037,2024-09,17,906.15,3,3.066666666666667,0.0093333333333333,0.2,15,0.176,"Cannon, Anderson and Alvarez",Grocery,Central,0.052,-0.394,1,11.9
S0037,2024-10,19,1293.39,0,4.166666666666667,0.7366666666666667,0.0,6,0.0,"Cannon, Anderson and Alvarez",Grocery,Central,-0.124,0.334,0,5.1
S0037,2024-11,35,1493.1,4,3.0625,0.03625,0.3125,16,0.114,"Cannon, Anderson and Alvarez",Grocery,Central,-0.01,-0.367,0,5.2
S0037,2024-12,29,1310.73,8,3.142857142857143,0.0733333333333333,0.3333333333333333,21,0.276,"Cannon, Anderson and Alvarez",Grocery,Central,0.152,-0.33,1,10.3
S0037,2025-01,23,1297.37,3,4.0588235294117645,0.5447058823529412,0.0588235294117647,17,0.13,"Cannon, Anderson and Alvarez",Grocery,Central,0.006,0.142,0,9.1
S0037,2025-02,30,1519.67,6,3.65,0.3255,0.1,20,0.2,"Cannon, Anderson and Alvarez",Grocery,Central,0.076,-0.077,0,11.0
S0037,2025-03,27,1310.42,0,3.2666666666666666,0.266,0.0666666666666666,15,0.0,"Cannon, Anderson and Alvarez",Grocery,Central,-0.124,-0.137,0,4.8
S0037,2025-04,39,1949.32,0,3.0434782608695654,0.0882608695652174,0.1739130434782608,23,0.0,"Cannon, Anderson and Alvarez",Grocery,Central,-0.124,-0.315,0,4.9
S0037,2025-05,24,1388.22,0,3.761904761904762,0.4119047619047619,0.0476190476190476,21,0.0,"Cannon, Anderson and Alvarez",Grocery,Central,-0.124,0.009,0,5.4
S0037,2025-06,13,675.82,0,4.785714285714286,0.7414285714285714,0.0,14,0.0,"Cannon, Anderson and Alvarez",Grocery,Central,-0.124,0.339,0,6.7
S0037,2025-07,28,1401.54,5,3.75,0.4383333333333333,0.0833333333333333,12,0.179,"Cannon, Anderson and Alvarez",Grocery,Central,0.055,0.035,0,8.7
S0037,2025-08,14,854.96,0,4.428571428571429,0.7364285714285714,0.0,14,0.0,"Cannon, Anderson and Alvarez",Grocery,Central,-0.124,0.334,0,2.9
S0037,2025-09,25,1097.14,2,4.125,0.5875,0.0,8,0.08,"Cannon, Anderson and Alvarez",Grocery,Central,-0.044,0.185,0,5.6
S0037,2025-10,29,1386.32,4,3.111111111111111,-0.0116666666666666,0.2777777777777778,18,0.138,"Cannon, Anderson and Alvarez",Grocery,Central,0.014,-0.415,0,9.9
S0037,2025-11,23,1064.92,4,3.6875,0.234375,0.25,16,0.174,"Cannon, Anderson and Alvarez",Grocery,Central,0.05,-0.168,0,12.8
S0037,2025-12,31,1470.76,7,4.3125,0.5775,0.0,16,0.226,"Cannon, Anderson and Alvarez",Grocery,Central,0.102,0.175,0,11.5
S0038,2024-01,30,1759.46,2,4.5,0.625,0.0,10,0.067,Rose-Obrien,Grocery,Central,-0.009,-0.028,0,2.6
S0038,2024-02,43,2081.69,3,4.4375,0.663125,0.03125,32,0.07,Rose-Obrien,Grocery,Central,-0.006,0.01,0,4.2
S0038,2024-03,33,1688.61,3,4.461538461538462,0.6703846153846154,0.0,26,0.091,Rose-Obrien,Grocery,Central,0.015,0.018,0,6.4
S0038,2024-04,27,1372.73,2,4.352941176470588,0.6,0.0,17,0.074,Rose-Obrien,Grocery,Central,-0.002,-0.053,0,6.4
S0038,2024-05,23,1036.81,4,4.583333333333333,0.6558333333333334,0.0,12,0.174,Rose-Obrien,Grocery,Central,0.098,0.003,0,9.8
S0038,2024-06,28,1410.49,3,4.545454545454546,0.6363636363636364,0.0,11,0.107,Rose-Obrien,Grocery,Central,0.031,-0.016,0,8.5
S0038,2024-07,30,1465.6,2,4.318181818181818,0.6781818181818182,0.0,22,0.067,Rose-Obrien,Grocery,Central,-0.009,0.025,0,6.6
S0038,2024-08,25,1043.59,2,4.238095238095238,0.6309523809523809,0.0,21,0.08,Rose-Obrien,Grocery,Central,0.004,-0.022,0,9.4
S0038,2024-09,34,1755.26,4,4.352941176470588,0.6570588235294118,0.0,17,0.118,Rose-Obrien,Grocery,Central,0.042,0.004,0,7.6
S0038,2024-10,14,614.71,2,4.625,0.7325,0.0,16,0.143,Rose-Obrien,Grocery,Central,0.067,0.08,0,8.0
S0038,2024-11,38,2073.06,1,4.8,0.6950000000000001,0.0,20,0.026,Rose-Obrien,Grocery,Central,-0.05,0.042,0,6.7
S0038,2024-12,27,1109.86,1,4.148148148148148,0.5107407407407407,0.037037037037037,27,0.037,Rose-Obrien,Grocery,Central,-0.039,-0.142,0,3.4
S0038,2025-01,27,1435.69,3,4.235294117647059,0.5670588235294118,0.0,17,0.111,Rose-Obrien,Grocery,Central,0.035,-0.086,0,9.3
S0038,2025-02,27,1124.98,3,4.363636363636363,0.5236363636363636,0.0,11,0.111,Rose-Obrien,Grocery,Central,0.035,-0.129,0,8.7
S0038,2025-03,18,922.82,1,4.1875,0.675625,0.0,16,0.056,Rose-Obrien,Grocery,Central,-0.02,0.023,0,6.5
S0038,2025-04,30,1644.29,5,4.0,0.6,0.0,6,0.167,Rose-Obrien,Grocery,Central,0.091,-0.053,0,13.2
S0038,2025-05,32,1381.94,2,4.111111111111111,0.6016666666666667,0.0,18,0.062,Rose-Obrien,Grocery,Central,-0.014,-0.051,0,5.9
S0038,2025-06,38,2014.17,4,4.0588235294117645,0.6152941176470589,0.0,17,0.105,Rose-Obrien,Grocery,Central,0.029,-0.038,0,12.1
S0038,2025-07,32,1484.21,2,4.25,0.6175,0.0,16,0.062,Rose-Obrien,Grocery,Central,-0.014,-0.035,0,6.6
S0038,2025-08,22,1133.36,1,4.35,0.6439999999999999,0.0,20,0.045,Rose-Obrien,Grocery,Central,-0.031,-0.009,0,4.1
S0038,2025-09,40,1913.1,1,4.545454545454546,0.6863636363636364,0.0,11,0.025,Rose-Obrien,Grocery,Central,-0.051,0.034,0,5.9
S0038,2025-10,33,1761.93,0,4.190476190476191,0.6242857142857142,0.0,21,0.0,Rose-Obrien,Grocery,Central,-0.076,-0.029,0,3.1
S0038,2025-11,30,1584.9,1,4.5625,0.628125,0.0,16,0.033,Rose-Obrien,Grocery,Central,-0.043,-0.025,0,4.7
S0038,2025-12,33,1547.37,1,4.473684210526316,0.6047368421052631,0.0,19,0.03,Rose-Obrien,Grocery,Central,-0.046,-0.048,0,6.7
S0039,2024-01,15,841.95,4,2.4,-0.324,0.6,5,0.267,"Campos, Vaughn and Marquez",Automotive,East,0.087,-0.173,1,14.5
S0039,2024-02,17,778.56,2,2.909090909090909,0.0663636363636363,0.1818181818181818,11,0.118,"Campos, Vaughn and Marquez",Automotive,East,-0.062,0.218,0,7.7
S0039,2024-03,13,667.65,2,2.6666666666666665,-0.1966666666666666,0.5,6,0.154,"Campos, Vaughn and Marquez",Automotive,East,-0.026,-0.045,0,11.7
S0039,2024-04,16,627.41,1,2.5,-0.1099999999999999,0.3333333333333333,6,0.062,"Campos, Vaughn and Marquez",Automotive,East,-0.118,0.041,0,9.1
S0039,2024-05,19,825.14,5,3.230769230769231,0.2438461538461538,0.1538461538461538,13,0.263,"Campos, Vaughn and Marquez",Automotive,East,0.083,0.395,0,16.0
S0039,2024-06,17,956.57,1,2.636363636363636,-0.2272727272727272,0.5454545454545454,11,0.059,"Campos, Vaughn and Marquez",Automotive,East,-0.121,-0.076,0,7.8
S0039,2024-07,13,736.42,3,2.357142857142857,-0.2842857142857143,0.5,14,0.231,"Campos, Vaughn and Marquez",Automotive,East,0.051,-0.133,0,14.8
S0039,2024-08,18,828.04,6,3.0,0.04875,0.125,8,0.333,"Campos, Vaughn and Marquez",Automotive,East,0.153,0.2,0,12.3
S0039,2024-09,16,938.1,6,2.5384615384615383,-0.233076923076923,0.4615384615384615,13,0.375,"Campos, Vaughn and Marquez",Automotive,East,0.195,-0.082,0,16.4
S0039,2024-10,9,502.21,0,2.25,-0.4125,0.75,4,0.0,"Campos, Vaughn and Marquez",Automotive,East,-0.18,-0.261,0,3.4
S0039,2024-11,14,801.55,2,2.6666666666666665,-0.2183333333333333,0.3333333333333333,6,0.143,"Campos, Vaughn and Marquez",Automotive,East,-0.037,-0.067,0,9.8
S0039,2024-12,15,676.44,4,2.8181818181818183,-0.0463636363636363,0.3636363636363636,11,0.267,"Campos, Vaughn and Marquez",Automotive,East,0.087,0.105,0,12.5
S0039,2025-01,17,784.26,2,2.9285714285714284,-0.0207142857142857,0.3571428571428571,14,0.118,"Campos, Vaughn and Marquez",Automotive,East,-0.062,0.131,0,8.5
S0039,2025-02,11,552.6899999999999,3,2.5,-0.43,0.5,4,0.273,"Campos, Vaughn and Marquez",Automotive,East,0.093,-0.279,1,17.1
S0039,2025-03,18,1139.75,3,2.230769230769231,-0.463076923076923,0.6923076923076923,13,0.167,"Campos, Vaughn and Marquez",Automotive,East,-0.013,-0.312,0,10.0
S0039,2025-04,13,752.23,5,2.4444444444444446,-0.2422222222222222,0.5555555555555556,9,0.385,"Campos, Vaughn and Marquez",Automotive,East,0.205,-0.091,0,18.1
S0039,2025-05,17,852.9,8,2.2,-0.41,0.6,10,0.471,"Campos, Vaughn and Marquez",Automotive,East,0.291,-0.259,1,19.7
S0039,2025-06,12,580.74,4,2.2,-0.2339999999999999,0.4,5,0.333,"Campos, Vaughn and Marquez",Automotive,East,0.153,-0.083,0,15.8
S0039,2025-07,16,870.91,2,3.0,-0.0375,0.25,8,0.125,"Campos, Vaughn and Marquez",Automotive,East,-0.055,0.114,0,9.0
S0039,2025-08,8,370.13,0,2.2857142857142856,-0.44,0.5714285714285714,7,0.0,"Campos, Vaughn and Marquez",Automotive,East,-0.18,-0.289,0,5.8
S0039,2025-09,19,1017.96,9,2.125,-0.56,0.75,8,0.474,"Campos, Vaughn and Marquez",Automotive,East,0.294,-0.409,1,22.3
S0039,2025-10,17,696.65,5,2.375,-0.356875,0.5625,16,0.294,"Campos, Vaughn and Marquez",Automotive,East,0.114,-0.205,1,17.4
S0039,2025-11,20,957.86,4,1.5714285714285714,-0.6842857142857143,1.0,7,0.2,"Campos, Vaughn and Marquez",Automotive,East,0.02,-0.533,0,12.0
S0039,2025-12,11,540.17,1,2.5,-0.3375,0.5,8,0.091,"Campos, Vaughn and Marquez",Automotive,East,-0.089,-0.186,0,9.0
S0040,2024-01,26,1324.25,7,2.4,-0.354,0.6,5,0.269,"Santos, Kim and Holmes",Electronics,North,-0.003,-0.066,0,11.5
S0040,2024-02,25,1282.74,5,2.761904761904762,-0.139047619047619,0.4285714285714285,21,0.2,"Santos, Kim and Holmes",Electronics,North,-0.072,0.149,0,11.2
S0040,2024-03,23,1297.63,8,2.3846153846153846,-0.3707692307692308,0.6153846153846154,13,0.348,"Santos, Kim and Holmes",Electronics,North,0.076,-0.083,0,17.8
S0040,2024-04,21,1071.33,4,2.25,-0.365,0.5833333333333334,12,0.19,"Santos, Kim and Holmes",Electronics,North,-0.082,-0.077,0,12.6
S0040,2024-05,36,2085.74,7,2.888888888888889,-0.0822222222222222,0.3888888888888889,18,0.194,"Santos, Kim and Holmes",Electronics,North,-0.078,0.206,0,11.6
S0040,2024-06,35,1643.91,12,3.0,0.0314285714285714,0.3333333333333333,21,0.343,"Santos, Kim and Holmes",Electronics,North,0.071,0.319,0,17.6
S0040,2024-07,21,985.47,3,2.625,-0.166875,0.3125,16,0.143,"Santos, Kim and Holmes",Electronics,North,-0.129,0.121,0,10.5
S0040,2024-08,23,1124.86,5,2.4375,-0.27125,0.5,16,0.217,"Santos, Kim and Holmes",Electronics,North,-0.055,0.017,0,14.1
S0040,2024-09,20,935.63,4,2.4375,-0.23875,0.5,16,0.2,"Santos, Kim and Holmes",Electronics,North,-0.072,0.049,0,11.9
S0040,2024-10,27,1268.1,6,2.25,-0.3075,0.625,8,0.222,"Santos, Kim and Holmes",Electronics,North,-0.05,-0.02,0,11.5
S0040,2024-11,18,928.52,3,2.6666666666666665,-0.1053333333333333,0.4,15,0.167,"Santos, Kim and Holmes",Electronics,North,-0.105,0.183,0,10.9
S0040,2024-12,20,1124.81,9,2.6,-0.253,0.4,10,0.45,"Santos, Kim and Holmes",Electronics,North,0.178,0.035,0,14.1
S0040,2025-01,27,1410.56,5,2.647058823529412,-0.1835294117647058,0.4705882352941176,17,0.185,"Santos, Kim and Holmes",Electronics,North,-0.087,0.104,0,11.6
S0040,2025-02,26,1288.24,7,2.4166666666666665,-0.3491666666666667,0.5833333333333334,12,0.269,"Santos, Kim and Holmes",Electronics,North,-0.003,-0.061,0,7.0
S0040,2025-03,33,1745.02,6,2.583333333333333,-0.1816666666666666,0.375,24,0.182,"Santos, Kim and Holmes",Electronics,North,-0.09,0.106,0,7.7
S0040,2025-04,32,1497.42,5,2.75,-0.134,0.3,20,0.156,"Santos, Kim and Holmes",Electronics,North,-0.116,0.154,0,10.8
S0040,2025-05,18,769.46,6,2.611111111111111,-0.2288888888888889,0.4444444444444444,18,0.333,"Santos, Kim and Holmes",Electronics,North,0.061,0.059,0,16.5
S0040,2025-06,26,1229.84,4,2.333333333333333,-0.3825,0.6666666666666666,12,0.154,"Santos, Kim and Holmes",Electronics,North,-0.118,-0.095,0,7.8
S0040,2025-07,20,1060.42,4,2.466666666666667,-0.2926666666666666,0.4666666666666667,15,0.2,"Santos, Kim and Holmes",Electronics,North,-0.072,-0.005,0,10.1
S0040,2025-08,26,1093.61,3,2.5,-0.257,0.4,10,0.115,"Santos, Kim and Holmes",Electronics,North,-0.157,0.031,0,11.1
S0040,2025-09,21,852.58,6,2.6666666666666665,-0.2083333333333333,0.5,12,0.286,"Santos, Kim and Holmes",Electronics,North,0.014,0.08,0,13.3
S0040,2025-10,25,1235.29,5,2.555555555555556,-0.2261111111111111,0.4444444444444444,18,0.2,"Santos, Kim and Holmes",Electronics,North,-0.072,0.062,0,15.4
S0040,2025-11,31,1522.71,13,2.5625,-0.22375,0.5,16,0.419,"Santos, Kim and Holmes",Electronics,North,0.147,0.064,0,18.4
S0040,2025-12,28,1394.61,13,2.411764705882353,-0.2799999999999999,0.4705882352941176,17,0.464,"Santos, Kim and Holmes",Electronics,North,0.192,0.008,0,20.6
S0041,2024-01,18,942.09,0,4.8,0.594,0.0,5,0.0,Brown Inc,Automotive,East,-0.083,-0.077,0,7.9
S0041,2024-02,12,642.02,3,4.5,0.763,0.0,10,0.25,Brown Inc,Automotive,East,0.167,0.092,0,13.2
S0041,2024-03,15,594.9,0,4.625,0.655,0.0,8,0.0,Brown Inc,Automotive,East,-0.083,-0.016,0,3.2
S0041,2024-04,12,482.26,2,3.8,0.322,0.1,10,0.167,Brown Inc,Automotive,East,0.084,-0.349,1,10.1
S0041,2024-05,12,484.32,4,3.25,0.18375,0.25,8,0.333,Brown Inc,Automotive,East,0.25,-0.487,1,15.6
S0041,2024-06,21,1013.35,0,3.333333333333333,0.1833333333333333,0.1666666666666666,12,0.0,Brown Inc,Automotive,East,-0.083,-0.487,0,2.5
S0041,2024-07,11,639.81,0,3.727272727272727,0.4881818181818182,0.0,11,0.0,Brown Inc,Automotive,East,-0.083,-0.182,0,4.5
S0041,2024-08,17,907.36,4,3.2222222222222223,0.1588888888888888,0.1111111111111111,9,0.235,Brown Inc,Automotive,East,0.152,-0.512,1,11.2
S0041,2024-09,12,608.13,0,4.285714285714286,0.5128571428571428,0.0,7,0.0,Brown Inc,Automotive,East,-0.083,-0.158,0,6.7
S0041,2024-10,20,967.19,5,4.0,0.6788888888888889,0.0,9,0.25,Brown Inc,Automotive,East,0.167,0.008,0,13.1
S0041,2024-11,18,702.53,0,3.888888888888889,0.4211111111111111,0.0,9,0.0,Brown Inc,Automotive,East,-0.083,-0.25,0,4.5
S0041,2024-12,14,734.98,5,3.3076923076923075,0.1992307692307692,0.0769230769230769,13,0.357,Brown Inc,Automotive,East,0.274,-0.471,1,16.2
S0041,2025-01,15,614.1,0,3.4285714285714284,0.2985714285714285,0.0,7,0.0,Brown Inc,Automotive,East,-0.083,-0.372,0,5.4
S0041,2025-02,24,1149.82,5,3.4375,0.2724999999999999,0.25,16,0.208,Brown Inc,Automotive,East,0.125,-0.398,1,12.8
S0041,2025-03,14,697.9,1,3.0,-0.0054545454545454,0.2727272727272727,11,0.071,Brown Inc,Automotive,East,-0.012,-0.676,0,5.5
S0041,2025-04,18,896.76,2,3.5,0.2521428571428571,0.2857142857142857,14,0.111,Brown Inc,Automotive,East,0.028,-0.419,0,6.7
S0041,2025-05,14,718.95,0,4.166666666666667,0.735,0.0,6,0.0,Brown Inc,Automotive,East,-0.083,0.064,0,7.0
S0041,2025-06,15,779.28,1,4.461538461538462,0.6130769230769231,0.0,13,0.067,Brown Inc,Automotive,East,-0.016,-0.058,0,6.4
S0041,2025-07,17,880.88,1,4.8,0.6759999999999999,0.0,5,0.059,Brown Inc,Automotive,East,-0.024,0.005,0,4.3
S0041,2025-08,21,1028.16,3,3.882352941176471,0.5064705882352941,0.0588235294117647,17,0.143,Brown Inc,Automotive,East,0.06,-0.164,1,10.4
S0041,2025-09,14,564.38,2,4.0,0.51,0.0,4,0.143,Brown Inc,Automotive,East,0.06,-0.161,1,10.4
S0041,2025-10,13,700.89,1,3.75,0.40375,0.0,8,0.077,Brown Inc,Automotive,East,-0.006,-0.267,0,4.7
S0041,2025-11,15,924.81,0,2.6666666666666665,-0.1855555555555555,0.4444444444444444,9,0.0,Brown Inc,Automotive,East,-0.083,-0.856,0,5.4
S0041,2025-12,16,689.87,5,2.5,-0.2933333333333333,0.5,12,0.312,Brown Inc,Automotive,East,0.229,-0.964,1,16.3
S0042,2024-01,31,1435.53,0,2.642857142857143,-0.2835714285714285,0.3571428571428571,14,0.0,Chapman Inc,Toys,North,0.0,-0.563,0,5.7
S0042,2024-02,45,2110.74,0,4.0625,0.48,0.0625,16,0.0,Chapman Inc,Toys,North,0.0,0.201,0,6.1
S0042,2024-03,38,1842.5,0,4.461538461538462,0.6419230769230769,0.0,26,0.0,Chapman Inc,Toys,North,0.0,0.362,0,2.5
S0042,2024-04,56,2647.3,1,3.875,0.5015,0.0,40,0.018,Chapman Inc,Toys,North,0.018,0.222,0,6.2
S0042,2024-05,50,2307.17,5,3.5294117647058822,0.3052941176470588,0.0588235294117647,34,0.1,Chapman Inc,Toys,North,0.1,0.026,0,7.7
S0042,2024-06,53,2530.61,5,4.041666666666667,0.5912499999999999,0.0,24,0.094,Chapman Inc,Toys,North,0.094,0.312,0,7.1
S0042,2024-07,39,1950.88,1,4.0,0.565483870967742,0.0,31,0.026,Chapman Inc,Toys,North,0.026,0.286,0,7.4
S0042,2024-08,21,1115.2,0,4.095238095238095,0.5123809523809524,0.0,21,0.0,Chapman Inc,Toys,North,0.0,0.233,0,7.7
S0042,2024-09,32,1746.05,0,4.416666666666667,0.5858333333333333,0.0,12,0.0,Chapman Inc,Toys,North,0.0,0.306,0,8.2
S0042,2024-10,33,1854.59,6,4.461538461538462,0.6649999999999999,0.0,26,0.182,Chapman Inc,Toys,North,0.182,0.386,0,13.2
S0042,2024-11,26,1224.31,0,4.157894736842105,0.6489473684210526,0.0,19,0.0,Chapman Inc,Toys,North,0.0,0.369,0,4.8
S0042,2024-12,37,2150.95,8,3.923076923076923,0.6115384615384616,0.0384615384615384,26,0.216,Chapman Inc,Toys,North,0.216,0.332,0,12.5
S0042,2025-01,31,1435.66,6,4.0,0.5161111111111111,0.0,18,0.194,Chapman Inc,Toys,North,0.194,0.237,0,12.6
S0042,2025-02,37,1867.92,1,3.4347826086956523,0.1943478260869565,0.217391304347826,23,0.027,Chapman Inc,Toys,North,0.027,-0.085,0,6.1
S0042,2025-03,38,2123.12,15,2.8,-0.1543999999999999,0.4,25,0.395,Chapman Inc,Toys,North,0.395,-0.434,1,17.9
S0042,2025-04,33,1675.92,0,3.8333333333333335,0.3325,0.125,24,0.0,Chapman Inc,Toys,North,0.0,0.053,0,6.5
S0042,2025-05,41,2329.53,6,3.4761904761904763,0.2309523809523809,0.1428571428571428,21,0.146,Chapman Inc,Toys,North,0.146,-0.048,0,9.6
S0042,2025-06,28,1290.76,5,2.9444444444444446,0.0127777777777777,0.2222222222222222,18,0.179,Chapman Inc,Toys,North,0.179,-0.267,1,9.4
S0042,2025-07,37,1780.99,4,3.882352941176471,0.4835294117647059,0.0,17,0.108,Chapman Inc,Toys,North,0.108,0.204,0,7.7
S0042,2025-08,35,1939.06,8,4.166666666666667,0.64625,0.0,24,0.229,Chapman Inc,Toys,North,0.229,0.367,0,13.5
S0042,2025-09,35,1794.25,2,3.928571428571429,0.4471428571428571,0.0714285714285714,28,0.057,Chapman Inc,Toys,North,0.057,0.168,0,6.8
S0042,2025-10,44,2084.97,2,3.6818181818181817,0.4163636363636364,0.0454545454545454,22,0.045,Chapman Inc,Toys,North,0.045,0.137,0,7.1
S0042,2025-11,43,2262.8,5,2.6923076923076925,-0.0903846153846153,0.3846153846153846,26,0.116,Chapman Inc,Toys,North,0.116,-0.37,1,9.9
S0042,2025-12,46,2480.99,10,2.8,-0.153,0.4333333333333333,30,0.217,Chapman Inc,Toys,North,0.217,-0.432,1,11.3
S0043,2024-01,20,975.55,0,4.6,0.782,0.0,5,0.0,"Brown, Jones and Johnson",Home & Kitchen,West,-0.048,0.161,0,6.4
S0043,2024-02,14,735.27,2,4.714285714285714,0.6157142857142858,0.0,7,0.143,"Brown, Jones and Johnson",Home & Kitchen,West,0.095,-0.006,0,10.3
S0043,2024-03,18,992.09,0,4.1,0.466,0.1,10,0.0,"Brown, Jones and Johnson",Home & Kitchen,West,-0.048,-0.155,0,2.8
S0043,2024-04,17,662.0799999999999,1,4.545454545454546,0.7463636363636365,0.0,11,0.059,"Brown, Jones and Johnson",Home & Kitchen,West,0.011,0.125,0,9.5
S0043,2024-05,16,619.16,0,4.375,0.7787499999999999,0.0,8,0.0,"Brown, Jones and Johnson",Home & Kitchen,West,-0.048,0.158,0,4.1
S0043,2024-06,19,755.99,0,4.333333333333333,0.7558333333333334,0.0,12,0.0,"Brown, Jones and Johnson",Home & Kitchen,West,-0.048,0.135,0,2.0
S0043,2024-07,15,768.82,0,4.7,0.72,0.0,10,0.0,"Brown, Jones and Johnson",Home & Kitchen,West,-0.048,0.099,0,3.1
S0043,2024-08,15,889.67,0,4.3,0.619,0.0,10,0.0,"Brown, Jones and Johnson",Home & Kitchen,West,-0.048,-0.002,0,3.2
S0043,2024-09,17,810.78,0,4.583333333333333,0.7925,0.0,12,0.0,"Brown, Jones and Johnson",Home & Kitchen,West,-0.048,0.171,0,5.1
S0043,2024-10,17,693.3,0,4.5,0.7141666666666667,0.0,12,0.0,"Brown, Jones and Johnson",Home & Kitchen,West,-0.048,0.093,0,4.5
S0043,2024-11,12,544.06,1,4.142857142857143,0.5728571428571428,0.0,7,0.083,"Brown, Jones and Johnson",Home & Kitchen,West,0.035,-0.048,0,7.0
S0043,2024-12,20,1262.46,0,4.333333333333333,0.5975,0.0833333333333333,12,0.0,"Brown, Jones and Johnson",Home & Kitchen,West,-0.048,-0.024,0,6.1
S0043,2025-01,20,804.5,0,4.545454545454546,0.7472727272727273,0.0,11,0.0,"Brown, Jones and Johnson",Home & Kitchen,West,-0.048,0.126,0,5.6
S0043,2025-02,19,851.23,0,4.461538461538462,0.7423076923076923,0.0,13,0.0,"Brown, Jones and Johnson",Home & Kitchen,West,-0.048,0.121,0,5.6
S0043,2025-03,17,897.07,3,4.0625,0.514375,0.0,16,0.176,"Brown, Jones and Johnson",Home & Kitchen,West,0.128,-0.107,0,11.4
S0043,2025-04,19,901.89,1,4.142857142857143,0.5828571428571429,0.0,7,0.053,"Brown, Jones and Johnson",Home & Kitchen,West,0.005,-0.038,0,7.8
S0043,2025-05,18,862.92,1,4.5,0.658,0.0,10,0.056,"Brown, Jones and Johnson",Home & Kitchen,West,0.008,0.037,0,3.0
S0043,2025-06,15,825.35,0,4.555555555555555,0.7633333333333333,0.0,9,0.0,"Brown, Jones and Johnson",Home & Kitchen,West,-0.048,0.142,0,4.3
S0043,2025-07,13,642.91,1,4.4,0.7939999999999999,0.0,5,0.077,"Brown, Jones and Johnson",Home & Kitchen,West,0.029,0.173,0,3.5
S0043,2025-08,14,747.29,0,4.444444444444445,0.6244444444444445,0.0,9,0.0,"Brown, Jones and Johnson",Home & Kitchen,West,-0.048,0.003,0,5.1
S0043,2025-09,14,634.29,1,4.25,0.59375,0.0,8,0.071,"Brown, Jones and Johnson",Home & Kitchen,West,0.023,-0.027,0,7.3
S0043,2025-10,12,807.48,0,4.571428571428571,0.6957142857142857,0.0,7,0.0,"Brown, Jones and Johnson",Home & Kitchen,West,-0.048,0.074,0,6.9
S0043,2025-11,19,865.4,1,4.1,0.622,0.0,10,0.053,"Brown, Jones and Johnson",Home & Kitchen,West,0.005,0.001,0,8.8
S0043,2025-12,15,756.11,0,4.833333333333333,0.725,0.0,6,0.0,"Brown, Jones and Johnson",Home & Kitchen,West,-0.048,0.104,0,5.4
S0044,2024-01,27,1538.18,1,4.461538461538462,0.6207692307692307,0.0,13,0.037,"Young, Caldwell and Lewis",Sports,Central,-0.019,-0.027,0,5.3
S0044,2024-02,18,1024.45,1,4.545454545454546,0.6181818181818182,0.0,11,0.056,"Young, Caldwell and Lewis",Sports,Central,0.0,-0.029,0,7.7
S0044,2024-03,27,1659.01,2,4.3125,0.70375,0.0,16,0.074,"Young, Caldwell and Lewis",Sports,Central,0.018,0.056,0,6.4
S0044,2024-04,25,1141.79,2,4.25,0.5875,0.0,16,0.08,"Young, Caldwell and Lewis",Sports,Central,0.024,-0.06,0,7.6
S0044,2024-05,26,1295.63,4,4.294117647058823,0.6629411764705883,0.0,17,0.154,"Young, Caldwell and Lewis",Sports,Central,0.098,0.015,0,11.7
S0044,2024-06,26,1323.67,0,4.466666666666667,0.6306666666666667,0.0,15,0.0,"Young, Caldwell and Lewis",Sports,Central,-0.056,-0.017,0,4.0
S0044,2024-07,27,1536.97,2,4.5,0.6594444444444444,0.0,18,0.074,"Young, Caldwell and Lewis",Sports,Central,0.018,0.012,0,8.8
S0044,2024-08,31,1519.5,3,4.470588235294118,0.5876470588235294,0.0,17,0.097,"Young, Caldwell and Lewis",Sports,Central,0.041,-0.06,0,9.3
S0044,2024-09,18,832.77,1,4.333333333333333,0.7541666666666668,0.0,12,0.056,"Young, Caldwell and Lewis",Sports,Central,0.0,0.107,0,5.1
S0044,2024-10,19,1074.19,0,4.285714285714286,0.6414285714285715,0.0,14,0.0,"Young, Caldwell and Lewis",Sports,Central,-0.056,-0.006,0,6.8
S0044,2024-11,17,716.79,2,4.538461538461538,0.6130769230769231,0.0,13,0.118,"Young, Caldwell and Lewis",Sports,Central,0.062,-0.034,0,10.0
S0044,2024-12,23,1332.45,0,4.5,0.65,0.0,10,0.0,"Young, Caldwell and Lewis",Sports,Central,-0.056,0.002,0,5.2
S0044,2025-01,15,667.77,1,4.25,0.5725,0.0,16,0.067,"Young, Caldwell and Lewis",Sports,Central,0.011,-0.075,0,5.8
S0044,2025-02,31,1687.14,1,4.6,0.775,0.0,10,0.032,"Young, Caldwell and Lewis",Sports,Central,-0.024,0.127,0,4.5
S0044,2025-03,21,971.01,2,4.409090909090909,0.595,0.0,22,0.095,"Young, Caldwell and Lewis",Sports,Central,0.039,-0.053,0,7.1
S0044,2025-04,20,1060.57,1,4.461538461538462,0.7523076923076922,0.0,13,0.05,"Young, Caldwell and Lewis",Sports,Central,-0.006,0.105,0,7.6
S0044,2025-05,19,1000.57,1,4.538461538461538,0.6761538461538461,0.0,13,0.053,"Young, Caldwell and Lewis",Sports,Central,-0.003,0.029,0,5.0
S0044,2025-06,27,1693.77,0,4.3125,0.54,0.0625,16,0.0,"Young, Caldwell and Lewis",Sports,Central,-0.056,-0.108,0,5.8
S0044,2025-07,23,1254.07,2,4.375,0.4937499999999999,0.0,8,0.087,"Young, Caldwell and Lewis",Sports,Central,0.031,-0.154,0,5.5
S0044,2025-08,20,1054.86,0,4.307692307692308,0.6030769230769231,0.0,13,0.0,"Young, Caldwell and Lewis",Sports,Central,-0.056,-0.044,0,4.6
S0044,2025-09,18,924.17,2,4.307692307692308,0.72,0.0,13,0.111,"Young, Caldwell and Lewis",Sports,Central,0.055,0.072,0,8.7
S0044,2025-10,31,1368.09,1,4.181818181818182,0.5036363636363637,0.0909090909090909,11,0.032,"Young, Caldwell and Lewis",Sports,Central,-0.024,-0.144,0,10.4
S0044,2025-11,16,791.25,1,4.571428571428571,0.63,0.0,14,0.062,"Young, Caldwell and Lewis",Sports,Central,0.006,-0.018,0,4.5
S0044,2025-12,40,2082.25,3,4.466666666666667,0.6353333333333333,0.0,15,0.075,"Young, Caldwell and Lewis",Sports,Central,0.019,-0.012,0,10.0
S0045,2024-01,48,2396.94,10,3.631578947368421,0.3347368421052631,0.0526315789473684,19,0.208,"Johnston, Sanchez and Kennedy",Automotive,North,0.066,-0.014,0,11.9
S0045,2024-02,35,1555.76,3,4.12,0.5148,0.08,25,0.086,"Johnston, Sanchez and Kennedy",Automotive,North,-0.056,0.166,0,8.5
S0045,2024-03,38,1842.39,5,3.4166666666666665,0.1954166666666666,0.125,24,0.132,"Johnston, Sanchez and Kennedy",Automotive,North,-0.01,-0.153,0,9.4
S0045,2024-04,48,2321.21,12,3.615384615384616,0.288076923076923,0.1538461538461538,26,0.25,"Johnston, Sanchez and Kennedy",Automotive,North,0.108,-0.06,0,13.8
S0045,2024-05,34,1760.44,0,4.222222222222222,0.5748148148148148,0.0,27,0.0,"Johnston, Sanchez and Kennedy",Automotive,North,-0.142,0.226,0,4.7
S0045,2024-06,36,1699.42,1,3.727272727272727,0.3590909090909091,0.0,22,0.028,"Johnston, Sanchez and Kennedy",Automotive,North,-0.114,0.011,0,8.5
S0045,2024-07,18,717.72,5,2.8823529411764706,-0.0358823529411764,0.2941176470588235,17,0.278,"Johnston, Sanchez and Kennedy",Automotive,North,0.136,-0.384,1,13.1
S0045,2024-08,57,3156.18,0,3.423076923076923,0.2626923076923076,0.1538461538461538,26,0.0,"Johnston, Sanchez and Kennedy",Automotive,North,-0.142,-0.086,0,7.0
S0045,2024-09,47,2435.02,6,4.2,0.6026666666666666,0.0,30,0.128,"Johnston, Sanchez and Kennedy",Automotive,North,-0.014,0.254,0,7.9
S0045,2024-10,47,2061.04,11,3.0,0.0078571428571428,0.3214285714285714,28,0.234,"Johnston, Sanchez and Kennedy",Automotive,North,0.092,-0.34,1,12.4
S0045,2024-11,47,2162.93,4,3.0,0.0036666666666666,0.2333333333333333,30,0.085,"Johnston, Sanchez and Kennedy",Automotive,North,-0.057,-0.345,0,5.8
S0045,2024-12,32,1668.89,0,3.1666666666666665,0.1266666666666666,0.0555555555555555,18,0.0,"Johnston, Sanchez and Kennedy",Automotive,North,-0.142,-0.222,0,5.8
S0045,2025-01,39,2025.15,5,4.16,0.4492,0.04,25,0.128,"Johnston, Sanchez and Kennedy",Automotive,North,-0.014,0.101,0,11.7
S0045,2025-02,51,2573.34,17,3.6818181818181817,0.1945454545454545,0.3181818181818182,22,0.333,"Johnston, Sanchez and Kennedy",Automotive,North,0.191,-0.154,1,15.5
S0045,2025-03,43,2167.4,9,2.575757575757576,-0.186060606060606,0.4242424242424242,33,0.209,"Johnston, Sanchez and Kennedy",Automotive,North,0.067,-0.534,1,11.3
S0045,2025-04,26,1227.09,0,3.75,0.353125,0.0625,16,0.0,"Johnston, Sanchez and Kennedy",Automotive,North,-0.142,0.005,0,3.0
S0045,2025-05,41,1974.32,2,4.2,0.6205,0.0,20,0.049,"Johnston, Sanchez and Kennedy",Automotive,North,-0.093,0.272,0,6.2
S0045,2025-06,37,1674.19,4,4.103448275862069,0.5110344827586207,0.0,29,0.108,"Johnston, Sanchez and Kennedy",Automotive,North,-0.034,0.163,0,5.6
S0045,2025-07,59,3002.05,0,3.1724137931034484,0.1134482758620689,0.2068965517241379,29,0.0,"Johnston, Sanchez and Kennedy",Automotive,North,-0.142,-0.235,0,3.4
S0045,2025-08,50,2791.92,6,3.5,0.2547619047619047,0.0714285714285714,42,0.12,"Johnston, Sanchez and Kennedy",Automotive,North,-0.022,-0.094,0,9.2
S0045,2025-09,40,2002.51,10,3.375,0.23875,0.1666666666666666,24,0.25,"Johnston, Sanchez and Kennedy",Automotive,North,0.108,-0.11,0,15.4
S0045,2025-10,55,2200.84,5,3.2285714285714286,0.1297142857142857,0.2,35,0.091,"Johnston, Sanchez and Kennedy",Automotive,North,-0.051,-0.219,0,13.0
S0045,2025-11,43,2365.62,1,3.1875,0.1615625,0.09375,32,0.023,"Johnston, Sanchez and Kennedy",Automotive,North,-0.119,-0.187,0,4.7
S0045,2025-12,43,2208.37,4,2.95,-0.023,0.25,20,0.093,"Johnston, Sanchez and Kennedy",Automotive,North,-0.049,-0.371,0,10.6
S0046,2024-01,49,2504.73,5,3.210526315789474,0.1021052631578947,0.2105263157894736,19,0.102,Davis Group,Sports,Central,-0.086,-0.098,0,8.7
S0046,2024-02,30,1668.52,8,3.12,0.0776,0.16,25,0.267,Davis Group,Sports,Central,0.079,-0.122,0,13.3
S0046,2024-03,51,2390.67,10,3.814814814814815,0.4192592592592593,0.037037037037037,27,0.196,Davis Group,Sports,Central,0.008,0.22,0,12.1
S0046,2024-04,38,1626.7,9,3.3076923076923075,0.1357692307692307,0.1923076923076923,26,0.237,Davis Group,Sports,Central,0.049,-0.064,0,12.7
S0046,2024-05,42,2044.96,6,3.548387096774193,0.3858064516129032,0.0967741935483871,31,0.143,Davis Group,Sports,Central,-0.045,0.186,0,9.8
S0046,2024-06,41,2170.21,5,3.1739130434782608,0.1817391304347826,0.1739130434782608,23,0.122,Davis Group,Sports,Central,-0.066,-0.018,0,8.2
S0046,2024-07,40,2093.24,6,3.0,0.0515384615384615,0.1538461538461538,26,0.15,Davis Group,Sports,Central,-0.038,-0.148,0,7.3
S0046,2024-08,45,2091.02,5,3.652173913043478,0.3960869565217391,0.0434782608695652,23,0.111,Davis Group,Sports,Central,-0.077,0.196,0,5.8
S0046,2024-09,43,2160.55,7,3.576923076923077,0.2876923076923077,0.1538461538461538,26,0.163,Davis Group,Sports,Central,-0.025,0.088,0,11.4
S0046,2024-10,40,2132.08,6,3.56,0.3484,0.08,25,0.15,Davis Group,Sports,Central,-0.038,0.149,0,9.3
S0046,2024-11,36,1717.7,3,3.769230769230769,0.5630769230769231,0.0,13,0.083,Davis Group,Sports,Central,-0.105,0.363,0,6.6
S0046,2024-12,47,2568.21,0,3.7586206896551726,0.5051724137931035,0.0,29,0.0,Davis Group,Sports,Central,-0.188,0.306,0,5.0
S0046,2025-01,25,1119.07,0,3.909090909090909,0.5245454545454545,0.0,22,0.0,Davis Group,Sports,Central,-0.188,0.325,0,6.4
S0046,2025-02,41,1912.15,2,4.521739130434782,0.6691304347826087,0.0,23,0.049,Davis Group,Sports,Central,-0.139,0.469,0,6.9
S0046,2025-03,36,1597.83,2,4.076923076923077,0.5676923076923077,0.0,26,0.056,Davis Group,Sports,Central,-0.132,0.368,0,5.6
S0046,2025-04,39,1754.48,0,4.071428571428571,0.6085714285714285,0.0,28,0.0,Davis Group,Sports,Central,-0.188,0.409,0,7.2
S0046,2025-05,33,1727.56,3,4.0,0.6148,0.0,25,0.091,Davis Group,Sports,Central,-0.097,0.415,0,10.8
S0046,2025-06,36,1808.99,5,4.333333333333333,0.6037037037037037,0.037037037037037,27,0.139,Davis Group,Sports,Central,-0.049,0.404,0,10.3
S0046,2025-07,36,1915.04,0,4.214285714285714,0.5128571428571428,0.0714285714285714,14,0.0,Davis Group,Sports,Central,-0.188,0.313,0,6.8
S0046,2025-08,38,1795.91,1,4.095238095238095,0.5680952380952381,0.0,21,0.026,Davis Group,Sports,Central,-0.162,0.368,0,8.1
S0046,2025-09,40,1993.11,0,4.294117647058823,0.6394117647058823,0.0,17,0.0,Davis Group,Sports,Central,-0.188,0.44,0,7.0
S0046,2025-10,28,1486.13,0,4.461538461538462,0.7026923076923077,0.0,26,0.0,Davis Group,Sports,Central,-0.188,0.503,0,6.1
S0046,2025-11,40,2044.76,2,4.368421052631579,0.7378947368421053,0.0,19,0.05,Davis Group,Sports,Central,-0.138,0.538,0,7.7
S0046,2025-12,40,1843.94,3,4.476190476190476,0.7080952380952381,0.0,21,0.075,Davis Group,Sports,Central,-0.113,0.508,0,8.3
S0047,2024-01,26,1362.45,5,4.333333333333333,0.5355555555555556,0.0,9,0.192,Owens-Daniel,Home & Kitchen,East,0.116,-0.019,0,9.2
S0047,2024-02,28,1359.31,1,3.933333333333333,0.4666666666666667,0.0666666666666666,15,0.036,Owens-Daniel,Home & Kitchen,East,-0.04,-0.088,0,7.4
S0047,2024-03,26,1374.45,0,4.148148148148148,0.6607407407407407,0.0,27,0.0,Owens-Daniel,Home & Kitchen,East,-0.076,0.106,0,2.6
S0047,2024-04,10,394.13,0,4.2,0.733,0.0,10,0.0,Owens-Daniel,Home & Kitchen,East,-0.076,0.179,0,3.6
S0047,2024-05,22,954.17,0,4.3,0.626,0.0,10,0.0,Owens-Daniel,Home & Kitchen,East,-0.076,0.072,0,7.3
S0047,2024-06,19,864.27,0,4.0,0.512,0.0,10,0.0,Owens-Daniel,Home & Kitchen,East,-0.076,-0.042,0,6.5
S0047,2024-07,27,1316.61,1,4.142857142857143,0.5407142857142857,0.0,14,0.037,Owens-Daniel,Home & Kitchen,East,-0.039,-0.014,0,8.9
S0047,2024-08,22,1146.17,0,4.2105263157894735,0.6136842105263158,0.0,19,0.0,Owens-Daniel,Home & Kitchen,East,-0.076,0.059,0,4.5
S0047,2024-09,26,1289.43,0,4.529411764705882,0.6711764705882353,0.0,17,0.0,Owens-Daniel,Home & Kitchen,East,-0.076,0.117,0,2.9
S0047,2024-10,28,1301.17,3,3.8947368421052633,0.5442105263157895,0.0,19,0.107,Owens-Daniel,Home & Kitchen,East,0.031,-0.01,0,8.0
S0047,2024-11,18,1039.16,1,4.066666666666666,0.4933333333333333,0.0,15,0.056,Owens-Daniel,Home & Kitchen,East,-0.02,-0.061,0,7.0
S0047,2024-12,23,1307.96,1,4.055555555555555,0.5516666666666666,0.0,18,0.043,Owens-Daniel,Home & Kitchen,East,-0.033,-0.003,0,6.5
S0047,2025-01,20,1067.9,0,3.909090909090909,0.5481818181818181,0.0,11,0.0,Owens-Daniel,Home & Kitchen,East,-0.076,-0.006,0,7.0
S0047,2025-02,27,1612.63,2,4.083333333333333,0.6,0.0,12,0.074,Owens-Daniel,Home & Kitchen,East,-0.002,0.046,0,6.7
S0047,2025-03,25,1213.91,0,4.352941176470588,0.691764705882353,0.0,17,0.0,Owens-Daniel,Home & Kitchen,East,-0.076,0.137,0,5.6
S0047,2025-04,24,1075.29,1,4.357142857142857,0.6485714285714286,0.0,14,0.042,Owens-Daniel,Home & Kitchen,East,-0.034,0.094,0,4.6
S0047,2025-05,19,999.59,2,4.25,0.6175,0.0,12,0.105,Owens-Daniel,Home & Kitchen,East,0.029,0.063,0,9.2
S0047,2025-06,13,789.5899999999999,1,4.083333333333333,0.545,0.0,12,0.077,Owens-Daniel,Home & Kitchen,East,0.001,-0.009,0,7.5
S0047,2025-07,26,1501.76,6,4.111111111111111,0.5911111111111111,0.0,9,0.231,Owens-Daniel,Home & Kitchen,East,0.155,0.037,0,11.0
S0047,2025-08,26,1252.7,2,3.75,0.4458333333333333,0.0833333333333333,12,0.077,Owens-Daniel,Home & Kitchen,East,0.001,-0.108,0,7.0
S0047,2025-09,23,1205.38,2,3.8461538461538463,0.4969230769230769,0.0,13,0.087,Owens-Daniel,Home & Kitchen,East,0.011,-0.057,0,7.5
S0047,2025-10,15,891.95,3,3.4615384615384617,0.3923076923076923,0.0769230769230769,13,0.2,Owens-Daniel,Home & Kitchen,East,0.124,-0.162,1,10.9
S0047,2025-11,15,830.24,1,3.2222222222222223,0.0866666666666666,0.1111111111111111,9,0.067,Owens-Daniel,Home & Kitchen,East,-0.009,-0.468,0,10.3
S0047,2025-12,22,979.1,2,3.7857142857142856,0.5528571428571428,0.0,14,0.091,Owens-Daniel,Home & Kitchen,East,0.015,-0.001,0,7.7
S0048,2024-01,25,1279.85,1,4.9,0.658,0.0,10,0.04,"Garcia, Powell and Morgan",Automotive,Central,-0.057,0.039,0,5.8
S0048,2024-02,24,1170.38,2,4.8,0.6990000000000001,0.0,10,0.083,"Garcia, Powell and Morgan",Automotive,Central,-0.014,0.08,0,3.9
S0048,2024-03,24,1238.21,4,4.142857142857143,0.4992857142857143,0.0,14,0.167,"Garcia, Powell and Morgan",Automotive,Central,0.07,-0.119,0,8.7
S0048,2024-04,30,1208.78,3,4.529411764705882,0.5823529411764706,0.0,17,0.1,"Garcia, Powell and Morgan",Automotive,Central,0.003,-0.036,0,7.7
S0048,2024-05,26,1367.57,1,4.375,0.66125,0.0625,16,0.038,"Garcia, Powell and Morgan",Automotive,Central,-0.059,0.042,0,5.0
S0048,2024-06,27,1095.54,7,4.294117647058823,0.5576470588235294,0.0588235294117647,17,0.259,"Garcia, Powell and Morgan",Automotive,Central,0.162,-0.061,0,15.8
S0048,2024-07,33,1497.17,2,3.526315789473684,0.3010526315789473,0.0526315789473684,19,0.061,"Garcia, Powell and Morgan",Automotive,Central,-0.036,-0.318,0,6.7
S0048,2024-08,28,1535.27,0,3.533333333333333,0.37,0.0666666666666666,15,0.0,"Garcia, Powell and Morgan",Automotive,Central,-0.097,-0.249,0,7.3
S0048,2024-09,25,1327.25,0,4.0588235294117645,0.6458823529411765,0.0,17,0.0,"Garcia, Powell and Morgan",Automotive,Central,-0.097,0.027,0,5.1
S0048,2024-10,20,1013.01,3,3.0625,0.0562499999999999,0.3125,16,0.15,"Garcia, Powell and Morgan",Automotive,Central,0.053,-0.563,1,9.9
S0048,2024-11,30,1608.58,2,3.1052631578947367,0.01,0.2631578947368421,19,0.067,"Garcia, Powell and Morgan",Automotive,Central,-0.03,-0.609,0,7.0
S0048,2024-12,35,1666.46,1,4.083333333333333,0.5383333333333333,0.0,24,0.029,"Garcia, Powell and Morgan",Automotive,Central,-0.068,-0.08,0,5.9
S0048,2025-01,20,1145.34,0,3.888888888888889,0.4155555555555555,0.0555555555555555,18,0.0,"Garcia, Powell and Morgan",Automotive,Central,-0.097,-0.203,0,8.1
S0048,2025-02,29,1425.58,3,3.333333333333333,0.212,0.0666666666666666,15,0.103,"Garcia, Powell and Morgan",Automotive,Central,0.006,-0.407,0,4.1
S0048,2025-03,30,1491.19,0,4.111111111111111,0.495,0.0,18,0.0,"Garcia, Powell and Morgan",Automotive,Central,-0.097,-0.124,0,1.4
S0048,2025-04,18,906.63,1,4.461538461538462,0.6130769230769231,0.0,13,0.056,"Garcia, Powell and Morgan",Automotive,Central,-0.041,-0.006,0,5.8
S0048,2025-05,25,1341.27,5,3.6666666666666665,0.4524999999999999,0.0833333333333333,12,0.2,"Garcia, Powell and Morgan",Automotive,Central,0.103,-0.166,1,11.4
S0048,2025-06,34,1493.47,7,4.3,0.6275000000000001,0.0,20,0.206,"Garcia, Powell and Morgan",Automotive,Central,0.109,0.009,0,12.8
S0048,2025-07,33,1703.23,7,3.6538461538461537,0.3469230769230769,0.1153846153846153,26,0.212,"Garcia, Powell and Morgan",Automotive,Central,0.115,-0.272,1,12.6
S0048,2025-08,23,1065.32,1,3.466666666666667,0.268,0.1333333333333333,15,0.043,"Garcia, Powell and Morgan",Automotive,Central,-0.054,-0.351,0,5.7
S0048,2025-09,26,1394.67,1,4.0,0.645,0.0833333333333333,12,0.038,"Garcia, Powell and Morgan",Automotive,Central,-0.059,0.026,0,8.1
S0048,2025-10,13,520.7,3,3.9,0.489,0.0,10,0.231,"Garcia, Powell and Morgan",Automotive,Central,0.134,-0.13,0,14.2
S0048,2025-11,27,1397.45,3,2.0,-0.386,0.7333333333333333,15,0.111,"Garcia, Powell and Morgan",Automotive,Central,0.014,-1.005,0,8.9
S0048,2025-12,33,1880.4,5,3.2857142857142856,0.199047619047619,0.2857142857142857,21,0.152,"Garcia, Powell and Morgan",Automotive,Central,0.055,-0.42,1,11.6
S0049,2024-01,24,1228.44,5,2.555555555555556,-0.2322222222222222,0.3333333333333333,9,0.208,Lee PLC,Pet Supplies,East,-0.035,-0.0,0,12.1
S0049,2024-02,31,1551.22,13,2.642857142857143,-0.1964285714285714,0.5,14,0.419,Lee PLC,Pet Supplies,East,0.176,0.035,0,17.4
S0049,2024-03,29,1481.59,3,2.423076923076923,-0.2669230769230769,0.4615384615384615,26,0.103,Lee PLC,Pet Supplies,East,-0.14,-0.035,0,9.6
S0049,2024-04,35,1710.62,8,2.3529411764705883,-0.3064705882352941,0.5294117647058824,17,0.229,Lee PLC,Pet Supplies,East,-0.014,-0.075,0,12.5
S0049,2024-05,27,1219.25,8,2.5789473684210527,-0.1236842105263158,0.4210526315789473,19,0.296,Lee PLC,Pet Supplies,East,0.053,0.108,0,14.5
S0049,2024-06,37,1749.51,9,3.44,0.2792,0.08,25,0.243,Lee PLC,Pet Supplies,East,-0.0,0.511,0,15.4
S0049,2024-07,39,1938.36,14,2.833333333333333,-0.0487499999999999,0.25,24,0.359,Lee PLC,Pet Supplies,East,0.116,0.183,0,12.1
S0049,2024-08,33,1768.88,7,2.555555555555556,-0.3111111111111111,0.5,18,0.212,Lee PLC,Pet Supplies,East,-0.031,-0.079,0,9.2
S0049,2024-09,29,1288.63,10,2.6206896551724137,-0.1503448275862068,0.4482758620689655,29,0.345,Lee PLC,Pet Supplies,East,0.102,0.082,0,13.9
S0049,2024-10,36,1858.74,5,2.8,-0.1435,0.3,20,0.139,Lee PLC,Pet Supplies,East,-0.104,0.088,0,8.8
S0049,2024-11,34,1677.06,10,2.608695652173913,-0.0982608695652173,0.3478260869565217,23,0.294,Lee PLC,Pet Supplies,East,0.051,0.134,0,13.9
S0049,2024-12,24,1201.15,7,2.5454545454545454,-0.2554545454545454,0.4545454545454545,11,0.292,Lee PLC,Pet Supplies,East,0.049,-0.024,0,11.6
S0049,2025-01,29,1649.83,10,2.736842105263158,-0.141578947368421,0.3684210526315789,19,0.345,Lee PLC,Pet Supplies,East,0.102,0.09,0,14.3
S0049,2025-02,36,1958.54,14,2.6,-0.294,0.5333333333333333,15,0.389,Lee PLC,Pet Supplies,East,0.146,-0.062,0,15.9
S0049,2025-03,30,1486.03,5,2.5416666666666665,-0.2575,0.5,24,0.167,Lee PLC,Pet Supplies,East,-0.076,-0.026,0,14.8
S0049,2025-04,25,1189.73,3,2.4166666666666665,-0.2916666666666667,0.5,12,0.12,Lee PLC,Pet Supplies,East,-0.123,-0.06,0,12.1
S0049,2025-05,36,1474.1,13,2.65,-0.1924999999999999,0.4,20,0.361,Lee PLC,Pet Supplies,East,0.118,0.039,0,15.8
S0049,2025-06,33,1553.49,11,2.782608695652174,-0.0391304347826086,0.3478260869565217,23,0.333,Lee PLC,Pet Supplies,East,0.09,0.193,0,15.0
S0049,2025-07,36,1769.46,8,2.9473684210526314,-0.0131578947368421,0.3157894736842105,19,0.222,Lee PLC,Pet Supplies,East,-0.021,0.219,0,10.0
S0049,2025-08,16,847.99,5,2.4615384615384617,-0.1815384615384615,0.5384615384615384,13,0.312,Lee PLC,Pet Supplies,East,0.069,0.05,0,11.5
S0049,2025-09,32,1603.73,6,2.411764705882353,-0.3229411764705882,0.5294117647058824,17,0.188,Lee PLC,Pet Supplies,East,-0.055,-0.091,0,10.8
S0049,2025-10,37,2006.09,10,2.269230769230769,-0.3757692307692307,0.5384615384615384,26,0.27,Lee PLC,Pet Supplies,East,0.027,-0.144,0,11.8
S0049,2025-11,39,1611.94,9,2.6666666666666665,-0.12,0.4166666666666667,24,0.231,Lee PLC,Pet Supplies,East,-0.012,0.112,0,12.2
S0049,2025-12,32,1731.66,10,2.1,-0.3535,0.65,20,0.312,Lee PLC,Pet Supplies,East,0.069,-0.122,0,12.1
S0050,2024-01,26,1165.02,2,4.1,0.488,0.0,10,0.077,White-Ford,Fashion,East,0.013,-0.101,0,6.1
S0050,2024-02,27,1408.11,2,4.35,0.661,0.0,20,0.074,White-Ford,Fashion,East,0.01,0.072,0,7.6
S0050,2024-03,25,1192.81,1,4.142857142857143,0.6178571428571429,0.0,14,0.04,White-Ford,Fashion,East,-0.024,0.029,0,6.9
S0050,2024-04,32,1687.66,6,3.85,0.4835,0.0,20,0.188,White-Ford,Fashion,East,0.124,-0.105,0,11.8
S0050,2024-05,19,1052.59,5,4.071428571428571,0.6585714285714286,0.0,14,0.263,White-Ford,Fashion,East,0.199,0.07,0,11.0
S0050,2024-06,36,2099.36,4,4.111111111111111,0.6211111111111111,0.0,18,0.111,White-Ford,Fashion,East,0.047,0.032,0,10.1
S0050,2024-07,37,1741.64,5,4.142857142857143,0.6185714285714285,0.0476190476190476,21,0.135,White-Ford,Fashion,East,0.071,0.03,0,7.9
S0050,2024-08,26,1349.7,2,4.083333333333333,0.5829166666666666,0.0416666666666666,24,0.077,White-Ford,Fashion,East,0.013,-0.006,0,8.6
S0050,2024-09,21,939.26,0,4.0,0.7116666666666666,0.0,12,0.0,White-Ford,Fashion,East,-0.064,0.123,0,5.0
S0050,2024-10,27,1392.86,5,3.789473684210526,0.4389473684210526,0.0,19,0.185,White-Ford,Fashion,East,0.121,-0.15,0,8.4
S0050,2024-11,12,671.27,1,3.5,0.3733333333333333,0.0833333333333333,12,0.083,White-Ford,Fashion,East,0.019,-0.216,0,7.1
S0050,2024-12,38,2041.68,2,4.066666666666666,0.4673333333333333,0.0,15,0.053,White-Ford,Fashion,East,-0.011,-0.122,0,7.4
S0050,2025-01,38,1935.51,9,3.739130434782609,0.438695652173913,0.0869565217391304,23,0.237,White-Ford,Fashion,East,0.173,-0.15,0,13.7
S0050,2025-02,42,2109.45,5,3.409090909090909,0.2713636363636363,0.1363636363636363,22,0.119,White-Ford,Fashion,East,0.055,-0.318,1,8.6
S0050,2025-03,33,1650.42,5,3.586206896551724,0.3893103448275862,0.1034482758620689,29,0.152,White-Ford,Fashion,East,0.088,-0.2,1,12.6
S0050,2025-04,40,1761.7,4,3.210526315789474,0.161578947368421,0.0526315789473684,19,0.1,White-Ford,Fashion,East,0.036,-0.427,0,10.0
S0050,2025-05,28,1277.51,7,3.375,0.1687499999999999,0.1875,16,0.25,White-Ford,Fashion,East,0.186,-0.42,1,12.5
S0050,2025-06,31,1352.05,7,3.0588235294117645,0.0647058823529411,0.3529411764705882,17,0.226,White-Ford,Fashion,East,0.162,-0.524,1,13.6
S0050,2025-07,27,1239.48,2,3.941176470588236,0.5705882352941176,0.0,17,0.074,White-Ford,Fashion,East,0.01,-0.018,0,10.8
S0050,2025-08,17,946.92,3,3.375,0.24875,0.125,8,0.176,White-Ford,Fashion,East,0.112,-0.34,1,14.2
S0050,2025-09,22,1268.56,5,3.25,0.2249999999999999,0.0833333333333333,12,0.227,White-Ford,Fashion,East,0.163,-0.364,1,10.1
S0050,2025-10,33,1907.72,7,2.8260869565217392,-0.0426086956521739,0.3043478260869565,23,0.212,White-Ford,Fashion,East,0.148,-0.632,1,10.1
S0050,2025-11,32,1466.3,9,2.8260869565217392,-0.0965217391304347,0.3478260869565217,23,0.281,White-Ford,Fashion,East,0.217,-0.685,1,16.7
S0050,2025-12,35,1747.43,6,2.6956521739130435,-0.1256521739130434,0.3478260869565217,23,0.171,White-Ford,Fashion,East,0.107,-0.715,1,8.6
S0051,2024-01,26,1400.83,3,3.3,0.178,0.1,10,0.115,Ramos PLC,Sports,South,-0.037,0.085,0,6.3
S0051,2024-02,40,1927.48,5,3.0303030303030303,0.0681818181818181,0.2424242424242424,33,0.125,Ramos PLC,Sports,South,-0.027,-0.024,0,8.1
S0051,2024-03,23,773.5,5,3.0,0.0315,0.35,20,0.217,Ramos PLC,Sports,South,0.065,-0.061,0,12.7
S0051,2024-04,37,1694.14,9,2.909090909090909,-0.1195454545454545,0.3181818181818182,22,0.243,Ramos PLC,Sports,South,0.091,-0.212,1,12.6
S0051,2024-05,29,1278.52,5,3.2,0.129,0.15,20,0.172,Ramos PLC,Sports,South,0.02,0.036,0,9.3
S0051,2024-06,33,1644.38,1,3.5384615384615383,0.3223076923076923,0.0769230769230769,13,0.03,Ramos PLC,Sports,South,-0.122,0.23,0,4.7
S0051,2024-07,29,1265.89,7,3.647058823529412,0.3794117647058823,0.1176470588235294,17,0.241,Ramos PLC,Sports,South,0.089,0.287,0,11.4
S0051,2024-08,37,1988.13,7,3.619047619047619,0.3657142857142857,0.0476190476190476,21,0.189,Ramos PLC,Sports,South,0.037,0.273,0,9.5
S0051,2024-09,45,1911.79,7,4.130434782608695,0.6447826086956522,0.0434782608695652,23,0.156,Ramos PLC,Sports,South,0.004,0.552,0,14.1
S0051,2024-10,40,1867.17,7,3.733333333333333,0.3869999999999999,0.0666666666666666,30,0.175,Ramos PLC,Sports,South,0.023,0.294,0,11.1
S0051,2024-11,39,1864.25,6,3.6666666666666665,0.4028571428571429,0.0476190476190476,21,0.154,Ramos PLC,Sports,South,0.002,0.31,0,11.5
S0051,2024-12,43,2052.02,3,3.8484848484848486,0.5299999999999999,0.0303030303030303,33,0.07,Ramos PLC,Sports,South,-0.082,0.437,0,6.4
S0051,2025-01,37,1529.6,2,3.9047619047619047,0.5185714285714286,0.0476190476190476,21,0.054,Ramos PLC,Sports,South,-0.098,0.426,0,6.4
S0051,2025-02,30,1160.7,4,4.0,0.5613636363636364,0.0454545454545454,22,0.133,Ramos PLC,Sports,South,-0.019,0.469,0,8.0
S0051,2025-03,28,1329.2,1,3.692307692307693,0.3376923076923077,0.0769230769230769,13,0.036,Ramos PLC,Sports,South,-0.116,0.245,0,1.4
S0051,2025-04,43,2010.48,0,4.173913043478261,0.6421739130434783,0.0,23,0.0,Ramos PLC,Sports,South,-0.152,0.55,0,2.5
S0051,2025-05,17,892.77,0,4.0588235294117645,0.6011764705882353,0.0,17,0.0,Ramos PLC,Sports,South,-0.152,0.509,0,1.7
S0051,2025-06,43,2068.86,0,3.733333333333333,0.506,0.0,15,0.0,Ramos PLC,Sports,South,-0.152,0.413,0,1.0
S0051,2025-07,34,1611.16,2,4.208333333333333,0.6075,0.0,24,0.059,Ramos PLC,Sports,South,-0.093,0.515,0,4.7
S0051,2025-08,40,1756.92,1,4.380952380952381,0.5561904761904761,0.0,21,0.025,Ramos PLC,Sports,South,-0.127,0.464,0,8.2
S0051,2025-09,30,1464.79,0,4.5,0.665,0.0,18,0.0,Ramos PLC,Sports,South,-0.152,0.572,0,4.9
S0051,2025-10,31,1576.71,0,4.647058823529412,0.7152941176470589,0.0,17,0.0,Ramos PLC,Sports,South,-0.152,0.623,0,7.3
S0051,2025-11,42,2379.76,0,4.709677419354839,0.7593548387096773,0.0,31,0.0,Ramos PLC,Sports,South,-0.152,0.667,0,5.7
S0051,2025-12,42,2195.03,1,4.695652173913044,0.7273913043478261,0.0,23,0.024,Ramos PLC,Sports,South,-0.128,0.635,0,7.2
S0052,2024-01,50,2343.47,1,4.181818181818182,0.5786363636363636,0.0,22,0.02,"Kidd, Huff and Novak",Pet Supplies,North,-0.001,-0.044,0,4.0
S0052,2024-02,49,2455.41,1,4.448275862068965,0.6148275862068965,0.0344827586206896,29,0.02,"Kidd, Huff and Novak",Pet Supplies,North,-0.001,-0.008,0,6.6
S0052,2024-03,44,2239.21,1,4.607142857142857,0.6757142857142858,0.0,28,0.023,"Kidd, Huff and Novak",Pet Supplies,North,0.002,0.053,0,7.0
S0052,2024-04,35,1913.72,0,4.458333333333333,0.64,0.0,24,0.0,"Kidd, Huff and Novak",Pet Supplies,North,-0.021,0.017,0,4.0
S0052,2024-05,44,2297.39,4,4.733333333333333,0.7146666666666666,0.0,15,0.091,"Kidd, Huff and Novak",Pet Supplies,North,0.07,0.092,0,8.9
S0052,2024-06,35,1871.3,0,4.333333333333333,0.705,0.0,30,0.0,"Kidd, Huff and Novak",Pet Supplies,North,-0.021,0.082,0,6.0
S0052,2024-07,40,1814.1,2,4.75,0.745,0.0,20,0.05,"Kidd, Huff and Novak",Pet Supplies,North,0.029,0.122,0,5.6
S0052,2024-08,29,1686.85,2,4.45,0.6295,0.0,20,0.069,"Kidd, Huff and Novak",Pet Supplies,North,0.048,0.006,0,5.2
S0052,2024-09,33,1368.23,3,4.55,0.7005,0.0,20,0.091,"Kidd, Huff and Novak",Pet Supplies,North,0.07,0.077,0,5.8
S0052,2024-10,54,2800.22,5,4.535714285714286,0.6135714285714285,0.0,28,0.093,"Kidd, Huff and Novak",Pet Supplies,North,0.072,-0.009,0,8.1
S0052,2024-11,46,2223.68,3,4.375,0.601875,0.0,32,0.065,"Kidd, Huff and Novak",Pet Supplies,North,0.044,-0.021,0,7.7
S0052,2024-12,51,2572.55,4,4.3478260869565215,0.5878260869565217,0.0,23,0.078,"Kidd, Huff and Novak",Pet Supplies,North,0.057,-0.035,0,6.1
S0052,2025-01,40,1910.32,1,4.4,0.6829999999999999,0.0,30,0.025,"Kidd, Huff and Novak",Pet Supplies,North,0.004,0.06,0,5.8
S0052,2025-02,50,2456.21,1,4.391304347826087,0.6121739130434782,0.0,23,0.02,"Kidd, Huff and Novak",Pet Supplies,North,-0.001,-0.011,0,6.7
S0052,2025-03,39,2324.88,5,4.5,0.65,0.0,34,0.128,"Kidd, Huff and Novak",Pet Supplies,North,0.107,0.027,0,10.2
S0052,2025-04,31,1627.61,3,4.0,0.664,0.0,15,0.097,"Kidd, Huff and Novak",Pet Supplies,North,0.076,0.041,0,10.9
S0052,2025-05,47,2502.24,3,4.653846153846154,0.6138461538461538,0.0,26,0.064,"Kidd, Huff and Novak",Pet Supplies,North,0.043,-0.009,0,9.3
S0052,2025-06,35,1760.5,5,4.5,0.6541666666666667,0.0,24,0.143,"Kidd, Huff and Novak",Pet Supplies,North,0.122,0.031,0,7.8
S0052,2025-07,44,2294.58,2,4.5,0.657,0.0,30,0.045,"Kidd, Huff and Novak",Pet Supplies,North,0.024,0.034,0,9.5
S0052,2025-08,42,2157.01,2,4.379310344827586,0.6931034482758621,0.0,29,0.048,"Kidd, Huff and Novak",Pet Supplies,North,0.027,0.07,0,5.6
S0052,2025-09,44,2216.36,0,4.357142857142857,0.6414285714285715,0.0,28,0.0,"Kidd, Huff and Novak",Pet Supplies,North,-0.021,0.018,0,6.9
S0052,2025-10,20,880.56,1,4.6,0.648,0.0,20,0.05,"Kidd, Huff and Novak",Pet Supplies,North,0.029,0.025,0,6.7
S0052,2025-11,49,2455.71,2,4.619047619047619,0.6795238095238095,0.0,21,0.041,"Kidd, Huff and Novak",Pet Supplies,North,0.02,0.056,0,5.6
S0052,2025-12,30,1428.29,0,4.391304347826087,0.61,0.0,23,0.0,"Kidd, Huff and Novak",Pet Supplies,North,-0.021,-0.013,0,1.7
S0053,2024-01,19,717.12,1,4.571428571428571,0.7928571428571428,0.0,7,0.053,Martin Group,Books,North,0.017,0.087,0,6.4
S0053,2024-02,18,842.37,1,4.3,0.658,0.0,10,0.056,Martin Group,Books,North,0.02,-0.048,0,4.0
S0053,2024-03,17,912.67,0,4.181818181818182,0.6672727272727272,0.0,11,0.0,Martin Group,Books,North,-0.036,-0.039,0,6.7
S0053,2024-04,23,1302.18,3,4.25,0.72125,0.0,16,0.13,Martin Group,Books,North,0.094,0.015,0,11.9
S0053,2024-05,18,928.33,1,4.4375,0.61625,0.0,16,0.056,Martin Group,Books,North,0.02,-0.09,0,5.4
S0053,2024-06,19,973.71,1,4.777777777777778,0.5777777777777778,0.0,9,0.053,Martin Group,Books,North,0.017,-0.128,0,7.2
S0053,2024-07,16,669.14,2,4.0,0.36,0.1111111111111111,9,0.125,Martin Group,Books,North,0.089,-0.346,1,7.7
S0053,2024-08,21,941.51,0,4.285714285714286,0.5714285714285714,0.0714285714285714,14,0.0,Martin Group,Books,North,-0.036,-0.135,0,3.9
S0053,2024-09,15,828.0,1,4.333333333333333,0.6566666666666666,0.0,12,0.067,Martin Group,Books,North,0.031,-0.049,0,8.5
S0053,2024-10,15,665.54,0,4.0,0.6316666666666667,0.0,6,0.0,Martin Group,Books,North,-0.036,-0.074,0,4.9
S0053,2024-11,20,1110.1,1,4.333333333333333,0.6953333333333334,0.0,15,0.05,Martin Group,Books,North,0.014,-0.011,0,9.7
S0053,2024-12,16,737.75,2,4.25,0.5575,0.0,12,0.125,Martin Group,Books,North,0.089,-0.149,0,8.1
S0053,2025-01,18,817.05,1,4.444444444444445,0.5711111111111111,0.0,9,0.056,Martin Group,Books,North,0.02,-0.135,0,8.6
S0053,2025-02,20,929.67,1,4.461538461538462,0.7223076923076923,0.0,13,0.05,Martin Group,Books,North,0.014,0.016,0,6.8
S0053,2025-03,18,891.49,0,4.6,0.799,0.0,10,0.0,Martin Group,Books,North,-0.036,0.093,0,6.4
S0053,2025-04,17,870.24,1,3.888888888888889,0.5755555555555555,0.0,9,0.059,Martin Group,Books,North,0.023,-0.13,0,6.1
S0053,2025-05,15,697.2,1,4.384615384615385,0.6838461538461539,0.0,13,0.067,Martin Group,Books,North,0.031,-0.022,0,7.1
S0053,2025-06,16,790.8000000000001,2,4.25,0.7541666666666668,0.0,12,0.125,Martin Group,Books,North,0.089,0.048,0,8.8
S0053,2025-07,19,1082.44,1,4.307692307692308,0.6569230769230768,0.0,13,0.053,Martin Group,Books,North,0.017,-0.049,0,5.2
S0053,2025-08,11,747.21,0,4.0,0.7125,0.0,4,0.0,Martin Group,Books,North,-0.036,0.006,0,6.2
S0053,2025-09,15,752.29,1,4.5,0.9025,0.0,4,0.067,Martin Group,Books,North,0.031,0.196,0,8.3
S0053,2025-10,20,1020.3,1,4.4,0.6,0.0,15,0.05,Martin Group,Books,North,0.014,-0.106,0,7.7
S0053,2025-11,20,1059.59,0,4.307692307692308,0.5753846153846154,0.0,13,0.0,Martin Group,Books,North,-0.036,-0.131,0,7.8
S0053,2025-12,14,702.64,1,4.4,0.584,0.0,5,0.071,Martin Group,Books,North,0.035,-0.122,0,9.9
S0054,2024-01,52,2743.78,8,3.0,0.0263636363636363,0.1818181818181818,22,0.154,Barrera-Martin,Automotive,South,-0.019,0.103,0,9.3
S0054,2024-02,41,2220.7,5,2.90625,-0.0346874999999999,0.34375,32,0.122,Barrera-Martin,Automotive,South,-0.051,0.042,0,9.6
S0054,2024-03,41,1867.68,10,2.64,-0.2228,0.44,25,0.244,Barrera-Martin,Automotive,South,0.071,-0.146,0,11.7
S0054,2024-04,41,1981.29,11,2.851851851851852,-0.0762962962962962,0.2962962962962963,27,0.268,Barrera-Martin,Automotive,South,0.095,0.001,0,13.6
S0054,2024-05,52,2686.01,19,2.515151515151515,-0.1906060606060606,0.4545454545454545,33,0.365,Barrera-Martin,Automotive,South,0.192,-0.114,0,15.6
S0054,2024-06,30,1640.61,10,2.3793103448275863,-0.3096551724137931,0.5172413793103449,29,0.333,Barrera-Martin,Automotive,South,0.16,-0.233,1,18.6
S0054,2024-07,38,1897.31,9,2.84,-0.1064,0.32,25,0.237,Barrera-Martin,Automotive,South,0.064,-0.029,0,13.2
S0054,2024-08,43,2056.44,14,2.125,-0.3175,0.6875,16,0.326,Barrera-Martin,Automotive,South,0.153,-0.24,1,15.0
S0054,2024-09,27,1422.3,8,2.3076923076923075,-0.3203846153846154,0.5769230769230769,26,0.296,Barrera-Martin,Automotive,South,0.123,-0.243,1,16.6
S0054,2024-10,30,1461.52,8,2.6666666666666665,-0.2173333333333333,0.3333333333333333,15,0.267,Barrera-Martin,Automotive,South,0.094,-0.14,0,9.6
S0054,2024-11,36,1866.35,6,2.619047619047619,-0.178095238095238,0.4285714285714285,21,0.167,Barrera-Martin,Automotive,South,-0.006,-0.101,0,6.7
S0054,2024-12,35,1723.38,13,2.4,-0.3395,0.6,20,0.371,Barrera-Martin,Automotive,South,0.198,-0.262,1,18.3
S0054,2025-01,46,2337.17,12,2.4761904761904763,-0.2409523809523809,0.5238095238095238,21,0.261,Barrera-Martin,Automotive,South,0.088,-0.164,1,13.5
S0054,2025-02,44,2139.58,7,2.52,-0.2316,0.48,25,0.159,Barrera-Martin,Automotive,South,-0.014,-0.155,0,10.5
S0054,2025-03,33,1763.74,8,3.0,0.0042857142857142,0.2142857142857142,28,0.242,Barrera-Martin,Automotive,South,0.069,0.081,0,10.4
S0054,2025-04,31,1851.05,5,3.0588235294117645,0.0964705882352941,0.1176470588235294,17,0.161,Barrera-Martin,Automotive,South,-0.012,0.174,0,10.1
S0054,2025-05,52,2716.63,16,2.730769230769231,-0.1596153846153846,0.3076923076923077,26,0.308,Barrera-Martin,Automotive,South,0.135,-0.083,0,18.5
S0054,2025-06,38,1887.56,9,2.523809523809524,-0.2519047619047619,0.4761904761904761,21,0.237,Barrera-Martin,Automotive,South,0.064,-0.175,1,14.1
S0054,2025-07,31,1396.58,7,2.75,-0.141,0.25,20,0.226,Barrera-Martin,Automotive,South,0.053,-0.064,0,12.5
S0054,2025-08,30,1513.8,8,2.736842105263158,-0.1357894736842105,0.4210526315789473,19,0.267,Barrera-Martin,Automotive,South,0.094,-0.059,0,12.8
S0054,2025-09,43,2286.56,10,2.217391304347826,-0.4395652173913043,0.6956521739130435,23,0.233,Barrera-Martin,Automotive,South,0.06,-0.363,1,11.7
S0054,2025-10,42,2220.63,10,2.869565217391304,-0.0391304347826087,0.3043478260869565,23,0.238,Barrera-Martin,Automotive,South,0.065,0.038,0,8.8
S0054,2025-11,47,2628.66,14,2.351351351351352,-0.3454054054054054,0.5675675675675675,37,0.298,Barrera-Martin,Automotive,South,0.125,-0.268,1,15.0
S0054,2025-12,47,2278.68,15,2.6129032258064515,-0.1332258064516129,0.3870967741935484,31,0.319,Barrera-Martin,Automotive,South,0.146,-0.056,0,16.7
S0055,2024-01,13,678.95,1,4.2,0.614,0.0,5,0.077,Baker-Bowers,Books,Central,0.051,-0.031,0,4.6
S0055,2024-02,15,739.15,0,4.5,0.6583333333333333,0.0,6,0.0,Baker-Bowers,Books,Central,-0.026,0.013,0,3.8
S0055,2024-03,19,1101.79,0,4.818181818181818,0.6636363636363636,0.0,11,0.0,Baker-Bowers,Books,Central,-0.026,0.018,0,2.9
S0055,2024-04,19,1037.58,1,4.583333333333333,0.7866666666666666,0.0,12,0.053,Baker-Bowers,Books,Central,0.027,0.141,0,5.0
S0055,2024-05,16,945.63,0,4.6923076923076925,0.8099999999999999,0.0,13,0.0,Baker-Bowers,Books,Central,-0.026,0.165,0,5.1
S0055,2024-06,16,864.33,1,4.090909090909091,0.5054545454545455,0.0,11,0.062,Baker-Bowers,Books,Central,0.036,-0.14,0,3.2
S0055,2024-07,22,1169.83,2,4.166666666666667,0.455,0.0833333333333333,12,0.091,Baker-Bowers,Books,Central,0.065,-0.19,1,9.0
S0055,2024-08,19,1181.44,1,4.153846153846154,0.5761538461538461,0.0,13,0.053,Baker-Bowers,Books,Central,0.027,-0.069,0,8.1
S0055,2024-09,14,726.23,0,4.777777777777778,0.7655555555555555,0.0,9,0.0,Baker-Bowers,Books,Central,-0.026,0.12,0,4.5
S0055,2024-10,22,863.51,1,4.333333333333333,0.6583333333333333,0.0,12,0.045,Baker-Bowers,Books,Central,0.019,0.013,0,2.0
S0055,2024-11,17,903.53,0,4.111111111111111,0.6588888888888889,0.0,9,0.0,Baker-Bowers,Books,Central,-0.026,0.014,0,3.2
S0055,2024-12,24,1188.66,2,4.105263157894737,0.6584210526315789,0.0,19,0.083,Baker-Bowers,Books,Central,0.057,0.013,0,9.9
S0055,2025-01,15,658.94,1,4.125,0.58375,0.0,8,0.067,Baker-Bowers,Books,Central,0.041,-0.062,0,2.1
S0055,2025-02,15,687.0,1,4.4,0.624,0.0666666666666666,15,0.067,Baker-Bowers,Books,Central,0.041,-0.021,0,6.5
S0055,2025-03,18,802.42,2,4.214285714285714,0.5192857142857142,0.0714285714285714,14,0.111,Baker-Bowers,Books,Central,0.085,-0.126,0,6.4
S0055,2025-04,17,754.07,0,3.8333333333333335,0.4683333333333333,0.0,6,0.0,Baker-Bowers,Books,Central,-0.026,-0.177,0,6.4
S0055,2025-05,18,736.44,4,4.0,0.4644444444444444,0.1111111111111111,9,0.222,Baker-Bowers,Books,Central,0.196,-0.181,1,10.9
S0055,2025-06,16,873.28,0,4.6,0.663,0.0,10,0.0,Baker-Bowers,Books,Central,-0.026,0.018,0,5.7
S0055,2025-07,18,880.33,2,4.9,0.697,0.0,10,0.111,Baker-Bowers,Books,Central,0.085,0.052,0,9.6
S0055,2025-08,15,873.8100000000001,0,4.384615384615385,0.59,0.0,13,0.0,Baker-Bowers,Books,Central,-0.026,-0.055,0,8.3
S0055,2025-09,26,1529.04,2,4.4,0.6679999999999999,0.0,10,0.077,Baker-Bowers,Books,Central,0.051,0.023,0,7.1
S0055,2025-10,14,754.11,0,4.888888888888889,0.6499999999999999,0.0,9,0.0,Baker-Bowers,Books,Central,-0.026,0.005,0,5.7
S0055,2025-11,15,822.34,0,4.416666666666667,0.59,0.0,12,0.0,Baker-Bowers,Books,Central,-0.026,-0.055,0,2.3
S0055,2025-12,20,1008.82,2,4.5,0.64,0.0,10,0.1,Baker-Bowers,Books,Central,0.074,-0.005,0,10.3
S0056,2024-01,19,1006.67,1,4.375,0.825,0.0,8,0.053,Horton-Cross,Automotive,Central,0.006,0.144,0,5.3
S0056,2024-02,23,1034.05,0,4.384615384615385,0.6476923076923077,0.0,13,0.0,Horton-Cross,Automotive,Central,-0.047,-0.034,0,4.0
S0056,2024-03,23,1099.51,2,4.5,0.5714285714285714,0.0,14,0.087,Horton-Cross,Automotive,Central,0.04,-0.11,0,7.7
S0056,2024-04,24,1288.68,2,4.631578947368421,0.6757894736842105,0.0,19,0.083,Horton-Cross,Automotive,Central,0.036,-0.006,0,4.8
S0056,2024-05,22,1066.31,2,4.230769230769231,0.6338461538461538,0.0,13,0.091,Horton-Cross,Automotive,Central,0.044,-0.048,0,8.3
S0056,2024-06,16,824.28,1,4.357142857142857,0.72,0.0,14,0.062,Horton-Cross,Automotive,Central,0.015,0.039,0,8.7
S0056,2024-07,20,973.06,1,4.625,0.626875,0.0,16,0.05,Horton-Cross,Automotive,Central,0.003,-0.054,0,7.1
S0056,2024-08,23,1274.42,1,4.545454545454546,0.4863636363636363,0.0,11,0.043,Horton-Cross,Automotive,Central,-0.004,-0.195,0,3.5
S0056,2024-09,19,1010.12,1,4.416666666666667,0.6058333333333333,0.0833333333333333,12,0.053,Horton-Cross,Automotive,Central,0.006,-0.076,0,6.5
S0056,2024-10,18,909.39,1,4.222222222222222,0.69,0.0,9,0.056,Horton-Cross,Automotive,Central,0.009,0.009,0,8.1
S0056,2024-11,19,1013.14,0,4.615384615384615,0.7815384615384615,0.0,13,0.0,Horton-Cross,Automotive,Central,-0.047,0.1,0,1.6
S0056,2024-12,15,1010.23,1,4.625,0.6575,0.0,8,0.067,Horton-Cross,Automotive,Central,0.02,-0.024,0,5.2
S0056,2025-01,21,906.22,2,4.428571428571429,0.6557142857142857,0.0,14,0.095,Horton-Cross,Automotive,Central,0.048,-0.026,0,9.6
S0056,2025-02,23,1152.39,2,4.538461538461538,0.7592307692307692,0.0,13,0.087,Horton-Cross,Automotive,Central,0.04,0.078,0,8.3
S0056,2025-03,28,1497.85,2,4.454545454545454,0.6836363636363636,0.0,11,0.071,Horton-Cross,Automotive,Central,0.024,0.002,0,8.0
S0056,2025-04,24,1083.06,2,4.142857142857143,0.6076190476190476,0.0476190476190476,21,0.083,Horton-Cross,Automotive,Central,0.036,-0.074,0,11.0
S0056,2025-05,21,1140.85,1,4.25,0.6025,0.0,12,0.048,Horton-Cross,Automotive,Central,0.001,-0.079,0,7.4
S0056,2025-06,20,984.64,0,4.333333333333333,0.5783333333333334,0.0,12,0.0,Horton-Cross,Automotive,Central,-0.047,-0.103,0,6.2
S0056,2025-07,23,1004.15,1,4.666666666666667,0.6822222222222222,0.0,9,0.043,Horton-Cross,Automotive,Central,-0.004,0.001,0,11.3
S0056,2025-08,15,875.43,0,4.416666666666667,0.7658333333333333,0.0,12,0.0,Horton-Cross,Automotive,Central,-0.047,0.084,0,4.6
S0056,2025-09,24,1077.12,1,4.454545454545454,0.57,0.0,11,0.042,Horton-Cross,Automotive,Central,-0.005,-0.111,0,4.9
S0056,2025-10,18,854.68,1,4.4,0.694,0.0,10,0.056,Horton-Cross,Automotive,Central,0.009,0.013,0,7.6
S0056,2025-11,23,1161.05,1,4.444444444444445,0.6111111111111112,0.0,9,0.043,Horton-Cross,Automotive,Central,-0.004,-0.07,0,7.2
S0056,2025-12,14,569.87,2,4.375,0.68,0.0,16,0.143,Horton-Cross,Automotive,Central,0.096,-0.001,0,8.6
S0057,2024-01,28,1416.63,2,4.2,0.5549999999999999,0.0,10,0.071,"Higgins, Moore and Phillips",Beauty,Central,0.008,-0.057,0,5.4
S0057,2024-02,28,1254.45,0,4.4,0.6679999999999999,0.0,15,0.0,"Higgins, Moore and Phillips",Beauty,Central,-0.063,0.056,0,9.2
S0057,2024-03,34,1940.33,4,4.346153846153846,0.6142307692307692,0.0,26,0.118,"Higgins, Moore and Phillips",Beauty,Central,0.055,0.002,0,9.4
S0057,2024-04,42,1980.94,3,3.807692307692308,0.4538461538461538,0.0384615384615384,26,0.071,"Higgins, Moore and Phillips",Beauty,Central,0.008,-0.159,0,6.0
S0057,2024-05,33,1609.59,2,3.772727272727273,0.4868181818181817,0.0,22,0.061,"Higgins, Moore and Phillips",Beauty,Central,-0.002,-0.126,0,8.6
S0057,2024-06,41,2231.81,2,3.9047619047619047,0.5599999999999999,0.0476190476190476,21,0.049,"Higgins, Moore and Phillips",Beauty,Central,-0.014,-0.052,0,6.4
S0057,2024-07,40,2057.59,2,3.928571428571429,0.4175,0.0357142857142857,28,0.05,"Higgins, Moore and Phillips",Beauty,Central,-0.013,-0.195,0,6.1
S0057,2024-08,26,1221.86,5,3.954545454545455,0.5709090909090909,0.0,22,0.192,"Higgins, Moore and Phillips",Beauty,Central,0.129,-0.042,0,12.2
S0057,2024-09,30,1620.18,4,4.0,0.5116666666666666,0.0833333333333333,12,0.133,"Higgins, Moore and Phillips",Beauty,Central,0.07,-0.101,0,6.9
S0057,2024-10,25,1246.12,1,3.625,0.350625,0.0,16,0.04,"Higgins, Moore and Phillips",Beauty,Central,-0.023,-0.262,0,6.9
S0057,2024-11,27,1265.16,3,3.923076923076923,0.5246153846153846,0.0,13,0.111,"Higgins, Moore and Phillips",Beauty,Central,0.048,-0.088,0,12.0
S0057,2024-12,31,1599.14,1,3.941176470588236,0.536470588235294,0.0,17,0.032,"Higgins, Moore and Phillips",Beauty,Central,-0.031,-0.076,0,6.9
S0057,2025-01,33,1725.55,5,3.586206896551724,0.3575862068965517,0.0689655172413793,29,0.152,"Higgins, Moore and Phillips",Beauty,Central,0.089,-0.255,1,9.2
S0057,2025-02,40,1992.17,6,3.333333333333333,0.1773333333333333,0.2,15,0.15,"Higgins, Moore and Phillips",Beauty,Central,0.087,-0.435,1,8.9
S0057,2025-03,40,2164.95,8,3.238095238095238,0.1328571428571428,0.0952380952380952,21,0.2,"Higgins, Moore and Phillips",Beauty,Central,0.137,-0.48,1,10.7
S0057,2025-04,33,1665.96,7,3.523809523809524,0.3371428571428571,0.0476190476190476,21,0.212,"Higgins, Moore and Phillips",Beauty,Central,0.149,-0.275,1,11.3
S0057,2025-05,30,1510.51,7,3.25,0.105,0.125,16,0.233,"Higgins, Moore and Phillips",Beauty,Central,0.17,-0.507,1,11.8
S0057,2025-06,41,2022.48,8,3.28,0.2836,0.2,25,0.195,"Higgins, Moore and Phillips",Beauty,Central,0.132,-0.329,1,12.9
S0057,2025-07,34,1620.42,6,3.421052631578948,0.2710526315789474,0.1578947368421052,19,0.176,"Higgins, Moore and Phillips",Beauty,Central,0.113,-0.341,1,7.5
S0057,2025-08,16,805.01,6,2.833333333333333,-0.1283333333333333,0.3333333333333333,12,0.375,"Higgins, Moore and Phillips",Beauty,Central,0.312,-0.741,1,18.6
S0057,2025-09,30,1623.76,11,3.15,0.1745,0.2,20,0.367,"Higgins, Moore and Phillips",Beauty,Central,0.304,-0.438,1,16.1
S0057,2025-10,43,2061.9,8,3.1904761904761907,0.1309523809523809,0.0952380952380952,21,0.186,"Higgins, Moore and Phillips",Beauty,Central,0.123,-0.481,1,11.6
S0057,2025-11,36,1654.31,8,2.958333333333333,-0.0208333333333333,0.25,24,0.222,"Higgins, Moore and Phillips",Beauty,Central,0.159,-0.633,1,10.1
S0057,2025-12,37,2043.71,12,3.235294117647059,0.1694117647058823,0.1176470588235294,17,0.324,"Higgins, Moore and Phillips",Beauty,Central,0.261,-0.443,1,17.8
S0058,2024-01,32,1556.64,6,3.8181818181818175,0.5627272727272726,0.0,11,0.188,"Fitzgerald, Brown and Edwards",Beauty,East,0.043,0.001,0,13.3
S0058,2024-02,40,1838.8,9,3.96,0.5092,0.0,25,0.225,"Fitzgerald, Brown and Edwards",Beauty,East,0.08,-0.053,0,13.9
S0058,2024-03,46,2290.92,1,4.333333333333333,0.6143333333333333,0.0,30,0.022,"Fitzgerald, Brown and Edwards",Beauty,East,-0.123,0.052,0,3.0
S0058,2024-04,46,2402.02,5,4.129032258064516,0.5767741935483871,0.032258064516129,31,0.109,"Fitzgerald, Brown and Edwards",Beauty,East,-0.036,0.015,0,10.0
S0058,2024-05,48,2429.38,7,3.736842105263158,0.3942105263157895,0.1052631578947368,19,0.146,"Fitzgerald, Brown and Edwards",Beauty,East,0.001,-0.168,0,10.4
S0058,2024-06,18,928.23,0,3.4444444444444446,0.3177777777777777,0.1111111111111111,18,0.0,"Fitzgerald, Brown and Edwards",Beauty,East,-0.145,-0.244,0,2.1
S0058,2024-07,23,1073.55,7,3.888888888888889,0.5466666666666666,0.0,9,0.304,"Fitzgerald, Brown and Edwards",Beauty,East,0.159,-0.015,0,14.7
S0058,2024-08,41,2093.77,0,3.4285714285714284,0.1980952380952381,0.1904761904761904,21,0.0,"Fitzgerald, Brown and Edwards",Beauty,East,-0.145,-0.364,0,5.7
S0058,2024-09,32,1736.12,3,4.235294117647059,0.6523529411764706,0.0,17,0.094,"Fitzgerald, Brown and Edwards",Beauty,East,-0.051,0.09,0,9.0
S0058,2024-10,46,2505.01,3,4.117647058823529,0.57,0.0,17,0.065,"Fitzgerald, Brown and Edwards",Beauty,East,-0.08,0.008,0,7.4
S0058,2024-11,42,2119.82,0,3.809523809523809,0.4328571428571428,0.0,21,0.0,"Fitzgerald, Brown and Edwards",Beauty,East,-0.145,-0.129,0,5.5
S0058,2024-12,49,2379.69,4,2.769230769230769,-0.1296153846153846,0.3461538461538461,26,0.082,"Fitzgerald, Brown and Edwards",Beauty,East,-0.063,-0.692,0,10.3
S0058,2025-01,26,1222.01,6,2.875,-0.02625,0.25,24,0.231,"Fitzgerald, Brown and Edwards",Beauty,East,0.086,-0.588,1,14.6
S0058,2025-02,43,1964.85,3,4.0,0.4315384615384615,0.0,13,0.07,"Fitzgerald, Brown and Edwards",Beauty,East,-0.075,-0.131,0,2.1
S0058,2025-03,29,1500.59,11,4.275862068965517,0.6648275862068966,0.0,29,0.379,"Fitzgerald, Brown and Edwards",Beauty,East,0.234,0.103,0,16.6
S0058,2025-04,37,1716.92,8,3.684210526315789,0.3331578947368421,0.0526315789473684,19,0.216,"Fitzgerald, Brown and Edwards",Beauty,East,0.071,-0.229,1,11.6
S0058,2025-05,38,1866.5,4,3.896551724137931,0.453448275862069,0.0344827586206896,29,0.105,"Fitzgerald, Brown and Edwards",Beauty,East,-0.04,-0.109,0,5.2
S0058,2025-06,42,2518.95,4,3.6538461538461537,0.3653846153846153,0.0,26,0.095,"Fitzgerald, Brown and Edwards",Beauty,East,-0.05,-0.197,0,8.2
S0058,2025-07,53,2665.02,16,3.56,0.2988,0.08,25,0.302,"Fitzgerald, Brown and Edwards",Beauty,East,0.157,-0.263,1,16.9
S0058,2025-08,42,2016.45,9,3.1481481481481484,0.1914814814814814,0.2962962962962963,27,0.214,"Fitzgerald, Brown and Edwards",Beauty,East,0.069,-0.371,1,9.9
S0058,2025-09,37,1850.45,8,4.2,0.7143999999999999,0.0,25,0.216,"Fitzgerald, Brown and Edwards",Beauty,East,0.071,0.152,0,12.5
S0058,2025-10,51,2611.66,0,4.44,0.7,0.0,25,0.0,"Fitzgerald, Brown and Edwards",Beauty,East,-0.145,0.138,0,3.4
S0058,2025-11,34,1813.22,0,4.181818181818182,0.5645454545454546,0.0454545454545454,22,0.0,"Fitzgerald, Brown and Edwards",Beauty,East,-0.145,0.002,0,3.8
S0058,2025-12,25,1087.7,1,3.210526315789474,0.16,0.2631578947368421,19,0.04,"Fitzgerald, Brown and Edwards",Beauty,East,-0.105,-0.402,0,8.9
S0059,2024-01,41,1898.06,2,4.533333333333333,0.6526666666666667,0.0,15,0.049,Shaw-Farrell,Toys,West,0.005,0.094,0,5.6
S0059,2024-02,24,1119.77,2,4.0,0.5133333333333333,0.0,18,0.083,Shaw-Farrell,Toys,West,0.039,-0.045,0,8.5
S0059,2024-03,32,1745.25,0,3.9047619047619047,0.51,0.0,21,0.0,Shaw-Farrell,Toys,West,-0.044,-0.049,0,1.6
S0059,2024-04,36,1549.49,7,3.941176470588236,0.5282352941176471,0.0,17,0.194,Shaw-Farrell,Toys,West,0.15,-0.03,0,14.6
S0059,2024-05,37,1837.97,2,4.0,0.5107692307692308,0.0,26,0.054,Shaw-Farrell,Toys,West,0.01,-0.048,0,7.8
S0059,2024-06,34,1662.61,1,4.1875,0.560625,0.0,16,0.029,Shaw-Farrell,Toys,West,-0.015,0.002,0,5.6
S0059,2024-07,18,840.27,2,3.947368421052632,0.6289473684210526,0.0,19,0.111,Shaw-Farrell,Toys,West,0.067,0.07,0,9.6
S0059,2024-08,17,828.98,3,4.142857142857143,0.7699999999999999,0.0,7,0.176,Shaw-Farrell,Toys,West,0.132,0.211,0,8.1
S0059,2024-09,25,963.09,1,3.8,0.4606666666666666,0.0,15,0.04,Shaw-Farrell,Toys,West,-0.004,-0.098,0,8.4
S0059,2024-10,42,1895.67,5,3.9565217391304346,0.5113043478260869,0.0,23,0.119,Shaw-Farrell,Toys,West,0.075,-0.047,0,8.2
S0059,2024-11,36,1734.04,6,3.6666666666666665,0.3028571428571428,0.0476190476190476,21,0.167,Shaw-Farrell,Toys,West,0.123,-0.256,1,10.0
S0059,2024-12,26,1427.14,0,3.615384615384616,0.4961538461538461,0.0,13,0.0,Shaw-Farrell,Toys,West,-0.044,-0.063,0,4.1
S0059,2025-01,18,924.75,1,3.7142857142857135,0.415,0.0,14,0.056,Shaw-Farrell,Toys,West,0.012,-0.144,0,5.7
S0059,2025-02,27,1342.54,5,3.636363636363636,0.4754545454545454,0.0909090909090909,11,0.185,Shaw-Farrell,Toys,West,0.141,-0.083,0,12.2
S0059,2025-03,33,1765.36,4,3.36,0.2816,0.12,25,0.121,Shaw-Farrell,Toys,West,0.077,-0.277,1,9.3
S0059,2025-04,16,766.71,3,3.533333333333333,0.3493333333333333,0.1333333333333333,15,0.188,Shaw-Farrell,Toys,West,0.144,-0.209,1,12.2
S0059,2025-05,32,1683.62,9,3.2777777777777777,0.1822222222222222,0.1111111111111111,18,0.281,Shaw-Farrell,Toys,West,0.237,-0.376,1,14.0
S0059,2025-06,32,1702.46,7,3.1666666666666665,0.1466666666666666,0.1666666666666666,18,0.219,Shaw-Farrell,Toys,West,0.175,-0.412,1,12.9
S0059,2025-07,26,1242.48,5,3.25,0.1525,0.0625,16,0.192,Shaw-Farrell,Toys,West,0.148,-0.406,1,10.4
S0059,2025-08,29,1606.35,13,3.107142857142857,0.1292857142857142,0.1785714285714285,28,0.448,Shaw-Farrell,Toys,West,0.404,-0.429,1,23.3
S0059,2025-09,37,1906.7,8,3.0,0.0011111111111111,0.3333333333333333,18,0.216,Shaw-Farrell,Toys,West,0.172,-0.558,1,9.1
S0059,2025-10,33,1606.48,8,2.9444444444444446,0.1361111111111111,0.2777777777777778,18,0.242,Shaw-Farrell,Toys,West,0.198,-0.423,1,15.0
S0059,2025-11,24,1185.59,5,3.0384615384615383,0.0161538461538461,0.2307692307692307,26,0.208,Shaw-Farrell,Toys,West,0.164,-0.543,1,14.1
S0059,2025-12,23,1303.09,5,3.3076923076923075,0.1169230769230769,0.1538461538461538,13,0.217,Shaw-Farrell,Toys,West,0.173,-0.442,1,10.4
S0060,2024-01,30,1373.02,8,3.3846153846153846,0.2953846153846153,0.0769230769230769,13,0.267,"Miller, Lopez and Larson",Books,North,0.003,0.114,0,17.6
S0060,2024-02,20,1011.2,8,3.2142857142857144,0.0878571428571428,0.1428571428571428,14,0.4,"Miller, Lopez and Larson",Books,North,0.136,-0.093,0,19.6
S0060,2024-03,24,1557.04,3,3.2,0.1606666666666666,0.2,15,0.125,"Miller, Lopez and Larson",Books,North,-0.139,-0.021,0,10.7
S0060,2024-04,22,1297.19,5,3.071428571428572,0.0035714285714285,0.2142857142857142,14,0.227,"Miller, Lopez and Larson",Books,North,-0.037,-0.178,0,12.3
S0060,2024-05,15,655.23,1,3.25,0.1374999999999999,0.1666666666666666,12,0.067,"Miller, Lopez and Larson",Books,North,-0.197,-0.044,0,6.8
S0060,2024-06,20,898.23,3,3.4285714285714284,0.2585714285714285,0.1428571428571428,7,0.15,"Miller, Lopez and Larson",Books,North,-0.114,0.077,0,9.4
S0060,2024-07,21,952.03,3,3.4285714285714284,0.3314285714285714,0.2142857142857142,14,0.143,"Miller, Lopez and Larson",Books,North,-0.121,0.15,0,10.3
S0060,2024-08,20,1148.79,1,3.857142857142857,0.5592857142857143,0.0,14,0.05,"Miller, Lopez and Larson",Books,North,-0.214,0.378,0,9.1
S0060,2024-09,29,1421.86,1,3.466666666666667,0.3393333333333333,0.0666666666666666,15,0.034,"Miller, Lopez and Larson",Books,North,-0.23,0.158,0,6.4
S0060,2024-10,25,1002.48,0,3.952380952380953,0.5733333333333333,0.0476190476190476,21,0.0,"Miller, Lopez and Larson",Books,North,-0.264,0.392,0,3.4
S0060,2024-11,20,1294.14,1,4.2105263157894735,0.5831578947368421,0.0,19,0.05,"Miller, Lopez and Larson",Books,North,-0.214,0.402,0,8.1
S0060,2024-12,27,1309.89,2,4.166666666666667,0.5183333333333333,0.0833333333333333,12,0.074,"Miller, Lopez and Larson",Books,North,-0.19,0.337,0,9.0
S0060,2025-01,22,979.39,1,3.8125,0.476875,0.0625,16,0.045,"Miller, Lopez and Larson",Books,North,-0.219,0.296,0,7.6
S0060,2025-02,28,1394.06,0,4.0,0.6146666666666667,0.0,15,0.0,"Miller, Lopez and Larson",Books,North,-0.264,0.433,0,6.3
S0060,2025-03,25,1186.29,0,3.866666666666666,0.5353333333333333,0.0666666666666666,15,0.0,"Miller, Lopez and Larson",Books,North,-0.264,0.354,0,4.5
S0060,2025-04,19,1100.93,0,4.166666666666667,0.6175,0.0,12,0.0,"Miller, Lopez and Larson",Books,North,-0.264,0.436,0,3.3
S0060,2025-05,19,840.68,1,4.3,0.6769999999999999,0.0,10,0.053,"Miller, Lopez and Larson",Books,North,-0.211,0.496,0,5.1
S0060,2025-06,21,1094.0,0,3.761904761904762,0.530952380952381,0.0,21,0.0,"Miller, Lopez and Larson",Books,North,-0.264,0.35,0,2.1
S0060,2025-07,30,1321.49,1,4.0,0.5845454545454545,0.0,11,0.033,"Miller, Lopez and Larson",Books,North,-0.231,0.403,0,6.5
S0060,2025-08,33,1373.54,0,4.1,0.6525000000000001,0.0,20,0.0,"Miller, Lopez and Larson",Books,North,-0.264,0.471,0,4.8
S0060,2025-09,33,1490.61,2,4.095238095238095,0.5361904761904762,0.0,21,0.061,"Miller, Lopez and Larson",Books,North,-0.203,0.355,0,6.2
S0060,2025-10,29,1361.68,1,4.44,0.6428,0.0,25,0.034,"Miller, Lopez and Larson",Books,North,-0.23,0.461,0,1.0
S0060,2025-11,26,1397.25,0,4.8125,0.7225,0.0,16,0.0,"Miller, Lopez and Larson",Books,North,-0.264,0.541,0,2.8
S0060,2025-12,28,1334.59,0,4.454545454545454,0.6490909090909092,0.0,11,0.0,"Miller, Lopez and Larson",Books,North,-0.264,0.468,0,7.0
