return_id,order_id,seller_id,return_date,return_reason,refund_amount,return_status
R0000193,O0002067,S0004,2024-04-04,Size/fit issue,35.74,Completed
R0000965,O0011981,S0017,2025-04-28,Quality below expectation,49.86,Complete
R0003961,O0039067,S0054,2025-10-04,Quality below expectation,24.41,Completed
R0003969,O0039103,S0054,2025-10-12,Wrong item shipped,41.69,Completed
R0004063,O0040302,S0057,2024-06-30,Missing parts/accessories,18.16,Completed
R0001550,O0017877,S0025,2025-03-28,Missing parts/accessories,66.25,Rejected
R0003514,O0035407,S0050,2024-05-02,Size/fit issue,53.76,Completed
R0004230,O0041469,S0058,2025-03-17,Item not as described,24.37,Pending
R0001119,O0013490,S0019,2025-04-14,Changed my mind,52.86,Pending
R0002414,O0026206,S0036,2024-10-04,Better price found elsewhere,25.95,Completed
R0000645,O0006881,S0011,2024-10-02,Changed my mind,43.64,Completed
R0001848,O0020828,S0029,2024-07-31,Size/fit issue,96.61,Complete
R0002535,O0027534,S0038,2024-01-17,Quality below expectation,72.59,Complete
R0004205,O0041165,S0058,2024-07-28,Missing parts/accessories,107.91,Rejected
R0000021,O0000456,S0001,2025-11-17,Changed my mind,65.23,Completed
R0001288,O0015212,S0022,2024-05-25,Item not as described,46.98,Completed
R0004040,O0039908,S0056,2025-03-07,Better price found elsewhere,11.04,Completed
R0000044,O0000831,S0002,2025-03-02,Size/fit issue,22.34,Complete
R0003605,O0036008,S0050,2026-01-08,Counterfeit suspected,30.37,Completed
R0001097,O0013204,S0019,2024-09-27,Missing parts/accessories,83.49,Completed
R0001174,O0014520,S0021,2024-03-24,Unknown,49.84,Completed
R0001664,O0018491,S0026,2025-01-19,Better price found elsewhere,34.82,Complete
R0002626,O0028422,S0039,2025-02-23,Damaged on arrival,38.38,Completed
R0002487,O0027101,S0037,2024-09-01,Quality below expectation,69.92,Completed
R0001659,O0018418,S0026,2024-10-15,Better price found elsewhere,41.93,Complete
R0001692,O0018673,S0026,2025-10-17,Quality below expectation,64.09,Complete
R0004129,O0040764,S0057,2025-08-25,Damaged on arrival,53.54,Completed
R0003235,O0033871,S0047,2025-11-04,Size/fit issue,40.27,Completed
R0003290,O0034472,S0048,2025-09-20,Size/fit issue,13.14,Completed
R0001922,O0021620,S0030,2024-07-09,Item not as described,17.07,Completed
R0000260,O0003137,S0005,2025-08-23,Changed my mind,55.23,Pending
R0004215,O0041362,S0058,2025-01-12,Damaged on arrival,65.23,Completed
R0001358,O0015935,S0022,2025-11-29,Counterfeit suspected,52.4,Completed
R0001649,O0018360,S0026,2024-07-30,Quality below expectation,24.79,Rejected
R0001957,O0021951,S0030,2025-03-26,Size/fit issue,24.3,Completed
R0003908,O0038852,S0054,2025-05-01,Missing parts/accessories,40.31,Completed
R0000356,O0004227,S0007,2024-02-18,Missing parts/accessories,65.29,Completed
R0003477,O0035218,S0049,2025-10-21,Counterfeit suspected,23.89,Completed
R0003261,O0034164,S0048,2024-10-19,Unknown,39.85,Completed
R0003467,O0035162,S0049,2025-09-08,Item not as described,13.06,Completed
R0000468,O0005578,S0010,2024-02-02,Unknown,20.31,Completed
R0000046,O0000868,S0002,2025-05-17,Item not as described,21.42,Completed
R0003339,O0034703,S0049,2024-06-28,Changed my mind,42.76,Complete
R0002502,O0027193,S0037,2024-12-04,Size/fit issue,43.02,Completed
R0004404,O0042576,S0060,2024-02-15,Item not as described,67.5,Completed
R0003141,O0032582,S0046,2024-04-28,Changed my mind,19.5,Completed
R0001985,O0022518,S0031,2024-10-09,Damaged on arrival,36.25,Rejected
R0002518,O0027417,S0037,2025-09-30,Unknown,52.56,Completed
R0003968,O0039101,S0054,2025-10-23,Unknown,92.02,Completed
R0000440,O0005208,S0009,2024-08-06,Late delivery,43.94,Completed
R0002947,O0030457,S0042,2025-12-20,Counterfeit suspected,70.69,Completed
R0000043,O0000806,S0002,2025-01-29,Better price found elsewhere,53.0,Completed
R0001161,O0014363,S0020,2025-08-10,Late delivery,42.5,Completed
R0000129,O0001584,S0003,2025-03-01,Size/fit issue,51.92,Completed
R0002388,O0026057,S0036,2024-05-24,Quality below expectation,33.34,Completed
R0003006,O0031477,S0045,2024-02-02,Quality below expectation,117.0,Complete
R0000032,O0000574,S0002,2024-04-28,Changed my mind,15.17,Completed
R0001828,O0020703,S0029,2024-03-24,Damaged on arrival,63.56,Completed
R0002962,O0030794,S0043,2025-07-25,Unknown,9.42,Completed
R0003951,O0039026,S0054,2025-08-27,Size/fit issue,36.0,Completed
R0002491,O0027142,S0037,2024-11-12,Damaged on arrival,71.45,Completed
R0000958,O0011946,S0017,2025-03-30,Changed my mind,50.49,Completed
R0001005,O0012385,S0018,2024-06-01,Damaged on arrival,29.75,Completed
R0002800,O0029152,S0040,2025-11-28,Quality below expectation,81.9,Pending
R0000228,O0002569,S0004,2025-11-18,Damaged on arrival,32.76,Completed
R0002586,O0028205,S0038,2025-12-22,Unknown,41.61,Completed
R0000306,O0003825,S0006,2025-03-18,Quality below expectation,36.95,Rejected
R0000150,O0001697,S0003,2025-04-28,Changed my mind,14.95,Completed
R0000411,O0004906,S0008,2025-04-22,Counterfeit suspected,51.02,Pending
R0003649,O0036260,S0051,2024-08-14,Better price found elsewhere,41.28,Complete
R0001031,O0012525,S0018,2024-10-27,Damaged on arrival,70.41,Completed
R0002473,O0027000,S0037,2024-05-11,Missing parts/accessories,20.26,Completed
R0004152,O0040848,S0057,2025-11-17,Quality below expectation,39.21,Pending
R0001988,O0022588,S0031,2025-02-20,Better price found elsewhere,75.97,Completed
R0004268,O0041638,S0058,2025-08-02,Missing parts/accessories,28.58,Complete
R0000669,O0007365,S0011,2025-10-12,Item not as described,55.19,Completed
R0000020,O0000427,S0001,2025-09-13,Size/fit issue,65.1,Complete
R0002687,O0028654,S0040,2024-03-24,Wrong item shipped,42.75,Completed
R0001638,O0018266,S0026,2024-03-25,Quality below expectation,134.95,Complete
R0003882,O0038728,S0054,2025-01-20,Better price found elsewhere,18.46,Complete
R0003091,O0032160,S0045,2025-07-11,Changed my mind,57.62,Pending
R0002260,O0025060,S0034,2025-09-26,Quality below expectation,43.11,Completed
R0001918,O0021579,S0030,2024-05-20,Wrong item shipped,32.64,Completed
R0001133,O0013904,S0020,2024-02-12,Changed my mind,28.97,Pending
R0000643,O0006868,S0011,2024-08-27,Changed my mind,99.25,Rejected
R0003783,O0038400,S0054,2024-04-15,Quality below expectation,34.57,Complete
R0000253,O0003049,S0005,2025-05-03,Size/fit issue,39.69,Completed
R0003932,O0038938,S0054,2025-06-21,Damaged on arrival,54.55,Completed
R0001281,O0015191,S0022,2024-06-17,Better price found elsewhere,39.96,Pending
R0001808,O0020426,S0028,2025-09-21,Late delivery,73.7,Completed
R0001573,O0017981,S0025,2025-07-13,Changed my mind,46.24,Rejected
R0004305,O0042072,S0059,2024-08-31,Late delivery,106.24,Complete
R0003860,O0038646,S0054,2024-10-20,Better price found elsewhere,15.73,Completed
R0003869,O0038695,S0054,2025-01-08,Item not as described,59.07,Completed
R0001442,O0017085,S0024,2024-10-06,Changed my mind,40.02,Pending
R0000959,O0011952,S0017,2025-03-09,Counterfeit suspected,66.58,Pending
R0000866,O0010553,S0016,2024-04-18,Changed my mind,21.79,Complete
R0001626,O0018204,S0025,2026-01-08,Damaged on arrival,58.17,Completed
R0003337,O0034695,S0049,2024-05-20,Wrong item shipped,54.2,Completed
R0000188,O0001958,S0003,2025-12-10,Quality below expectation,69.36,Completed
R0001665,O0018533,S0026,2025-04-16,Changed my mind,50.22,Completed
R0001466,O0017473,S0025,2024-02-25,Missing parts/accessories,114.78,Completed
R0002060,O0023460,S0032,2025-06-26,Counterfeit suspected,51.9,Pending
R0001527,O0017784,S0025,2025-01-20,Wrong item shipped,53.49,Completed
R0001671,O0018571,S0026,2025-05-20,Item not as described,48.0,Completed
R0003233,O0033846,S0047,2025-09-24,Damaged on arrival,21.03,Completed
R0002486,O0027096,S0037,2024-08-22,Wrong item shipped,43.67,Completed
R0003463,O0035149,S0049,2025-07-24,Damaged on arrival,56.31,Completed
R0002612,O0028356,S0039,2024-09-28,Damaged on arrival,38.77,Completed
R0002322,O0025458,S0035,2024-11-01,Quality below expectation,35.98,Completed
R0002375,O0025905,S0036,2024-01-21,Changed my mind,36.69,Complete
R0000734,O0008569,S0013,2024-07-03,Quality below expectation,21.6,Completed
R0001225,O0014900,S0021,2025-08-10,Wrong item shipped,38.36,Completed
R0004100,O0040622,S0057,2025-04-29,Damaged on arrival,35.65,Completed
R0000034,O0000636,S0002,2024-06-09,Size/fit issue,30.4,Completed
R0004324,O0042254,S0059,2025-02-27,Counterfeit suspected,72.51,Complete
R0003897,O0038801,S0054,2025-02-07,Quality below expectation,83.54,Completed
R0001754,O0019274,S0027,2025-05-18,Unknown,34.16,Completed
R0001982,O0022426,S0031,2024-07-07,Size/fit issue,48.64,Completed
R0003005,O0031466,S0045,2024-02-12,Better price found elsewhere,89.27,Complete
R0004392,O0042547,S0060,2024-02-01,Quality below expectation,79.87,Pending
R0002628,O0028433,S0039,2025-03-11,Wrong item shipped,90.0,Completed
R0000378,O0004398,S0007,2025-01-07,Damaged on arrival,42.45,Complete
R0001084,O0013086,S0019,2024-06-13,Damaged on arrival,48.84,Completed
R0002980,O0031082,S0044,2024-09-30,Damaged on arrival,17.94,Completed
R0003664,O0036350,S0051,2024-11-01,Wrong item shipped,56.05,Pending
R0000684,O0007664,S0012,2024-04-23,Quality below expectation,19.83,Completed
R0000084,O0001309,S0003,2024-07-29,Size/fit issue,121.7,Completed
R0002751,O0028927,S0040,2025-02-07,Quality below expectation,62.94,Completed
R0001928,O0021697,S0030,2024-09-10,Item not as described,17.95,Completed
R0002724,O0028814,S0040,2024-11-02,Late delivery,35.98,Completed
R0002563,O0027864,S0038,2025-01-19,Changed my mind,54.05,Pending
R0003080,O0032029,S0045,2025-03-27,Missing parts/accessories,55.56,Completed
R0001160,O0014355,S0020,2025-08-18,Counterfeit suspected,69.81,Completed
R0000508,O0005806,S0010,2024-06-25,Counterfeit suspected,32.56,Completed
R0003867,O0038687,S0054,2025-01-14,Size/fit issue,59.52,Complete
R0000425,O0005111,S0009,2024-03-27,Counterfeit suspected,20.83,Completed
R0000963,O0011979,S0017,2025-04-20,Size/fit issue,33.31,Completed
R0002106,O0023974,S0033,2024-11-06,Better price found elsewhere,80.75,Completed
R0002948,O0030459,S0042,2025-12-17,Quality below expectation,94.5,Completed
R0002267,O0025079,S0034,2025-09-26,Damaged on arrival,46.82,Complete
R0001724,O0018962,S0027,2024-08-05,Item not as described,22.99,Pending
R0002020,O0022999,S0032,2024-06-01,Changed my mind,38.76,Completed
R0002408,O0026182,S0036,2024-09-09,Wrong item shipped,43.2,Completed
R0001678,O0018595,S0026,2025-06-08,Item not as described,81.47,Completed
R0001251,O0014991,S0021,2025-12-12,Size/fit issue,13.33,Pending
R0001222,O0014883,S0021,2025-07-17,Size/fit issue,49.61,Complete
R0003710,O0037363,S0052,2024-12-11,Better price found elsewhere,65.19,Completed
R0002675,O0028606,S0040,2024-02-04,Damaged on arrival,44.87,Completed
R0000601,O0006348,S0010,2025-07-24,Better price found elsewhere,62.42,Completed
R0003964,O0039088,S0054,2025-11-05,Unknown,45.36,Completed
R0004037,O0039872,S0056,2025-01-20,Damaged on arrival,44.64,Complete
R0000673,O0007467,S0011,2025-11-23,Better price found elsewhere,25.69,Completed
R0001615,O0018169,S0025,2025-12-01,Quality below expectation,38.34,Completed
R0003353,O0034752,S0049,2024-08-04,Unknown,50.09,Completed
R0001516,O0017718,S0025,2024-11-03,Counterfeit suspected,66.72,Completed
R0000552,O0005996,S0010,2024-12-01,Missing parts/accessories,37.73,Completed
R0004206,O0041166,S0058,2024-08-01,Size/fit issue,53.84,Complete
R0003156,O0032664,S0046,2024-07-16,Wrong item shipped,31.02,Completed
R0002442,O0026489,S0036,2025-03-28,Damaged on arrival,47.2,Pending
R0002350,O0025732,S0035,2025-08-21,Changed my mind,16.98,Completed
R0001420,O0016853,S0023,2026-01-04,Damaged on arrival,43.02,Completed
R0003784,O0038403,S0054,2024-05-07,Item not as described,51.97,Completed
R0000264,O0003203,S0005,2025-10-30,Damaged on arrival,23.18,Pending
R0002642,O0028477,S0039,2025-06-06,Damaged on arrival,38.03,Completed
R0000813,O0009459,S0014,2025-05-26,Changed my mind,38.98,Completed
R0002426,O0026312,S0036,2024-11-27,Size/fit issue,19.0,Completed
R0000912,O0011311,S0016,2025-10-31,Changed my mind,43.51,Completed
R0000072,O0001224,S0003,2024-06-17,Changed my mind,89.91,Completed
R0003721,O0037528,S0052,2025-05-26,Counterfeit suspected,44.82,Pending
R0000331,O0004094,S0006,2025-09-22,Late delivery,12.91,Completed
R0001564,O0017950,S0025,2025-05-22,Missing parts/accessories,24.32,Completed
R0001799,O0020312,S0028,2025-06-22,Damaged on arrival,25.66,Completed
R0000853,O0010332,S0015,2025-09-16,Changed my mind,22.44,Completed
R0002287,O0025153,S0034,2025-11-22,Damaged on arrival,26.11,Rejected
R0003616,O0036077,S0051,2024-02-14,Item not as described,59.8,Rejected
R0000162,O0001718,S0003,2025-05-14,Size/fit issue,46.74,Completed
R0001011,O0012418,S0018,2024-06-26,Missing parts/accessories,38.4,Completed
R0003145,O0032588,S0046,2024-05-16,Size/fit issue,41.11,Completed
R0001283,O0015194,S0022,2024-06-09,Counterfeit suspected,93.14,Completed
R0004329,O0042289,S0059,2025-04-19,Wrong item shipped,36.8,Pending
R0001316,O0015438,S0022,2024-11-15,Changed my mind,24.11,Completed
R0001348,O0015901,S0022,2025-11-13,Better price found elsewhere,19.27,Completed
R0003856,O0038635,S0054,2024-10-22,Item not as described,44.21,Complete
R0001703,O0018783,S0027,2024-02-17,Counterfeit suspected,89.41,Pending
R0002843,O0029398,S0041,2025-02-09,Changed my mind,12.28,Completed
R0002471,O0026992,S0037,2024-05-06,Size/fit issue,23.84,Completed
R0003634,O0036164,S0051,2024-05-28,Late delivery,76.88,Completed
R0000779,O0009085,S0014,2024-06-29,Counterfeit suspected,65.43,Complete
R0004147,O0040817,S0057,2025-10-14,Changed my mind,28.12,Completed
R0000189,O0001975,S0003,2025-12-23,Item not as described,64.38,Completed
R0004217,O0041380,S0058,2024-12-27,Changed my mind,64.42,Pending
R0000683,O0007631,S0012,2024-03-15,Counterfeit suspected,68.78,Completed
R0002513,O0027371,S0037,2025-07-20,Size/fit issue,74.46,Complete
R0002664,O0028552,S0039,2025-11-04,Item not as described,111.62,Completed
R0001980,O0022407,S0031,2024-06-11,Missing parts/accessories,50.72,Completed
R0003641,O0036224,S0051,2024-08-02,Item not as described,46.88,Completed
R0003772,O0038355,S0054,2024-04-01,Quality below expectation,25.47,Completed
R0001139,O0013984,S0020,2024-05-11,Item not as described,49.13,Completed
R0002162,O0024392,S0034,2024-02-02,Wrong item shipped,34.55,Pending
R0001992,O0022651,S0031,2025-04-25,Quality below expectation,26.47,Completed
R0000410,O0004849,S0008,2025-01-27,Size/fit issue,57.14,Completed
R0003454,O0035114,S0049,2025-07-05,Better price found elsewhere,39.54,Completed
R0000272,O0003345,S0006,2024-04-02,Damaged on arrival,11.62,Pending
R0003993,O0039175,S0054,2025-12-28,Quality below expectation,35.71,Completed
R0000946,O0011722,S0017,2024-09-20,Late delivery,52.27,Completed
R0001088,O0013123,S0019,2024-08-10,Item not as described,31.56,Completed
R0001171,O0014499,S0021,2024-02-29,Changed my mind,45.62,Complete
R0002538,O0027568,S0038,2024-03-15,Better price found elsewhere,48.46,Completed
R0003588,O0035918,S0050,2025-10-15,Damaged on arrival,84.23,Completed
R0000234,O0002637,S0005,2024-02-19,Item not as described,42.36,Rejected
R0002448,O0026698,S0036,2025-08-27,Size/fit issue,14.34,Completed
R0000457,O0005475,S0009,2025-09-09,Changed my mind,61.64,Complete
R0004022,O0039614,S0055,2026-01-07,Changed my mind,23.3,Rejected
R0002010,O0022893,S0032,2024-04-06,Changed my mind,37.05,Completed
R0000524,O0005848,S0010,2024-08-03,Better price found elsewhere,29.2,Completed
R0002726,O0028817,S0040,2024-11-07,Item not as described,19.64,Completed
R0003282,O0034403,S0048,2025-07-19,Wrong item shipped,44.61,Completed
R0001739,O0019065,S0027,2024-10-22,Size/fit issue,31.91,Completed
R0003563,O0035804,S0050,2025-06-04,Quality below expectation,18.93,Pending
R0001591,O0018047,S0025,2025-07-28,Unknown,40.65,Completed
R0000335,O0004117,S0006,2025-10-15,Late delivery,33.84,Complete
R0003693,O0037137,S0052,2024-08-03,Wrong item shipped,33.35,Completed
R0003798,O0038447,S0054,2024-06-08,Wrong item shipped,60.45,Completed
R0003309,O0034586,S0049,2024-03-09,Quality below expectation,88.15,Complete
R0003135,O0032551,S0046,2024-04-10,Changed my mind,88.26,Completed
R0001832,O0020730,S0029,2024-04-26,Quality below expectation,33.28,Completed
R0003171,O0032773,S0046,2024-08-30,Item not as described,22.82,Pending
R0001956,O0021950,S0030,2025-03-31,Changed my mind,111.45,Completed
R0000412,O0004941,S0008,2025-06-25,Late delivery,35.04,Completed
R0003113,O0032397,S0045,2025-11-21,Missing parts/accessories,102.23,Completed
R0000574,O0006183,S0010,2025-03-26,Counterfeit suspected,22.04,Completed
R0002973,O0030993,S0044,2024-05-13,Changed my mind,40.22,Completed
R0000726,O0008514,S0013,2024-03-21,Better price found elsewhere,31.85,Pending
R0004079,O0040463,S0057,2024-11-11,Late delivery,42.5,Completed
R0000465,O0005572,S0010,2024-02-02,Counterfeit suspected,30.39,Completed
R0002806,O0029163,S0040,2026-01-02,Wrong item shipped,73.2,Completed
R0001173,O0014512,S0021,2024-03-16,Item not as described,31.77,Completed
R0003268,O0034284,S0048,2025-03-11,Quality below expectation,7.87,Completed
R0003924,O0038907,S0054,2025-06-12,Item not as described,49.12,Completed
R0001544,O0017838,S0025,2025-01-21,Wrong item shipped,92.89,Completed
R0004173,O0040924,S0058,2024-02-05,Damaged on arrival,37.4,Complete
R0001421,O0016854,S0023,2025-12-21,Item not as described,30.89,Completed
R0001176,O0014549,S0021,2024-04-29,Damaged on arrival,78.63,Complete
R0000824,O0009817,S0015,2024-04-09,Item not as described,21.15,Completed
R0002686,O0028648,S0040,2024-04-13,Better price found elsewhere,76.57,Completed
R0000479,O0005611,S0010,2024-03-03,Wrong item shipped,44.31,Complete
R0000758,O0008944,S0014,2024-02-10,Changed my mind,20.12,Completed
R0001551,O0017886,S0025,2025-03-09,Counterfeit suspected,35.09,Completed
R0003505,O0035318,S0050,2024-01-14,Item not as described,48.61,Completed
R0001817,O0020646,S0029,2024-02-26,Wrong item shipped,73.32,Rejected
R0003725,O0037584,S0052,2025-07-09,Missing parts/accessories,42.31,Rejected
R0003855,O0038631,S0054,2024-11-03,Item not as described,23.18,Complete
R0001870,O0020930,S0029,2024-10-29,Counterfeit suspected,37.91,Completed
R0000714,O0008324,S0012,2025-10-03,Wrong item shipped,69.9,Rejected
R0001695,O0018706,S0026,2025-11-21,Damaged on arrival,22.55,Completed
R0002721,O0028800,S0040,2024-09-30,Counterfeit suspected,50.81,Complete
R0004019,O0039537,S0055,2025-07-18,Item not as described,74.45,Completed
R0003894,O0038781,S0054,2025-02-20,Item not as described,26.39,Completed
R0003604,O0035993,S0050,2026-01-11,Late delivery,58.35,Complete
R0001484,O0017558,S0025,2024-06-10,Wrong item shipped,69.96,Complete
R0003610,O0036025,S0051,2024-02-09,Wrong item shipped,82.27,Complete
R0002294,O0025181,S0034,2025-12-14,Wrong item shipped,48.39,Completed
R0003741,O0037916,S0053,2024-06-02,Unknown,14.42,Completed
R0000883,O0010774,S0016,2024-08-21,Changed my mind,19.61,Completed
R0001735,O0019030,S0027,2024-09-29,Counterfeit suspected,46.66,Complete
R0001305,O0015387,S0022,2024-11-06,Damaged on arrival,63.79,Completed
R0000212,O0002496,S0004,2025-08-12,Changed my mind,43.07,Completed
R0004060,O0040255,S0057,2024-05-06,Missing parts/accessories,53.04,Complete
R0002311,O0025300,S0035,2024-06-03,Better price found elsewhere,35.96,Completed
R0000145,O0001686,S0003,2025-04-22,Better price found elsewhere,44.98,Completed
R0000667,O0007356,S0011,2025-09-29,Unknown,41.86,Completed
R0001889,O0021241,S0029,2025-07-31,Changed my mind,21.12,Completed
R0000422,O0005078,S0009,2024-02-14,Damaged on arrival,33.59,Completed
R0000279,O0003427,S0006,2024-04-06,Item not as described,53.02,Completed
R0001888,O0021236,S0029,2025-07-09,Counterfeit suspected,79.25,Completed
R0003526,O0035486,S0050,2024-08-01,Better price found elsewhere,55.73,Completed
R0004155,O0040861,S0057,2025-11-24,Wrong item shipped,25.53,Complete
R0000093,O0001421,S0003,2024-10-29,Better price found elsewhere,50.53,Completed
R0001186,O0014644,S0021,2024-08-26,Damaged on arrival,63.03,Completed
R0004162,O0040898,S0057,2025-12-30,Changed my mind,131.5,Rejected
R0003417,O0034985,S0049,2025-02-12,Wrong item shipped,73.58,Completed
R0003670,O0036390,S0051,2024-12-07,Damaged on arrival,38.97,Completed
R0003771,O0038341,S0054,2024-02-19,Item not as described,39.64,Completed
R0002993,O0031361,S0044,2025-10-13,Item not as described,37.25,Completed
R0004135,O0040779,S0057,2025-10-01,Damaged on arrival,21.18,Completed
R0001769,O0019696,S0028,2024-06-13,Quality below expectation,66.33,Completed
R0001924,O0021652,S0030,2024-08-06,Size/fit issue,41.5,Completed
R0002168,O0024457,S0034,2024-02-27,Changed my mind,50.45,Rejected
R0001265,O0015096,S0022,2024-03-31,Late delivery,53.76,Pending
R0000420,O0005074,S0009,2024-02-14,Wrong item shipped,121.27,Completed
R0003750,O0038074,S0053,2025-02-22,Missing parts/accessories,55.72,Completed
R0003472,O0035180,S0049,2025-10-02,Wrong item shipped,35.87,Completed
R0003189,O0033018,S0046,2025-02-25,Damaged on arrival,32.58,Completed
R0000749,O0008921,S0014,2024-01-25,Counterfeit suspected,58.78,Pending
R0001900,O0021477,S0030,2024-02-23,Wrong item shipped,68.38,Completed
R0000040,O0000736,S0002,2024-11-26,Better price found elsewhere,20.56,Completed
R0002710,O0028746,S0040,2024-06-18,Unknown,56.99,Rejected
R0001491,O0017577,S0025,2024-07-09,Wrong item shipped,59.6,Rejected
R0001753,O0019224,S0027,2025-03-25,Better price found elsewhere,69.44,Completed
R0004422,O0042688,S0060,2024-08-14,Missing parts/accessories,38.53,Pending
R0003983,O0039155,S0054,2025-12-06,Item not as described,56.38,Completed
R0004158,O0040876,S0057,2025-11-22,Wrong item shipped,26.83,Complete
R0004116,O0040697,S0057,2025-07-07,Missing parts/accessories,30.85,Complete
R0004236,O0041480,S0058,2025-03-23,Wrong item shipped,34.87,Completed
R0002925,O0030273,S0042,2025-07-22,Damaged on arrival,66.5,Pending
R0003348,O0034739,S0049,2024-07-19,Damaged on arrival,18.02,Complete
R0002401,O0026138,S0036,2024-07-27,Counterfeit suspected,18.14,Completed
R0001206,O0014804,S0021,2025-05-02,Size/fit issue,77.4,Completed
R0001684,O0018609,S0026,2025-06-22,Item not as described,59.41,Rejected
R0000828,O0009914,S0015,2024-07-26,Quality below expectation,63.4,Completed
R0001361,O0015940,S0022,2025-11-22,Counterfeit suspected,28.84,Complete
R0000099,O0001447,S0003,2024-12-01,Item not as described,90.55,Completed
R0000430,O0005156,S0009,2024-05-12,Item not as described,34.22,Completed
R0002608,O0028342,S0039,2024-08-23,Wrong item shipped,41.78,Complete
R0002759,O0028960,S0040,2025-04-03,Better price found elsewhere,25.46,Completed
R0001960,O0022030,S0030,2025-05-15,Counterfeit suspected,23.16,Completed
R0001756,O0019332,S0027,2025-07-31,Counterfeit suspected,56.38,Completed
R0003996,O0039184,S0054,2025-12-23,Quality below expectation,37.19,Completed
R0001726,O0018996,S0027,2024-08-13,Better price found elsewhere,14.01,Completed
R0001480,O0017542,S0025,2024-04-23,Damaged on arrival,7.56,Pending
R0004188,O0041020,S0058,2024-03-06,Changed my mind,18.73,Complete
R0003459,O0035137,S0049,2025-07-18,Wrong item shipped,64.31,Complete
R0003912,O0038879,S0054,2025-05-29,Item not as described,60.91,Completed
R0000434,O0005181,S0009,2024-06-29,Missing parts/accessories,97.97,Rejected
R0001325,O0015578,S0022,2025-02-11,Late delivery,56.29,Completed
R0003277,O0034371,S0048,2025-06-07,Counterfeit suspected,55.03,Complete
R0003976,O0039128,S0054,2025-11-30,Damaged on arrival,24.55,Completed
R0003128,O0032518,S0046,2024-03-09,Size/fit issue,92.89,Completed
R0000167,O0001730,S0003,2025-05-23,Size/fit issue,113.33,Complete
R0000545,O0005966,S0010,2024-10-09,Wrong item shipped,47.6,Pending
R0000628,O0006487,S0010,2025-11-11,Counterfeit suspected,50.36,Pending
R0004242,O0041507,S0058,2025-04-18,Size/fit issue,43.86,Completed
R0002619,O0028389,S0039,2025-01-07,Size/fit issue,31.42,Completed
R0002182,O0024591,S0034,2024-06-20,Changed my mind,41.92,Completed
R0003411,O0034967,S0049,2025-03-12,Better price found elsewhere,16.25,Completed
R0003696,O0037185,S0052,2024-10-08,Better price found elsewhere,53.96,Completed
R0003318,O0034606,S0049,2024-02-23,Wrong item shipped,28.57,Completed
R0002965,O0030895,S0044,2024-01-27,Changed my mind,104.51,Completed
R0000867,O0010559,S0016,2024-03-27,Changed my mind,74.5,Completed
R0001555,O0017917,S0025,2025-05-02,Wrong item shipped,43.66,Completed
R0001810,O0020554,S0028,2025-11-07,Wrong item shipped,55.98,Completed
R0004431,O0043021,S0060,2025-09-27,Changed my mind,10.23,Completed
R0000449,O0005265,S0009,2024-10-22,Item not as described,69.7,Complete
R0001018,O0012440,S0018,2024-08-13,Changed my mind,44.55,Pending
R0001936,O0021711,S0030,2024-09-28,Changed my mind,20.44,Completed
R0001227,O0014914,S0021,2025-08-28,Missing parts/accessories,66.64,Completed
R0001193,O0014700,S0021,2024-10-18,Damaged on arrival,22.71,Completed
R0002120,O0024046,S0033,2025-01-07,Better price found elsewhere,53.53,Completed
R0000851,O0010257,S0015,2025-05-15,Quality below expectation,12.89,Complete
R0001159,O0014326,S0020,2025-07-12,Changed my mind,46.44,Completed
R0003089,O0032135,S0045,2025-07-10,Item not as described,46.8,Pending
R0003729,O0037634,S0052,2025-07-30,Item not as described,58.45,Completed
R0000693,O0007890,S0012,2024-09-26,Damaged on arrival,60.09,Completed
R0003045,O0031822,S0045,2024-10-26,Quality below expectation,32.79,Rejected
R0002270,O0025083,S0034,2025-09-14,Quality below expectation,24.58,Complete
R0002328,O0025532,S0035,2025-01-28,Changed my mind,57.25,Pending
R0000417,O0005044,S0008,2025-11-26,Quality below expectation,14.38,Pending
R0003286,O0034422,S0048,2025-07-23,Item not as described,116.5,Completed
R0004151,O0040841,S0057,2025-10-04,Better price found elsewhere,43.3,Completed
R0001124,O0013564,S0019,2025-06-21,Changed my mind,42.91,Completed
R0000862,O0010519,S0016,2024-02-29,Wrong item shipped,36.22,Completed
R0002019,O0022984,S0032,2024-06-13,Missing parts/accessories,40.85,Completed
R0001609,O0018137,S0025,2025-11-11,Unknown,35.98,Completed
R0001963,O0022148,S0030,2025-08-17,Damaged on arrival,127.34,Completed
R0003085,O0032056,S0045,2025-04-10,Counterfeit suspected,26.91,Completed
R0004070,O0040386,S0057,2024-08-20,Better price found elsewhere,31.52,Rejected
R0001795,O0020178,S0028,2025-04-07,Unknown,19.15,Completed
R0003034,O0031759,S0045,2024-10-13,Counterfeit suspected,18.55,Pending
R0000023,O0000469,S0001,2025-11-15,Better price found elsewhere,58.97,Completed
R0000506,O0005750,S0010,2024-05-23,Changed my mind,18.38,Complete
R0004241,O0041506,S0058,2025-04-27,Late delivery,61.57,Completed
R0000972,O0012014,S0017,2025-06-10,Changed my mind,72.39,Rejected
R0001818,O0020648,S0029,2024-02-24,Unknown,15.83,Completed
R0001453,O0017242,S0024,2025-05-07,Missing parts/accessories,21.76,Complete
R0002415,O0026216,S0036,2024-09-11,Counterfeit suspected,87.54,Completed
R0002577,O0028001,S0038,2025-06-26,Counterfeit suspected,12.68,Completed
R0001404,O0016765,S0023,2025-09-14,Changed my mind,24.31,Completed
R0004113,O0040679,S0057,2025-05-14,Damaged on arrival,58.07,Completed
R0003803,O0038462,S0054,2024-05-27,Damaged on arrival,30.8,Complete
R0004406,O0042578,S0060,2024-02-29,Quality below expectation,47.33,Completed
R0003039,O0031793,S0045,2024-10-08,Better price found elsewhere,90.66,Pending
R0002043,O0023269,S0032,2025-01-15,Size/fit issue,34.3,Completed
R0000941,O0011598,S0017,2024-07-13,Counterfeit suspected,74.13,Completed
R0001147,O0014099,S0020,2024-11-06,Missing parts/accessories,41.67,Completed
R0004253,O0041592,S0058,2025-06-16,Item not as described,15.3,Completed
R0001103,O0013237,S0019,2024-10-14,Late delivery,23.53,Complete
R0002403,O0026153,S0036,2024-08-13,Size/fit issue,60.79,Completed
R0000248,O0002939,S0005,2025-02-04,Better price found elsewhere,16.44,Rejected
R0000880,O0010744,S0016,2024-07-27,Quality below expectation,162.69,Complete
R0003033,O0031692,S0045,2024-07-31,Item not as described,71.94,Completed
R0000873,O0010672,S0016,2024-06-09,Missing parts/accessories,16.25,Completed
R0000833,O0009933,S0015,2024-08-23,Missing parts/accessories,81.31,Completed
R0000183,O0001925,S0003,2025-11-03,Counterfeit suspected,40.38,Completed
R0003622,O0036112,S0051,2024-04-05,Wrong item shipped,46.9,Completed
R0000025,O0000477,S0001,2025-12-24,Size/fit issue,37.21,Pending
R0002005,O0022809,S0031,2025-12-24,Changed my mind,44.48,Completed
R0002240,O0024968,S0034,2025-06-10,Item not as described,60.75,Rejected
R0003541,O0035643,S0050,2025-01-19,Counterfeit suspected,45.5,Completed
R0001910,O0021546,S0030,2024-04-13,Unknown,39.95,Completed
R0003998,O0039191,S0054,2025-12-28,Unknown,16.07,Completed
R0003048,O0031828,S0045,2024-10-26,Late delivery,46.14,Completed
R0002015,O0022933,S0032,2024-05-13,Size/fit issue,58.18,Rejected
R0002218,O0024831,S0034,2025-03-11,Wrong item shipped,48.83,Completed
R0004029,O0039727,S0056,2024-05-25,Missing parts/accessories,66.07,Complete
R0000124,O0001555,S0003,2025-01-15,Size/fit issue,32.38,Completed
R0000187,O0001953,S0003,2025-12-03,Missing parts/accessories,56.8,Completed
R0002548,O0027676,S0038,2024-07-12,Size/fit issue,50.47,Completed
R0004012,O0039460,S0055,2025-03-23,Changed my mind,36.56,Pending
R0001117,O0013470,S0019,2025-04-03,Wrong item shipped,61.97,Completed
R0000387,O0004500,S0007,2025-08-22,Size/fit issue,30.14,Completed
R0004330,O0042295,S0059,2025-04-18,Better price found elsewhere,89.94,Pending
R0003461,O0035144,S0049,2025-07-15,Damaged on arrival,58.79,Completed
R0000114,O0001497,S0003,2024-12-07,Changed my mind,39.62,Completed
R0000298,O0003690,S0006,2024-10-23,Changed my mind,17.21,Pending
R0000881,O0010753,S0016,2024-09-04,Better price found elsewhere,42.96,Completed
R0001121,O0013518,S0019,2025-05-26,Counterfeit suspected,40.3,Completed
R0002167,O0024446,S0034,2024-03-02,Size/fit issue,26.94,Completed
R0001086,O0013118,S0019,2024-07-26,Late delivery,52.63,Completed
R0002329,O0025533,S0035,2025-01-24,Changed my mind,105.63,Pending
R0000732,O0008563,S0013,2024-07-28,Better price found elsewhere,53.27,Pending
R0000273,O0003351,S0006,2024-03-09,Wrong item shipped,26.93,Completed
R0003734,O0037786,S0052,2025-12-08,Changed my mind,26.85,Completed
R0002147,O0024315,S0033,2025-10-12,Better price found elsewhere,78.76,Completed
R0004235,O0041479,S0058,2025-04-02,Size/fit issue,46.85,Completed
R0000404,O0004612,S0008,2024-02-27,Wrong item shipped,137.92,Completed
R0002135,O0024142,S0033,2025-05-14,Changed my mind,43.15,Completed
R0003070,O0032000,S0045,2025-02-26,Quality below expectation,103.28,Completed
R0001047,O0012715,S0018,2025-07-10,Changed my mind,19.14,Completed
R0000504,O0005725,S0010,2024-04-22,Size/fit issue,27.84,Pending
R0003708,O0037350,S0052,2025-01-11,Wrong item shipped,48.9,Completed
R0003356,O0034762,S0049,2024-07-27,Better price found elsewhere,27.83,Completed
R0001440,O0017076,S0024,2024-09-08,Changed my mind,22.31,Pending
R0001417,O0016839,S0023,2025-12-18,Wrong item shipped,68.76,Completed
R0004269,O0041639,S0058,2025-07-22,Changed my mind,63.4,Completed
R0000318,O0003962,S0006,2025-06-14,Changed my mind,38.39,Completed
R0002150,O0024341,S0033,2025-10-05,Size/fit issue,23.42,Completed
R0003834,O0038559,S0054,2024-08-23,Late delivery,75.63,Completed
R0003359,O0034765,S0049,2024-07-12,Wrong item shipped,76.22,Completed
R0004187,O0040981,S0058,2024-02-15,Missing parts/accessories,77.29,Completed
R0002425,O0026297,S0036,2024-11-24,Late delivery,45.1,Completed
R0003444,O0035085,S0049,2025-05-10,Quality below expectation,31.25,Rejected
R0001655,O0018407,S0026,2024-10-29,Damaged on arrival,52.28,Completed
R0003415,O0034980,S0049,2025-03-01,Item not as described,12.83,Completed
R0000939,O0011544,S0017,2024-04-14,Changed my mind,27.52,Completed
R0002074,O0023630,S0032,2025-11-12,Wrong item shipped,38.02,Pending
R0003780,O0038385,S0054,2024-03-30,Unknown,20.04,Completed
R0002179,O0024564,S0034,2024-05-09,Better price found elsewhere,99.76,Pending
R0002057,O0023438,S0032,2025-05-30,Wrong item shipped,30.93,Completed
R0003999,O0039199,S0054,2025-12-08,Item not as described,47.52,Pending
R0000224,O0002558,S0004,2025-11-29,Damaged on arrival,55.26,Complete
R0004005,O0039322,S0055,2024-07-26,Better price found elsewhere,45.37,Completed
R0001469,O0017490,S0025,2024-02-22,Wrong item shipped,25.27,Pending
R0002336,O0025572,S0035,2025-03-13,Better price found elsewhere,53.82,Completed
R0001137,O0013958,S0020,2024-05-10,Size/fit issue,27.76,Completed
R0003536,O0035583,S0050,2024-11-19,Size/fit issue,14.79,Completed
R0000739,O0008622,S0013,2024-10-07,Wrong item shipped,39.86,Pending
R0002309,O0025275,S0035,2024-05-03,Size/fit issue,31.47,Completed
R0000966,O0011986,S0017,2025-04-25,Wrong item shipped,31.68,Complete
R0003149,O0032609,S0046,2024-05-08,Changed my mind,61.47,Completed
R0001741,O0019106,S0027,2024-11-20,Size/fit issue,23.85,Completed
R0001604,O0018106,S0025,2025-10-11,Quality below expectation,31.69,Completed
R0004083,O0040512,S0057,2025-02-07,Better price found elsewhere,61.61,Completed
R0002229,O0024882,S0034,2025-03-26,Quality below expectation,64.72,Pending
R0001542,O0017832,S0025,2025-01-24,Missing parts/accessories,27.53,Rejected
R0000407,O0004687,S0008,2024-05-15,Changed my mind,58.03,Pending
R0003421,O0034991,S0049,2025-02-09,Late delivery,35.33,Completed
R0000366,O0004304,S0007,2024-07-27,Size/fit issue,55.81,Pending
R0002176,O0024535,S0034,2024-04-09,Counterfeit suspected,19.29,Completed
R0003001,O0031449,S0045,2024-01-18,Better price found elsewhere,39.49,Completed
R0001694,O0018705,S0026,2025-11-29,Size/fit issue,87.13,Completed
R0002199,O0024715,S0034,2024-10-13,Changed my mind,54.67,Completed
R0002492,O0027152,S0037,2024-11-26,Wrong item shipped,17.22,Completed
R0001618,O0018176,S0025,2025-12-14,Missing parts/accessories,74.14,Pending
R0003259,O0034093,S0048,2024-07-18,Damaged on arrival,19.77,Complete
R0000336,O0004123,S0006,2025-10-24,Counterfeit suspected,32.41,Pending
R0002438,O0026451,S0036,2025-03-03,Late delivery,41.95,Complete
R0002585,O0028165,S0038,2025-12-16,Damaged on arrival,48.21,Completed
R0002896,O0030104,S0042,2025-04-08,Better price found elsewhere,84.3,Completed
R0000622,O0006471,S0010,2025-10-23,Better price found elsewhere,50.4,Rejected
R0000864,O0010528,S0016,2024-02-17,Late delivery,56.13,Completed
R0000282,O0003448,S0006,2024-05-30,Changed my mind,54.35,Pending
R0000244,O0002808,S0005,2024-09-02,Changed my mind,74.22,Pending
R0000452,O0005337,S0009,2025-02-26,Wrong item shipped,23.35,Completed
R0002840,O0029369,S0041,2024-12-25,Better price found elsewhere,96.23,Completed
R0001219,O0014876,S0021,2025-07-31,Unknown,49.07,Completed
R0002841,O0029372,S0041,2025-01-20,Size/fit issue,27.27,Completed
R0002829,O0029294,S0041,2024-08-13,Changed my mind,43.97,Completed
R0001533,O0017804,S0025,2025-02-03,Damaged on arrival,62.64,Completed
R0001862,O0020897,S0029,2024-09-21,Better price found elsewhere,44.0,Pending
R0002364,O0025839,S0035,2025-11-22,Damaged on arrival,31.06,Completed
R0002600,O0028301,S0039,2024-05-09,Changed my mind,80.51,Completed
R0000352,O0004200,S0006,2026-01-17,Size/fit issue,14.46,Completed
R0003829,O0038540,S0054,2024-07-13,Changed my mind,24.04,Completed
R0003684,O0036834,S0051,2026-01-02,Counterfeit suspected,52.65,Completed
R0004066,O0040360,S0057,2024-07-24,Item not as described,71.04,Complete
R0003397,O0034919,S0049,2024-12-24,Damaged on arrival,36.25,Completed
R0002814,O0029183,S0040,2025-12-18,Counterfeit suspected,22.86,Completed
R0003067,O0031995,S0045,2025-02-26,Counterfeit suspected,43.89,Completed
R0000848,O0010238,S0015,2025-05-19,Size/fit issue,26.51,Completed
R0000175,O0001801,S0003,2025-07-26,Missing parts/accessories,44.99,Completed
R0001479,O0017539,S0025,2024-04-26,Item not as described,74.43,Complete
R0001895,O0021435,S0030,2024-02-06,Unknown,46.87,Rejected
R0002317,O0025364,S0035,2024-08-04,Counterfeit suspected,58.44,Complete
R0001073,O0013014,S0019,2024-04-29,Late delivery,29.7,Completed
R0000564,O0006070,S0010,2024-12-20,Quality below expectation,39.92,Completed
R0003047,O0031825,S0045,2024-10-12,Wrong item shipped,51.69,Pending
R0000239,O0002697,S0005,2024-04-29,Better price found elsewhere,51.8,Completed
R0004036,O0039864,S0056,2024-12-30,Size/fit issue,51.24,Rejected
R0001050,O0012779,S0018,2025-11-09,Quality below expectation,86.2,Completed
R0004190,O0041061,S0058,2024-04-23,Missing parts/accessories,90.49,Pending
R0002432,O0026337,S0036,2025-01-14,Wrong item shipped,51.05,Completed
R0000708,O0008217,S0012,2025-06-21,Size/fit issue,32.83,Completed
R0003081,O0032036,S0045,2025-03-17,Missing parts/accessories,89.12,Completed
R0002678,O0028615,S0040,2024-02-05,Changed my mind,28.59,Pending
R0003407,O0034951,S0049,2025-02-07,Damaged on arrival,43.64,Completed
R0002682,O0028636,S0040,2024-04-18,Damaged on arrival,81.69,Completed
R0002528,O0027484,S0037,2025-12-14,Counterfeit suspected,12.04,Completed
R0000112,O0001491,S0003,2025-01-13,Missing parts/accessories,15.07,Completed
R0002130,O0024072,S0033,2025-02-06,Missing parts/accessories,39.73,Complete
R0000133,O0001597,S0003,2025-02-25,Unknown,33.38,Completed
R0000528,O0005862,S0010,2024-07-16,Changed my mind,48.08,Completed
R0003544,O0035652,S0050,2025-01-13,Counterfeit suspected,41.89,Completed
R0002783,O0029094,S0040,2025-10-02,Wrong item shipped,30.42,Complete
R0004014,O0039493,S0055,2025-05-16,Late delivery,43.37,Completed
R0003043,O0031813,S0045,2024-10-15,Item not as described,76.68,Completed
R0003672,O0036417,S0051,2024-12-23,Changed my mind,77.71,Completed
R0000940,O0011585,S0017,2024-05-21,Quality below expectation,31.31,Rejected
R0003881,O0038726,S0054,2025-01-23,Missing parts/accessories,34.18,Completed
R0003558,O0035745,S0050,2025-03-04,Counterfeit suspected,33.79,Completed
R0003176,O0032819,S0046,2024-09-12,Changed my mind,46.61,Completed
R0000130,O0001585,S0003,2025-02-11,Item not as described,43.42,Completed
R0004030,O0039728,S0056,2024-05-27,Late delivery,45.16,Completed
R0002133,O0024132,S0033,2025-05-05,Wrong item shipped,35.6,Completed
R0001584,O0018016,S0025,2025-07-05,Missing parts/accessories,18.44,Completed
R0000116,O0001510,S0003,2024-12-08,Late delivery,53.52,Completed
R0001406,O0016790,S0023,2025-10-29,Item not as described,44.51,Completed
R0002323,O0025481,S0035,2024-11-29,Changed my mind,32.21,Completed
R0003222,O0033767,S0047,2025-05-22,Better price found elsewhere,53.89,Complete
R0003919,O0038893,S0054,2025-05-22,Damaged on arrival,54.52,Completed
R0002809,O0029168,S0040,2026-01-12,Wrong item shipped,19.8,Completed
R0002802,O0029155,S0040,2025-12-03,Item not as described,48.39,Completed
R0001758,O0019344,S0027,2025-08-24,Late delivery,46.7,Completed
R0004161,O0040897,S0057,2026-01-03,Size/fit issue,39.6,Complete
R0001207,O0014807,S0021,2025-04-08,Damaged on arrival,23.72,Pending
R0001610,O0018141,S0025,2025-10-28,Missing parts/accessories,116.71,Complete
R0003980,O0039145,S0054,2025-11-16,Counterfeit suspected,123.41,Rejected
R0002932,O0030295,S0042,2025-08-29,Changed my mind,43.1,Completed
R0003906,O0038839,S0054,2025-03-12,Unknown,59.94,Completed
R0002114,O0024010,S0033,2024-11-19,Quality below expectation,34.28,Complete
R0003037,O0031784,S0045,2024-10-02,Changed my mind,14.51,Completed
R0002677,O0028612,S0040,2024-02-27,Counterfeit suspected,44.41,Complete
R0000967,O0011992,S0017,2025-04-30,Wrong item shipped,61.17,Complete
R0003087,O0032115,S0045,2025-05-31,Damaged on arrival,32.25,Completed
R0002226,O0024873,S0034,2025-03-28,Counterfeit suspected,18.59,Completed
R0000039,O0000705,S0002,2024-09-25,Changed my mind,42.89,Completed
R0004375,O0042470,S0059,2025-10-26,Damaged on arrival,48.97,Completed
R0001242,O0014964,S0021,2025-12-01,Quality below expectation,62.88,Pending
R0000629,O0006488,S0010,2025-11-18,Better price found elsewhere,17.18,Pending
R0003682,O0036665,S0051,2025-07-30,Better price found elsewhere,86.75,Completed
R0004296,O0041966,S0059,2024-04-18,Better price found elsewhere,58.02,Pending
R0003501,O0035301,S0049,2025-12-11,Wrong item shipped,34.27,Complete
R0004386,O0042516,S0059,2025-11-19,Item not as described,72.91,Completed
R0002494,O0027162,S0037,2024-11-20,Wrong item shipped,32.92,Pending
R0001653,O0018368,S0026,2024-07-19,Better price found elsewhere,32.94,Complete
R0003933,O0038939,S0054,2025-06-16,Wrong item shipped,70.72,Completed
R0002208,O0024772,S0034,2025-01-06,Changed my mind,21.7,Pending
R0003452,O0035108,S0049,2025-07-16,Damaged on arrival,15.41,Completed
R0002462,O0026954,S0037,2024-03-25,Quality below expectation,43.74,Complete
R0003131,O0032532,S0046,2024-03-30,Item not as described,47.8,Completed
R0003711,O0037390,S0052,2025-01-30,Counterfeit suspected,90.66,Rejected
R0001093,O0013159,S0019,2024-08-22,Quality below expectation,21.55,Pending
R0003443,O0035081,S0049,2025-05-30,Item not as described,23.85,Completed
R0002598,O0028296,S0039,2024-06-10,Late delivery,29.7,Completed
R0004214,O0041350,S0058,2025-01-01,Quality below expectation,55.4,Completed
R0001313,O0015422,S0022,2024-12-02,Better price found elsewhere,58.21,Pending
R0004426,O0042800,S0060,2024-12-22,Wrong item shipped,41.11,Completed
R0003245,O0033978,S0048,2024-04-06,Changed my mind,48.18,Completed
R0001651,O0018366,S0026,2024-08-10,Changed my mind,57.09,Completed
R0000233,O0002619,S0005,2024-02-08,Counterfeit suspected,55.22,Completed
R0002138,O0024163,S0033,2025-04-21,Changed my mind,47.41,Completed
R0004247,O0041523,S0058,2025-05-09,Better price found elsewhere,15.45,Completed
R0002410,O0026190,S0036,2024-09-04,Damaged on arrival,85.56,Completed
R0002833,O0029326,S0041,2024-10-15,Changed my mind,82.65,Pending
R0001113,O0013341,S0019,2025-01-01,Late delivery,59.35,Completed
R0001809,O0020526,S0028,2025-12-04,Better price found elsewhere,44.44,Rejected
R0001534,O0017805,S0025,2025-01-14,Damaged on arrival,15.08,Completed
R0003937,O0038970,S0054,2025-07-11,Size/fit issue,28.9,Complete
R0002183,O0024593,S0034,2024-06-21,Late delivery,11.45,Completed
R0001894,O0021303,S0029,2025-09-19,Size/fit issue,34.43,Pending
R0002047,O0023360,S0032,2025-03-21,Changed my mind,86.61,Completed
R0000329,O0004066,S0006,2025-10-02,Counterfeit suspected,20.04,Completed
R0003994,O0039176,S0054,2026-01-13,Changed my mind,37.55,Complete
R0002690,O0028662,S0040,2024-04-07,Damaged on arrival,37.9,Pending
R0003841,O0038588,S0054,2024-08-10,Damaged on arrival,51.42,Completed
R0000687,O0007796,S0012,2024-07-29,Size/fit issue,52.18,Pending
R0004103,O0040632,S0057,2025-04-21,Damaged on arrival,19.31,Pending
R0003196,O0033136,S0046,2025-06-23,Changed my mind,49.47,Completed
R0000609,O0006413,S0010,2025-10-03,Wrong item shipped,32.5,Completed
R0002680,O0028627,S0040,2024-02-18,Damaged on arrival,46.4,Completed
R0002181,O0024578,S0034,2024-06-30,Item not as described,25.15,Complete
R0004169,O0040911,S0057,2026-01-01,Quality below expectation,30.37,Complete
R0004137,O0040782,S0057,2025-09-21,Late delivery,60.16,Completed
R0000947,O0011740,S0017,2024-10-15,Item not as described,30.2,Complete
R0002822,O0029240,S0041,2024-04-15,Late delivery,27.88,Pending
R0001487,O0017564,S0025,2024-06-10,Missing parts/accessories,20.55,Completed
R0000950,O0011789,S0017,2024-11-19,Quality below expectation,105.03,Completed
R0002429,O0026320,S0036,2024-11-22,Late delivery,19.86,Completed
R0001248,O0014983,S0021,2025-12-13,Wrong item shipped,50.24,Pending
R0001155,O0014253,S0020,2025-04-15,Unknown,11.85,Completed
R0001822,O0020672,S0029,2024-02-27,Damaged on arrival,38.17,Completed
R0003557,O0035742,S0050,2025-04-09,Missing parts/accessories,54.16,Completed
R0000004,O0000159,S0001,2024-08-30,Damaged on arrival,53.35,Completed
R0003736,O0037853,S0053,2024-02-04,Damaged on arrival,74.73,Completed
R0003240,O0033933,S0048,2024-01-29,Changed my mind,84.93,Completed
R0003402,O0034936,S0049,2025-01-25,Changed my mind,65.9,Completed
R0001074,O0013025,S0019,2024-05-28,Changed my mind,41.61,Pending
R0001253,O0014995,S0021,2025-12-21,Damaged on arrival,60.37,Completed
R0001595,O0018054,S0025,2025-08-29,Better price found elsewhere,48.17,Completed
R0003221,O0033762,S0047,2025-05-21,Changed my mind,65.06,Completed
R0001812,O0020599,S0028,2025-12-06,Changed my mind,20.95,Completed
R0003859,O0038642,S0054,2024-11-15,Item not as described,46.86,Completed
R0002776,O0029046,S0040,2025-07-20,Changed my mind,39.92,Completed
R0003630,O0036141,S0051,2024-04-25,Missing parts/accessories,46.66,Completed
R0002515,O0027373,S0037,2025-07-21,Better price found elsewhere,53.6,Completed
R0003315,O0034598,S0049,2024-03-09,Damaged on arrival,50.32,Pending
R0004232,O0041473,S0058,2025-03-18,Counterfeit suspected,73.57,Completed
R0000644,O0006871,S0011,2024-08-23,Size/fit issue,26.51,Completed
R0001025,O0012471,S0018,2024-09-01,Changed my mind,45.15,Completed
R0004231,O0041470,S0058,2025-04-07,Size/fit issue,57.26,Complete
R0004280,O0041710,S0058,2025-09-25,Quality below expectation,57.37,Completed
R0003679,O0036493,S0051,2025-02-21,Size/fit issue,42.7,Completed
R0003458,O0035128,S0049,2025-07-31,Wrong item shipped,90.32,Completed
R0000254,O0003085,S0005,2025-07-02,Missing parts/accessories,77.5,Completed
R0004385,O0042509,S0059,2025-11-24,Late delivery,40.43,Complete
R0003442,O0035078,S0049,2025-05-24,Late delivery,25.73,Pending
R0001107,O0013269,S0019,2024-11-04,Wrong item shipped,12.77,Completed
R0002870,O0029797,S0042,2024-07-11,Size/fit issue,81.53,Pending
R0000433,O0005167,S0009,2024-06-27,Damaged on arrival,55.83,Complete
R0000197,O0002166,S0004,2024-08-08,Changed my mind,15.36,Complete
R0003284,O0034409,S0048,2025-08-05,Item not as described,51.65,Completed
R0002854,O0029507,S0041,2025-09-05,Counterfeit suspected,56.64,Completed
R0001285,O0015207,S0022,2024-05-20,Size/fit issue,99.98,Completed
R0003652,O0036276,S0051,2024-10-11,Changed my mind,40.16,Completed
R0001513,O0017704,S0025,2024-09-28,Counterfeit suspected,13.07,Pending
R0003241,O0033953,S0048,2024-02-09,Quality below expectation,25.21,Completed
R0003049,O0031835,S0045,2024-10-13,Damaged on arrival,32.23,Completed
R0001877,O0021034,S0029,2025-01-21,Wrong item shipped,30.11,Completed
R0000169,O0001740,S0003,2025-06-05,Damaged on arrival,48.52,Pending
R0001485,O0017560,S0025,2024-05-27,Changed my mind,61.29,Completed
R0003909,O0038859,S0054,2025-05-01,Better price found elsewhere,56.45,Complete
R0003623,O0036117,S0051,2024-05-18,Missing parts/accessories,59.54,Pending
R0000136,O0001615,S0003,2025-03-12,Late delivery,29.3,Rejected
R0002250,O0025015,S0034,2025-07-15,Wrong item shipped,49.97,Completed
R0001004,O0012376,S0018,2024-04-24,Missing parts/accessories,33.9,Complete
R0003683,O0036688,S0051,2025-08-28,Quality below expectation,79.25,Completed
R0000637,O0006655,S0011,2024-03-28,Size/fit issue,34.46,Completed
R0000738,O0008607,S0013,2024-10-11,Size/fit issue,51.1,Completed
R0002360,O0025826,S0035,2025-11-21,Changed my mind,40.5,Completed
R0003124,O0032504,S0046,2024-03-11,Quality below expectation,79.8,Complete
R0000840,O0010137,S0015,2025-03-12,Better price found elsewhere,35.72,Completed
R0000103,O0001455,S0003,2024-12-14,Item not as described,58.14,Pending
R0003169,O0032769,S0046,2024-08-15,Wrong item shipped,39.22,Completed
R0002252,O0025020,S0034,2025-07-11,Item not as described,48.11,Pending
R0000326,O0004026,S0006,2025-07-07,Size/fit issue,20.08,Completed
R0003941,O0038981,S0054,2025-07-31,Quality below expectation,10.44,Completed
R0002447,O0026694,S0036,2025-08-18,Changed my mind,62.99,Completed
R0001028,O0012507,S0018,2024-10-27,Changed my mind,97.96,Complete
R0003250,O0034031,S0048,2024-05-08,Changed my mind,39.43,Completed
R0000752,O0008927,S0014,2024-02-08,Missing parts/accessories,30.21,Completed
R0001366,O0016000,S0023,2024-01-22,Better price found elsewhere,43.07,Completed
R0002669,O0028585,S0040,2024-01-19,Better price found elsewhere,59.98,Rejected
R0003334,O0034682,S0049,2024-06-07,Item not as described,51.9,Rejected
R0002107,O0023976,S0033,2024-10-19,Quality below expectation,41.75,Completed
R0002823,O0029246,S0041,2024-04-11,Wrong item shipped,41.75,Complete
R0003396,O0034915,S0049,2024-12-15,Item not as described,40.75,Complete
R0004134,O0040777,S0057,2025-09-29,Wrong item shipped,38.81,Completed
R0001165,O0014403,S0020,2025-11-19,Quality below expectation,18.53,Completed
R0000830,O0009918,S0015,2024-07-24,Changed my mind,49.86,Completed
R0000325,O0004014,S0006,2025-07-29,Wrong item shipped,62.56,Completed
R0003256,O0034065,S0048,2024-06-30,Changed my mind,45.16,Completed
R0001725,O0018988,S0027,2024-08-08,Missing parts/accessories,61.13,Pending
R0001997,O0022679,S0031,2025-06-02,Unknown,31.12,Completed
R0003785,O0038411,S0054,2024-05-06,Missing parts/accessories,16.67,Pending
R0004050,O0040111,S0056,2025-12-14,Late delivery,33.4,Completed
R0002307,O0025270,S0035,2024-04-06,Missing parts/accessories,59.3,Completed
R0002953,O0030502,S0043,2024-03-19,Size/fit issue,46.88,Pending
R0000685,O0007688,S0012,2024-04-12,Quality below expectation,88.72,Completed
R0000541,O0005950,S0010,2024-11-14,Late delivery,38.0,Completed
R0000872,O0010669,S0016,2024-06-06,Better price found elsewhere,43.41,Completed
R0000384,O0004463,S0007,2025-05-26,Changed my mind,47.84,Completed
R0002370,O0025878,S0035,2025-12-22,Size/fit issue,66.42,Complete
R0002810,O0029172,S0040,2026-01-05,Damaged on arrival,30.94,Complete
R0003831,O0038553,S0054,2024-08-17,Missing parts/accessories,63.85,Pending
R0004220,O0041392,S0058,2025-01-17,Damaged on arrival,77.85,Completed
R0002049,O0023393,S0032,2025-04-12,Quality below expectation,115.47,Completed
R0002879,O0029956,S0042,2024-10-14,Counterfeit suspected,34.71,Complete
R0003216,O0033622,S0047,2024-12-17,Wrong item shipped,22.7,Completed
R0002712,O0028760,S0040,2024-07-28,Missing parts/accessories,24.65,Rejected
R0001768,O0019691,S0028,2024-05-31,Size/fit issue,31.42,Completed
R0002889,O0030031,S0042,2025-01-18,Item not as described,19.57,Completed
R0001521,O0017756,S0025,2024-11-24,Quality below expectation,30.51,Completed
R0003564,O0035805,S0050,2025-05-04,Changed my mind,60.92,Completed
R0004143,O0040800,S0057,2025-09-25,Item not as described,24.61,Completed
R0004255,O0041603,S0058,2025-07-25,Better price found elsewhere,50.0,Pending
R0001123,O0013557,S0019,2025-06-29,Better price found elsewhere,42.75,Completed
R0003158,O0032683,S0046,2024-06-24,Quality below expectation,22.78,Completed
R0002742,O0028884,S0040,2025-01-17,Damaged on arrival,63.64,Completed
R0001967,O0022276,S0030,2025-12-14,Damaged on arrival,29.57,Pending
R0002118,O0024036,S0033,2024-12-22,Changed my mind,41.89,Complete
R0001993,O0022656,S0031,2025-04-11,Damaged on arrival,70.73,Completed
R0003013,O0031538,S0045,2024-04-13,Damaged on arrival,35.11,Completed
R0001105,O0013254,S0019,2024-10-25,Changed my mind,28.27,Pending
R0002623,O0028412,S0039,2025-02-07,Better price found elsewhere,73.0,Rejected
R0004279,O0041696,S0058,2025-10-07,Changed my mind,70.61,Completed
R0000305,O0003815,S0006,2025-02-24,Size/fit issue,68.8,Completed
R0003642,O0036229,S0051,2024-07-09,Damaged on arrival,38.71,Completed
R0002662,O0028550,S0039,2025-10-25,Quality below expectation,40.38,Completed
R0002844,O0029400,S0041,2025-02-16,Unknown,68.61,Complete
R0002596,O0028283,S0039,2024-05-21,Better price found elsewhere,47.96,Completed
R0000910,O0011284,S0016,2025-09-26,Item not as described,43.09,Pending
R0000284,O0003481,S0006,2024-07-20,Missing parts/accessories,39.97,Pending
R0000785,O0009147,S0014,2024-08-13,Item not as described,39.43,Completed
R0001292,O0015229,S0022,2024-06-28,Better price found elsewhere,85.02,Completed
R0001232,O0014933,S0021,2025-10-11,Quality below expectation,43.1,Completed
R0000314,O0003948,S0006,2025-06-09,Changed my mind,57.11,Complete
R0001574,O0017982,S0025,2025-07-08,Damaged on arrival,50.11,Rejected
R0004047,O0040060,S0056,2025-09-22,Size/fit issue,49.35,Completed
R0001942,O0021796,S0030,2024-11-15,Quality below expectation,33.66,Completed
R0000423,O0005105,S0009,2024-02-19,Size/fit issue,17.87,Completed
R0001042,O0012652,S0018,2025-04-17,Counterfeit suspected,37.69,Pending
R0003482,O0035229,S0049,2025-10-27,Quality below expectation,60.35,Rejected
R0000218,O0002533,S0004,2025-11-05,Counterfeit suspected,66.86,Completed
R0001643,O0018350,S0026,2024-07-31,Changed my mind,33.02,Complete
R0001463,O0017467,S0025,2024-01-20,Item not as described,26.04,Completed
R0002341,O0025641,S0035,2025-04-29,Changed my mind,24.41,Completed
R0000478,O0005605,S0010,2024-02-22,Counterfeit suspected,81.74,Completed
R0003742,O0037942,S0053,2024-06-25,Changed my mind,29.8,Completed
R0004421,O0042687,S0060,2024-08-15,Size/fit issue,40.28,Completed
R0000464,O0005571,S0010,2024-01-06,Size/fit issue,47.89,Complete
R0000160,O0001715,S0003,2025-05-30,Size/fit issue,51.68,Completed
R0003296,O0034517,S0048,2025-11-28,Wrong item shipped,24.97,Completed
R0003229,O0033810,S0047,2025-08-03,Size/fit issue,63.09,Completed
R0001941,O0021719,S0030,2024-09-30,Damaged on arrival,53.57,Completed
R0003098,O0032274,S0045,2025-10-18,Better price found elsewhere,15.42,Complete
R0003181,O0032847,S0046,2024-10-26,Better price found elsewhere,68.25,Pending
R0000184,O0001927,S0003,2025-11-20,Changed my mind,49.78,Completed
R0000466,O0005574,S0010,2024-02-01,Unknown,31.35,Rejected
R0000165,O0001724,S0003,2025-06-08,Better price found elsewhere,57.72,Completed
R0000120,O0001536,S0003,2025-02-07,Wrong item shipped,33.68,Rejected
R0001687,O0018623,S0026,2025-07-06,Damaged on arrival,27.68,Pending
R0002382,O0026021,S0036,2024-05-05,Size/fit issue,33.21,Completed
R0003483,O0035235,S0049,2025-10-12,Damaged on arrival,53.22,Completed
R0004411,O0042618,S0060,2024-04-29,Wrong item shipped,59.47,Completed
R0003639,O0036220,S0051,2024-08-16,Item not as described,25.28,Complete
R0002616,O0028365,S0039,2024-09-19,Missing parts/accessories,126.4,Completed
R0004251,O0041581,S0058,2025-07-16,Size/fit issue,27.22,Completed
R0001836,O0020769,S0029,2024-05-31,Quality below expectation,22.02,Completed
R0004369,O0042437,S0059,2025-10-01,Missing parts/accessories,55.65,Complete
R0004031,O0039751,S0056,2024-07-01,Better price found elsewhere,48.57,Completed
R0001072,O0013002,S0019,2024-05-14,Damaged on arrival,36.61,Completed
R0003184,O0032868,S0046,2024-10-29,Damaged on arrival,58.06,Completed
R0001859,O0020870,S0029,2024-09-03,Quality below expectation,46.17,Completed
R0000435,O0005182,S0009,2024-06-23,Better price found elsewhere,54.8,Rejected
R0003936,O0038961,S0054,2025-06-23,Item not as described,31.68,Complete
R0002762,O0028990,S0040,2025-05-01,Changed my mind,75.02,Completed
R0000720,O0008480,S0013,2024-02-17,Damaged on arrival,99.3,Completed
R0001826,O0020692,S0029,2024-03-12,Item not as described,27.12,Rejected
R0001134,O0013932,S0020,2024-04-12,Wrong item shipped,92.57,Completed
R0002063,O0023488,S0032,2025-06-25,Quality below expectation,29.4,Completed
R0002083,O0023744,S0033,2024-02-26,Late delivery,32.35,Completed
R0001235,O0014939,S0021,2025-10-13,Item not as described,63.98,Completed
R0001947,O0021823,S0030,2024-12-30,Quality below expectation,58.31,Completed
R0002907,O0030128,S0042,2025-04-03,Item not as described,56.62,Pending
R0003314,O0034597,S0049,2024-02-12,Wrong item shipped,71.93,Completed
R0003127,O0032513,S0046,2024-03-06,Changed my mind,23.77,Completed
R0001505,O0017642,S0025,2024-07-31,Damaged on arrival,21.18,Completed
R0003728,O0037604,S0052,2025-07-03,Size/fit issue,31.29,Completed
R0004061,O0040260,S0057,2024-05-19,Size/fit issue,27.75,Completed
R0003392,O0034905,S0049,2024-11-17,Wrong item shipped,43.42,Rejected
R0001852,O0020846,S0029,2024-07-31,Unknown,87.58,Completed
R0003654,O0036290,S0051,2024-10-12,Better price found elsewhere,19.12,Complete
R0000049,O0000927,S0002,2025-05-25,Item not as described,26.12,Completed
R0002082,O0023743,S0033,2024-02-29,Late delivery,53.35,Completed
R0002526,O0027467,S0037,2025-12-10,Changed my mind,86.55,Completed
R0001590,O0018045,S0025,2025-07-25,Quality below expectation,45.38,Complete
R0003697,O0037202,S0052,2024-09-23,Wrong item shipped,14.58,Pending
R0000586,O0006238,S0010,2025-05-27,Wrong item shipped,31.25,Completed
R0000975,O0012043,S0017,2025-06-12,Missing parts/accessories,20.33,Completed
R0003203,O0033350,S0046,2025-12-21,Counterfeit suspected,30.76,Completed
R0000784,O0009142,S0014,2024-08-30,Damaged on arrival,33.68,Completed
R0001462,O0017450,S0025,2024-01-16,Item not as described,48.63,Completed
R0000501,O0005704,S0010,2024-05-10,Wrong item shipped,32.06,Rejected
R0000970,O0012012,S0017,2025-06-01,Better price found elsewhere,33.18,Pending
R0002292,O0025176,S0034,2026-01-11,Changed my mind,111.44,Completed
R0003826,O0038529,S0054,2024-07-10,Quality below expectation,35.8,Completed
R0002023,O0023013,S0032,2024-07-06,Late delivery,53.37,Pending
R0000595,O0006327,S0010,2025-07-05,Missing parts/accessories,36.98,Completed
R0002215,O0024817,S0034,2025-01-31,Better price found elsewhere,47.74,Completed
R0004117,O0040700,S0057,2025-07-16,Counterfeit suspected,86.16,Completed
R0001704,O0018793,S0027,2024-02-29,Damaged on arrival,52.51,Completed
R0001598,O0018064,S0025,2025-08-22,Better price found elsewhere,25.83,Complete
R0001686,O0018611,S0026,2025-06-09,Missing parts/accessories,52.09,Complete
R0004345,O0042357,S0059,2025-07-05,Item not as described,71.24,Completed
R0001461,O0017449,S0025,2024-01-26,Missing parts/accessories,24.09,Completed
R0000073,O0001225,S0003,2024-05-13,Late delivery,36.62,Complete
R0004185,O0040970,S0058,2024-03-05,Size/fit issue,25.13,Pending
R0004237,O0041482,S0058,2025-03-20,Damaged on arrival,18.72,Complete
R0003130,O0032525,S0046,2024-02-18,Changed my mind,51.31,Pending
R0004321,O0042239,S0059,2025-02-24,Missing parts/accessories,71.09,Rejected
R0001931,O0021704,S0030,2024-09-07,Late delivery,13.0,Completed
R0002402,O0026152,S0036,2024-08-24,Counterfeit suspected,25.42,Pending
R0000446,O0005251,S0009,2024-10-20,Wrong item shipped,32.93,Completed
R0002210,O0024805,S0034,2025-01-25,Wrong item shipped,48.75,Completed
R0001243,O0014966,S0021,2025-11-16,Unknown,53.22,Completed
R0002244,O0024976,S0034,2025-06-19,Quality below expectation,46.64,Completed
R0002275,O0025102,S0034,2025-11-02,Unknown,33.98,Completed
R0002786,O0029103,S0040,2025-10-12,Item not as described,87.28,Completed
R0004174,O0040931,S0058,2024-02-12,Changed my mind,57.33,Completed
R0001016,O0012429,S0018,2024-07-17,Late delivery,24.75,Completed
R0003055,O0031934,S0045,2025-01-24,Item not as described,14.63,Completed
R0001520,O0017752,S0025,2024-12-09,Item not as described,68.57,Completed
R0001917,O0021578,S0030,2024-05-12,Changed my mind,101.31,Pending
R0003292,O0034490,S0048,2025-10-27,Missing parts/accessories,17.08,Completed
R0002799,O0029151,S0040,2025-12-09,Changed my mind,33.8,Completed
R0000992,O0012208,S0017,2025-10-30,Damaged on arrival,31.79,Complete
R0002655,O0028525,S0039,2025-09-27,Unknown,46.66,Pending
R0000949,O0011770,S0017,2024-10-07,Size/fit issue,130.8,Completed
R0001819,O0020649,S0029,2024-03-05,Unknown,74.29,Completed
R0000710,O0008235,S0012,2025-06-28,Better price found elsewhere,30.5,Completed
R0003460,O0035139,S0049,2025-07-22,Damaged on arrival,20.59,Completed
R0002984,O0031183,S0044,2025-02-10,Size/fit issue,58.93,Pending
R0003360,O0034773,S0049,2024-07-20,Quality below expectation,145.54,Complete
R0002807,O0029165,S0040,2025-12-23,Late delivery,53.08,Complete
R0004243,O0041514,S0058,2025-04-25,Damaged on arrival,58.75,Completed
R0002681,O0028634,S0040,2024-04-11,Counterfeit suspected,54.08,Completed
R0002483,O0027083,S0037,2024-08-22,Quality below expectation,68.34,Complete
R0004001,O0039212,S0055,2024-01-15,Changed my mind,27.16,Completed
R0004412,O0042619,S0060,2024-04-30,Size/fit issue,88.43,Completed
R0001340,O0015861,S0022,2025-10-09,Missing parts/accessories,130.29,Rejected
R0002933,O0030302,S0042,2025-08-20,Size/fit issue,37.61,Completed
R0003212,O0033519,S0047,2024-08-01,Late delivery,103.62,Completed
R0002979,O0031073,S0044,2024-09-16,Item not as described,60.01,Completed
R0001714,O0018860,S0027,2024-05-15,Unknown,36.58,Complete
R0004428,O0042834,S0060,2025-01-11,Changed my mind,26.38,Completed
R0003424,O0034996,S0049,2025-02-28,Quality below expectation,37.96,Completed
R0001556,O0017918,S0025,2025-04-16,Item not as described,38.63,Completed
R0001831,O0020712,S0029,2024-03-31,Quality below expectation,51.46,Completed
R0003624,O0036118,S0051,2024-05-05,Changed my mind,49.64,Complete
R0002784,O0029095,S0040,2025-10-05,Changed my mind,73.43,Completed
R0001382,O0016480,S0023,2025-02-19,Size/fit issue,69.55,Pending
R0000098,O0001443,S0003,2024-11-17,Missing parts/accessories,25.93,Pending
R0001129,O0013745,S0019,2025-11-05,Changed my mind,88.87,Completed
R0003797,O0038446,S0054,2024-06-02,Missing parts/accessories,21.91,Completed
R0000587,O0006242,S0010,2025-05-22,Better price found elsewhere,63.51,Completed
R0002204,O0024746,S0034,2024-12-05,Changed my mind,25.8,Completed
R0003103,O0032296,S0045,2025-10-16,Late delivery,44.05,Completed
R0001627,O0018205,S0025,2025-12-09,Wrong item shipped,24.04,Completed
R0002391,O0026090,S0036,2024-06-28,Changed my mind,60.16,Completed
R0004082,O0040511,S0057,2025-01-25,Missing parts/accessories,34.97,Completed
R0004210,O0041244,S0058,2024-10-06,Changed my mind,79.68,Completed
R0002243,O0024974,S0034,2025-06-22,Damaged on arrival,58.23,Completed
R0003597,O0035962,S0050,2025-12-03,Item not as described,39.81,Completed
R0001927,O0021693,S0030,2024-08-24,Late delivery,55.32,Completed
R0002983,O0031166,S0044,2025-02-13,Wrong item shipped,39.6,Completed
R0001794,O0020135,S0028,2025-03-12,Wrong item shipped,37.92,Complete
R0001320,O0015533,S0022,2025-02-08,Wrong item shipped,29.27,Completed
R0004128,O0040763,S0057,2025-09-07,Wrong item shipped,44.17,Pending
R0001866,O0020907,S0029,2024-09-21,Late delivery,13.52,Completed
R0000981,O0012146,S0017,2025-08-31,Changed my mind,29.98,Completed
R0003795,O0038435,S0054,2024-05-07,Counterfeit suspected,81.44,Complete
R0001547,O0017867,S0025,2025-02-22,Damaged on arrival,13.77,Completed
R0001405,O0016772,S0023,2025-09-23,Size/fit issue,26.59,Completed
R0001355,O0015927,S0022,2025-11-21,Size/fit issue,18.44,Pending
R0002836,O0029339,S0041,2024-11-19,Size/fit issue,41.56,Completed
R0001608,O0018134,S0025,2025-10-20,Quality below expectation,40.64,Completed
R0002419,O0026238,S0036,2024-10-09,Wrong item shipped,25.49,Completed
R0002124,O0024059,S0033,2025-01-22,Quality below expectation,22.06,Pending
R0002159,O0024381,S0033,2025-12-14,Late delivery,47.77,Complete
R0002888,O0030029,S0042,2024-12-26,Changed my mind,87.64,Completed
R0003633,O0036157,S0051,2024-06-19,Damaged on arrival,28.64,Complete
R0001035,O0012602,S0018,2025-02-27,Missing parts/accessories,25.55,Completed
R0003324,O0034646,S0049,2024-04-17,Item not as described,41.85,Complete
R0000999,O0012268,S0017,2025-12-21,Damaged on arrival,25.13,Completed
R0003146,O0032596,S0046,2024-05-01,Changed my mind,18.41,Completed
R0000712,O0008291,S0012,2025-08-05,Unknown,61.72,Pending
R0002542,O0027617,S0038,2024-04-19,Size/fit issue,48.61,Completed
R0001652,O0018367,S0026,2024-08-06,Missing parts/accessories,44.94,Completed
R0000728,O0008531,S0013,2024-04-26,Late delivery,41.57,Complete
R0001268,O0015108,S0022,2024-03-28,Damaged on arrival,55.46,Pending
R0001304,O0015384,S0022,2024-10-08,Quality below expectation,49.95,Rejected
R0003580,O0035892,S0050,2025-09-09,Wrong item shipped,38.35,Completed
R0001860,O0020880,S0029,2024-09-19,Quality below expectation,127.88,Completed
R0003288,O0034427,S0048,2025-07-31,Wrong item shipped,15.38,Completed
R0001339,O0015853,S0022,2025-10-12,Missing parts/accessories,80.05,Completed
R0001095,O0013183,S0019,2024-08-18,Changed my mind,32.46,Complete
R0000570,O0006136,S0010,2025-03-01,Missing parts/accessories,50.51,Completed
R0002530,O0027496,S0037,2025-12-07,Quality below expectation,43.27,Completed
R0000252,O0003005,S0005,2025-03-16,Quality below expectation,42.0,Completed
R0003847,O0038598,S0054,2024-09-07,Item not as described,29.62,Complete
R0002002,O0022780,S0031,2025-10-07,Item not as described,88.19,Pending
R0001403,O0016763,S0023,2025-09-29,Size/fit issue,23.57,Completed
R0000773,O0009043,S0014,2024-05-22,Damaged on arrival,102.88,Completed
R0000799,O0009285,S0014,2024-12-22,Size/fit issue,24.91,Completed
R0001416,O0016838,S0023,2025-12-01,Quality below expectation,23.47,Pending
R0002754,O0028933,S0040,2025-03-18,Quality below expectation,103.62,Completed
R0002812,O0029179,S0040,2026-01-11,Unknown,54.15,Completed
R0004055,O0040200,S0057,2024-03-18,Late delivery,49.76,Completed
R0003275,O0034366,S0048,2025-07-11,Changed my mind,91.13,Rejected
R0000022,O0000461,S0001,2025-12-17,Missing parts/accessories,19.93,Completed
R0002103,O0023871,S0033,2024-07-16,Better price found elsewhere,81.84,Completed
R0003561,O0035783,S0050,2025-04-21,Better price found elsewhere,48.59,Completed
R0000350,O0004179,S0006,2025-12-03,Quality below expectation,57.14,Complete
R0002735,O0028864,S0040,2024-12-18,Wrong item shipped,57.88,Complete
R0003409,O0034958,S0049,2025-01-22,Quality below expectation,86.16,Complete
R0003123,O0032502,S0046,2024-03-13,Size/fit issue,59.06,Complete
R0001233,O0014934,S0021,2025-09-25,Damaged on arrival,40.13,Completed
R0002976,O0031045,S0044,2024-07-11,Missing parts/accessories,76.05,Completed
R0001914,O0021565,S0030,2024-05-22,Changed my mind,58.54,Completed
R0002003,O0022793,S0031,2025-11-21,Wrong item shipped,43.66,Pending
R0000935,O0011497,S0017,2024-03-31,Late delivery,31.14,Completed
R0000097,O0001436,S0003,2024-10-27,Changed my mind,48.91,Rejected
R0001347,O0015892,S0022,2025-11-10,Wrong item shipped,19.45,Rejected
R0001589,O0018041,S0025,2025-07-29,Item not as described,44.74,Completed
R0001973,O0022300,S0030,2025-12-30,Changed my mind,44.69,Completed
R0003466,O0035161,S0049,2025-08-15,Damaged on arrival,37.37,Completed
R0000482,O0005616,S0010,2024-02-10,Damaged on arrival,32.62,Rejected
R0001309,O0015408,S0022,2024-11-13,Counterfeit suspected,56.43,Completed
R0000087,O0001357,S0003,2024-08-22,Changed my mind,46.27,Pending
R0003471,O0035176,S0049,2025-10-04,Item not as described,23.87,Completed
R0004298,O0041969,S0059,2024-04-25,Size/fit issue,33.78,Completed
R0001007,O0012397,S0018,2024-05-25,Changed my mind,39.19,Completed
R0000654,O0007092,S0011,2025-02-23,Counterfeit suspected,94.24,Pending
R0001315,O0015433,S0022,2024-11-08,Size/fit issue,70.84,Completed
R0002207,O0024769,S0034,2024-12-28,Late delivery,56.67,Completed
R0001069,O0012989,S0019,2024-04-14,Size/fit issue,76.84,Completed
R0003965,O0039090,S0054,2025-10-20,Item not as described,84.95,Rejected
R0002325,O0025515,S0035,2024-12-13,Late delivery,11.24,Completed
R0003617,O0036088,S0051,2024-04-02,Counterfeit suspected,24.51,Completed
R0001238,O0014952,S0021,2025-10-14,Damaged on arrival,11.17,Completed
R0003116,O0032434,S0045,2026-01-12,Damaged on arrival,41.94,Completed
R0002705,O0028727,S0040,2024-06-25,Size/fit issue,37.32,Completed
R0001102,O0013233,S0019,2024-10-14,Size/fit issue,18.69,Completed
R0004359,O0042412,S0059,2025-08-28,Unknown,48.78,Rejected
R0000676,O0007525,S0012,2024-01-12,Missing parts/accessories,66.32,Pending
R0003778,O0038370,S0054,2024-04-03,Quality below expectation,72.15,Completed
R0001478,O0017528,S0025,2024-04-22,Quality below expectation,69.06,Completed
R0001566,O0017959,S0025,2025-06-16,Better price found elsewhere,34.49,Completed
R0000246,O0002909,S0005,2024-12-24,Missing parts/accessories,38.25,Complete
R0004123,O0040730,S0057,2025-08-04,Item not as described,49.25,Completed
R0003167,O0032749,S0046,2024-08-15,Counterfeit suspected,20.8,Completed
R0000198,O0002180,S0004,2024-08-11,Item not as described,62.05,Pending
R0003503,O0035303,S0049,2025-12-11,Missing parts/accessories,41.99,Completed
R0001327,O0015611,S0022,2025-04-03,Item not as described,19.41,Completed
R0000652,O0007053,S0011,2025-01-31,Wrong item shipped,36.28,Completed
R0001172,O0014505,S0021,2024-03-13,Changed my mind,9.27,Completed
R0000486,O0005626,S0010,2024-02-15,Item not as described,65.13,Completed
R0002175,O0024534,S0034,2024-04-26,Damaged on arrival,68.19,Completed
R0002782,O0029086,S0040,2025-09-19,Counterfeit suspected,28.09,Completed
R0000869,O0010582,S0016,2024-03-30,Changed my mind,18.31,Completed
R0003343,O0034715,S0049,2024-07-11,Quality below expectation,44.03,Completed
R0002881,O0029995,S0042,2024-12-06,Late delivery,58.18,Completed
R0002875,O0029937,S0042,2024-10-30,Quality below expectation,30.28,Completed
R0003819,O0038499,S0054,2024-06-09,Quality below expectation,77.81,Complete
R0000499,O0005699,S0010,2024-04-08,Missing parts/accessories,38.09,Completed
R0001108,O0013283,S0019,2024-12-12,Item not as described,50.7,Complete
R0002293,O0025177,S0034,2026-01-03,Item not as described,84.07,Completed
R0000704,O0008130,S0012,2025-05-06,Size/fit issue,40.81,Complete
R0001969,O0022289,S0030,2026-01-05,Missing parts/accessories,36.06,Completed
R0003192,O0033105,S0046,2025-05-12,Item not as described,96.55,Pending
R0003347,O0034736,S0049,2024-07-03,Damaged on arrival,41.79,Pending
R0003044,O0031818,S0045,2024-10-22,Wrong item shipped,35.12,Complete
R0004273,O0041666,S0058,2025-08-14,Size/fit issue,98.99,Completed
R0002793,O0029133,S0040,2025-11-22,Quality below expectation,38.02,Completed
R0003519,O0035438,S0050,2024-05-25,Counterfeit suspected,48.3,Completed
R0001514,O0017711,S0025,2024-09-26,Size/fit issue,41.24,Completed
R0002058,O0023443,S0032,2025-06-08,Better price found elsewhere,39.5,Completed
R0003201,O0033311,S0046,2025-11-19,Quality below expectation,10.72,Completed
R0000231,O0002588,S0004,2026-01-02,Late delivery,52.1,Completed
R0004091,O0040579,S0057,2025-02-08,Wrong item shipped,26.67,Complete
R0002723,O0028806,S0040,2024-09-19,Counterfeit suspected,47.35,Rejected
R0003236,O0033878,S0047,2025-10-26,Wrong item shipped,36.76,Completed
R0004337,O0042319,S0059,2025-05-15,Counterfeit suspected,57.37,Completed
R0000301,O0003766,S0006,2024-12-21,Changed my mind,70.56,Completed
R0001194,O0014704,S0021,2024-10-31,Counterfeit suspected,40.52,Complete
R0001682,O0018605,S0026,2025-07-03,Damaged on arrival,32.27,Rejected
R0001759,O0019345,S0027,2025-08-23,Better price found elsewhere,80.14,Complete
R0002940,O0030412,S0042,2025-12-01,Item not as described,35.17,Completed
R0003151,O0032635,S0046,2024-05-28,Size/fit issue,30.15,Completed
R0003208,O0033403,S0047,2024-02-01,Changed my mind,9.98,Complete
R0003601,O0035978,S0050,2025-12-15,Unknown,79.23,Completed
R0000125,O0001558,S0003,2025-01-17,Changed my mind,38.85,Completed
R0003754,O0038151,S0053,2025-07-14,Wrong item shipped,36.98,Complete
R0000913,O0011313,S0016,2025-11-11,Changed my mind,47.96,Completed
R0003230,O0033817,S0047,2025-08-29,Damaged on arrival,25.42,Completed
R0000368,O0004337,S0007,2024-10-02,Late delivery,35.0,Completed
R0000056,O0001101,S0003,2024-02-04,Better price found elsewhere,53.14,Completed
R0001275,O0015169,S0022,2024-04-21,Size/fit issue,39.0,Rejected
R0001757,O0019336,S0027,2025-08-03,Better price found elsewhere,43.0,Complete
R0002026,O0023090,S0032,2024-08-25,Counterfeit suspected,10.29,Pending
R0004376,O0042473,S0059,2025-10-23,Wrong item shipped,26.56,Pending
R0004377,O0042477,S0059,2025-10-20,Unknown,33.3,Completed
R0000213,O0002502,S0004,2025-09-25,Unknown,46.82,Completed
R0003050,O0031838,S0045,2024-10-22,Damaged on arrival,28.96,Pending
R0000484,O0005620,S0010,2024-03-09,Changed my mind,38.2,Completed
R0003828,O0038539,S0054,2024-08-02,Counterfeit suspected,42.06,Rejected
R0003441,O0035076,S0049,2025-05-08,Damaged on arrival,22.62,Complete
R0002440,O0026470,S0036,2025-03-05,Damaged on arrival,69.0,Pending
R0000031,O0000546,S0002,2024-03-31,Quality below expectation,37.09,Completed
R0003223,O0033786,S0047,2025-07-18,Item not as described,37.5,Completed
R0002758,O0028950,S0040,2025-03-20,Changed my mind,80.05,Pending
R0004096,O0040608,S0057,2025-04-03,Changed my mind,64.41,Completed
R0004341,O0042336,S0059,2025-06-23,Unknown,77.62,Pending
R0002314,O0025319,S0035,2024-06-07,Damaged on arrival,31.34,Completed
R0003152,O0032638,S0046,2024-05-26,Size/fit issue,80.42,Completed
R0001261,O0015033,S0022,2024-01-06,Missing parts/accessories,129.87,Complete
R0001449,O0017198,S0024,2025-02-11,Wrong item shipped,31.06,Complete
R0001781,O0019838,S0028,2024-09-09,Size/fit issue,47.65,Completed
R0003448,O0035091,S0049,2025-07-06,Wrong item shipped,14.73,Completed
R0000662,O0007196,S0011,2025-05-08,Size/fit issue,58.33,Pending
R0000559,O0006023,S0010,2025-01-08,Item not as described,27.61,Completed
R0002985,O0031203,S0044,2025-03-22,Wrong item shipped,63.66,Rejected
R0000679,O0007558,S0012,2024-03-07,Changed my mind,39.67,Pending
R0000832,O0009921,S0015,2024-07-22,Late delivery,65.73,Complete
R0002541,O0027613,S0038,2024-03-16,Changed my mind,41.91,Rejected
R0001255,O0015007,S0022,2024-02-03,Size/fit issue,46.65,Completed
R0002220,O0024838,S0034,2025-03-02,Better price found elsewhere,38.86,Completed
R0001115,O0013364,S0019,2025-02-01,Better price found elsewhere,53.99,Pending
R0003892,O0038768,S0054,2025-03-08,Item not as described,23.09,Completed
R0003876,O0038717,S0054,2024-12-26,Better price found elsewhere,81.49,Complete
R0002053,O0023419,S0032,2025-05-30,Changed my mind,62.57,Completed
R0001611,O0018146,S0025,2025-10-16,Counterfeit suspected,33.24,Completed
R0000617,O0006441,S0010,2025-11-17,Late delivery,50.02,Complete
R0000357,O0004272,S0007,2024-05-26,Missing parts/accessories,22.77,Pending
R0004420,O0042679,S0060,2024-08-02,Counterfeit suspected,35.21,Complete
R0001984,O0022515,S0031,2024-09-21,Wrong item shipped,49.78,Complete
R0002396,O0026108,S0036,2024-06-25,Missing parts/accessories,38.74,Rejected
R0003850,O0038609,S0054,2024-09-28,Item not as described,26.05,Completed
R0003097,O0032263,S0045,2025-08-27,Size/fit issue,125.12,Completed
R0001500,O0017613,S0025,2024-07-12,Late delivery,79.45,Pending
R0002007,O0022848,S0032,2024-01-19,Changed my mind,31.53,Rejected
R0001246,O0014977,S0021,2025-12-07,Wrong item shipped,14.56,Complete
R0002112,O0024003,S0033,2024-12-18,Counterfeit suspected,42.18,Pending
R0001076,O0013038,S0019,2024-06-06,Quality below expectation,32.16,Completed
R0004290,O0041884,S0059,2024-02-07,Quality below expectation,26.35,Completed
R0002430,O0026324,S0036,2024-11-15,Changed my mind,25.14,Completed
R0003838,O0038571,S0054,2024-08-30,Damaged on arrival,55.74,Completed
R0003365,O0034795,S0049,2024-09-03,Quality below expectation,144.68,Complete
R0003727,O0037601,S0052,2025-06-27,Better price found elsewhere,57.2,Pending
R0003379,O0034839,S0049,2024-10-21,Counterfeit suspected,66.2,Rejected
R0002581,O0028047,S0038,2025-08-07,Item not as described,70.15,Completed
R0002747,O0028905,S0040,2025-03-03,Quality below expectation,26.43,Complete
R0004252,O0041591,S0058,2025-06-05,Wrong item shipped,10.64,Completed
R0004398,O0042568,S0060,2024-02-06,Damaged on arrival,49.55,Complete
R0002837,O0029360,S0041,2024-12-28,Size/fit issue,80.64,Pending
R0003615,O0036073,S0051,2024-03-08,Late delivery,30.26,Complete
R0003206,O0033388,S0047,2024-01-27,Damaged on arrival,21.23,Rejected
R0004278,O0041694,S0058,2025-08-25,Counterfeit suspected,29.33,Completed
R0002545,O0027645,S0038,2024-05-29,Late delivery,54.06,Completed
R0000893,O0010971,S0016,2025-02-12,Size/fit issue,42.52,Completed
R0002261,O0025062,S0034,2025-10-08,Quality below expectation,60.41,Completed
R0002136,O0024151,S0033,2025-04-14,Size/fit issue,23.28,Rejected
R0000342,O0004162,S0006,2025-11-24,Changed my mind,56.0,Complete
R0001990,O0022624,S0031,2025-03-28,Better price found elsewhere,48.86,Completed
R0001365,O0015999,S0023,2024-01-24,Better price found elsewhere,109.66,Completed
R0000002,O0000114,S0001,2024-06-19,Better price found elsewhere,38.57,Completed
R0001470,O0017494,S0025,2024-03-11,Wrong item shipped,51.43,Completed
R0001359,O0015937,S0022,2025-12-03,Better price found elsewhere,10.2,Completed
R0001183,O0014597,S0021,2024-06-27,Better price found elsewhere,26.12,Completed
R0003763,O0038274,S0054,2024-02-07,Counterfeit suspected,67.52,Completed
R0001579,O0018008,S0025,2025-06-18,Damaged on arrival,13.67,Rejected
R0001839,O0020783,S0029,2024-06-10,Changed my mind,58.04,Complete
R0003695,O0037155,S0052,2024-08-29,Missing parts/accessories,69.14,Completed
R0003777,O0038364,S0054,2024-03-29,Missing parts/accessories,51.19,Complete
R0001833,O0020743,S0029,2024-04-26,Better price found elsewhere,69.36,Completed
R0000748,O0008881,S0013,2025-11-21,Better price found elsewhere,51.06,Completed
R0001419,O0016850,S0023,2026-01-14,Better price found elsewhere,35.0,Completed
R0003612,O0036043,S0051,2024-03-02,Quality below expectation,24.45,Complete
R0002227,O0024876,S0034,2025-04-05,Item not as described,32.26,Completed
R0000934,O0011492,S0017,2024-03-27,Damaged on arrival,12.91,Complete
R0004348,O0042368,S0059,2025-08-09,Missing parts/accessories,45.53,Completed
R0002968,O0030942,S0044,2024-03-22,Changed my mind,121.96,Completed
R0001861,O0020890,S0029,2024-09-30,Better price found elsewhere,17.19,Pending
R0000874,O0010675,S0016,2024-06-25,Quality below expectation,17.92,Complete
R0001322,O0015547,S0022,2025-02-03,Wrong item shipped,34.84,Completed
R0001991,O0022637,S0031,2025-03-21,Late delivery,32.41,Pending
R0000746,O0008761,S0013,2025-07-07,Better price found elsewhere,34.27,Completed
R0003122,O0032500,S0046,2024-02-11,Item not as described,108.94,Completed
R0001197,O0014714,S0021,2024-12-03,Size/fit issue,41.13,Completed
R0001747,O0019155,S0027,2025-02-05,Missing parts/accessories,51.44,Complete
R0001696,O0018729,S0026,2025-12-10,Quality below expectation,63.77,Completed
R0001336,O0015842,S0022,2025-09-17,Item not as described,11.98,Completed
R0000265,O0003225,S0005,2025-11-11,Late delivery,60.52,Completed
R0000179,O0001854,S0003,2025-09-11,Wrong item shipped,72.25,Completed
R0003577,O0035851,S0050,2025-07-17,Item not as described,17.99,Completed
R0002134,O0024136,S0033,2025-04-25,Changed my mind,44.35,Pending
R0000675,O0007520,S0012,2024-01-20,Better price found elsewhere,45.99,Pending
R0004413,O0042621,S0060,2024-05-03,Item not as described,24.25,Complete
R0001027,O0012496,S0018,2024-09-24,Item not as described,35.18,Complete
R0003759,O0038262,S0054,2024-01-27,Quality below expectation,11.71,Completed
R0000311,O0003902,S0006,2025-04-17,Quality below expectation,84.2,Complete
R0004416,O0042639,S0060,2024-06-02,Quality below expectation,48.42,Rejected
R0003408,O0034956,S0049,2025-02-03,Item not as described,18.86,Completed
R0004266,O0041634,S0058,2025-08-16,Counterfeit suspected,64.03,Completed
R0003325,O0034650,S0049,2024-05-06,Item not as described,44.99,Completed
R0002890,O0030032,S0042,2025-01-20,Late delivery,52.29,Complete
R0001363,O0015942,S0022,2025-11-12,Changed my mind,39.73,Completed
R0003220,O0033749,S0047,2025-04-22,Changed my mind,53.72,Completed
R0004361,O0042417,S0059,2025-09-04,Better price found elsewhere,46.74,Pending
R0004213,O0041278,S0058,2024-10-19,Better price found elsewhere,96.88,Completed
R0003794,O0038432,S0054,2024-05-22,Better price found elsewhere,62.11,Pending
R0001841,O0020794,S0029,2024-06-28,Wrong item shipped,51.48,Completed
R0000226,O0002562,S0004,2025-12-10,Wrong item shipped,82.03,Completed
R0001926,O0021690,S0030,2024-08-22,Changed my mind,30.3,Completed
R0002576,O0027992,S0038,2025-05-15,Size/fit issue,41.07,Completed
R0003523,O0035461,S0050,2024-07-10,Better price found elsewhere,33.26,Completed
R0001961,O0022063,S0030,2025-06-03,Quality below expectation,25.34,Pending
R0004264,O0041631,S0058,2025-07-15,Quality below expectation,52.58,Complete
R0002749,O0028916,S0040,2025-03-11,Late delivery,44.54,Pending
R0003804,O0038467,S0054,2024-05-19,Item not as described,29.79,Completed
R0000448,O0005264,S0009,2024-10-30,Better price found elsewhere,55.89,Completed
R0000831,O0009919,S0015,2024-07-23,Item not as described,96.58,Pending
R0003625,O0036128,S0051,2024-04-15,Size/fit issue,15.27,Completed
R0002318,O0025365,S0035,2024-07-18,Changed my mind,33.78,Completed
R0002476,O0027012,S0037,2024-05-12,Changed my mind,17.94,Completed
R0003108,O0032323,S0045,2025-10-14,Wrong item shipped,18.15,Completed
R0001131,O0013861,S0019,2025-12-28,Quality below expectation,36.41,Completed
R0002761,O0028980,S0040,2025-05-01,Wrong item shipped,39.08,Rejected
R0003722,O0037542,S0052,2025-05-20,Quality below expectation,54.73,Complete
R0001140,O0013997,S0020,2024-06-11,Size/fit issue,33.54,Completed
R0003367,O0034804,S0049,2024-09-18,Counterfeit suspected,54.15,Complete
R0001721,O0018912,S0027,2024-06-01,Missing parts/accessories,26.49,Completed
R0004311,O0042131,S0059,2024-10-29,Wrong item shipped,34.74,Completed
R0001214,O0014843,S0021,2025-06-03,Item not as described,22.9,Completed
R0000419,O0005072,S0009,2024-01-22,Counterfeit suspected,61.53,Complete
R0001002,O0012370,S0018,2024-05-08,Quality below expectation,71.66,Pending
R0002111,O0024001,S0033,2024-12-02,Wrong item shipped,19.49,Complete
R0001447,O0017158,S0024,2025-01-07,Wrong item shipped,38.36,Complete
R0002365,O0025852,S0035,2025-12-06,Wrong item shipped,54.53,Completed
R0004145,O0040806,S0057,2025-11-02,Counterfeit suspected,81.08,Completed
R0003173,O0032789,S0046,2024-09-11,Better price found elsewhere,11.9,Completed
R0002614,O0028362,S0039,2024-10-06,Item not as described,27.18,Completed
R0002237,O0024951,S0034,2025-05-18,Quality below expectation,54.36,Completed
R0002056,O0023430,S0032,2025-06-07,Better price found elsewhere,37.65,Pending
R0000372,O0004381,S0007,2024-12-20,Item not as described,100.98,Pending
R0000138,O0001636,S0003,2025-03-19,Changed my mind,48.55,Completed
R0000540,O0005932,S0010,2024-10-13,Changed my mind,14.73,Completed
R0002685,O0028647,S0040,2024-03-31,Missing parts/accessories,37.72,Completed
R0001666,O0018539,S0026,2025-03-31,Better price found elsewhere,31.63,Completed
R0002595,O0028276,S0039,2024-04-23,Wrong item shipped,27.35,Completed
R0000310,O0003899,S0006,2025-05-03,Better price found elsewhere,94.92,Complete
R0002813,O0029181,S0040,2026-01-06,Better price found elsewhere,21.03,Complete
R0001670,O0018563,S0026,2025-05-05,Changed my mind,50.35,Completed
R0002591,O0028246,S0039,2024-02-19,Damaged on arrival,34.54,Completed
R0001456,O0017363,S0024,2025-08-10,Changed my mind,27.78,Complete
R0001324,O0015553,S0022,2025-03-01,Missing parts/accessories,16.58,Completed
R0001951,O0021840,S0030,2025-01-01,Unknown,27.28,Pending
R0000911,O0011293,S0016,2025-10-15,Changed my mind,26.92,Completed
R0000135,O0001605,S0003,2025-02-25,Changed my mind,54.85,Pending
R0002715,O0028771,S0040,2024-08-19,Late delivery,14.24,Completed
R0003576,O0035841,S0050,2025-06-15,Item not as described,46.62,Completed
R0003543,O0035650,S0050,2025-01-14,Wrong item shipped,90.27,Complete
R0001234,O0014937,S0021,2025-11-13,Counterfeit suspected,55.8,Completed
R0003285,O0034413,S0048,2025-07-28,Changed my mind,44.76,Completed
R0002185,O0024620,S0034,2024-07-27,Quality below expectation,11.6,Completed
R0004201,O0041152,S0058,2024-07-31,Damaged on arrival,11.0,Complete
R0003132,O0032537,S0046,2024-04-14,Damaged on arrival,42.03,Completed
R0003517,O0035432,S0050,2024-05-24,Size/fit issue,36.92,Completed
R0002511,O0027245,S0037,2025-02-06,Damaged on arrival,18.07,Completed
R0000560,O0006047,S0010,2024-12-15,Size/fit issue,49.3,Completed
R0001962,O0022133,S0030,2025-09-05,Missing parts/accessories,43.08,Complete
R0002760,O0028979,S0040,2025-05-01,Wrong item shipped,53.21,Completed
R0003072,O0032004,S0045,2025-03-16,Quality below expectation,33.64,Completed
R0001199,O0014723,S0021,2024-12-11,Changed my mind,33.6,Completed
R0000094,O0001424,S0003,2024-11-04,Changed my mind,116.83,Completed
R0001422,O0016857,S0023,2025-12-16,Changed my mind,40.12,Completed
R0000527,O0005857,S0010,2024-08-05,Changed my mind,114.42,Completed
R0001092,O0013158,S0019,2024-09-09,Damaged on arrival,37.64,Complete
R0004343,O0042344,S0059,2025-06-23,Late delivery,30.49,Completed
R0003648,O0036256,S0051,2024-08-30,Changed my mind,56.27,Completed
R0003168,O0032753,S0046,2024-08-17,Missing parts/accessories,38.6,Completed
R0001369,O0016131,S0023,2024-06-01,Late delivery,35.6,Completed
R0000678,O0007529,S0012,2024-01-19,Changed my mind,55.36,Completed
R0002298,O0025198,S0035,2024-02-07,Damaged on arrival,55.02,Rejected
R0002368,O0025873,S0035,2026-01-07,Quality below expectation,74.72,Completed
R0001226,O0014913,S0021,2025-09-07,Item not as described,74.42,Completed
R0001428,O0016887,S0023,2026-01-11,Changed my mind,37.71,Complete
R0004245,O0041519,S0058,2025-04-14,Unknown,65.26,Completed
R0000308,O0003866,S0006,2025-03-31,Wrong item shipped,18.42,Complete
R0000459,O0005506,S0009,2025-11-15,Late delivery,32.42,Completed
R0002333,O0025566,S0035,2025-02-24,Item not as described,91.65,Completed
R0003374,O0034825,S0049,2024-10-13,Quality below expectation,17.49,Completed
R0002234,O0024922,S0034,2025-05-10,Counterfeit suspected,45.14,Completed
R0000258,O0003114,S0005,2025-08-07,Changed my mind,36.69,Completed
R0004208,O0041232,S0058,2024-10-06,Changed my mind,74.47,Completed
R0003469,O0035170,S0049,2025-08-15,Wrong item shipped,134.15,Completed
R0003382,O0034858,S0049,2024-10-28,Damaged on arrival,26.37,Completed
R0000424,O0005108,S0009,2024-03-09,Missing parts/accessories,24.15,Completed
R0000716,O0008346,S0012,2025-11-03,Changed my mind,62.26,Completed
R0000309,O0003874,S0006,2025-04-02,Size/fit issue,75.86,Completed
R0004095,O0040601,S0057,2025-04-12,Changed my mind,63.94,Completed
R0002315,O0025338,S0035,2024-06-16,Better price found elsewhere,52.96,Pending
R0000287,O0003596,S0006,2024-08-29,Changed my mind,39.91,Completed
R0003666,O0036368,S0051,2024-12-03,Changed my mind,33.16,Rejected
R0001367,O0016111,S0023,2024-05-09,Size/fit issue,55.64,Rejected
R0001612,O0018149,S0025,2025-10-10,Damaged on arrival,114.39,Completed
R0002617,O0028387,S0039,2024-11-20,Wrong item shipped,41.97,Completed
R0001019,O0012446,S0018,2024-07-12,Changed my mind,69.61,Complete
R0000178,O0001846,S0003,2025-09-10,Quality below expectation,27.6,Complete
R0002796,O0029145,S0040,2025-12-04,Quality below expectation,84.21,Pending
R0001397,O0016749,S0023,2025-09-18,Wrong item shipped,47.05,Completed
R0001352,O0015923,S0022,2025-11-30,Wrong item shipped,60.97,Completed
R0000856,O0010348,S0015,2025-09-07,Better price found elsewhere,48.24,Complete
R0000288,O0003619,S0006,2024-09-20,Item not as described,58.58,Complete
R0003194,O0033127,S0046,2025-06-11,Better price found elsewhere,76.93,Completed
R0002765,O0028997,S0040,2025-05-31,Item not as described,22.12,Pending
R0003357,O0034763,S0049,2024-08-05,Damaged on arrival,47.78,Completed
R0003052,O0031882,S0045,2024-11-29,Quality below expectation,41.56,Pending
R0000727,O0008528,S0013,2024-05-01,Missing parts/accessories,86.99,Completed
R0002624,O0028418,S0039,2025-01-25,Counterfeit suspected,24.78,Complete
R0001333,O0015834,S0022,2025-10-17,Changed my mind,20.89,Completed
R0000986,O0012172,S0017,2025-09-20,Wrong item shipped,63.31,Complete
R0003138,O0032559,S0046,2024-03-08,Late delivery,64.58,Completed
R0000066,O0001122,S0003,2024-03-21,Damaged on arrival,29.41,Completed
R0000439,O0005197,S0009,2024-07-13,Quality below expectation,60.25,Pending
R0000134,O0001598,S0003,2025-02-13,Size/fit issue,17.22,Complete
R0001576,O0017988,S0025,2025-06-15,Item not as described,33.05,Completed
R0004018,O0039534,S0055,2025-07-21,Item not as described,111.59,Complete
R0001979,O0022402,S0031,2024-05-24,Unknown,22.57,Completed
R0000877,O0010712,S0016,2024-06-21,Wrong item shipped,62.9,Completed
R0003304,O0034565,S0049,2024-01-19,Quality below expectation,38.48,Completed
R0004333,O0042310,S0059,2025-06-02,Wrong item shipped,26.84,Completed
R0000106,O0001459,S0003,2024-11-29,Wrong item shipped,21.27,Completed
R0002011,O0022894,S0032,2024-03-30,Changed my mind,62.52,Pending
R0002355,O0025778,S0035,2025-09-30,Counterfeit suspected,32.4,Completed
R0002808,O0029167,S0040,2026-01-10,Damaged on arrival,72.3,Completed
R0002216,O0024820,S0034,2025-02-23,Wrong item shipped,14.65,Rejected
R0000997,O0012256,S0017,2025-12-15,Size/fit issue,27.68,Completed
R0002674,O0028601,S0040,2024-01-23,Damaged on arrival,37.01,Completed
R0000954,O0011818,S0017,2025-01-01,Wrong item shipped,19.27,Completed
R0001825,O0020688,S0029,2024-03-24,Quality below expectation,53.34,Completed
R0002434,O0026379,S0036,2025-01-24,Damaged on arrival,26.58,Completed
R0000759,O0008945,S0014,2024-03-05,Wrong item shipped,70.2,Completed
R0000276,O0003376,S0006,2024-03-27,Late delivery,70.58,Rejected
R0001089,O0013133,S0019,2024-08-04,Changed my mind,23.79,Complete
R0002500,O0027184,S0037,2024-12-31,Unknown,62.61,Completed
R0001252,O0014992,S0021,2026-01-10,Counterfeit suspected,55.08,Completed
R0002861,O0029563,S0041,2025-12-27,Damaged on arrival,14.19,Complete
R0003327,O0034659,S0049,2024-04-18,Missing parts/accessories,25.28,Completed
R0002094,O0023782,S0033,2024-03-27,Wrong item shipped,62.03,Completed
R0002550,O0027688,S0038,2024-06-12,Changed my mind,71.63,Pending
R0003848,O0038602,S0054,2024-09-19,Quality below expectation,34.81,Complete
R0003265,O0034225,S0048,2024-12-18,Size/fit issue,89.9,Completed
R0002604,O0028325,S0039,2024-07-29,Better price found elsewhere,164.55,Completed
R0001761,O0019497,S0028,2024-01-22,Size/fit issue,39.01,Completed
R0001528,O0017790,S0025,2024-12-21,Damaged on arrival,51.04,Completed
R0002061,O0023468,S0032,2025-06-29,Late delivery,40.56,Complete
R0001273,O0015161,S0022,2024-04-10,Quality below expectation,48.08,Completed
R0000035,O0000647,S0002,2024-07-05,Changed my mind,25.15,Complete
R0003921,O0038901,S0054,2025-06-10,Size/fit issue,35.96,Pending
R0000547,O0005977,S0010,2024-10-21,Damaged on arrival,32.2,Completed
R0002062,O0023476,S0032,2025-06-25,Late delivery,28.97,Completed
R0000027,O0000486,S0001,2025-12-07,Size/fit issue,86.01,Rejected
R0004379,O0042487,S0059,2025-11-20,Item not as described,61.29,Complete
R0000317,O0003959,S0006,2025-05-19,Quality below expectation,23.53,Completed
R0003671,O0036416,S0051,2024-12-14,Counterfeit suspected,47.56,Complete
R0003018,O0031571,S0045,2024-04-14,Better price found elsewhere,87.18,Complete
R0001300,O0015281,S0022,2024-07-25,Size/fit issue,29.17,Rejected
R0000195,O0002134,S0004,2024-06-15,Late delivery,47.05,Rejected
R0002246,O0024988,S0034,2025-06-20,Counterfeit suspected,32.52,Pending
R0000080,O0001242,S0003,2024-05-26,Changed my mind,56.39,Rejected
R0002661,O0028548,S0039,2025-10-31,Quality below expectation,17.5,Completed
R0002247,O0024989,S0034,2025-07-08,Better price found elsewhere,17.92,Completed
R0001871,O0020940,S0029,2024-10-26,Changed my mind,75.9,Completed
R0000455,O0005436,S0009,2025-07-30,Better price found elsewhere,58.42,Completed
R0000871,O0010640,S0016,2024-06-20,Unknown,51.28,Completed
R0004226,O0041450,S0058,2025-02-25,Better price found elsewhere,31.5,Completed
R0003088,O0032131,S0045,2025-07-03,Size/fit issue,29.03,Complete
R0003814,O0038489,S0054,2024-06-22,Unknown,53.08,Completed
R0003990,O0039167,S0054,2025-12-03,Quality below expectation,60.55,Completed
R0001349,O0015905,S0022,2025-10-29,Unknown,69.24,Completed
R0002295,O0025182,S0034,2025-12-11,Item not as described,31.75,Rejected
R0002702,O0028721,S0040,2024-07-17,Counterfeit suspected,55.53,Completed
R0001009,O0012409,S0018,2024-07-13,Better price found elsewhere,34.61,Completed
R0002546,O0027655,S0038,2024-05-22,Changed my mind,53.7,Completed
R0000095,O0001426,S0003,2024-11-09,Counterfeit suspected,28.29,Completed
R0001230,O0014926,S0021,2025-09-18,Unknown,59.91,Pending
R0000092,O0001418,S0003,2024-09-26,Damaged on arrival,25.33,Completed
R0002044,O0023297,S0032,2025-01-11,Changed my mind,42.07,Pending
R0001036,O0012611,S0018,2025-02-24,Wrong item shipped,55.15,Completed
R0000878,O0010719,S0016,2024-07-08,Damaged on arrival,54.45,Completed
R0003394,O0034910,S0049,2024-12-10,Late delivery,60.26,Complete
R0000786,O0009161,S0014,2024-09-05,Late delivery,34.69,Completed
R0001376,O0016313,S0023,2024-09-25,Counterfeit suspected,41.89,Completed
R0001250,O0014987,S0021,2025-12-24,Wrong item shipped,42.91,Complete
R0004199,O0041106,S0058,2024-05-20,Wrong item shipped,37.13,Complete
R0002030,O0023112,S0032,2024-10-04,Better price found elsewhere,28.22,Completed
R0003815,O0038490,S0054,2024-06-26,Changed my mind,42.16,Complete
R0003291,O0034489,S0048,2025-10-17,Better price found elsewhere,21.32,Completed
R0002828,O0029293,S0041,2024-08-26,Missing parts/accessories,63.99,Pending
R0002825,O0029250,S0041,2024-06-12,Changed my mind,79.17,Complete
R0001786,O0019962,S0028,2024-11-14,Wrong item shipped,49.86,Pending
R0002839,O0029365,S0041,2024-12-30,Unknown,32.01,Completed
R0002092,O0023774,S0033,2024-03-29,Missing parts/accessories,81.09,Completed
R0002607,O0028341,S0039,2024-08-09,Changed my mind,86.77,Pending
R0001331,O0015822,S0022,2025-09-01,Size/fit issue,109.16,Complete
R0004427,O0042811,S0060,2025-01-04,Size/fit issue,27.61,Completed
R0001865,O0020906,S0029,2024-10-02,Unknown,30.17,Completed
R0002036,O0023128,S0032,2024-09-13,Late delivery,27.79,Completed
R0002042,O0023161,S0032,2024-10-25,Item not as described,33.03,Complete
R0003955,O0039054,S0054,2025-09-22,Quality below expectation,51.92,Completed
R0003864,O0038666,S0054,2024-12-02,Quality below expectation,26.99,Completed
R0000638,O0006659,S0011,2024-03-21,Size/fit issue,43.62,Complete
R0001269,O0015137,S0022,2024-05-11,Counterfeit suspected,68.59,Completed
R0003079,O0032028,S0045,2025-03-29,Size/fit issue,40.73,Completed
R0001023,O0012466,S0018,2024-09-01,Counterfeit suspected,23.1,Completed
R0003042,O0031810,S0045,2024-10-25,Damaged on arrival,34.91,Complete
R0000819,O0009666,S0014,2025-11-23,Missing parts/accessories,31.02,Rejected
R0000297,O0003684,S0006,2024-10-04,Wrong item shipped,64.68,Completed
R0004106,O0040643,S0057,2025-04-25,Quality below expectation,43.11,Pending
R0001585,O0018021,S0025,2025-08-09,Damaged on arrival,39.07,Completed
R0001970,O0022290,S0030,2025-12-19,Quality below expectation,28.34,Complete
R0002960,O0030752,S0043,2025-04-18,Changed my mind,28.04,Completed
R0001782,O0019843,S0028,2024-09-20,Item not as described,43.77,Completed
R0002573,O0027948,S0038,2025-05-01,Damaged on arrival,92.96,Completed
R0000809,O0009408,S0014,2025-05-02,Changed my mind,46.78,Completed
R0004108,O0040660,S0057,2025-06-16,Quality below expectation,22.35,Completed
R0000240,O0002717,S0005,2024-05-10,Missing parts/accessories,13.1,Complete
R0002303,O0025251,S0035,2024-04-14,Changed my mind,61.87,Complete
R0000053,O0001050,S0002,2025-11-29,Item not as described,24.02,Completed
R0003703,O0037260,S0052,2024-10-31,Size/fit issue,111.33,Completed
R0004198,O0041103,S0058,2024-05-13,Wrong item shipped,71.89,Completed
R0000401,O0004580,S0008,2024-02-10,Size/fit issue,26.18,Completed
R0003717,O0037491,S0052,2025-04-02,Counterfeit suspected,39.08,Completed
R0001710,O0018846,S0027,2024-04-08,Changed my mind,95.56,Completed
R0001296,O0015258,S0022,2024-06-07,Damaged on arrival,56.31,Completed
R0003370,O0034812,S0049,2024-09-20,Unknown,15.57,Pending
R0002046,O0023359,S0032,2025-04-04,Unknown,10.96,Rejected
R0003498,O0035289,S0049,2026-01-01,Item not as described,39.57,Pending
R0003903,O0038833,S0054,2025-04-07,Item not as described,53.54,Rejected
R0004259,O0041616,S0058,2025-08-11,Quality below expectation,36.86,Completed
R0001743,O0019118,S0027,2024-12-31,Changed my mind,44.17,Completed
R0003716,O0037470,S0052,2025-03-21,Damaged on arrival,43.38,Completed
R0000907,O0011241,S0016,2025-08-21,Size/fit issue,39.67,Completed
R0001883,O0021108,S0029,2025-03-29,Changed my mind,45.56,Completed
R0004363,O0042419,S0059,2025-08-07,Item not as described,69.93,Rejected
R0003400,O0034928,S0049,2024-12-15,Quality below expectation,62.3,Completed
R0000776,O0009064,S0014,2024-06-10,Wrong item shipped,107.29,Completed
R0003659,O0036336,S0051,2024-11-11,Unknown,59.29,Completed
R0001775,O0019771,S0028,2024-07-16,Changed my mind,22.76,Rejected
R0000182,O0001916,S0003,2025-11-06,Quality below expectation,75.75,Completed
R0001706,O0018804,S0027,2024-03-10,Quality below expectation,44.33,Completed
R0000361,O0004288,S0007,2024-07-04,Wrong item shipped,47.09,Complete
R0000811,O0009440,S0014,2025-06-02,Size/fit issue,36.87,Complete
R0000355,O0004226,S0007,2024-02-09,Changed my mind,72.75,Completed
R0002472,O0026997,S0037,2024-06-09,Changed my mind,64.86,Pending
R0001557,O0017920,S0025,2025-04-09,Late delivery,34.11,Complete
R0001490,O0017572,S0025,2024-05-18,Quality below expectation,26.44,Completed
R0002173,O0024511,S0034,2024-04-01,Changed my mind,23.04,Completed
R0001286,O0015208,S0022,2024-05-26,Changed my mind,42.31,Complete
R0001676,O0018586,S0026,2025-06-19,Wrong item shipped,20.71,Pending
R0003310,O0034587,S0049,2024-02-26,Better price found elsewhere,49.43,Completed
R0002477,O0027046,S0037,2024-07-15,Size/fit issue,63.92,Completed
R0000437,O0005185,S0009,2024-07-15,Quality below expectation,56.55,Completed
R0003175,O0032803,S0046,2024-09-17,Better price found elsewhere,43.63,Completed
R0001279,O0015188,S0022,2024-05-30,Quality below expectation,38.8,Completed
R0000980,O0012141,S0017,2025-08-20,Item not as described,79.95,Complete
R0002899,O0030110,S0042,2025-03-13,Better price found elsewhere,87.13,Completed
R0001008,O0012401,S0018,2024-05-29,Wrong item shipped,43.27,Complete
R0003884,O0038739,S0054,2025-02-03,Wrong item shipped,26.33,Completed
R0000534,O0005886,S0010,2024-08-23,Quality below expectation,28.13,Completed
R0000257,O0003108,S0005,2025-07-18,Missing parts/accessories,28.32,Completed
R0003432,O0035047,S0049,2025-05-01,Damaged on arrival,45.11,Completed
R0002821,O0029217,S0041,2024-02-22,Better price found elsewhere,22.98,Completed
R0003851,O0038610,S0054,2024-09-12,Changed my mind,79.35,Completed
R0002882,O0029998,S0042,2024-12-15,Unknown,122.71,Completed
R0001737,O0019051,S0027,2024-10-21,Wrong item shipped,20.78,Completed
R0001899,O0021462,S0030,2024-02-14,Changed my mind,66.46,Completed
R0004300,O0042009,S0059,2024-05-14,Wrong item shipped,51.21,Complete
R0000744,O0008687,S0013,2025-01-27,Size/fit issue,60.94,Completed
R0002915,O0030201,S0042,2025-05-29,Quality below expectation,37.22,Completed
R0003890,O0038759,S0054,2025-01-30,Damaged on arrival,61.32,Completed
R0002529,O0027485,S0037,2025-12-09,Damaged on arrival,53.83,Completed
R0003991,O0039169,S0054,2026-01-02,Size/fit issue,19.59,Complete
R0002739,O0028873,S0040,2025-01-01,Better price found elsewhere,118.57,Pending
R0001637,O0018259,S0026,2024-03-15,Changed my mind,52.0,Complete
R0001552,O0017892,S0025,2025-03-03,Wrong item shipped,50.96,Completed
R0004178,O0040953,S0058,2024-01-25,Better price found elsewhere,57.41,Completed
R0001856,O0020863,S0029,2024-08-15,Quality below expectation,29.1,Complete
R0000964,O0011980,S0017,2025-04-19,Item not as described,52.14,Pending
R0001702,O0018782,S0027,2024-03-05,Damaged on arrival,43.05,Completed
R0003100,O0032279,S0045,2025-10-12,Unknown,21.64,Rejected
R0000075,O0001230,S0003,2024-05-11,Changed my mind,53.46,Complete
R0001635,O0018246,S0026,2024-02-22,Late delivery,29.57,Rejected
R0000365,O0004299,S0007,2024-07-07,Item not as described,25.0,Complete
R0000634,O0006613,S0011,2024-03-07,Late delivery,96.27,Completed
R0000011,O0000333,S0001,2025-06-01,Counterfeit suspected,72.51,Complete
R0000585,O0006234,S0010,2025-05-06,Size/fit issue,29.28,Pending
R0002691,O0028671,S0040,2024-05-02,Better price found elsewhere,31.82,Complete
R0000771,O0009030,S0014,2024-05-12,Counterfeit suspected,44.13,Completed
R0004076,O0040431,S0057,2024-10-17,Late delivery,17.95,Completed
R0000961,O0011973,S0017,2025-05-19,Counterfeit suspected,40.69,Completed
R0001752,O0019214,S0027,2025-03-24,Better price found elsewhere,67.66,Rejected
R0003593,O0035944,S0050,2025-10-19,Size/fit issue,34.64,Completed
R0004401,O0042571,S0060,2024-02-05,Counterfeit suspected,32.92,Completed
R0000008,O0000255,S0001,2025-01-10,Item not as described,20.56,Completed
R0002987,O0031225,S0044,2025-04-25,Damaged on arrival,53.36,Completed
R0003858,O0038641,S0054,2024-10-13,Damaged on arrival,27.97,Completed
R0000558,O0006021,S0010,2025-01-07,Damaged on arrival,40.96,Complete
R0000955,O0011881,S0017,2025-02-24,Damaged on arrival,75.27,Completed
R0000793,O0009221,S0014,2024-10-12,Quality below expectation,20.79,Completed
R0001512,O0017691,S0025,2024-09-13,Better price found elsewhere,76.61,Completed
R0003434,O0035060,S0049,2025-06-16,Counterfeit suspected,35.59,Completed
R0002540,O0027606,S0038,2024-03-18,Quality below expectation,47.65,Completed
R0004183,O0040968,S0058,2024-03-01,Counterfeit suspected,60.78,Completed
R0001258,O0015018,S0022,2024-01-22,Quality below expectation,52.88,Complete
R0001629,O0018210,S0025,2025-12-14,Damaged on arrival,17.95,Completed
R0001467,O0017476,S0025,2024-02-08,Damaged on arrival,49.66,Completed
R0000591,O0006259,S0010,2025-05-29,Better price found elsewhere,42.83,Pending
R0002225,O0024859,S0034,2025-02-12,Damaged on arrival,32.94,Complete
R0001558,O0017925,S0025,2025-04-22,Item not as described,56.66,Completed
R0004313,O0042158,S0059,2024-12-13,Missing parts/accessories,77.91,Pending
R0001310,O0015411,S0022,2024-11-17,Better price found elsewhere,62.49,Completed
R0000236,O0002680,S0005,2024-05-15,Better price found elsewhere,59.99,Pending
R0000927,O0011448,S0017,2024-03-06,Changed my mind,132.05,Completed
R0004092,O0040587,S0057,2025-03-13,Changed my mind,14.76,Completed
R0003731,O0037653,S0052,2025-08-24,Unknown,80.9,Completed
R0002101,O0023863,S0033,2024-07-09,Counterfeit suspected,23.63,Completed
R0003823,O0038518,S0054,2024-07-13,Counterfeit suspected,35.3,Pending
R0000572,O0006175,S0010,2025-04-05,Wrong item shipped,44.37,Rejected
R0000677,O0007527,S0012,2024-02-01,Changed my mind,16.06,Completed
R0004043,O0039944,S0056,2025-05-13,Unknown,25.24,Completed
R0000582,O0006218,S0010,2025-04-24,Better price found elsewhere,53.27,Rejected
R0000280,O0003433,S0006,2024-04-30,Missing parts/accessories,17.39,Complete
R0003497,O0035287,S0049,2026-01-04,Item not as described,38.4,Pending
R0002728,O0028825,S0040,2024-10-19,Quality below expectation,28.65,Rejected
R0000904,O0011179,S0016,2025-07-25,Late delivery,26.69,Completed
R0001583,O0018015,S0025,2025-06-29,Damaged on arrival,95.75,Rejected
R0000968,O0012001,S0017,2025-05-31,Changed my mind,21.14,Complete
R0004034,O0039817,S0056,2024-09-10,Quality below expectation,31.11,Pending
R0001427,O0016879,S0023,2025-12-25,Size/fit issue,39.73,Completed
R0002903,O0030116,S0042,2025-03-11,Better price found elsewhere,102.12,Pending
R0000249,O0002969,S0005,2025-02-26,Counterfeit suspected,60.33,Completed
R0003311,O0034590,S0049,2024-02-29,Wrong item shipped,33.27,Pending
R0000247,O0002937,S0005,2025-02-05,Size/fit issue,22.65,Rejected
R0002380,O0025995,S0036,2024-05-05,Late delivery,47.61,Completed
R0000531,O0005873,S0010,2024-09-09,Counterfeit suspected,73.0,Completed
R0001247,O0014980,S0021,2025-12-26,Damaged on arrival,75.79,Completed
R0002025,O0023078,S0032,2024-08-04,Missing parts/accessories,46.07,Pending
R0003810,O0038478,S0054,2024-05-31,Missing parts/accessories,26.32,Complete
R0001601,O0018085,S0025,2025-09-29,Quality below expectation,35.33,Rejected
R0003354,O0034754,S0049,2024-07-30,Wrong item shipped,36.84,Completed
R0001312,O0015421,S0022,2024-11-15,Missing parts/accessories,80.58,Completed
R0000682,O0007620,S0012,2024-04-10,Better price found elsewhere,26.17,Pending
R0001890,O0021258,S0029,2025-07-13,Better price found elsewhere,18.45,Completed
R0000750,O0008923,S0014,2024-02-08,Counterfeit suspected,26.29,Complete
R0002771,O0029014,S0040,2025-06-25,Unknown,51.17,Pending
R0002923,O0030252,S0042,2025-07-27,Unknown,36.21,Completed
R0001240,O0014960,S0021,2025-12-11,Wrong item shipped,64.32,Completed
R0001148,O0014110,S0020,2024-10-24,Changed my mind,54.14,Completed
R0004045,O0039966,S0056,2025-05-16,Changed my mind,28.01,Completed
R0001152,O0014193,S0020,2025-01-24,Better price found elsewhere,75.78,Completed
R0000616,O0006440,S0010,2025-10-27,Item not as described,65.09,Completed
R0001010,O0012415,S0018,2024-07-07,Quality below expectation,47.28,Complete
R0002460,O0026946,S0037,2024-03-23,Quality below expectation,61.55,Pending
R0004191,O0041071,S0058,2024-05-01,Damaged on arrival,68.28,Completed
R0004048,O0040075,S0056,2025-10-19,Late delivery,54.75,Completed
R0003258,O0034089,S0048,2024-07-14,Changed my mind,75.18,Completed
R0003889,O0038757,S0054,2025-01-13,Missing parts/accessories,17.84,Completed
R0003917,O0038889,S0054,2025-05-11,Missing parts/accessories,39.5,Complete
R0003180,O0032842,S0046,2024-10-18,Better price found elsewhere,45.75,Pending
R0003019,O0031572,S0045,2024-05-02,Changed my mind,17.3,Completed
R0001946,O0021822,S0030,2025-01-03,Quality below expectation,35.22,Completed
R0003565,O0035808,S0050,2025-05-08,Better price found elsewhere,21.47,Completed
R0002128,O0024067,S0033,2025-01-18,Size/fit issue,14.93,Completed
R0004335,O0042316,S0059,2025-06-11,Damaged on arrival,23.54,Complete
R0004090,O0040573,S0057,2025-02-27,Quality below expectation,35.07,Complete
R0002075,O0023659,S0032,2025-11-30,Counterfeit suspected,21.27,Completed
R0002115,O0024021,S0033,2025-01-02,Better price found elsewhere,21.01,Completed
R0004124,O0040748,S0057,2025-08-12,Missing parts/accessories,18.21,Complete
R0002697,O0028700,S0040,2024-05-05,Changed my mind,40.06,Pending
R0001295,O0015238,S0022,2024-07-03,Changed my mind,69.1,Pending
R0004368,O0042431,S0059,2025-09-21,Better price found elsewhere,41.44,Completed
R0002567,O0027905,S0038,2025-02-18,Item not as described,29.8,Completed
R0003401,O0034934,S0049,2025-01-17,Size/fit issue,92.53,Completed
R0004332,O0042306,S0059,2025-06-02,Counterfeit suspected,40.13,Completed
R0003812,O0038484,S0054,2024-06-08,Late delivery,78.9,Complete
R0003211,O0033425,S0047,2024-03-07,Late delivery,32.01,Completed
R0000163,O0001719,S0003,2025-06-01,Better price found elsewhere,45.98,Completed
R0004122,O0040726,S0057,2025-07-11,Quality below expectation,56.7,Complete
R0003297,O0034525,S0048,2025-12-29,Late delivery,30.31,Completed
R0001138,O0013968,S0020,2024-05-07,Item not as described,34.98,Completed
R0002769,O0029005,S0040,2025-05-30,Size/fit issue,50.37,Completed
R0002615,O0028364,S0039,2024-10-02,Quality below expectation,21.04,Completed
R0002073,O0023629,S0032,2025-10-17,Late delivery,20.44,Completed
R0002957,O0030720,S0043,2025-03-21,Missing parts/accessories,46.39,Completed
R0001046,O0012710,S0018,2025-07-30,Better price found elsewhere,43.22,Completed
R0003632,O0036149,S0051,2024-05-09,Wrong item shipped,46.05,Complete
R0001793,O0020108,S0028,2025-01-16,Changed my mind,30.68,Completed
R0001689,O0018625,S0026,2025-08-14,Unknown,20.68,Complete
R0004294,O0041955,S0059,2024-04-12,Counterfeit suspected,23.91,Completed
R0003479,O0035223,S0049,2025-10-29,Damaged on arrival,35.8,Completed
R0003579,O0035888,S0050,2025-09-16,Counterfeit suspected,35.87,Completed
R0001713,O0018854,S0027,2024-05-04,Better price found elsewhere,131.62,Completed
R0001965,O0022220,S0030,2025-10-19,Missing parts/accessories,28.32,Complete
R0000161,O0001716,S0003,2025-05-10,Damaged on arrival,94.66,Completed
R0002324,O0025511,S0035,2025-01-10,Changed my mind,45.69,Completed
R0000674,O0007514,S0012,2024-01-26,Changed my mind,54.12,Pending
R0003436,O0035063,S0049,2025-06-01,Quality below expectation,14.77,Pending
R0001141,O0014014,S0020,2024-06-27,Better price found elsewhere,103.9,Completed
R0003681,O0036664,S0051,2025-07-10,Late delivery,42.66,Pending
R0000033,O0000611,S0002,2024-05-20,Wrong item shipped,33.13,Completed
R0002194,O0024682,S0034,2024-09-18,Changed my mind,33.71,Completed
R0000164,O0001722,S0003,2025-05-19,Wrong item shipped,49.46,Complete
R0003655,O0036291,S0051,2024-09-29,Changed my mind,37.94,Completed
R0002187,O0024630,S0034,2024-07-24,Damaged on arrival,80.11,Completed
R0002205,O0024751,S0034,2024-12-09,Quality below expectation,118.28,Completed
R0000733,O0008566,S0013,2024-08-03,Size/fit issue,31.24,Complete
R0003262,O0034171,S0048,2024-10-26,Missing parts/accessories,21.36,Completed
R0000502,O0005705,S0010,2024-05-15,Changed my mind,52.69,Completed
R0002904,O0030120,S0042,2025-04-05,Better price found elsewhere,20.28,Completed
R0000889,O0010951,S0016,2025-02-06,Unknown,50.66,Completed
R0000820,O0009738,S0015,2024-02-28,Damaged on arrival,28.26,Completed
R0002378,O0025927,S0036,2024-01-13,Unknown,72.45,Pending
R0000635,O0006619,S0011,2024-03-10,Unknown,85.61,Completed
R0002867,O0029766,S0042,2024-06-13,Counterfeit suspected,37.45,Completed
R0004207,O0041171,S0058,2024-07-12,Better price found elsewhere,76.64,Completed
R0001433,O0016976,S0024,2024-04-18,Changed my mind,19.26,Completed
R0000012,O0000337,S0001,2025-05-16,Changed my mind,75.47,Completed
R0003899,O0038819,S0054,2025-03-29,Changed my mind,66.3,Completed
R0001562,O0017930,S0025,2025-05-11,Quality below expectation,54.98,Completed
R0003873,O0038709,S0054,2025-01-09,Wrong item shipped,114.82,Complete
R0002725,O0028816,S0040,2024-10-28,Changed my mind,20.02,Completed
R0000397,O0004566,S0007,2025-12-23,Changed my mind,80.95,Completed
R0000376,O0004391,S0007,2024-12-22,Item not as described,72.27,Completed
R0000379,O0004403,S0007,2025-02-03,Damaged on arrival,61.24,Completed
R0002119,O0024043,S0033,2024-12-28,Size/fit issue,34.33,Completed
R0002937,O0030366,S0042,2025-10-31,Wrong item shipped,20.43,Rejected
R0003898,O0038811,S0054,2025-03-06,Item not as described,54.19,Completed
R0002251,O0025016,S0034,2025-07-17,Damaged on arrival,19.75,Completed
R0003986,O0039161,S0054,2025-12-23,Quality below expectation,52.2,Completed
R0001178,O0014557,S0021,2024-05-18,Late delivery,46.68,Completed
R0001765,O0019644,S0028,2024-05-02,Better price found elsewhere,21.78,Completed
R0002649,O0028507,S0039,2025-08-09,Counterfeit suspected,21.17,Completed
R0002184,O0024606,S0034,2024-07-29,Missing parts/accessories,92.28,Completed
R0003410,O0034959,S0049,2025-01-20,Better price found elsewhere,31.13,Complete
R0002594,O0028259,S0039,2024-04-13,Damaged on arrival,94.07,Completed
R0001502,O0017620,S0025,2024-06-20,Counterfeit suspected,46.74,Completed
R0002362,O0025832,S0035,2025-11-23,Changed my mind,74.46,Completed
R0004349,O0042373,S0059,2025-07-18,Item not as described,20.99,Pending
R0003935,O0038959,S0054,2025-07-03,Size/fit issue,76.89,Completed
R0000850,O0010255,S0015,2025-06-09,Counterfeit suspected,30.95,Pending
R0001450,O0017202,S0024,2025-03-05,Damaged on arrival,53.33,Pending
R0003690,O0037050,S0052,2024-06-06,Size/fit issue,108.11,Rejected
R0004221,O0041393,S0058,2025-01-27,Changed my mind,33.59,Completed
R0000957,O0011942,S0017,2025-04-12,Better price found elsewhere,38.59,Completed
R0000238,O0002694,S0005,2024-05-05,Changed my mind,37.86,Completed
R0004004,O0039317,S0055,2024-08-09,Counterfeit suspected,22.6,Rejected
R0000377,O0004392,S0007,2025-01-06,Size/fit issue,62.56,Completed
R0003822,O0038515,S0054,2024-07-19,Late delivery,56.16,Completed
R0003802,O0038457,S0054,2024-05-26,Quality below expectation,87.47,Completed
R0003767,O0038313,S0054,2024-02-24,Missing parts/accessories,35.17,Pending
R0000256,O0003098,S0005,2025-07-28,Better price found elsewhere,52.71,Rejected
R0003480,O0035227,S0049,2025-10-29,Missing parts/accessories,47.17,Completed
R0000641,O0006849,S0011,2024-08-16,Size/fit issue,80.61,Completed
R0001053,O0012807,S0018,2025-12-02,Wrong item shipped,46.42,Completed
R0000859,O0010405,S0015,2025-11-26,Counterfeit suspected,67.61,Completed
R0001344,O0015871,S0022,2025-10-29,Size/fit issue,104.49,Pending
R0001919,O0021597,S0030,2024-05-21,Damaged on arrival,91.59,Completed
R0003283,O0034404,S0048,2025-07-16,Damaged on arrival,66.37,Completed
R0002967,O0030927,S0044,2024-04-02,Counterfeit suspected,10.18,Rejected
R0003307,O0034582,S0049,2024-02-26,Changed my mind,57.93,Complete
R0003730,O0037648,S0052,2025-07-14,Damaged on arrival,51.54,Completed
R0001587,O0018035,S0025,2025-08-14,Quality below expectation,81.25,Pending
R0002439,O0026456,S0036,2025-03-06,Changed my mind,44.22,Completed
R0003552,O0035701,S0050,2025-03-07,Better price found elsewhere,17.03,Completed
R0004131,O0040770,S0057,2025-08-16,Wrong item shipped,34.98,Rejected
R0004105,O0040641,S0057,2025-04-09,Wrong item shipped,74.08,Rejected
R0003656,O0036299,S0051,2024-09-27,Size/fit issue,54.29,Completed
R0002079,O0023722,S0033,2024-01-20,Damaged on arrival,60.55,Rejected
R0000155,O0001708,S0003,2025-05-24,Item not as described,37.84,Completed
R0000569,O0006108,S0010,2025-01-14,Damaged on arrival,50.08,Completed
R0004397,O0042564,S0060,2024-02-01,Item not as described,12.79,Completed
R0002838,O0029361,S0041,2024-12-23,Changed my mind,37.03,Completed
R0000070,O0001141,S0003,2024-03-07,Missing parts/accessories,27.34,Completed
R0000110,O0001471,S0003,2024-12-31,Item not as described,72.35,Completed
R0004119,O0040705,S0057,2025-06-26,Changed my mind,15.01,Complete
R0004069,O0040384,S0057,2024-08-30,Changed my mind,30.55,Complete
R0001318,O0015447,S0022,2024-11-09,Late delivery,20.72,Completed
R0003686,O0036934,S0052,2024-02-12,Item not as described,32.46,Completed
R0003267,O0034276,S0048,2025-02-19,Changed my mind,57.65,Completed
R0003499,O0035295,S0049,2025-12-08,Unknown,84.44,Completed
R0002001,O0022753,S0031,2025-09-06,Changed my mind,14.83,Pending
R0002501,O0027185,S0037,2025-01-05,Better price found elsewhere,64.94,Complete
R0000067,O0001126,S0003,2024-02-17,Wrong item shipped,14.36,Completed
R0003500,O0035297,S0049,2025-12-21,Size/fit issue,33.23,Pending
R0003484,O0035236,S0049,2025-10-24,Late delivery,72.53,Completed
R0001508,O0017657,S0025,2024-09-08,Size/fit issue,44.85,Completed
R0002209,O0024786,S0034,2025-02-09,Damaged on arrival,12.37,Rejected
R0001216,O0014858,S0021,2025-06-15,Damaged on arrival,66.0,Complete
R0002277,O0025114,S0034,2025-11-03,Counterfeit suspected,18.81,Completed
R0002941,O0030419,S0042,2025-12-13,Item not as described,45.04,Complete
R0003627,O0036135,S0051,2024-05-01,Changed my mind,24.21,Completed
R0002127,O0024066,S0033,2025-01-09,Size/fit issue,18.36,Completed
R0000608,O0006409,S0010,2025-10-15,Item not as described,27.47,Pending
R0000493,O0005664,S0010,2024-04-05,Damaged on arrival,14.37,Complete
R0000951,O0011796,S0017,2024-11-23,Better price found elsewhere,16.28,Completed
R0001038,O0012620,S0018,2025-04-16,Quality below expectation,139.2,Completed
R0002590,O0028236,S0039,2024-01-26,Item not as described,71.02,Complete
R0002495,O0027173,S0037,2025-01-09,Late delivery,67.51,Complete
R0002830,O0029300,S0041,2024-08-24,Quality below expectation,24.37,Completed
R0001536,O0017809,S0025,2025-01-08,Item not as described,107.98,Completed
R0001477,O0017522,S0025,2024-05-06,Better price found elsewhere,41.95,Completed
R0002262,O0025065,S0034,2025-09-19,Damaged on arrival,23.97,Completed
R0004388,O0042523,S0059,2025-12-05,Better price found elsewhere,67.29,Completed
R0002672,O0028591,S0040,2024-02-02,Wrong item shipped,54.3,Completed
R0000620,O0006454,S0010,2025-11-09,Item not as described,63.16,Completed
R0003228,O0033800,S0047,2025-07-15,Size/fit issue,74.21,Completed
R0002827,O0029259,S0041,2024-05-27,Better price found elsewhere,30.01,Completed
R0000403,O0004599,S0008,2024-02-20,Late delivery,23.16,Completed
R0000019,O0000417,S0001,2025-10-13,Changed my mind,45.51,Completed
R0002154,O0024364,S0033,2026-01-17,Size/fit issue,18.85,Completed
R0002562,O0027845,S0038,2025-01-03,Changed my mind,29.94,Completed
R0001154,O0014202,S0020,2025-02-13,Better price found elsewhere,40.28,Completed
R0003177,O0032820,S0046,2024-09-12,Counterfeit suspected,129.93,Completed
R0000269,O0003276,S0006,2024-01-26,Changed my mind,54.28,Completed
R0002343,O0025660,S0035,2025-05-09,Item not as described,148.48,Pending
R0001569,O0017969,S0025,2025-05-30,Changed my mind,58.05,Completed
R0002926,O0030277,S0042,2025-08-23,Damaged on arrival,47.6,Completed
R0000137,O0001635,S0003,2025-03-25,Damaged on arrival,36.54,Completed
R0003449,O0035092,S0049,2025-06-11,Item not as described,18.22,Complete
R0000014,O0000383,S0001,2025-07-20,Changed my mind,67.69,Complete
R0002153,O0024353,S0033,2025-11-12,Damaged on arrival,37.07,Completed
R0003186,O0032895,S0046,2024-11-10,Size/fit issue,36.77,Complete
R0002469,O0026980,S0037,2024-04-30,Changed my mind,44.51,Complete
R0001259,O0015021,S0022,2024-01-18,Quality below expectation,81.49,Complete
R0002464,O0026974,S0037,2024-04-14,Changed my mind,44.64,Completed
R0002331,O0025560,S0035,2025-02-24,Missing parts/accessories,138.37,Completed
R0002437,O0026411,S0036,2025-01-22,Damaged on arrival,38.81,Complete
R0002342,O0025647,S0035,2025-06-13,Quality below expectation,43.19,Completed
R0002387,O0026037,S0036,2024-04-06,Changed my mind,34.36,Rejected
R0003606,O0036010,S0050,2025-12-18,Wrong item shipped,124.24,Rejected
R0000604,O0006369,S0010,2025-09-07,Late delivery,23.61,Complete
R0002667,O0028569,S0039,2025-11-19,Wrong item shipped,72.27,Complete
R0000512,O0005815,S0010,2024-07-02,Unknown,17.59,Pending
R0003106,O0032308,S0045,2025-10-03,Better price found elsewhere,44.74,Completed
R0001451,O0017208,S0024,2025-02-28,Size/fit issue,43.32,Completed
R0002000,O0022701,S0031,2025-06-06,Missing parts/accessories,74.8,Pending
R0003549,O0035689,S0050,2025-03-04,Better price found elsewhere,46.62,Completed
R0001873,O0020943,S0029,2024-11-07,Size/fit issue,41.01,Completed
R0001291,O0015223,S0022,2024-05-28,Counterfeit suspected,79.08,Rejected
R0000154,O0001707,S0003,2025-06-07,Missing parts/accessories,78.13,Completed
R0000007,O0000199,S0001,2024-11-01,Better price found elsewhere,37.94,Completed
R0001955,O0021947,S0030,2025-03-28,Quality below expectation,53.0,Completed
R0003813,O0038486,S0054,2024-07-02,Item not as described,57.19,Completed
R0002815,O0029185,S0040,2026-01-12,Better price found elsewhere,21.66,Complete
R0002698,O0028705,S0040,2024-05-25,Late delivery,21.91,Completed
R0002504,O0027206,S0037,2025-01-31,Item not as described,82.64,Complete
R0001789,O0019990,S0028,2024-11-27,Missing parts/accessories,48.46,Complete
R0000653,O0007069,S0011,2025-01-21,Better price found elsewhere,71.44,Completed
R0003647,O0036252,S0051,2024-09-02,Size/fit issue,35.32,Completed
R0003178,O0032830,S0046,2024-09-26,Size/fit issue,16.25,Rejected
R0000772,O0009041,S0014,2024-05-10,Item not as described,90.33,Completed
R0002417,O0026224,S0036,2024-09-15,Changed my mind,37.26,Completed
R0004292,O0041945,S0059,2024-04-14,Item not as described,47.69,Complete
R0002772,O0029018,S0040,2025-06-21,Quality below expectation,24.04,Pending
R0002943,O0030433,S0042,2025-12-28,Wrong item shipped,69.64,Completed
R0000566,O0006089,S0010,2025-02-02,Changed my mind,44.57,Completed
R0004418,O0042661,S0060,2024-06-22,Late delivery,65.97,Completed
R0003583,O0035903,S0050,2025-10-10,Size/fit issue,135.67,Complete
R0002105,O0023973,S0033,2024-10-14,Changed my mind,46.61,Completed
R0003218,O0033686,S0047,2025-03-02,Changed my mind,104.24,Completed
R0003355,O0034761,S0049,2024-07-26,Item not as described,108.23,Completed
R0003439,O0035072,S0049,2025-06-08,Wrong item shipped,47.55,Complete
R0002436,O0026400,S0036,2025-01-23,Missing parts/accessories,35.59,Completed
R0003328,O0034660,S0049,2024-04-24,Late delivery,63.59,Completed
R0003660,O0036340,S0051,2024-10-06,Quality below expectation,13.74,Pending
R0002935,O0030336,S0042,2025-09-13,Better price found elsewhere,78.6,Completed
R0001837,O0020770,S0029,2024-06-05,Quality below expectation,74.43,Completed
R0002212,O0024812,S0034,2025-02-02,Wrong item shipped,35.19,Completed
R0000550,O0005983,S0010,2024-11-28,Changed my mind,62.21,Completed
R0002203,O0024745,S0034,2024-11-28,Wrong item shipped,20.07,Complete
R0002613,O0028357,S0039,2024-10-02,Quality below expectation,87.84,Complete
R0002016,O0022943,S0032,2024-04-23,Changed my mind,72.04,Completed
R0001341,O0015863,S0022,2025-10-14,Wrong item shipped,35.93,Completed
R0002433,O0026357,S0036,2025-01-02,Missing parts/accessories,16.44,Completed
R0004334,O0042315,S0059,2025-05-31,Counterfeit suspected,45.87,Completed
R0001803,O0020329,S0028,2025-07-15,Wrong item shipped,44.1,Pending
R0003658,O0036327,S0051,2024-10-29,Damaged on arrival,53.44,Completed
R0003581,O0035893,S0050,2025-08-07,Counterfeit suspected,37.49,Completed
R0002757,O0028946,S0040,2025-04-14,Quality below expectation,29.49,Completed
R0000190,O0002000,S0004,2024-01-23,Wrong item shipped,44.87,Complete
R0002009,O0022887,S0032,2024-03-31,Better price found elsewhere,55.51,Rejected
R0003200,O0033207,S0046,2025-09-07,Late delivery,48.21,Completed
R0001762,O0019562,S0028,2024-02-28,Changed my mind,78.8,Completed
R0003712,O0037416,S0052,2025-02-15,Size/fit issue,23.09,Complete
R0003068,O0031997,S0045,2025-03-06,Damaged on arrival,42.31,Rejected
R0001790,O0020061,S0028,2024-12-03,Wrong item shipped,83.54,Completed
R0002521,O0027435,S0037,2025-10-29,Item not as described,51.46,Completed
R0002478,O0027053,S0037,2024-07-27,Changed my mind,61.59,Completed
R0001764,O0019623,S0028,2024-05-03,Changed my mind,31.97,Completed
R0004097,O0040611,S0057,2025-03-25,Changed my mind,41.08,Completed
R0000977,O0012088,S0017,2025-07-08,Damaged on arrival,60.44,Completed
R0000487,O0005629,S0010,2024-02-25,Quality below expectation,70.3,Completed
R0001338,O0015850,S0022,2025-09-24,Counterfeit suspected,37.49,Rejected
R0001586,O0018030,S0025,2025-07-08,Unknown,30.19,Completed
R0003948,O0039011,S0054,2025-09-01,Size/fit issue,41.2,Completed
R0002357,O0025789,S0035,2025-09-25,Unknown,82.36,Pending
R0000523,O0005846,S0010,2024-08-11,Counterfeit suspected,30.84,Completed
R0000576,O0006200,S0010,2025-03-09,Better price found elsewhere,31.99,Completed
R0004410,O0042610,S0060,2024-03-19,Wrong item shipped,81.24,Pending
R0000079,O0001238,S0003,2024-05-26,Better price found elsewhere,65.95,Completed
R0003199,O0033163,S0046,2025-07-04,Damaged on arrival,40.44,Completed
R0003143,O0032586,S0046,2024-04-17,Better price found elsewhere,29.72,Pending
R0002088,O0023764,S0033,2024-03-13,Size/fit issue,21.32,Completed
R0004299,O0042001,S0059,2024-05-23,Size/fit issue,54.94,Completed
R0000989,O0012184,S0017,2025-10-02,Item not as described,47.63,Completed
R0001396,O0016737,S0023,2025-09-08,Changed my mind,19.65,Complete
R0004086,O0040549,S0057,2025-02-04,Size/fit issue,35.93,Complete
R0001142,O0014016,S0020,2024-06-27,Size/fit issue,95.2,Completed
R0003445,O0035087,S0049,2025-06-18,Item not as described,95.92,Pending
R0000418,O0005069,S0008,2025-12-24,Damaged on arrival,47.93,Completed
R0003057,O0031947,S0045,2025-02-21,Better price found elsewhere,14.49,Completed
R0002265,O0025077,S0034,2025-09-27,Counterfeit suspected,43.57,Completed
R0000104,O0001457,S0003,2024-11-23,Item not as described,12.78,Completed
R0001311,O0015415,S0022,2024-11-26,Changed my mind,33.92,Complete
R0001201,O0014754,S0021,2025-01-19,Missing parts/accessories,53.65,Pending
R0002963,O0030814,S0043,2025-09-11,Missing parts/accessories,41.09,Completed
R0000091,O0001402,S0003,2024-09-11,Wrong item shipped,62.0,Complete
R0000500,O0005700,S0010,2024-04-14,Changed my mind,26.99,Pending
R0003539,O0035630,S0050,2024-12-14,Damaged on arrival,41.67,Completed
R0002224,O0024857,S0034,2025-02-23,Missing parts/accessories,26.17,Completed
R0002673,O0028596,S0040,2024-02-04,Changed my mind,13.41,Complete
R0004013,O0039466,S0055,2025-04-06,Damaged on arrival,41.35,Completed
R0002339,O0025625,S0035,2025-05-12,Better price found elsewhere,13.3,Complete
R0002171,O0024496,S0034,2024-03-13,Counterfeit suspected,13.55,Rejected
R0003136,O0032553,S0046,2024-04-10,Size/fit issue,34.58,Completed
R0001143,O0014023,S0020,2024-08-02,Damaged on arrival,17.27,Rejected
R0001953,O0021937,S0030,2025-04-07,Size/fit issue,63.02,Completed
R0003944,O0038999,S0054,2025-08-13,Missing parts/accessories,33.8,Completed
R0001345,O0015885,S0022,2025-11-02,Better price found elsewhere,53.25,Completed
R0001350,O0015910,S0022,2025-10-29,Size/fit issue,60.14,Completed
R0003825,O0038523,S0054,2024-07-06,Quality below expectation,54.39,Rejected
R0000354,O0004220,S0007,2024-02-13,Quality below expectation,33.09,Completed
R0002575,O0027984,S0038,2025-05-29,Quality below expectation,46.27,Complete
R0001830,O0020710,S0029,2024-03-12,Wrong item shipped,95.91,Rejected
R0003769,O0038324,S0054,2024-03-16,Counterfeit suspected,64.67,Completed
R0002995,O0031398,S0044,2026-01-01,Unknown,56.94,Pending
R0000583,O0006222,S0010,2025-05-06,Changed my mind,38.72,Complete
R0000742,O0008638,S0013,2024-11-12,Wrong item shipped,39.0,Completed
R0001864,O0020905,S0029,2024-10-11,Size/fit issue,95.47,Completed
R0003513,O0035404,S0050,2024-05-07,Item not as described,181.3,Completed
R0002014,O0022924,S0032,2024-03-18,Changed my mind,17.6,Pending
R0000648,O0006951,S0011,2024-12-19,Changed my mind,55.77,Pending
R0003582,O0035899,S0050,2025-09-13,Changed my mind,29.12,Rejected
R0000921,O0011388,S0016,2025-12-17,Size/fit issue,38.52,Pending
R0002797,O0029146,S0040,2025-11-20,Item not as described,56.34,Completed
R0001998,O0022686,S0031,2025-05-17,Item not as described,53.61,Completed
R0002399,O0026124,S0036,2024-07-03,Changed my mind,46.4,Rejected
R0000432,O0005166,S0009,2024-06-06,Late delivery,49.89,Completed
R0000304,O0003814,S0006,2025-02-27,Changed my mind,75.75,Pending
R0003381,O0034850,S0049,2024-10-17,Item not as described,54.87,Completed
R0003252,O0034051,S0048,2024-06-13,Better price found elsewhere,10.26,Completed
R0004008,O0039410,S0055,2025-01-08,Damaged on arrival,81.35,Completed
R0004139,O0040789,S0057,2025-10-10,Changed my mind,33.01,Completed
R0000763,O0008963,S0014,2024-02-18,Wrong item shipped,94.48,Completed
R0004346,O0042364,S0059,2025-06-22,Item not as described,40.4,Completed
R0000320,O0003976,S0006,2025-06-29,Changed my mind,27.9,Rejected
R0002934,O0030321,S0042,2025-10-08,Size/fit issue,67.57,Completed
R0001492,O0017581,S0025,2024-06-28,Item not as described,46.74,Complete
R0002404,O0026160,S0036,2024-08-12,Size/fit issue,47.28,Completed
R0000787,O0009173,S0014,2024-08-19,Quality below expectation,55.64,Completed
R0000542,O0005958,S0010,2024-10-21,Quality below expectation,58.87,Completed
R0001634,O0018242,S0026,2024-02-14,Wrong item shipped,68.01,Pending
R0001642,O0018345,S0026,2024-06-29,Missing parts/accessories,20.49,Completed
R0001697,O0018744,S0026,2026-01-12,Late delivery,113.23,Completed
R0002455,O0026936,S0037,2024-03-29,Quality below expectation,10.71,Completed
R0003481,O0035228,S0049,2025-10-26,Late delivery,53.31,Completed
R0000818,O0009648,S0014,2025-12-05,Better price found elsewhere,40.44,Complete
R0004179,O0040957,S0058,2024-02-16,Quality below expectation,32.32,Completed
R0000969,O0012002,S0017,2025-05-24,Quality below expectation,31.47,Pending
R0000408,O0004711,S0008,2024-07-07,Better price found elsewhere,23.24,Rejected
R0000882,O0010761,S0016,2024-09-08,Late delivery,29.49,Pending
R0001553,O0017898,S0025,2025-03-25,Late delivery,57.55,Complete
R0001221,O0014882,S0021,2025-07-22,Size/fit issue,62.22,Complete
R0002338,O0025624,S0035,2025-05-06,Size/fit issue,30.89,Complete
R0000854,O0010341,S0015,2025-10-13,Size/fit issue,16.77,Completed
R0000647,O0006944,S0011,2024-10-07,Changed my mind,37.53,Completed
R0001901,O0021503,S0030,2024-04-12,Late delivery,19.68,Completed
R0001734,O0019028,S0027,2024-09-26,Changed my mind,99.04,Completed
R0001297,O0015261,S0022,2024-07-07,Changed my mind,34.73,Complete
R0000916,O0011352,S0016,2025-11-15,Changed my mind,43.17,Completed
R0003083,O0032046,S0045,2025-03-21,Late delivery,46.74,Completed
R0004389,O0042525,S0059,2025-12-31,Counterfeit suspected,26.62,Completed
R0000312,O0003913,S0006,2025-05-03,Changed my mind,26.47,Rejected
R0001094,O0013181,S0019,2024-08-04,Quality below expectation,21.47,Pending
R0003886,O0038744,S0054,2025-02-01,Wrong item shipped,104.36,Completed
R0004209,O0041240,S0058,2024-09-21,Damaged on arrival,57.91,Completed
R0003844,O0038592,S0054,2024-08-15,Late delivery,45.83,Complete
R0002242,O0024973,S0034,2025-06-27,Damaged on arrival,12.02,Completed
R0002371,O0025879,S0035,2026-01-01,Changed my mind,18.98,Completed
R0001779,O0019820,S0028,2024-08-04,Damaged on arrival,64.06,Rejected
R0000123,O0001551,S0003,2025-02-07,Size/fit issue,59.45,Rejected
R0001571,O0017979,S0025,2025-07-07,Damaged on arrival,30.62,Completed
R0000001,O0000021,S0001,2024-02-04,Better price found elsewhere,62.66,Completed
R0001385,O0016615,S0023,2025-06-03,Counterfeit suspected,30.73,Pending
R0002288,O0025157,S0034,2025-12-04,Item not as described,60.92,Completed
R0003594,O0035950,S0050,2025-11-09,Missing parts/accessories,27.44,Completed
R0002872,O0029821,S0042,2024-06-10,Size/fit issue,45.99,Pending
R0003954,O0039048,S0054,2025-09-27,Missing parts/accessories,9.67,Complete
R0002197,O0024687,S0034,2024-09-21,Quality below expectation,20.98,Completed
R0003946,O0039002,S0054,2025-09-15,Damaged on arrival,68.39,Pending
R0002231,O0024894,S0034,2025-03-25,Quality below expectation,68.59,Pending
R0000621,O0006464,S0010,2025-10-16,Missing parts/accessories,48.96,Rejected
R0001731,O0019012,S0027,2024-09-02,Size/fit issue,53.88,Completed
R0002753,O0028929,S0040,2025-02-11,Quality below expectation,25.4,Completed
R0001748,O0019162,S0027,2025-02-07,Changed my mind,26.69,Completed
R0004429,O0042907,S0060,2025-05-30,Counterfeit suspected,22.85,Complete
R0001126,O0013598,S0019,2025-07-12,Unknown,16.74,Completed
R0000471,O0005589,S0010,2024-01-06,Missing parts/accessories,59.49,Completed
R0000764,O0008979,S0014,2024-03-27,Size/fit issue,20.06,Rejected
R0003568,O0035816,S0050,2025-06-07,Better price found elsewhere,18.95,Complete
R0003987,O0039162,S0054,2026-01-08,Missing parts/accessories,45.11,Complete
R0000148,O0001692,S0003,2025-05-09,Changed my mind,26.81,Completed
R0000532,O0005878,S0010,2024-08-26,Changed my mind,44.81,Rejected
R0002864,O0029745,S0042,2024-05-17,Wrong item shipped,44.96,Pending
R0002558,O0027775,S0038,2024-10-04,Changed my mind,31.35,Completed
R0003338,O0034698,S0049,2024-06-04,Wrong item shipped,19.83,Complete
R0003293,O0034491,S0048,2025-10-14,Wrong item shipped,70.29,Completed
R0001749,O0019177,S0027,2025-03-05,Counterfeit suspected,128.94,Completed
R0000497,O0005692,S0010,2024-04-29,Item not as described,60.58,Completed
R0000261,O0003145,S0005,2025-09-04,Quality below expectation,115.46,Rejected
R0004193,O0041080,S0058,2024-04-19,Counterfeit suspected,53.01,Completed
R0002163,O0024420,S0034,2024-01-14,Size/fit issue,14.9,Complete
R0003147,O0032597,S0046,2024-04-22,Quality below expectation,56.11,Pending
R0002853,O0029500,S0041,2025-08-25,Item not as described,45.7,Completed
R0001987,O0022574,S0031,2024-12-16,Changed my mind,27.2,Completed
R0000405,O0004639,S0008,2024-03-11,Counterfeit suspected,56.65,Complete
R0000295,O0003651,S0006,2024-10-02,Damaged on arrival,25.72,Completed
R0000052,O0001039,S0002,2025-11-11,Damaged on arrival,87.43,Rejected
R0003959,O0039065,S0054,2025-10-01,Size/fit issue,36.91,Completed
R0003770,O0038337,S0054,2024-02-28,Late delivery,60.14,Complete
R0002775,O0029041,S0040,2025-07-07,Size/fit issue,41.06,Complete
R0003464,O0035154,S0049,2025-08-16,Changed my mind,43.11,Completed
R0001392,O0016716,S0023,2025-08-18,Wrong item shipped,34.12,Completed
R0003669,O0036379,S0051,2024-11-22,Quality below expectation,56.54,Completed
R0003967,O0039100,S0054,2025-10-18,Item not as described,27.19,Completed
R0003118,O0032479,S0046,2024-02-12,Item not as described,69.04,Completed
R0001486,O0017563,S0025,2024-06-02,Item not as described,25.24,Completed
R0002880,O0029963,S0042,2024-11-05,Better price found elsewhere,50.13,Complete
R0003587,O0035917,S0050,2025-10-11,Quality below expectation,19.73,Pending
R0002650,O0028517,S0039,2025-09-21,Better price found elsewhere,95.96,Completed
R0000661,O0007184,S0011,2025-04-08,Better price found elsewhere,28.28,Completed
R0002781,O0029084,S0040,2025-08-30,Quality below expectation,22.88,Completed
R0001020,O0012448,S0018,2024-07-31,Changed my mind,19.81,Pending
R0004304,O0042064,S0059,2024-09-17,Changed my mind,11.07,Completed
R0000381,O0004422,S0007,2025-03-14,Changed my mind,59.87,Completed
R0003854,O0038628,S0054,2024-10-27,Changed my mind,41.38,Complete
R0000549,O0005982,S0010,2024-12-01,Missing parts/accessories,34.94,Completed
R0002316,O0025346,S0035,2024-07-31,Damaged on arrival,45.3,Completed
R0000735,O0008584,S0013,2024-09-07,Counterfeit suspected,43.5,Complete
R0000181,O0001866,S0003,2025-09-30,Counterfeit suspected,40.94,Completed
R0003438,O0035070,S0049,2025-05-09,Unknown,12.47,Complete
R0002571,O0027933,S0038,2025-05-04,Changed my mind,43.84,Completed
R0004309,O0042116,S0059,2024-10-22,Quality below expectation,36.14,Completed
R0003046,O0031824,S0045,2024-11-07,Wrong item shipped,22.13,Completed
R0004127,O0040758,S0057,2025-07-12,Counterfeit suspected,33.68,Completed
R0001650,O0018361,S0026,2024-07-26,Changed my mind,69.99,Completed
R0002560,O0027792,S0038,2024-10-13,Wrong item shipped,71.97,Completed
R0003237,O0033889,S0047,2025-11-10,Size/fit issue,46.14,Pending
R0003640,O0036222,S0051,2024-08-13,Wrong item shipped,28.46,Complete
R0000578,O0006208,S0010,2025-05-13,Changed my mind,34.84,Completed
R0001438,O0017056,S0024,2024-08-31,Unknown,55.78,Rejected
R0004364,O0042420,S0059,2025-09-04,Better price found elsewhere,35.56,Completed
R0002453,O0026928,S0037,2024-03-26,Item not as described,26.42,Completed
R0000757,O0008941,S0014,2024-02-25,Quality below expectation,38.74,Completed
R0004194,O0041086,S0058,2024-05-27,Counterfeit suspected,113.41,Rejected
R0003134,O0032544,S0046,2024-03-21,Quality below expectation,39.47,Pending
R0003637,O0036213,S0051,2024-08-06,Item not as described,29.11,Complete
R0002441,O0026471,S0036,2025-02-06,Better price found elsewhere,19.23,Pending
R0003160,O0032692,S0046,2024-07-03,Item not as described,27.3,Completed
R0003934,O0038954,S0054,2025-06-23,Wrong item shipped,68.48,Completed
R0002274,O0025094,S0034,2025-09-20,Item not as described,44.79,Pending
R0001539,O0017815,S0025,2025-01-06,Quality below expectation,45.66,Complete
R0003112,O0032362,S0045,2025-10-24,Late delivery,23.34,Complete
R0003546,O0035660,S0050,2025-02-04,Item not as described,34.77,Completed
R0003713,O0037462,S0052,2025-03-23,Damaged on arrival,82.47,Pending
R0003805,O0038469,S0054,2024-06-10,Item not as described,29.88,Pending
R0001418,O0016846,S0023,2025-11-13,Better price found elsewhere,40.19,Completed
R0002284,O0025140,S0034,2025-12-12,Wrong item shipped,20.31,Complete
R0001364,O0015943,S0022,2025-11-30,Better price found elsewhere,15.83,Completed
R0004319,O0042224,S0059,2025-01-23,Wrong item shipped,51.33,Complete
R0001063,O0012926,S0019,2024-03-15,Wrong item shipped,74.29,Completed
R0002564,O0027867,S0038,2025-01-29,Wrong item shipped,102.34,Pending
R0000111,O0001488,S0003,2024-12-12,Size/fit issue,73.35,Completed
R0002683,O0028645,S0040,2024-03-22,Damaged on arrival,84.33,Completed
R0000987,O0012175,S0017,2025-09-20,Damaged on arrival,36.9,Completed
R0002493,O0027161,S0037,2024-12-04,Quality below expectation,40.17,Pending
R0004033,O0039794,S0056,2024-08-26,Counterfeit suspected,54.51,Completed
R0004303,O0042063,S0059,2024-07-28,Changed my mind,28.36,Completed
R0001371,O0016168,S0023,2024-06-08,Quality below expectation,57.37,Completed
R0003144,O0032587,S0046,2024-05-02,Size/fit issue,42.93,Rejected
R0004371,O0042448,S0059,2025-09-19,Wrong item shipped,74.2,Completed
R0002409,O0026186,S0036,2024-09-02,Missing parts/accessories,15.66,Completed
R0001904,O0021514,S0030,2024-04-12,Item not as described,67.78,Completed
R0000173,O0001777,S0003,2025-06-24,Missing parts/accessories,63.37,Completed
R0000901,O0011154,S0016,2025-06-25,Quality below expectation,24.21,Completed
R0004360,O0042415,S0059,2025-08-27,Changed my mind,99.89,Rejected
R0002201,O0024719,S0034,2024-10-31,Changed my mind,104.47,Completed
R0001879,O0021054,S0029,2025-01-29,Changed my mind,22.26,Pending
R0003818,O0038497,S0054,2024-06-16,Damaged on arrival,14.04,Completed
R0000536,O0005907,S0010,2024-09-30,Better price found elsewhere,15.75,Rejected
R0000364,O0004294,S0007,2024-07-06,Damaged on arrival,111.05,Completed
R0002084,O0023745,S0033,2024-03-08,Better price found elsewhere,25.33,Complete
R0003393,O0034906,S0049,2024-12-08,Wrong item shipped,81.63,Completed
R0002999,O0031442,S0045,2024-01-13,Item not as described,104.32,Completed
R0003950,O0039023,S0054,2025-08-18,Late delivery,32.44,Completed
R0000908,O0011258,S0016,2025-09-22,Quality below expectation,39.91,Completed
R0003910,O0038860,S0054,2025-05-07,Unknown,20.75,Complete
R0004141,O0040795,S0057,2025-10-12,Unknown,42.3,Completed
R0001083,O0013084,S0019,2024-06-29,Better price found elsewhere,104.64,Completed
R0004192,O0041073,S0058,2024-04-20,Counterfeit suspected,36.12,Completed
R0002345,O0025684,S0035,2025-07-14,Late delivery,27.59,Completed
R0000068,O0001134,S0003,2024-03-08,Item not as described,16.95,Complete
R0002992,O0031343,S0044,2025-09-18,Item not as described,48.48,Pending
R0002748,O0028912,S0040,2025-02-21,Quality below expectation,35.38,Complete
R0002479,O0027059,S0037,2024-08-09,Late delivery,28.2,Pending
R0004072,O0040402,S0057,2024-09-26,Changed my mind,61.13,Pending
R0003476,O0035208,S0049,2025-10-25,Changed my mind,27.16,Pending
R0000386,O0004493,S0007,2025-08-04,Unknown,36.41,Complete
R0003516,O0035430,S0050,2024-05-18,Better price found elsewhere,42.37,Complete
R0002366,O0025857,S0035,2025-11-28,Late delivery,22.74,Completed
R0002125,O0024062,S0033,2025-02-09,Damaged on arrival,21.98,Complete
R0001270,O0015140,S0022,2024-04-27,Changed my mind,106.43,Completed
R0002523,O0027458,S0037,2025-11-18,Better price found elsewhere,27.67,Complete
R0003133,O0032542,S0046,2024-03-28,Changed my mind,38.75,Pending
R0003238,O0033901,S0047,2026-01-03,Counterfeit suspected,43.62,Completed
R0003701,O0037253,S0052,2024-11-04,Missing parts/accessories,17.91,Complete
R0001181,O0014577,S0021,2024-05-11,Changed my mind,58.03,Complete
R0002253,O0025021,S0034,2025-07-03,Wrong item shipped,72.66,Completed
R0001058,O0012873,S0019,2024-01-28,Quality below expectation,35.03,Completed
R0004402,O0042573,S0060,2024-03-07,Damaged on arrival,8.0,Completed
R0003453,O0035111,S0049,2025-06-19,Missing parts/accessories,27.85,Completed
R0000086,O0001323,S0003,2024-07-15,Better price found elsewhere,43.17,Pending
R0003801,O0038455,S0054,2024-06-11,Unknown,87.56,Completed
R0002531,O0027499,S0037,2025-12-19,Damaged on arrival,43.41,Complete
R0004370,O0042441,S0059,2025-09-14,Quality below expectation,26.9,Complete
R0000140,O0001665,S0003,2025-05-03,Size/fit issue,19.18,Completed
R0001755,O0019321,S0027,2025-07-08,Wrong item shipped,100.51,Completed
R0000937,O0011520,S0017,2024-05-01,Changed my mind,45.56,Completed
R0003989,O0039165,S0054,2025-12-29,Better price found elsewhere,16.29,Completed
R0002832,O0029325,S0041,2024-11-07,Item not as described,45.87,Rejected
R0003676,O0036475,S0051,2025-03-08,Better price found elsewhere,38.24,Complete
R0001033,O0012550,S0018,2024-12-11,Unknown,39.81,Completed
R0001263,O0015091,S0022,2024-03-14,Quality below expectation,36.49,Completed
R0001501,O0017618,S0025,2024-06-20,Item not as described,18.08,Completed
R0002633,O0028457,S0039,2025-05-14,Quality below expectation,56.75,Completed
R0002773,O0029025,S0040,2025-06-28,Counterfeit suspected,99.08,Completed
R0001543,O0017836,S0025,2025-01-31,Quality below expectation,16.75,Completed
R0003942,O0038986,S0054,2025-08-05,Better price found elsewhere,48.32,Completed
R0002660,O0028541,S0039,2025-10-29,Wrong item shipped,42.89,Completed
R0002866,O0029760,S0042,2024-05-19,Missing parts/accessories,69.93,Completed
R0002845,O0029402,S0041,2025-03-12,Counterfeit suspected,34.46,Completed
R0001923,O0021628,S0030,2024-06-18,Size/fit issue,62.63,Completed
R0003450,O0035103,S0049,2025-06-19,Quality below expectation,66.85,Completed
R0002385,O0026030,S0036,2024-04-20,Size/fit issue,59.99,Completed
R0001378,O0016404,S0023,2024-12-16,Unknown,47.26,Completed
R0004224,O0041437,S0058,2025-02-19,Size/fit issue,34.34,Completed
R0001496,O0017603,S0025,2024-07-06,Late delivery,39.85,Rejected
R0001777,O0019776,S0028,2024-07-30,Better price found elsewhere,34.21,Pending
R0003263,O0034185,S0048,2024-12-01,Missing parts/accessories,67.97,Pending
R0003931,O0038937,S0054,2025-06-12,Missing parts/accessories,78.32,Completed
R0000333,O0004111,S0006,2025-10-24,Late delivery,35.56,Completed
R0002606,O0028334,S0039,2024-08-24,Quality below expectation,45.71,Pending
R0003975,O0039127,S0054,2025-12-04,Damaged on arrival,42.56,Completed
R0002635,O0028461,S0039,2025-05-02,Missing parts/accessories,100.99,Complete
R0002395,O0026107,S0036,2024-06-11,Better price found elsewhere,22.28,Completed
R0004354,O0042397,S0059,2025-08-14,Counterfeit suspected,35.73,Complete
R0002555,O0027749,S0038,2024-09-23,Changed my mind,21.88,Completed
R0001602,O0018091,S0025,2025-10-02,Damaged on arrival,40.62,Completed
R0002174,O0024512,S0034,2024-04-11,Better price found elsewhere,53.77,Completed
R0003331,O0034676,S0049,2024-06-08,Damaged on arrival,25.13,Complete
R0002572,O0027944,S0038,2025-05-02,Damaged on arrival,32.48,Completed
R0003090,O0032154,S0045,2025-07-15,Changed my mind,24.46,Completed
R0003419,O0034988,S0049,2025-02-28,Missing parts/accessories,31.4,Completed
R0001886,O0021202,S0029,2025-06-13,Size/fit issue,40.9,Completed
R0000765,O0008995,S0014,2024-04-07,Damaged on arrival,41.88,Completed
R0002508,O0027236,S0037,2025-02-19,Wrong item shipped,7.3,Completed
R0001290,O0015220,S0022,2024-05-26,Changed my mind,35.62,Completed
R0001966,O0022247,S0030,2025-11-22,Item not as described,77.39,Completed
R0001606,O0018125,S0025,2025-11-05,Quality below expectation,40.77,Completed
R0002869,O0029794,S0042,2024-06-20,Changed my mind,65.93,Completed
R0004065,O0040356,S0057,2024-07-30,Late delivery,14.94,Completed
R0003782,O0038390,S0054,2024-04-27,Wrong item shipped,20.3,Completed
R0001976,O0022343,S0031,2024-03-07,Damaged on arrival,35.37,Complete
R0001938,O0021715,S0030,2024-09-10,Changed my mind,87.44,Completed
R0000922,O0011392,S0016,2025-12-04,Changed my mind,20.5,Rejected
R0001264,O0015095,S0022,2024-04-13,Damaged on arrival,36.43,Completed
R0001411,O0016815,S0023,2025-11-27,Quality below expectation,36.74,Completed
R0001306,O0015389,S0022,2024-11-01,Wrong item shipped,25.74,Pending
R0003073,O0032007,S0045,2025-02-25,Size/fit issue,47.52,Rejected
R0004159,O0040880,S0057,2025-11-19,Damaged on arrival,50.11,Pending
R0001667,O0018541,S0026,2025-04-03,Damaged on arrival,40.02,Completed
R0001975,O0022311,S0030,2026-01-12,Late delivery,39.95,Completed
R0000815,O0009508,S0014,2025-07-14,Changed my mind,25.41,Completed
R0003530,O0035517,S0050,2024-08-26,Damaged on arrival,49.65,Completed
R0002110,O0023995,S0033,2024-11-18,Damaged on arrival,82.34,Completed
R0001200,O0014730,S0021,2025-01-06,Better price found elsewhere,24.62,Rejected
R0002089,O0023765,S0033,2024-02-24,Better price found elsewhere,131.97,Completed
R0003350,O0034748,S0049,2024-07-11,Size/fit issue,62.18,Completed
R0002470,O0026981,S0037,2024-04-24,Changed my mind,64.67,Completed
R0001277,O0015181,S0022,2024-05-06,Changed my mind,96.85,Pending
R0002191,O0024674,S0034,2024-09-26,Quality below expectation,62.19,Completed
R0002524,O0027460,S0037,2025-11-07,Late delivery,21.2,Completed
R0004400,O0042570,S0060,2024-02-11,Wrong item shipped,67.54,Completed
R0001607,O0018131,S0025,2025-11-06,Item not as described,36.13,Completed
R0000579,O0006212,S0010,2025-04-08,Late delivery,36.5,Complete
R0000191,O0002037,S0004,2024-02-24,Wrong item shipped,25.61,Completed
R0000038,O0000696,S0002,2024-10-05,Item not as described,53.05,Completed
R0001457,O0017364,S0024,2025-08-30,Changed my mind,17.38,Completed
R0004053,O0040145,S0057,2024-01-28,Counterfeit suspected,69.27,Completed
R0000600,O0006340,S0010,2025-08-12,Damaged on arrival,53.13,Completed
R0002733,O0028862,S0040,2024-12-12,Damaged on arrival,53.77,Complete
R0001301,O0015295,S0022,2024-07-20,Changed my mind,40.57,Completed
R0002017,O0022945,S0032,2024-05-18,Changed my mind,20.79,Completed
R0001603,O0018101,S0025,2025-09-26,Missing parts/accessories,30.85,Completed
R0003766,O0038298,S0054,2024-01-20,Quality below expectation,35.95,Pending
R0002348,O0025730,S0035,2025-09-14,Missing parts/accessories,25.47,Complete
R0003026,O0031593,S0045,2024-04-12,Changed my mind,46.87,Completed
R0001507,O0017649,S0025,2024-07-31,Quality below expectation,106.56,Pending
R0001308,O0015398,S0022,2024-10-14,Damaged on arrival,28.19,Completed
R0002505,O0027216,S0037,2025-01-20,Item not as described,72.8,Completed
R0001858,O0020866,S0029,2024-08-09,Counterfeit suspected,66.27,Completed
R0002627,O0028429,S0039,2025-03-11,Damaged on arrival,34.7,Completed
R0001816,O0020628,S0029,2024-02-04,Item not as described,48.24,Complete
R0001940,O0021718,S0030,2024-10-01,Size/fit issue,32.7,Completed
R0002498,O0027179,S0037,2024-12-24,Changed my mind,57.61,Completed
R0000345,O0004167,S0006,2025-12-01,Size/fit issue,101.75,Completed
R0002069,O0023601,S0032,2025-09-07,Counterfeit suspected,76.05,Pending
R0001085,O0013087,S0019,2024-06-10,Better price found elsewhere,59.54,Complete
R0000245,O0002845,S0005,2024-11-08,Changed my mind,73.95,Completed
R0004007,O0039375,S0055,2024-11-15,Quality below expectation,27.04,Completed
R0000322,O0003984,S0006,2025-07-01,Unknown,29.72,Completed
R0002461,O0026949,S0037,2024-03-26,Changed my mind,22.32,Completed
R0004288,O0041867,S0059,2024-01-29,Missing parts/accessories,59.57,Pending
R0001153,O0014201,S0020,2025-03-03,Size/fit issue,62.2,Rejected
R0000192,O0002051,S0004,2024-03-31,Changed my mind,17.7,Rejected
R0002719,O0028787,S0040,2024-08-23,Missing parts/accessories,47.14,Pending
R0003489,O0035261,S0049,2025-11-04,Size/fit issue,8.67,Pending
R0001448,O0017170,S0024,2025-02-06,Size/fit issue,50.37,Pending
R0001766,O0019661,S0028,2024-04-15,Wrong item shipped,27.82,Pending
R0000544,O0005964,S0010,2024-10-21,Missing parts/accessories,78.28,Completed
R0003538,O0035624,S0050,2024-12-31,Changed my mind,43.24,Completed
R0003414,O0034978,S0049,2025-02-18,Unknown,16.86,Complete
R0001061,O0012915,S0019,2024-03-10,Changed my mind,28.31,Completed
R0002202,O0024723,S0034,2024-10-21,Changed my mind,36.86,Completed
R0002463,O0026956,S0037,2024-03-15,Wrong item shipped,65.16,Completed
R0001368,O0016127,S0023,2024-05-25,Item not as described,92.45,Complete
R0001622,O0018196,S0025,2025-12-19,Damaged on arrival,90.06,Completed
R0001654,O0018397,S0026,2024-09-25,Better price found elsewhere,11.69,Completed
R0001511,O0017687,S0025,2024-10-04,Damaged on arrival,35.06,Completed
R0003614,O0036056,S0051,2024-03-09,Wrong item shipped,67.63,Pending
R0002312,O0025303,S0035,2024-05-23,Wrong item shipped,69.93,Rejected
R0000219,O0002536,S0004,2025-10-23,Size/fit issue,26.29,Completed
R0003522,O0035452,S0050,2024-06-26,Better price found elsewhere,62.56,Completed
R0003528,O0035503,S0050,2024-07-18,Missing parts/accessories,76.83,Completed
R0002090,O0023768,S0033,2024-03-31,Size/fit issue,59.92,Completed
R0001482,O0017548,S0025,2024-04-21,Missing parts/accessories,40.19,Completed
R0002989,O0031294,S0044,2025-07-15,Quality below expectation,33.61,Completed
R0000979,O0012121,S0017,2025-08-20,Counterfeit suspected,84.28,Complete
R0004130,O0040767,S0057,2025-08-19,Counterfeit suspected,16.81,Completed
R0003166,O0032738,S0046,2024-07-20,Better price found elsewhere,14.67,Pending
R0001582,O0018013,S0025,2025-07-03,Late delivery,94.68,Completed
R0003214,O0033611,S0047,2024-11-03,Changed my mind,70.67,Completed
R0002102,O0023867,S0033,2024-07-12,Damaged on arrival,38.74,Rejected
R0003430,O0035038,S0049,2025-04-19,Size/fit issue,48.42,Completed
R0002028,O0023096,S0032,2024-08-31,Better price found elsewhere,45.61,Completed
R0004297,O0041967,S0059,2024-05-07,Item not as described,69.08,Pending
R0000584,O0006230,S0010,2025-04-18,Better price found elsewhere,82.71,Complete
R0002431,O0026331,S0036,2024-12-16,Item not as described,52.33,Completed
R0002008,O0022864,S0032,2024-02-29,Missing parts/accessories,23.78,Completed
R0001662,O0018447,S0026,2024-11-20,Item not as described,21.09,Complete
R0000399,O0004568,S0007,2025-12-20,Counterfeit suspected,58.4,Completed
R0000839,O0010093,S0015,2024-12-07,Quality below expectation,34.57,Completed
R0002418,O0026235,S0036,2024-10-06,Late delivery,85.45,Completed
R0002177,O0024538,S0034,2024-04-25,Item not as described,16.56,Completed
R0000692,O0007869,S0012,2024-09-18,Changed my mind,52.72,Completed
R0003958,O0039062,S0054,2025-10-06,Missing parts/accessories,48.18,Completed
R0003202,O0033320,S0046,2025-12-15,Better price found elsewhere,36.1,Completed
R0003429,O0035023,S0049,2025-03-18,Missing parts/accessories,59.87,Completed
R0003330,O0034667,S0049,2024-05-13,Item not as described,33.45,Rejected
R0002646,O0028486,S0039,2025-06-19,Late delivery,28.8,Complete
R0003491,O0035264,S0049,2025-11-21,Wrong item shipped,24.44,Completed
R0002978,O0031061,S0044,2024-09-05,Damaged on arrival,37.47,Pending
R0003266,O0034270,S0048,2025-02-26,Changed my mind,46.58,Complete
R0002975,O0031037,S0044,2024-08-08,Quality below expectation,77.15,Pending
R0003418,O0034987,S0049,2025-03-03,Item not as described,91.47,Completed
R0000196,O0002159,S0004,2024-07-31,Changed my mind,25.56,Completed
R0000003,O0000135,S0001,2024-07-26,Item not as described,43.43,Pending
R0003865,O0038668,S0054,2024-12-07,Late delivery,46.72,Pending
R0003074,O0032009,S0045,2025-02-17,Late delivery,21.46,Completed
R0003974,O0039125,S0054,2025-11-17,Unknown,44.68,Completed
R0001884,O0021128,S0029,2025-04-27,Unknown,29.19,Pending
R0003643,O0036232,S0051,2024-07-23,Damaged on arrival,14.7,Complete
R0002611,O0028351,S0039,2024-09-20,Quality below expectation,68.73,Completed
R0002064,O0023499,S0032,2025-07-25,Size/fit issue,92.97,Complete
R0000382,O0004445,S0007,2025-04-29,Size/fit issue,90.46,Completed
R0000902,O0011156,S0016,2025-07-03,Changed my mind,38.92,Complete
R0001968,O0022284,S0030,2025-12-14,Changed my mind,54.67,Pending
R0002731,O0028846,S0040,2024-12-05,Counterfeit suspected,38.13,Completed
R0000081,O0001265,S0003,2024-06-22,Quality below expectation,35.48,Pending
R0001784,O0019894,S0028,2024-09-16,Quality below expectation,37.28,Completed
R0000090,O0001399,S0003,2024-09-05,Item not as described,38.33,Completed
R0002193,O0024681,S0034,2024-10-04,Size/fit issue,35.2,Rejected
R0003885,O0038742,S0054,2025-01-20,Changed my mind,53.54,Completed
R0000132,O0001596,S0003,2025-02-14,Damaged on arrival,44.22,Completed
R0004414,O0042630,S0060,2024-04-30,Damaged on arrival,71.48,Completed
R0003835,O0038563,S0054,2024-09-02,Quality below expectation,14.82,Complete
R0002065,O0023551,S0032,2025-08-19,Missing parts/accessories,29.37,Complete
R0003188,O0032998,S0046,2025-03-15,Counterfeit suspected,27.11,Rejected
R0000172,O0001758,S0003,2025-06-23,Changed my mind,71.19,Completed
R0004293,O0041946,S0059,2024-04-20,Counterfeit suspected,38.31,Completed
R0001903,O0021513,S0030,2024-03-12,Damaged on arrival,58.45,Pending
R0001144,O0014051,S0020,2024-08-22,Late delivery,53.73,Completed
R0001388,O0016683,S0023,2025-08-08,Damaged on arrival,21.73,Completed
R0000905,O0011188,S0016,2025-07-24,Damaged on arrival,80.34,Pending
R0003973,O0039117,S0054,2025-11-20,Damaged on arrival,64.68,Completed
R0001408,O0016808,S0023,2025-10-25,Changed my mind,79.57,Completed
R0000149,O0001695,S0003,2025-05-09,Better price found elsewhere,69.31,Completed
R0001908,O0021532,S0030,2024-04-27,Changed my mind,100.26,Completed
R0003117,O0032449,S0045,2025-12-30,Wrong item shipped,37.3,Pending
R0001070,O0012992,S0019,2024-04-19,Better price found elsewhere,27.41,Complete
R0000447,O0005259,S0009,2024-10-05,Changed my mind,19.33,Completed
R0000472,O0005590,S0010,2024-02-08,Counterfeit suspected,56.73,Completed
R0003021,O0031580,S0045,2024-04-30,Damaged on arrival,39.24,Rejected
R0001548,O0017872,S0025,2025-02-09,Quality below expectation,28.51,Completed
R0000607,O0006406,S0010,2025-09-14,Missing parts/accessories,113.4,Completed
R0000088,O0001366,S0003,2024-09-13,Wrong item shipped,53.97,Complete
R0003485,O0035241,S0049,2025-10-28,Late delivery,51.15,Completed
R0003560,O0035773,S0050,2025-04-07,Changed my mind,41.4,Completed
R0001100,O0013230,S0019,2024-09-30,Changed my mind,36.27,Completed
R0000337,O0004137,S0006,2025-11-04,Changed my mind,62.21,Completed
R0001523,O0017776,S0025,2025-01-06,Quality below expectation,21.43,Completed
R0002466,O0026976,S0037,2024-04-19,Size/fit issue,64.82,Completed
R0003492,O0035266,S0049,2025-11-25,Damaged on arrival,36.42,Completed
R0000344,O0004165,S0006,2025-11-25,Size/fit issue,37.83,Rejected
R0003653,O0036287,S0051,2024-10-07,Quality below expectation,21.67,Complete
R0002856,O0029524,S0041,2025-10-14,Quality below expectation,59.81,Completed
R0001680,O0018599,S0026,2025-06-23,Changed my mind,16.54,Completed
R0003853,O0038626,S0054,2024-10-20,Damaged on arrival,89.47,Completed
R0001337,O0015847,S0022,2025-09-14,Better price found elsewhere,62.48,Completed
R0001614,O0018167,S0025,2025-11-07,Item not as described,70.27,Completed
R0000483,O0005618,S0010,2024-02-12,Wrong item shipped,41.71,Rejected
R0002553,O0027728,S0038,2024-08-18,Counterfeit suspected,37.77,Completed
R0002352,O0025745,S0035,2025-08-23,Late delivery,43.61,Completed
R0003661,O0036343,S0051,2024-10-29,Missing parts/accessories,41.24,Complete
R0000460,O0005558,S0010,2024-02-04,Item not as described,29.57,Complete
R0004075,O0040421,S0057,2024-09-22,Unknown,44.64,Complete
R0000875,O0010678,S0016,2024-06-30,Quality below expectation,39.25,Completed
R0002222,O0024846,S0034,2025-03-07,Damaged on arrival,12.87,Completed
R0000960,O0011962,S0017,2025-05-06,Size/fit issue,21.89,Completed
R0002711,O0028748,S0040,2024-06-26,Damaged on arrival,39.36,Pending
R0001827,O0020693,S0029,2024-03-31,Item not as described,37.76,Pending
R0003689,O0037048,S0052,2024-05-21,Unknown,23.98,Completed
R0001875,O0020947,S0029,2024-10-26,Changed my mind,23.59,Completed
R0004271,O0041655,S0058,2025-08-28,Counterfeit suspected,36.37,Rejected
R0000513,O0005818,S0010,2024-06-21,Size/fit issue,62.63,Pending
R0002158,O0024379,S0033,2026-01-05,Better price found elsewhere,58.36,Completed
R0002835,O0029338,S0041,2024-11-01,Size/fit issue,55.65,Completed
R0001829,O0020706,S0029,2024-03-30,Missing parts/accessories,29.13,Complete
R0003003,O0031454,S0045,2024-01-20,Changed my mind,23.69,Completed
R0001271,O0015151,S0022,2024-04-11,Changed my mind,90.8,Rejected
R0000590,O0006257,S0010,2025-06-02,Changed my mind,7.49,Completed
R0003375,O0034826,S0049,2024-10-01,Missing parts/accessories,44.79,Completed
R0000064,O0001118,S0003,2024-02-17,Late delivery,83.19,Completed
R0000718,O0008476,S0013,2024-01-15,Changed my mind,48.76,Completed
R0002817,O0029189,S0040,2025-12-24,Better price found elsewhere,52.79,Pending
R0001436,O0017027,S0024,2024-07-01,Counterfeit suspected,99.52,Completed
R0003384,O0034880,S0049,2024-12-07,Wrong item shipped,38.25,Completed
R0003569,O0035817,S0050,2025-05-25,Item not as described,24.32,Complete
R0003620,O0036099,S0051,2024-03-23,Counterfeit suspected,27.79,Pending
R0000571,O0006171,S0010,2025-03-25,Late delivery,34.27,Completed
R0003548,O0035672,S0050,2025-01-22,Wrong item shipped,93.7,Rejected
R0003302,O0034555,S0049,2024-01-27,Item not as described,31.19,Completed
R0003979,O0039137,S0054,2025-11-28,Missing parts/accessories,64.13,Completed
R0004101,O0040626,S0057,2025-05-01,Wrong item shipped,13.31,Rejected
R0002908,O0030130,S0042,2025-03-17,Better price found elsewhere,18.56,Rejected
R0003985,O0039158,S0054,2025-12-03,Damaged on arrival,41.85,Pending
R0003707,O0037336,S0052,2025-01-07,Counterfeit suspected,46.04,Completed
R0001017,O0012439,S0018,2024-08-03,Missing parts/accessories,59.43,Completed
R0000102,O0001454,S0003,2024-12-01,Wrong item shipped,31.33,Completed
R0001151,O0014191,S0020,2025-01-09,Size/fit issue,29.89,Rejected
R0001624,O0018199,S0025,2025-12-22,Counterfeit suspected,68.32,Completed
R0003248,O0034008,S0048,2024-04-18,Missing parts/accessories,41.78,Completed
R0002445,O0026618,S0036,2025-07-10,Missing parts/accessories,42.82,Completed
R0004027,O0039699,S0056,2024-04-28,Better price found elsewhere,106.46,Rejected
R0001335,O0015841,S0022,2025-09-30,Quality below expectation,46.45,Rejected
R0000392,O0004531,S0007,2025-10-16,Unknown,35.99,Pending
R0001700,O0018774,S0027,2024-01-25,Quality below expectation,9.95,Completed
R0001948,O0021824,S0030,2025-01-13,Wrong item shipped,63.21,Completed
R0000158,O0001713,S0003,2025-06-01,Better price found elsewhere,62.93,Completed
R0000984,O0012169,S0017,2025-09-17,Size/fit issue,71.45,Completed
R0004107,O0040656,S0057,2025-05-10,Changed my mind,30.4,Completed
R0000177,O0001824,S0003,2025-08-20,Counterfeit suspected,33.73,Complete
R0004081,O0040510,S0057,2025-02-15,Quality below expectation,16.34,Completed
R0000519,O0005834,S0010,2024-07-11,Missing parts/accessories,37.89,Rejected
R0002482,O0027074,S0037,2024-08-23,Wrong item shipped,39.02,Completed
R0001379,O0016418,S0023,2024-12-20,Missing parts/accessories,33.8,Completed
R0003733,O0037747,S0052,2025-10-21,Counterfeit suspected,43.18,Completed
R0001518,O0017743,S0025,2024-11-28,Counterfeit suspected,65.48,Completed
R0003404,O0034938,S0049,2025-01-21,Better price found elsewhere,45.9,Complete
R0002556,O0027754,S0038,2024-09-15,Missing parts/accessories,22.95,Completed
R0003010,O0031519,S0045,2024-03-07,Size/fit issue,61.16,Complete
R0000852,O0010296,S0015,2025-07-10,Unknown,24.15,Completed
R0004367,O0042430,S0059,2025-10-04,Wrong item shipped,15.28,Complete
R0003720,O0037507,S0052,2025-04-12,Better price found elsewhere,65.75,Pending
R0004250,O0041567,S0058,2025-07-01,Changed my mind,51.38,Completed
R0001041,O0012646,S0018,2025-04-30,Wrong item shipped,48.39,Completed
R0000665,O0007324,S0011,2025-08-24,Item not as described,58.44,Complete
R0001715,O0018868,S0027,2024-04-28,Changed my mind,76.35,Complete
R0002701,O0028719,S0040,2024-06-18,Damaged on arrival,43.84,Completed
R0003215,O0033613,S0047,2024-11-16,Size/fit issue,73.63,Completed
R0002369,O0025875,S0035,2025-12-12,Counterfeit suspected,58.18,Complete
R0003426,O0035003,S0049,2025-03-22,Damaged on arrival,69.94,Completed
R0003971,O0039110,S0054,2025-10-28,Size/fit issue,21.14,Complete
R0002137,O0024158,S0033,2025-05-05,Better price found elsewhere,47.46,Completed
R0002559,O0027791,S0038,2024-10-28,Better price found elsewhere,56.34,Completed
R0004171,O0040920,S0057,2025-12-17,Item not as described,36.91,Completed
R0000338,O0004144,S0006,2025-11-20,Changed my mind,39.46,Completed
R0004140,O0040791,S0057,2025-10-05,Size/fit issue,24.7,Complete
R0002561,O0027795,S0038,2024-12-09,Counterfeit suspected,49.77,Pending
R0002601,O0028302,S0039,2024-07-18,Better price found elsewhere,43.76,Completed
R0000054,O0001080,S0003,2024-02-12,Quality below expectation,83.47,Rejected
R0003455,O0035115,S0049,2025-06-20,Wrong item shipped,85.0,Complete
R0004077,O0040451,S0057,2024-11-24,Counterfeit suspected,45.22,Completed
R0004000,O0039200,S0054,2026-01-05,Wrong item shipped,24.69,Pending
R0001384,O0016581,S0023,2025-05-03,Quality below expectation,32.07,Complete
R0002156,O0024375,S0033,2025-12-28,Size/fit issue,50.54,Pending
R0000009,O0000260,S0001,2025-01-29,Better price found elsewhere,37.86,Completed
R0004286,O0041726,S0058,2025-10-03,Quality below expectation,73.38,Completed
R0002086,O0023755,S0033,2024-03-13,Damaged on arrival,33.65,Rejected
R0002221,O0024843,S0034,2025-02-18,Size/fit issue,74.1,Completed
R0001052,O0012797,S0018,2025-11-03,Missing parts/accessories,36.76,Completed
R0004010,O0039435,S0055,2025-02-01,Size/fit issue,33.63,Completed
R0003114,O0032412,S0045,2025-12-14,Quality below expectation,82.95,Completed
R0002589,O0028234,S0039,2024-01-16,Wrong item shipped,51.75,Completed
R0001913,O0021563,S0030,2024-06-17,Wrong item shipped,19.56,Completed
R0003515,O0035417,S0050,2024-04-29,Size/fit issue,81.05,Completed
R0001082,O0013083,S0019,2024-06-28,Missing parts/accessories,39.01,Complete
R0004132,O0040773,S0057,2025-09-01,Changed my mind,66.38,Complete
R0002398,O0026120,S0036,2024-08-06,Changed my mind,28.85,Completed
R0001644,O0018351,S0026,2024-07-31,Item not as described,33.51,Pending
R0003154,O0032645,S0046,2024-05-24,Better price found elsewhere,50.12,Completed
R0000849,O0010245,S0015,2025-05-20,Size/fit issue,50.94,Complete
R0004172,O0040921,S0057,2025-12-10,Damaged on arrival,50.7,Complete
R0000521,O0005840,S0010,2024-07-15,Missing parts/accessories,36.3,Complete
R0000993,O0012217,S0017,2025-10-28,Changed my mind,19.63,Completed
R0001192,O0014698,S0021,2024-10-25,Changed my mind,31.43,Rejected
R0002610,O0028347,S0039,2024-08-19,Quality below expectation,65.02,Completed
R0003667,O0036371,S0051,2024-12-01,Wrong item shipped,46.3,Completed
R0001840,O0020793,S0029,2024-07-12,Quality below expectation,36.38,Completed
R0004109,O0040661,S0057,2025-05-28,Changed my mind,78.08,Completed
R0000467,O0005575,S0010,2024-01-14,Item not as described,59.3,Pending
R0003303,O0034556,S0049,2024-01-04,Size/fit issue,20.4,Completed
R0002285,O0025142,S0034,2025-11-27,Wrong item shipped,36.89,Rejected
R0000896,O0011071,S0016,2025-04-09,Size/fit issue,102.46,Completed
R0001064,O0012954,S0019,2024-03-29,Missing parts/accessories,12.96,Completed
R0000538,O0005922,S0010,2024-10-16,Size/fit issue,58.0,Complete
R0001853,O0020849,S0029,2024-07-11,Item not as described,31.35,Completed
R0003972,O0039112,S0054,2025-11-28,Unknown,67.19,Complete
R0000303,O0003792,S0006,2025-02-14,Better price found elsewhere,48.93,Completed
R0000267,O0003265,S0005,2025-12-29,Size/fit issue,72.74,Rejected
R0000655,O0007106,S0011,2025-02-20,Item not as described,63.2,Completed
R0003323,O0034640,S0049,2024-05-01,Item not as described,71.3,Rejected
R0003422,O0034992,S0049,2025-03-08,Better price found elsewhere,78.8,Completed
R0001498,O0017610,S0025,2024-07-20,Changed my mind,52.14,Completed
R0004016,O0039496,S0055,2025-06-07,Item not as described,15.07,Completed
R0003595,O0035951,S0050,2025-12-07,Quality below expectation,102.95,Complete
R0003349,O0034742,S0049,2024-07-30,Quality below expectation,41.17,Complete
R0003321,O0034634,S0049,2024-04-05,Item not as described,50.34,Complete
R0000855,O0010344,S0015,2025-09-13,Late delivery,40.0,Completed
R0000649,O0006963,S0011,2024-11-16,Size/fit issue,88.96,Complete
R0000085,O0001315,S0003,2024-07-25,Unknown,17.21,Completed
R0000626,O0006483,S0010,2025-12-06,Unknown,48.88,Complete
R0003525,O0035482,S0050,2024-08-07,Changed my mind,15.47,Completed
R0001223,O0014891,S0021,2025-08-02,Counterfeit suspected,86.79,Completed
R0000436,O0005184,S0009,2024-06-24,Wrong item shipped,46.94,Completed
R0002694,O0028687,S0040,2024-05-27,Wrong item shipped,37.93,Rejected
R0004312,O0042143,S0059,2024-10-05,Better price found elsewhere,44.0,Completed
R0002233,O0024917,S0034,2025-04-12,Changed my mind,13.21,Completed
R0002901,O0030113,S0042,2025-03-22,Counterfeit suspected,81.67,Completed
R0000055,O0001092,S0003,2024-02-10,Changed my mind,52.53,Completed
R0002714,O0028762,S0040,2024-08-02,Item not as described,54.35,Completed
R0002390,O0026074,S0036,2024-05-24,Missing parts/accessories,94.97,Completed
R0002157,O0024376,S0033,2025-12-24,Wrong item shipped,47.16,Pending
R0001156,O0014263,S0020,2025-04-17,Better price found elsewhere,17.54,Pending
R0001540,O0017819,S0025,2025-01-21,Counterfeit suspected,83.66,Completed
R0003064,O0031982,S0045,2025-03-11,Quality below expectation,24.82,Completed
R0004381,O0042492,S0059,2025-10-23,Item not as described,54.82,Completed
R0002081,O0023736,S0033,2024-01-30,Unknown,90.21,Completed
R0004177,O0040951,S0058,2024-01-27,Changed my mind,42.86,Rejected
R0002386,O0026033,S0036,2024-04-29,Better price found elsewhere,45.89,Complete
R0003698,O0037210,S0052,2024-10-07,Better price found elsewhere,41.99,Completed
R0001599,O0018075,S0025,2025-08-29,Unknown,96.39,Completed
R0003981,O0039148,S0054,2025-11-23,Quality below expectation,37.39,Completed
R0003025,O0031592,S0045,2024-04-23,Better price found elsewhere,33.54,Completed
R0004157,O0040871,S0057,2025-11-10,Damaged on arrival,26.07,Rejected
R0000705,O0008180,S0012,2025-05-28,Changed my mind,19.23,Pending
R0002282,O0025134,S0034,2025-10-26,Wrong item shipped,65.97,Completed
R0003111,O0032346,S0045,2025-11-01,Unknown,40.91,Completed
R0004126,O0040753,S0057,2025-07-27,Quality below expectation,47.89,Completed
R0001723,O0018945,S0027,2024-07-18,Wrong item shipped,29.69,Completed
R0003269,O0034333,S0048,2025-04-17,Changed my mind,59.99,Complete
R0002363,O0025836,S0035,2025-12-13,Better price found elsewhere,21.09,Completed
R0003239,O0033908,S0047,2025-12-07,Counterfeit suspected,46.85,Completed
R0002178,O0024562,S0034,2024-05-20,Item not as described,14.11,Rejected
R0002768,O0029003,S0040,2025-06-18,Damaged on arrival,15.07,Completed
R0002924,O0030265,S0042,2025-08-17,Size/fit issue,104.45,Completed
R0002602,O0028319,S0039,2024-07-16,Item not as described,40.8,Completed
R0002373,O0025888,S0035,2025-12-25,Late delivery,28.05,Completed
R0000870,O0010606,S0016,2024-04-30,Counterfeit suspected,71.88,Rejected
R0004391,O0042536,S0059,2025-12-14,Quality below expectation,41.48,Completed
R0000271,O0003326,S0006,2024-03-01,Better price found elsewhere,47.6,Completed
R0002146,O0024313,S0033,2025-10-06,Better price found elsewhere,19.45,Completed
R0001048,O0012721,S0018,2025-08-02,Item not as described,28.24,Completed
R0001821,O0020670,S0029,2024-03-11,Wrong item shipped,40.02,Rejected
R0001330,O0015673,S0022,2025-05-27,Damaged on arrival,30.07,Pending
R0004087,O0040552,S0057,2025-02-27,Damaged on arrival,29.49,Completed
R0000151,O0001702,S0003,2025-06-01,Size/fit issue,80.4,Rejected
R0003914,O0038881,S0054,2025-05-26,Missing parts/accessories,32.87,Completed
R0002149,O0024338,S0033,2025-10-27,Damaged on arrival,56.19,Completed
R0000945,O0011681,S0017,2024-08-20,Quality below expectation,93.5,Pending
R0000575,O0006191,S0010,2025-03-06,Changed my mind,26.65,Rejected
R0001454,O0017272,S0024,2025-06-17,Wrong item shipped,69.93,Rejected
R0002236,O0024940,S0034,2025-05-22,Late delivery,29.88,Completed
R0003764,O0038278,S0054,2024-01-31,Late delivery,29.06,Pending
R0003065,O0031983,S0045,2025-02-27,Missing parts/accessories,49.86,Completed
R0000789,O0009190,S0014,2024-09-26,Late delivery,27.26,Complete
R0002029,O0023098,S0032,2024-09-01,Changed my mind,33.74,Complete
R0002299,O0025204,S0035,2024-02-18,Changed my mind,75.33,Completed
R0001068,O0012983,S0019,2024-04-24,Item not as described,45.6,Rejected
R0000396,O0004559,S0007,2025-12-14,Changed my mind,44.64,Completed
R0003038,O0031791,S0045,2024-10-12,Better price found elsewhere,69.21,Completed
R0001494,O0017595,S0025,2024-06-09,Wrong item shipped,32.52,Completed
R0000971,O0012013,S0017,2025-05-19,Late delivery,25.35,Completed
R0003531,O0035537,S0050,2024-09-04,Missing parts/accessories,82.37,Completed
R0003451,O0035107,S0049,2025-06-24,Counterfeit suspected,31.24,Completed
R0002422,O0026274,S0036,2024-10-21,Size/fit issue,13.76,Completed
R0002780,O0029079,S0040,2025-09-08,Item not as described,52.24,Completed
R0003571,O0035822,S0050,2025-06-27,Wrong item shipped,27.23,Rejected
R0000751,O0008926,S0014,2024-01-21,Damaged on arrival,61.27,Rejected
R0002517,O0027413,S0037,2025-09-06,Item not as described,24.77,Pending
R0002051,O0023404,S0032,2025-04-12,Wrong item shipped,6.54,Completed
R0003346,O0034734,S0049,2024-07-01,Item not as described,54.01,Pending
R0001617,O0018172,S0025,2025-11-11,Quality below expectation,33.54,Completed
R0000281,O0003443,S0006,2024-05-21,Wrong item shipped,72.59,Completed
R0001524,O0017777,S0025,2024-12-20,Quality below expectation,50.57,Completed
R0000362,O0004290,S0007,2024-06-25,Wrong item shipped,34.95,Rejected
R0001409,O0016810,S0023,2025-10-12,Missing parts/accessories,29.33,Completed
R0002706,O0028730,S0040,2024-06-11,Item not as described,59.42,Completed
R0002851,O0029488,S0041,2025-08-15,Changed my mind,69.65,Complete
R0001239,O0014954,S0021,2025-11-07,Quality below expectation,79.6,Completed
R0003270,O0034343,S0048,2025-05-29,Size/fit issue,25.45,Pending
R0000816,O0009589,S0014,2025-10-06,Changed my mind,66.71,Pending
R0001876,O0020960,S0029,2024-11-27,Changed my mind,20.8,Complete
R0001196,O0014709,S0021,2024-12-02,Damaged on arrival,32.48,Complete
R0003566,O0035812,S0050,2025-05-10,Size/fit issue,52.85,Pending
R0004017,O0039497,S0055,2025-05-26,Missing parts/accessories,50.85,Completed
R0001717,O0018872,S0027,2024-04-08,Quality below expectation,111.18,Completed
R0002897,O0030105,S0042,2025-03-22,Counterfeit suspected,61.5,Completed
R0000028,O0000513,S0002,2024-02-23,Counterfeit suspected,72.83,Completed
R0001177,O0014556,S0021,2024-04-15,Damaged on arrival,42.5,Completed
R0000359,O0004284,S0007,2024-06-03,Quality below expectation,54.38,Completed
R0000270,O0003323,S0006,2024-02-28,Size/fit issue,56.12,Completed
R0001783,O0019844,S0028,2024-08-13,Counterfeit suspected,38.22,Completed
R0004265,O0041632,S0058,2025-07-22,Late delivery,37.12,Completed
R0003251,O0034047,S0048,2024-06-21,Unknown,62.37,Completed
R0003901,O0038831,S0054,2025-04-14,Counterfeit suspected,41.63,Completed
R0001504,O0017632,S0025,2024-08-05,Size/fit issue,41.99,Completed
R0003662,O0036344,S0051,2024-10-31,Changed my mind,36.25,Completed
R0003849,O0038605,S0054,2024-09-24,Changed my mind,26.91,Complete
R0002913,O0030199,S0042,2025-05-23,Quality below expectation,40.24,Completed
R0001014,O0012426,S0018,2024-07-22,Better price found elsewhere,37.83,Completed
R0000879,O0010739,S0016,2024-07-15,Unknown,38.79,Completed
R0002379,O0025930,S0036,2024-03-01,Missing parts/accessories,35.16,Completed
R0004409,O0042602,S0060,2024-03-29,Damaged on arrival,81.95,Rejected
R0001372,O0016186,S0023,2024-07-05,Size/fit issue,51.45,Completed
R0004322,O0042244,S0059,2025-02-26,Wrong item shipped,30.74,Completed
R0000573,O0006176,S0010,2025-04-04,Item not as described,40.06,Completed
R0000060,O0001108,S0003,2024-01-07,Changed my mind,37.7,Completed
R0001575,O0017983,S0025,2025-07-04,Late delivery,30.5,Completed
R0003773,O0038356,S0054,2024-03-14,Counterfeit suspected,47.92,Complete
R0000699,O0007999,S0012,2024-12-30,Better price found elsewhere,46.61,Completed
R0000610,O0006419,S0010,2025-09-25,Missing parts/accessories,44.45,Completed
R0002816,O0029186,S0040,2025-12-31,Item not as described,45.19,Pending
R0001712,O0018852,S0027,2024-05-14,Better price found elsewhere,81.62,Completed
R0003086,O0032110,S0045,2025-06-14,Changed my mind,33.49,Completed
R0002874,O0029874,S0042,2024-08-03,Better price found elsewhere,72.34,Completed
R0001950,O0021833,S0030,2025-01-17,Changed my mind,23.16,Complete
R0002223,O0024849,S0034,2025-02-28,Late delivery,49.83,Completed
R0002785,O0029098,S0040,2025-09-14,Better price found elsewhere,36.81,Pending
R0000876,O0010701,S0016,2024-07-05,Changed my mind,54.7,Rejected
R0002235,O0024929,S0034,2025-05-14,Wrong item shipped,74.09,Completed
R0003521,O0035445,S0050,2024-06-29,Quality below expectation,66.43,Complete
R0002906,O0030125,S0042,2025-04-16,Better price found elsewhere,71.31,Pending
R0002603,O0028321,S0039,2024-07-28,Damaged on arrival,39.08,Completed
R0003758,O0038243,S0053,2025-12-17,Unknown,57.4,Completed
R0001619,O0018177,S0025,2025-12-15,Quality below expectation,29.9,Complete
R0002427,O0026313,S0036,2024-12-10,Quality below expectation,100.15,Completed
R0003540,O0035642,S0050,2025-01-24,Size/fit issue,72.02,Completed
R0003774,O0038357,S0054,2024-03-11,Missing parts/accessories,34.99,Complete
R0002078,O0023712,S0033,2024-01-24,Counterfeit suspected,65.59,Pending
R0004175,O0040948,S0058,2024-01-19,Unknown,35.01,Pending
R0000083,O0001278,S0003,2024-06-22,Size/fit issue,26.42,Completed
R0001128,O0013629,S0019,2025-07-23,Missing parts/accessories,50.51,Completed
R0000845,O0010194,S0015,2025-04-28,Wrong item shipped,58.59,Completed
R0002818,O0029190,S0040,2025-12-26,Changed my mind,33.22,Pending
R0001430,O0016899,S0024,2024-01-17,Size/fit issue,38.87,Completed
R0004023,O0039624,S0055,2026-01-02,Missing parts/accessories,46.18,Completed
R0004002,O0039255,S0055,2024-04-23,Quality below expectation,44.05,Completed
R0000445,O0005247,S0009,2024-09-17,Counterfeit suspected,45.03,Completed
R0000296,O0003681,S0006,2024-11-08,Changed my mind,89.06,Completed
R0001660,O0018422,S0026,2024-10-31,Missing parts/accessories,68.05,Pending
R0002820,O0029211,S0041,2024-02-10,Changed my mind,66.23,Completed
R0004314,O0042160,S0059,2024-11-10,Damaged on arrival,34.27,Completed
R0003868,O0038694,S0054,2024-12-16,Damaged on arrival,41.01,Completed
R0004078,O0040462,S0057,2024-11-14,Better price found elsewhere,23.53,Completed
R0002847,O0029425,S0041,2025-04-02,Damaged on arrival,41.83,Pending
R0002658,O0028532,S0039,2025-10-07,Counterfeit suspected,119.63,Completed
R0004417,O0042659,S0060,2024-06-22,Damaged on arrival,30.89,Completed
R0000557,O0006018,S0010,2024-11-14,Better price found elsewhere,58.61,Completed
R0000703,O0008077,S0012,2025-02-12,Late delivery,47.44,Completed
R0000462,O0005566,S0010,2024-01-22,Changed my mind,52.76,Completed
R0001060,O0012896,S0019,2024-02-27,Size/fit issue,33.68,Complete
R0001572,O0017980,S0025,2025-06-03,Late delivery,33.63,Completed
R0003465,O0035159,S0049,2025-09-05,Counterfeit suspected,36.42,Rejected
R0003740,O0037907,S0053,2024-04-11,Changed my mind,54.18,Complete
R0000476,O0005603,S0010,2024-01-23,Better price found elsewhere,20.71,Completed
R0002700,O0028718,S0040,2024-06-14,Quality below expectation,20.8,Completed
R0000096,O0001433,S0003,2024-11-16,Wrong item shipped,52.25,Completed
R0000593,O0006272,S0010,2025-06-05,Better price found elsewhere,15.01,Complete
R0000393,O0004532,S0007,2025-10-19,Quality below expectation,59.84,Completed
R0003372,O0034821,S0049,2024-10-05,Wrong item shipped,42.34,Completed
R0000768,O0009021,S0014,2024-05-03,Better price found elsewhere,26.82,Completed
R0000722,O0008500,S0013,2024-03-16,Unknown,74.18,Complete
R0002522,O0027451,S0037,2025-10-10,Size/fit issue,93.62,Complete
R0000936,O0011506,S0017,2024-04-08,Changed my mind,87.11,Completed
R0000416,O0005033,S0008,2025-11-20,Wrong item shipped,41.84,Completed
R0003915,O0038882,S0054,2025-05-26,Counterfeit suspected,71.72,Rejected
R0000153,O0001705,S0003,2025-06-06,Changed my mind,48.2,Pending
R0003502,O0035302,S0049,2025-12-10,Unknown,54.36,Complete
R0000973,O0012018,S0017,2025-06-09,Changed my mind,77.78,Completed
R0002743,O0028891,S0040,2025-02-15,Damaged on arrival,21.85,Completed
R0003061,O0031968,S0045,2025-02-27,Item not as described,40.24,Pending
R0002846,O0029409,S0041,2025-02-16,Changed my mind,47.99,Completed
R0003428,O0035015,S0049,2025-03-25,Missing parts/accessories,56.52,Completed
R0000736,O0008585,S0013,2024-09-11,Quality below expectation,94.4,Completed
R0000473,O0005591,S0010,2024-02-03,Counterfeit suspected,60.27,Completed
R0001077,O0013049,S0019,2024-05-23,Size/fit issue,103.2,Completed
R0000696,O0007914,S0012,2024-11-05,Item not as described,18.01,Complete
R0001437,O0017050,S0024,2024-07-05,Better price found elsewhere,30.35,Completed
R0003719,O0037506,S0052,2025-04-27,Size/fit issue,36.76,Completed
R0000769,O0009023,S0014,2024-05-15,Better price found elsewhere,55.03,Completed
R0000414,O0005006,S0008,2025-10-09,Changed my mind,58.21,Completed
R0001150,O0014186,S0020,2025-02-02,Item not as described,45.67,Complete
R0002620,O0028392,S0039,2024-12-13,Quality below expectation,41.9,Complete
R0000307,O0003852,S0006,2025-03-23,Late delivery,26.0,Completed
R0002632,O0028456,S0039,2025-05-09,Wrong item shipped,56.27,Completed
R0000515,O0005823,S0010,2024-07-28,Missing parts/accessories,38.52,Rejected
R0000503,O0005721,S0010,2024-04-24,Changed my mind,14.59,Completed
R0001401,O0016759,S0023,2025-09-05,Changed my mind,32.51,Complete
R0004256,O0041607,S0058,2025-08-06,Item not as described,33.53,Complete
R0003099,O0032277,S0045,2025-09-22,Late delivery,37.83,Completed
R0001509,O0017677,S0025,2024-09-04,Better price found elsewhere,30.19,Completed
R0000292,O0003637,S0006,2024-10-03,Late delivery,47.4,Completed
R0002798,O0029150,S0040,2025-11-27,Wrong item shipped,34.32,Pending
R0001079,O0013056,S0019,2024-05-25,Counterfeit suspected,42.5,Completed
R0001489,O0017571,S0025,2024-06-04,Missing parts/accessories,46.33,Pending
R0003997,O0039189,S0054,2025-12-29,Wrong item shipped,34.75,Completed
R0000268,O0003270,S0006,2024-02-14,Wrong item shipped,53.13,Pending
R0000555,O0006013,S0010,2024-11-23,Damaged on arrival,103.18,Completed
R0003945,O0039000,S0054,2025-09-17,Damaged on arrival,62.46,Pending
R0002143,O0024279,S0033,2025-09-11,Changed my mind,32.72,Complete
R0001195,O0014707,S0021,2024-11-22,Missing parts/accessories,47.79,Completed
R0002599,O0028300,S0039,2024-05-24,Wrong item shipped,49.45,Complete
R0004289,O0041876,S0059,2024-01-31,Size/fit issue,76.66,Completed
R0000517,O0005830,S0010,2024-07-16,Better price found elsewhere,53.66,Completed
R0003591,O0035933,S0050,2025-10-23,Item not as described,57.16,Completed
R0002955,O0030536,S0043,2024-04-29,Quality below expectation,52.85,Completed
R0001718,O0018875,S0027,2024-04-26,Changed my mind,44.72,Pending
R0002551,O0027704,S0038,2024-07-14,Counterfeit suspected,34.36,Pending
R0001224,O0014897,S0021,2025-09-12,Item not as described,28.77,Completed
R0002952,O0030473,S0042,2025-12-17,Damaged on arrival,41.88,Pending
R0000115,O0001506,S0003,2025-01-07,Better price found elsewhere,44.53,Completed
R0003075,O0032010,S0045,2025-02-17,Counterfeit suspected,16.99,Completed
R0001149,O0014150,S0020,2024-11-24,Missing parts/accessories,94.1,Pending
R0004274,O0041667,S0058,2025-09-02,Size/fit issue,60.99,Completed
R0001905,O0021516,S0030,2024-03-27,Wrong item shipped,42.54,Pending
R0004228,O0041467,S0058,2025-04-01,Unknown,107.14,Completed
R0003387,O0034886,S0049,2024-11-20,Item not as described,131.31,Completed
R0003817,O0038494,S0054,2024-07-01,Missing parts/accessories,80.66,Completed
R0003007,O0031483,S0045,2024-02-09,Changed my mind,23.73,Completed
R0002021,O0023000,S0032,2024-05-26,Item not as described,23.67,Completed
R0002358,O0025809,S0035,2025-10-28,Counterfeit suspected,73.07,Completed
R0000199,O0002324,S0004,2025-01-10,Unknown,61.06,Completed
R0003978,O0039132,S0054,2025-12-04,Late delivery,99.79,Completed
R0000241,O0002779,S0005,2024-08-12,Changed my mind,70.9,Completed
R0001098,O0013220,S0019,2024-09-05,Item not as described,88.03,Completed
R0000931,O0011482,S0017,2024-03-28,Damaged on arrival,54.13,Completed
R0001791,O0020069,S0028,2025-02-07,Better price found elsewhere,48.69,Completed
R0001441,O0017083,S0024,2024-10-11,Changed my mind,24.31,Completed
R0002097,O0023817,S0033,2024-06-06,Quality below expectation,39.94,Completed
R0000510,O0005810,S0010,2024-06-09,Changed my mind,9.67,Rejected
R0002831,O0029302,S0041,2024-08-18,Quality below expectation,65.15,Complete
R0002406,O0026178,S0036,2024-08-31,Changed my mind,34.4,Completed
R0001187,O0014668,S0021,2024-10-07,Quality below expectation,13.39,Completed
R0000200,O0002339,S0004,2025-02-04,Late delivery,36.78,Completed
R0002394,O0026100,S0036,2024-07-02,Size/fit issue,114.76,Completed
R0000782,O0009109,S0014,2024-07-11,Changed my mind,90.28,Completed
R0003922,O0038905,S0054,2025-05-23,Item not as described,94.22,Completed
R0000514,O0005822,S0010,2024-07-21,Counterfeit suspected,31.4,Rejected
R0003204,O0033361,S0046,2025-12-29,Late delivery,47.16,Completed
R0000217,O0002530,S0004,2025-10-23,Quality below expectation,45.14,Completed
R0003992,O0039172,S0054,2025-12-13,Quality below expectation,70.78,Pending
R0000529,O0005865,S0010,2024-08-03,Better price found elsewhere,45.32,Completed
R0002456,O0026937,S0037,2024-03-28,Wrong item shipped,45.15,Pending
R0000289,O0003624,S0006,2024-10-04,Wrong item shipped,51.97,Completed
R0000543,O0005960,S0010,2024-10-16,Item not as described,13.98,Rejected
R0000594,O0006320,S0010,2025-07-15,Counterfeit suspected,38.65,Completed
R0001648,O0018359,S0026,2024-08-08,Late delivery,36.65,Pending
R0000556,O0006014,S0010,2024-11-17,Better price found elsewhere,11.76,Pending
R0004301,O0042033,S0059,2024-06-20,Changed my mind,32.54,Completed
R0001929,O0021700,S0030,2024-09-15,Item not as described,46.76,Completed
R0002123,O0024056,S0033,2025-01-25,Counterfeit suspected,53.5,Completed
R0001996,O0022675,S0031,2025-06-19,Better price found elsewhere,21.33,Completed
R0003207,O0033397,S0047,2024-01-28,Changed my mind,68.88,Rejected
R0000829,O0009917,S0015,2024-07-12,Better price found elsewhere,34.85,Completed
R0000707,O0008196,S0012,2025-05-15,Size/fit issue,45.13,Completed
R0001179,O0014561,S0021,2024-04-15,Unknown,65.53,Completed
R0002280,O0025123,S0034,2025-11-13,Changed my mind,52.76,Pending
R0004394,O0042555,S0060,2024-01-30,Changed my mind,62.05,Completed
R0000650,O0006989,S0011,2024-11-21,Size/fit issue,29.94,Complete
R0003470,O0035173,S0049,2025-09-05,Unknown,19.08,Complete
R0000715,O0008336,S0012,2025-09-18,Damaged on arrival,33.31,Complete
R0002214,O0024814,S0034,2025-01-14,Better price found elsewhere,25.28,Completed
R0001114,O0013362,S0019,2025-01-15,Item not as described,54.59,Complete
R0003226,O0033794,S0047,2025-08-06,Better price found elsewhere,31.06,Complete
R0003845,O0038595,S0054,2024-10-01,Wrong item shipped,33.85,Completed
R0001531,O0017799,S0025,2024-12-29,Late delivery,49.59,Completed
R0001517,O0017724,S0025,2024-10-23,Quality below expectation,39.52,Completed
R0003836,O0038564,S0054,2024-09-04,Wrong item shipped,101.16,Completed
R0000636,O0006632,S0011,2024-03-29,Late delivery,88.47,Completed
R0000147,O0001690,S0003,2025-04-12,Quality below expectation,23.48,Pending
R0002192,O0024676,S0034,2024-10-05,Item not as described,29.94,Completed
R0000991,O0012197,S0017,2025-10-13,Wrong item shipped,15.98,Completed
R0002506,O0027229,S0037,2025-02-26,Wrong item shipped,46.06,Completed
R0002621,O0028398,S0039,2025-01-09,Damaged on arrival,53.62,Completed
R0002038,O0023131,S0032,2024-10-01,Late delivery,48.04,Complete
R0001493,O0017588,S0025,2024-06-14,Unknown,49.15,Pending
R0000442,O0005233,S0009,2024-09-23,Counterfeit suspected,39.15,Completed
R0003368,O0034807,S0049,2024-08-21,Damaged on arrival,64.75,Pending
R0001071,O0013001,S0019,2024-04-25,Damaged on arrival,28.37,Completed
R0002956,O0030651,S0043,2024-12-12,Changed my mind,23.09,Completed
R0002930,O0030293,S0042,2025-09-12,Quality below expectation,28.88,Pending
R0002420,O0026244,S0036,2024-10-10,Better price found elsewhere,44.61,Completed
R0000144,O0001677,S0003,2025-04-29,Wrong item shipped,58.99,Completed
R0002795,O0029141,S0040,2025-11-22,Counterfeit suspected,19.77,Completed
R0001080,O0013059,S0019,2024-06-10,Better price found elsewhere,61.1,Pending
R0003255,O0034056,S0048,2024-07-08,Unknown,27.77,Complete
R0001443,O0017099,S0024,2024-10-18,Size/fit issue,19.0,Completed
R0001503,O0017629,S0025,2024-07-03,Item not as described,38.28,Completed
R0003636,O0036189,S0051,2024-06-27,Quality below expectation,23.88,Completed
R0003872,O0038706,S0054,2024-12-31,Unknown,23.29,Completed
R0001943,O0021807,S0030,2024-11-30,Item not as described,44.81,Pending
R0004024,O0039633,S0056,2024-01-18,Counterfeit suspected,40.77,Completed
R0002972,O0030982,S0044,2024-05-18,Changed my mind,29.38,Completed
R0004098,O0040615,S0057,2025-04-01,Item not as described,77.8,Completed
R0003755,O0038169,S0053,2025-07-28,Wrong item shipped,56.33,Completed
R0004112,O0040671,S0057,2025-05-14,Missing parts/accessories,27.13,Pending
R0000385,O0004484,S0007,2025-07-28,Changed my mind,45.69,Completed
R0003308,O0034585,S0049,2024-03-06,Changed my mind,45.43,Complete
R0002791,O0029129,S0040,2025-10-23,Item not as described,60.82,Completed
R0001284,O0015200,S0022,2024-05-18,Late delivery,27.69,Complete
R0004302,O0042059,S0059,2024-08-02,Damaged on arrival,55.13,Completed
R0000592,O0006267,S0010,2025-06-15,Changed my mind,25.74,Complete
R0002230,O0024888,S0034,2025-03-22,Quality below expectation,45.73,Rejected
R0003051,O0031857,S0045,2024-12-06,Quality below expectation,35.43,Completed
R0001896,O0021442,S0030,2024-02-12,Quality below expectation,19.71,Complete
R0003629,O0036138,S0051,2024-05-06,Quality below expectation,34.51,Completed
R0002990,O0031311,S0044,2025-08-04,Quality below expectation,38.46,Completed
R0002717,O0028776,S0040,2024-08-30,Quality below expectation,51.04,Rejected
R0004182,O0040965,S0058,2024-03-01,Counterfeit suspected,58.64,Completed
R0003493,O0035272,S0049,2025-12-03,Counterfeit suspected,9.54,Completed
R0000886,O0010835,S0016,2024-10-09,Late delivery,44.82,Completed
R0002416,O0026217,S0036,2024-10-05,Size/fit issue,40.12,Complete
R0004347,O0042366,S0059,2025-06-13,Quality below expectation,29.64,Complete
R0003589,O0035925,S0050,2025-11-09,Changed my mind,120.6,Completed
R0003852,O0038619,S0054,2024-09-18,Damaged on arrival,35.07,Complete
R0003673,O0036427,S0051,2024-12-29,Damaged on arrival,150.01,Completed
R0002533,O0027503,S0037,2025-12-31,Missing parts/accessories,46.65,Completed
R0003082,O0032040,S0045,2025-03-26,Late delivery,26.29,Complete
R0000063,O0001114,S0003,2024-03-07,Wrong item shipped,69.17,Completed
R0001541,O0017831,S0025,2025-02-12,Quality below expectation,42.28,Pending
R0004249,O0041533,S0058,2025-06-04,Changed my mind,58.25,Complete
R0003527,O0035492,S0050,2024-07-26,Changed my mind,25.01,Complete
R0001882,O0021075,S0029,2025-03-04,Size/fit issue,14.62,Complete
R0000428,O0005148,S0009,2024-06-13,Size/fit issue,68.41,Completed
R0000721,O0008486,S0013,2024-03-08,Item not as described,33.42,Completed
R0001303,O0015348,S0022,2024-10-03,Damaged on arrival,44.63,Completed
R0003837,O0038569,S0054,2024-09-02,Wrong item shipped,40.47,Completed
R0002884,O0030010,S0042,2024-12-13,Wrong item shipped,84.09,Complete
R0004326,O0042267,S0059,2025-04-14,Late delivery,14.92,Completed
R0000944,O0011674,S0017,2024-08-08,Late delivery,36.55,Completed
R0002072,O0023619,S0032,2025-11-06,Changed my mind,93.36,Pending
R0002763,O0028991,S0040,2025-04-27,Quality below expectation,17.74,Completed
R0001034,O0012587,S0018,2025-01-17,Missing parts/accessories,60.21,Completed
R0003435,O0035061,S0049,2025-05-16,Wrong item shipped,11.89,Completed
R0000801,O0009313,S0014,2025-01-11,Quality below expectation,34.73,Completed
R0002592,O0028251,S0039,2024-02-22,Missing parts/accessories,45.57,Rejected
R0000453,O0005361,S0009,2025-03-30,Late delivery,65.17,Complete
R0001709,O0018845,S0027,2024-04-24,Changed my mind,76.64,Complete
R0002557,O0027758,S0038,2024-09-18,Changed my mind,37.04,Completed
R0002465,O0026975,S0037,2024-04-22,Changed my mind,27.84,Rejected
R0000348,O0004173,S0006,2025-11-13,Missing parts/accessories,82.64,Completed
R0003916,O0038883,S0054,2025-05-26,Wrong item shipped,62.17,Completed
R0003880,O0038722,S0054,2025-01-18,Changed my mind,42.61,Complete
R0002499,O0027180,S0037,2025-01-02,Wrong item shipped,32.41,Completed
R0003572,O0035827,S0050,2025-06-25,Damaged on arrival,33.79,Completed
R0000283,O0003476,S0006,2024-05-14,Missing parts/accessories,29.0,Completed
R0002012,O0022895,S0032,2024-04-03,Unknown,39.58,Completed
R0001390,O0016707,S0023,2025-08-16,Counterfeit suspected,34.87,Rejected
R0003585,O0035912,S0050,2025-09-21,Changed my mind,37.38,Rejected
R0003273,O0034350,S0048,2025-05-21,Damaged on arrival,7.22,Completed
R0000458,O0005481,S0009,2025-10-11,Counterfeit suspected,23.62,Completed
R0001746,O0019153,S0027,2025-02-07,Size/fit issue,14.04,Completed
R0003691,O0037051,S0052,2024-05-22,Late delivery,48.06,Complete
R0004272,O0041657,S0058,2025-08-27,Changed my mind,23.59,Completed
R0001370,O0016153,S0023,2024-06-02,Damaged on arrival,38.37,Pending
R0003547,O0035666,S0050,2025-01-28,Better price found elsewhere,35.11,Pending
R0000071,O0001146,S0003,2024-02-18,Quality below expectation,66.43,Completed
R0001272,O0015158,S0022,2024-04-11,Better price found elsewhere,51.44,Pending
R0003320,O0034620,S0049,2024-04-15,Damaged on arrival,41.19,Rejected
R0000932,O0011483,S0017,2024-03-30,Late delivery,20.98,Rejected
R0002281,O0025132,S0034,2025-10-11,Missing parts/accessories,24.01,Complete
R0000327,O0004029,S0006,2025-08-29,Quality below expectation,14.62,Pending
R0002707,O0028731,S0040,2024-06-24,Quality below expectation,35.52,Complete
R0002255,O0025033,S0034,2025-08-27,Wrong item shipped,40.75,Completed
R0004432,O0043035,S0060,2025-10-04,Item not as described,72.51,Completed
R0000724,O0008506,S0013,2024-03-26,Wrong item shipped,127.89,Completed
R0003678,O0036489,S0051,2025-03-06,Quality below expectation,36.63,Completed
R0000844,O0010190,S0015,2025-03-23,Better price found elsewhere,28.27,Completed
R0003242,O0033963,S0048,2024-02-22,Changed my mind,46.53,Completed
R0000507,O0005752,S0010,2024-05-25,Item not as described,29.23,Completed
R0002344,O0025665,S0035,2025-05-17,Changed my mind,39.39,Completed
R0000018,O0000403,S0001,2025-08-21,Late delivery,29.98,Completed
R0000204,O0002371,S0004,2025-03-14,Wrong item shipped,33.19,Completed
R0004222,O0041394,S0058,2025-01-11,Changed my mind,32.57,Complete
R0001771,O0019701,S0028,2024-05-23,Size/fit issue,20.07,Rejected
R0001537,O0017812,S0025,2025-02-12,Counterfeit suspected,92.18,Completed
R0003651,O0036271,S0051,2024-09-13,Size/fit issue,28.71,Pending
R0003120,O0032490,S0046,2024-01-18,Wrong item shipped,54.0,Completed
R0003153,O0032639,S0046,2024-05-14,Size/fit issue,35.09,Rejected
R0000602,O0006350,S0010,2025-08-15,Size/fit issue,68.24,Completed
R0002474,O0027008,S0037,2024-06-06,Better price found elsewhere,44.52,Completed
R0001202,O0014760,S0021,2025-01-10,Missing parts/accessories,60.94,Completed
R0000469,O0005581,S0010,2024-02-03,Wrong item shipped,51.81,Completed
R0004125,O0040751,S0057,2025-07-19,Wrong item shipped,39.54,Pending
R0002321,O0025452,S0035,2024-10-17,Counterfeit suspected,43.72,Completed
R0001287,O0015210,S0022,2024-06-11,Missing parts/accessories,55.17,Completed
R0000065,O0001121,S0003,2024-02-18,Better price found elsewhere,27.08,Completed
R0001716,O0018869,S0027,2024-04-22,Damaged on arrival,34.46,Completed
R0000057,O0001102,S0003,2024-01-09,Counterfeit suspected,59.44,Completed
R0001633,O0018240,S0026,2024-03-06,Size/fit issue,31.96,Rejected
R0003927,O0038925,S0054,2025-05-07,Wrong item shipped,57.71,Completed
R0001157,O0014268,S0020,2025-05-29,Item not as described,92.31,Complete
R0000577,O0006204,S0010,2025-05-01,Counterfeit suspected,21.65,Completed
R0002413,O0026205,S0036,2024-09-20,Damaged on arrival,31.27,Completed
R0003749,O0038055,S0053,2025-02-02,Better price found elsewhere,7.4,Completed
R0000069,O0001136,S0003,2024-03-10,Missing parts/accessories,46.67,Complete
R0002986,O0031223,S0044,2025-04-10,Unknown,30.07,Completed
R0002319,O0025386,S0035,2024-08-28,Counterfeit suspected,37.76,Completed
R0001546,O0017848,S0025,2025-03-11,Counterfeit suspected,28.95,Completed
R0002653,O0028523,S0039,2025-10-05,Size/fit issue,41.02,Completed
R0004118,O0040704,S0057,2025-06-25,Late delivery,22.67,Pending
R0000702,O0008031,S0012,2025-01-27,Wrong item shipped,24.26,Rejected
R0001798,O0020227,S0028,2025-05-11,Counterfeit suspected,36.95,Completed
R0001563,O0017948,S0025,2025-06-02,Late delivery,37.97,Complete
R0000996,O0012247,S0017,2025-11-17,Item not as described,56.03,Completed
R0000262,O0003178,S0005,2025-10-05,Late delivery,79.09,Completed
R0002539,O0027597,S0038,2024-04-02,Changed my mind,29.23,Completed
R0001260,O0015031,S0022,2024-01-17,Wrong item shipped,44.19,Rejected
R0003757,O0038215,S0053,2025-10-31,Size/fit issue,38.96,Completed
R0000131,O0001589,S0003,2025-03-03,Counterfeit suspected,31.05,Completed
R0003970,O0039106,S0054,2025-11-09,Better price found elsewhere,15.85,Completed
R0001455,O0017297,S0024,2025-06-14,Size/fit issue,44.08,Completed
R0001237,O0014950,S0021,2025-10-05,Quality below expectation,14.88,Complete
R0000777,O0009073,S0014,2024-06-27,Size/fit issue,39.97,Completed
R0001191,O0014688,S0021,2024-10-26,Size/fit issue,53.64,Completed
R0001096,O0013188,S0019,2024-09-04,Changed my mind,34.9,Complete
R0002959,O0030731,S0043,2025-04-03,Counterfeit suspected,46.87,Completed
R0000444,O0005240,S0009,2024-10-06,Wrong item shipped,69.29,Completed
R0000894,O0011047,S0016,2025-05-09,Counterfeit suspected,19.64,Rejected
R0001037,O0012618,S0018,2025-04-07,Counterfeit suspected,31.3,Pending
R0002301,O0025231,S0035,2024-03-25,Item not as described,45.12,Complete
R0000323,O0003993,S0006,2025-06-15,Better price found elsewhere,76.09,Completed
R0002054,O0023420,S0032,2025-05-24,Size/fit issue,9.75,Rejected
R0000203,O0002360,S0004,2025-03-02,Size/fit issue,43.63,Complete
R0003746,O0038020,S0053,2024-12-14,Wrong item shipped,50.06,Completed
R0003599,O0035968,S0050,2025-12-18,Quality below expectation,27.01,Complete
R0002407,O0026180,S0036,2024-08-18,Changed my mind,26.39,Completed
R0000255,O0003089,S0005,2025-07-06,Missing parts/accessories,140.25,Complete
R0002296,O0025184,S0034,2025-12-31,Unknown,36.75,Completed
R0001658,O0018417,S0026,2024-11-03,Size/fit issue,72.69,Completed
R0000485,O0005621,S0010,2024-02-26,Missing parts/accessories,38.99,Completed
R0003621,O0036105,S0051,2024-04-06,Damaged on arrival,13.79,Complete
R0003600,O0035971,S0050,2025-12-04,Better price found elsewhere,41.86,Completed
R0000706,O0008189,S0012,2025-05-13,Changed my mind,73.93,Rejected
R0003806,O0038472,S0054,2024-06-02,Item not as described,26.07,Completed
R0001013,O0012425,S0018,2024-06-29,Size/fit issue,49.25,Completed
R0003059,O0031954,S0045,2025-02-20,Counterfeit suspected,20.95,Completed
R0000360,O0004287,S0007,2024-06-23,Counterfeit suspected,26.74,Completed
R0002824,O0029249,S0041,2024-05-15,Size/fit issue,39.71,Completed
R0002140,O0024179,S0033,2025-05-07,Damaged on arrival,33.62,Completed
R0004167,O0040909,S0057,2025-12-03,Wrong item shipped,45.01,Completed
R0000884,O0010816,S0016,2024-10-12,Damaged on arrival,18.78,Complete
R0001423,O0016863,S0023,2025-12-25,Wrong item shipped,48.1,Completed
R0000509,O0005809,S0010,2024-07-04,Better price found elsewhere,74.28,Completed
R0000332,O0004096,S0006,2025-10-04,Changed my mind,29.77,Completed
R0003545,O0035658,S0050,2025-01-21,Size/fit issue,38.32,Pending
R0004084,O0040538,S0057,2025-01-11,Changed my mind,100.04,Complete
R0002971,O0030974,S0044,2024-05-29,Better price found elsewhere,98.91,Completed
R0003578,O0035861,S0050,2025-07-11,Changed my mind,8.67,Completed
R0001099,O0013224,S0019,2024-09-26,Size/fit issue,82.37,Rejected
R0000639,O0006745,S0011,2024-05-02,Damaged on arrival,40.07,Completed
R0003506,O0035320,S0050,2024-01-17,Size/fit issue,53.96,Completed
R0004074,O0040408,S0057,2024-09-23,Missing parts/accessories,26.21,Completed
R0003077,O0032016,S0045,2025-03-29,Missing parts/accessories,50.09,Complete
R0003164,O0032726,S0046,2024-08-06,Late delivery,50.57,Pending
R0000389,O0004513,S0007,2025-10-13,Late delivery,41.74,Completed
R0002736,O0028865,S0040,2025-01-01,Quality below expectation,36.11,Completed
R0003380,O0034841,S0049,2024-10-13,Missing parts/accessories,47.12,Completed
R0000691,O0007854,S0012,2024-09-30,Better price found elsewhere,47.86,Pending
R0003377,O0034832,S0049,2024-09-22,Quality below expectation,50.01,Completed
R0003298,O0034539,S0048,2026-01-07,Changed my mind,20.17,Completed
R0000754,O0008932,S0014,2024-02-04,Counterfeit suspected,44.23,Completed
R0001459,O0017416,S0024,2025-11-20,Unknown,27.25,Completed
R0002104,O0023971,S0033,2024-11-01,Counterfeit suspected,36.01,Completed
R0002148,O0024332,S0033,2025-10-21,Size/fit issue,44.68,Rejected
R0002848,O0029430,S0041,2025-04-13,Quality below expectation,21.92,Completed
R0002189,O0024656,S0034,2024-09-11,Size/fit issue,11.72,Completed
R0000518,O0005831,S0010,2024-08-10,Item not as described,50.55,Completed
R0000142,O0001668,S0003,2025-04-12,Item not as described,22.7,Completed
R0003008,O0031509,S0045,2024-02-18,Changed my mind,19.52,Completed
R0003748,O0038052,S0053,2024-12-13,Item not as described,10.22,Completed
R0004357,O0042403,S0059,2025-08-19,Quality below expectation,57.59,Completed
R0001835,O0020762,S0029,2024-06-04,Counterfeit suspected,13.48,Completed
R0000277,O0003393,S0006,2024-04-09,Size/fit issue,56.66,Completed
R0003244,O0033971,S0048,2024-03-27,Item not as described,51.28,Completed
R0003306,O0034572,S0049,2024-02-03,Damaged on arrival,27.09,Completed
R0000121,O0001546,S0003,2025-02-01,Changed my mind,46.97,Complete
R0001204,O0014772,S0021,2025-02-17,Changed my mind,18.22,Completed
R0003874,O0038714,S0054,2024-12-29,Quality below expectation,35.01,Completed
R0000015,O0000384,S0001,2025-08-17,Changed my mind,16.02,Completed
R0003366,O0034801,S0049,2024-09-01,Size/fit issue,18.92,Completed
R0004358,O0042404,S0059,2025-09-05,Better price found elsewhere,23.79,Pending
R0003732,O0037692,S0052,2025-08-26,Size/fit issue,16.57,Completed
R0000888,O0010937,S0016,2025-01-24,Changed my mind,34.5,Completed
R0002804,O0029160,S0040,2025-11-23,Wrong item shipped,62.46,Rejected
R0000695,O0007910,S0012,2024-10-30,Quality below expectation,46.15,Complete
R0003183,O0032860,S0046,2024-10-18,Changed my mind,28.66,Pending
R0003437,O0035067,S0049,2025-05-16,Quality below expectation,17.42,Pending
R0003796,O0038440,S0054,2024-05-19,Item not as described,60.79,Completed
R0003092,O0032232,S0045,2025-08-24,Changed my mind,18.41,Complete
R0002974,O0030994,S0044,2024-05-13,Better price found elsewhere,58.9,Complete
R0004229,O0041468,S0058,2025-03-08,Missing parts/accessories,36.78,Completed
R0001920,O0021602,S0030,2024-07-06,Damaged on arrival,31.69,Completed
R0000817,O0009618,S0014,2025-10-17,Missing parts/accessories,12.82,Complete
R0003119,O0032488,S0046,2024-01-23,Missing parts/accessories,22.07,Pending
R0000794,O0009236,S0014,2024-10-19,Quality below expectation,21.42,Completed
R0001029,O0012511,S0018,2024-10-27,Changed my mind,19.26,Completed
R0000885,O0010827,S0016,2024-09-19,Size/fit issue,75.48,Completed
R0003056,O0031942,S0045,2025-02-01,Changed my mind,67.22,Completed
R0000076,O0001231,S0003,2024-06-12,Size/fit issue,41.63,Completed
R0001412,O0016818,S0023,2025-11-28,Quality below expectation,44.21,Completed
R0001170,O0014486,S0021,2024-02-01,Changed my mind,82.1,Rejected
R0003004,O0031460,S0045,2024-01-24,Size/fit issue,50.21,Complete
R0003363,O0034790,S0049,2024-09-04,Quality below expectation,39.62,Completed
R0004149,O0040824,S0057,2025-10-23,Damaged on arrival,84.15,Completed
R0000119,O0001531,S0003,2025-02-03,Missing parts/accessories,43.06,Pending
R0000456,O0005447,S0009,2025-07-30,Wrong item shipped,25.73,Completed
R0003657,O0036313,S0051,2024-09-26,Size/fit issue,88.82,Completed
R0002087,O0023763,S0033,2024-03-12,Wrong item shipped,29.55,Completed
R0002085,O0023747,S0033,2024-02-19,Better price found elsewhere,68.96,Completed
R0003706,O0037294,S0052,2024-11-08,Changed my mind,20.27,Completed
R0003911,O0038867,S0054,2025-04-26,Late delivery,84.89,Pending
R0001429,O0016891,S0023,2025-12-25,Size/fit issue,16.34,Complete
R0000489,O0005641,S0010,2024-02-15,Better price found elsewhere,39.79,Completed
R0001075,O0013036,S0019,2024-05-27,Wrong item shipped,8.28,Completed
R0004277,O0041691,S0058,2025-09-19,Changed my mind,38.19,Pending
R0001740,O0019093,S0027,2024-12-05,Wrong item shipped,36.73,Completed
R0002588,O0028233,S0039,2024-02-11,Quality below expectation,48.17,Completed
R0004216,O0041364,S0058,2025-01-04,Quality below expectation,33.46,Pending
R0000263,O0003179,S0005,2025-10-11,Damaged on arrival,33.26,Completed
R0000700,O0008001,S0012,2025-01-12,Late delivery,45.28,Completed
R0001362,O0015941,S0022,2025-12-01,Wrong item shipped,28.42,Completed
R0003383,O0034873,S0049,2024-11-08,Wrong item shipped,65.78,Complete
R0002041,O0023159,S0032,2024-10-12,Item not as described,55.83,Rejected
R0003609,O0036023,S0051,2024-01-05,Wrong item shipped,31.41,Completed
R0003295,O0034506,S0048,2025-11-10,Quality below expectation,97.67,Complete
R0001452,O0017221,S0024,2025-03-22,Damaged on arrival,40.03,Completed
R0002190,O0024668,S0034,2024-10-04,Size/fit issue,27.36,Complete
R0002256,O0025042,S0034,2025-08-16,Quality below expectation,68.6,Completed
R0000367,O0004314,S0007,2024-09-03,Missing parts/accessories,20.47,Completed
R0004340,O0042335,S0059,2025-05-16,Quality below expectation,20.34,Complete
R0003140,O0032576,S0046,2024-04-05,Changed my mind,14.41,Complete
R0002666,O0028560,S0039,2025-12-03,Damaged on arrival,65.48,Completed
R0002792,O0029130,S0040,2025-11-02,Damaged on arrival,46.93,Completed
R0000250,O0002982,S0005,2025-03-04,Changed my mind,68.57,Completed
R0003053,O0031889,S0045,2024-11-15,Item not as described,37.41,Completed
R0002272,O0025086,S0034,2025-10-16,Quality below expectation,43.25,Rejected
R0001236,O0014947,S0021,2025-10-30,Quality below expectation,58.48,Completed
R0001834,O0020752,S0029,2024-05-07,Size/fit issue,41.53,Completed
R0002532,O0027502,S0037,2026-01-11,Size/fit issue,26.63,Complete
R0003412,O0034968,S0049,2025-02-27,Item not as described,66.44,Completed
R0003029,O0031677,S0045,2024-07-21,Wrong item shipped,25.89,Pending
R0001472,O0017499,S0025,2024-04-08,Unknown,49.19,Completed
R0001681,O0018604,S0026,2025-06-25,Quality below expectation,21.38,Completed
R0002155,O0024373,S0033,2025-12-15,Late delivery,31.87,Completed
R0002450,O0026843,S0036,2026-01-16,Changed my mind,15.09,Completed
R0000990,O0012195,S0017,2025-10-11,Counterfeit suspected,51.33,Completed
R0003332,O0034677,S0049,2024-05-13,Quality below expectation,15.75,Completed
R0000395,O0004549,S0007,2025-12-13,Quality below expectation,83.15,Rejected
R0000753,O0008931,S0014,2024-02-05,Damaged on arrival,20.66,Complete
R0001893,O0021291,S0029,2025-08-26,Changed my mind,33.03,Completed
R0002034,O0023124,S0032,2024-09-28,Item not as described,34.08,Completed
R0000474,O0005596,S0010,2024-01-22,Changed my mind,89.9,Completed
R0004057,O0040206,S0057,2024-03-25,Late delivery,36.49,Completed
R0001039,O0012634,S0018,2025-03-24,Damaged on arrival,29.69,Complete
R0002671,O0028589,S0040,2024-02-05,Item not as described,38.85,Pending
R0003556,O0035740,S0050,2025-03-13,Quality below expectation,71.27,Completed
R0001374,O0016276,S0023,2024-09-12,Item not as described,15.87,Complete
R0000024,O0000470,S0001,2025-11-24,Item not as described,78.87,Completed
R0000488,O0005632,S0010,2024-02-07,Size/fit issue,35.7,Completed
R0004200,O0041131,S0058,2024-06-02,Item not as described,36.42,Complete
R0003060,O0031965,S0045,2025-02-12,Damaged on arrival,50.55,Completed
R0000642,O0006866,S0011,2024-08-30,Quality below expectation,48.52,Completed
R0001631,O0018217,S0025,2025-12-17,Size/fit issue,22.62,Complete
R0002052,O0023412,S0032,2025-04-19,Changed my mind,92.6,Completed
R0001570,O0017973,S0025,2025-06-01,Item not as described,7.23,Completed
R0000330,O0004087,S0006,2025-10-15,Wrong item shipped,70.81,Completed
R0000299,O0003752,S0006,2025-01-09,Wrong item shipped,59.22,Completed
R0000790,O0009195,S0014,2024-09-28,Changed my mind,96.01,Complete
R0004284,O0041720,S0058,2025-09-14,Changed my mind,26.33,Completed
R0002834,O0029328,S0041,2024-11-04,Size/fit issue,53.41,Completed
R0003009,O0031511,S0045,2024-02-26,Changed my mind,40.92,Completed
R0004067,O0040379,S0057,2024-08-19,Wrong item shipped,106.2,Complete
R0003254,O0034055,S0048,2024-06-21,Changed my mind,9.39,Rejected
R0003529,O0035510,S0050,2024-08-07,Size/fit issue,22.79,Completed
R0003862,O0038658,S0054,2024-11-30,Unknown,48.48,Completed
R0002618,O0028388,S0039,2024-11-25,Better price found elsewhere,27.97,Completed
R0004089,O0040565,S0057,2025-03-05,Better price found elsewhere,30.54,Rejected
R0003668,O0036376,S0051,2024-11-15,Better price found elsewhere,23.1,Complete
R0001668,O0018543,S0026,2025-03-20,Missing parts/accessories,16.77,Pending
R0002449,O0026704,S0036,2025-08-26,Better price found elsewhere,32.0,Completed
R0001568,O0017967,S0025,2025-05-18,Damaged on arrival,42.97,Rejected
R0004195,O0041097,S0058,2024-06-13,Better price found elsewhere,52.57,Pending
R0003257,O0034066,S0048,2024-07-01,Missing parts/accessories,40.24,Completed
R0003174,O0032800,S0046,2024-10-09,Better price found elsewhere,83.73,Rejected
R0000205,O0002381,S0004,2025-03-06,Late delivery,92.2,Pending
R0002099,O0023850,S0033,2024-07-14,Size/fit issue,26.47,Completed
R0000017,O0000402,S0001,2025-08-14,Better price found elsewhere,133.28,Completed
R0000535,O0005904,S0010,2024-08-28,Quality below expectation,46.77,Pending
R0002269,O0025081,S0034,2025-10-11,Counterfeit suspected,65.56,Completed
R0002639,O0028472,S0039,2025-06-08,Item not as described,11.6,Completed
R0002779,O0029061,S0040,2025-08-14,Counterfeit suspected,101.73,Completed
R0003586,O0035915,S0050,2025-09-15,Missing parts/accessories,88.72,Completed
R0004009,O0039421,S0055,2025-01-02,Item not as described,39.41,Rejected
R0003413,O0034969,S0049,2025-02-27,Better price found elsewhere,35.17,Completed
R0001329,O0015638,S0022,2025-04-30,Damaged on arrival,22.97,Complete
R0000141,O0001666,S0003,2025-04-05,Item not as described,17.73,Completed
R0000599,O0006335,S0010,2025-08-09,Quality below expectation,30.63,Completed
R0001515,O0017712,S0025,2024-11-19,Counterfeit suspected,61.98,Completed
R0001663,O0018490,S0026,2025-01-31,Quality below expectation,18.52,Completed
R0000822,O0009770,S0015,2024-04-04,Wrong item shipped,37.08,Completed
R0003984,O0039156,S0054,2025-11-29,Wrong item shipped,110.32,Completed
R0004165,O0040904,S0057,2025-12-20,Damaged on arrival,60.03,Complete
R0002512,O0027366,S0037,2025-07-18,Damaged on arrival,15.71,Completed
R0003891,O0038760,S0054,2025-01-14,Item not as described,56.05,Completed
R0003313,O0034596,S0049,2024-03-01,Counterfeit suspected,38.21,Completed
R0004225,O0041443,S0058,2025-02-26,Better price found elsewhere,54.45,Completed
R0003058,O0031953,S0045,2025-01-18,Changed my mind,33.32,Completed
R0001891,O0021278,S0029,2025-08-12,Better price found elsewhere,28.36,Completed
R0004276,O0041673,S0058,2025-09-11,Better price found elsewhere,15.12,Pending
R0002740,O0028874,S0040,2024-12-13,Damaged on arrival,44.7,Complete
R0000168,O0001733,S0003,2025-06-02,Wrong item shipped,11.95,Complete
R0003811,O0038482,S0054,2024-05-17,Unknown,54.15,Completed
R0003596,O0035956,S0050,2025-11-07,Wrong item shipped,52.88,Complete
R0000887,O0010905,S0016,2024-12-14,Wrong item shipped,62.63,Completed
R0000041,O0000760,S0002,2024-12-08,Late delivery,20.4,Completed
R0001559,O0017926,S0025,2025-04-15,Item not as described,33.04,Completed
R0000334,O0004112,S0006,2025-10-27,Changed my mind,87.81,Completed
R0000089,O0001393,S0003,2024-10-04,Missing parts/accessories,76.54,Complete
R0000185,O0001934,S0003,2025-11-29,Changed my mind,33.23,Completed
R0003373,O0034823,S0049,2024-10-09,Wrong item shipped,44.83,Completed
R0001282,O0015193,S0022,2024-06-05,Size/fit issue,7.13,Completed
R0004282,O0041713,S0058,2025-09-26,Quality below expectation,41.0,Complete
R0002794,O0029135,S0040,2025-11-13,Damaged on arrival,48.13,Completed
R0001530,O0017794,S0025,2024-12-19,Counterfeit suspected,64.63,Complete
R0002254,O0025031,S0034,2025-08-29,Size/fit issue,12.29,Complete
R0003386,O0034885,S0049,2024-12-08,Quality below expectation,89.64,Complete
R0002356,O0025784,S0035,2025-09-17,Wrong item shipped,68.43,Completed
R0002945,O0030447,S0042,2026-01-03,Size/fit issue,32.3,Completed
R0002946,O0030452,S0042,2026-01-08,Counterfeit suspected,52.49,Completed
R0000895,O0011057,S0016,2025-05-12,Counterfeit suspected,27.43,Completed
R0004351,O0042380,S0059,2025-07-17,Missing parts/accessories,35.98,Completed
R0002213,O0024813,S0034,2025-01-07,Changed my mind,33.03,Completed
R0003109,O0032336,S0045,2025-11-09,Quality below expectation,24.71,Completed
R0002129,O0024071,S0033,2025-02-14,Size/fit issue,28.79,Completed
R0001921,O0021619,S0030,2024-06-14,Damaged on arrival,41.01,Completed
R0001855,O0020859,S0029,2024-09-02,Size/fit issue,25.69,Completed
R0000390,O0004526,S0007,2025-10-30,Size/fit issue,56.79,Completed
R0001887,O0021203,S0029,2025-06-14,Better price found elsewhere,45.19,Completed
R0002858,O0029559,S0041,2025-12-23,Wrong item shipped,33.45,Completed
R0003351,O0034750,S0049,2024-07-24,Changed my mind,18.19,Completed
R0000800,O0009312,S0014,2025-02-11,Damaged on arrival,27.79,Completed
R0001869,O0020923,S0029,2024-11-04,Changed my mind,57.09,Pending
R0003590,O0035927,S0050,2025-10-22,Size/fit issue,34.86,Completed
R0003820,O0038500,S0054,2024-07-03,Unknown,19.94,Completed
R0000565,O0006084,S0010,2025-02-08,Counterfeit suspected,11.24,Completed
R0000766,O0009010,S0014,2024-05-05,Quality below expectation,27.54,Completed
R0001939,O0021717,S0030,2024-09-18,Better price found elsewhere,30.7,Completed
R0002077,O0023709,S0033,2024-02-12,Quality below expectation,17.7,Pending
R0002855,O0029522,S0041,2025-10-10,Size/fit issue,43.49,Complete
R0002217,O0024827,S0034,2025-02-20,Missing parts/accessories,33.73,Completed
R0000551,O0005987,S0010,2024-12-08,Unknown,48.17,Completed
R0002679,O0028617,S0040,2024-02-03,Item not as described,59.62,Completed
R0003768,O0038317,S0054,2024-03-01,Size/fit issue,65.0,Completed
R0001464,O0017470,S0025,2024-03-06,Damaged on arrival,45.72,Completed
R0002756,O0028943,S0040,2025-04-07,Late delivery,22.17,Completed
R0000956,O0011929,S0017,2025-03-24,Late delivery,47.05,Pending
R0002544,O0027644,S0038,2024-05-27,Size/fit issue,20.98,Completed
R0001971,O0022296,S0030,2025-12-30,Changed my mind,76.42,Completed
R0000729,O0008539,S0013,2024-05-20,Unknown,42.65,Completed
R0001641,O0018339,S0026,2024-06-15,Changed my mind,9.15,Completed
R0001387,O0016667,S0023,2025-08-09,Size/fit issue,54.33,Complete
R0003172,O0032788,S0046,2024-09-10,Better price found elsewhere,29.05,Pending
R0002609,O0028344,S0039,2024-08-22,Wrong item shipped,38.59,Completed
R0001526,O0017783,S0025,2024-12-11,Counterfeit suspected,18.76,Completed
R0004382,O0042496,S0059,2025-12-09,Item not as described,23.26,Completed
R0003807,O0038474,S0054,2024-05-25,Quality below expectation,46.37,Completed
R0004049,O0040107,S0056,2025-11-17,Size/fit issue,83.72,Completed
R0000919,O0011373,S0016,2025-11-14,Wrong item shipped,33.66,Complete
R0002693,O0028680,S0040,2024-05-28,Quality below expectation,55.05,Rejected
R0001949,O0021830,S0030,2024-12-29,Changed my mind,66.42,Completed
R0000689,O0007843,S0012,2024-08-24,Counterfeit suspected,18.35,Completed
R0000454,O0005425,S0009,2025-06-24,Changed my mind,32.03,Completed
R0004244,O0041516,S0058,2025-05-06,Better price found elsewhere,40.15,Completed
R0004390,O0042526,S0059,2025-12-26,Quality below expectation,48.14,Completed
R0000860,O0010412,S0015,2025-12-12,Damaged on arrival,27.27,Completed
R0003735,O0037794,S0052,2025-11-23,Better price found elsewhere,87.03,Rejected
R0000013,O0000347,S0001,2025-06-05,Size/fit issue,42.55,Complete
R0004310,O0042126,S0059,2024-10-28,Size/fit issue,27.23,Completed
R0004080,O0040499,S0057,2024-12-23,Late delivery,76.12,Completed
R0004287,O0041818,S0058,2025-12-14,Missing parts/accessories,65.59,Pending
R0003405,O0034942,S0049,2025-01-24,Item not as described,33.36,Rejected
R0001218,O0014868,S0021,2025-06-20,Size/fit issue,12.53,Pending
R0002954,O0030506,S0043,2024-02-15,Better price found elsewhere,38.64,Completed
R0000802,O0009324,S0014,2025-01-22,Quality below expectation,111.31,Complete
R0001845,O0020819,S0029,2024-08-07,Late delivery,55.0,Completed
R0000450,O0005266,S0009,2024-10-23,Better price found elsewhere,25.26,Pending
R0003219,O0033705,S0047,2025-03-05,Better price found elsewhere,96.93,Complete
R0001774,O0019758,S0028,2024-06-30,Damaged on arrival,90.83,Completed
R0000026,O0000479,S0001,2025-12-28,Item not as described,60.84,Rejected
R0004026,O0039693,S0056,2024-04-18,Changed my mind,28.82,Completed
R0002381,O0026004,S0036,2024-04-06,Better price found elsewhere,45.36,Completed
R0002647,O0028490,S0039,2025-06-28,Damaged on arrival,91.42,Completed
R0003016,O0031562,S0045,2024-04-20,Changed my mind,27.02,Completed
R0003390,O0034897,S0049,2024-12-06,Missing parts/accessories,44.55,Complete
R0003788,O0038421,S0054,2024-05-03,Quality below expectation,32.91,Rejected
R0002718,O0028779,S0040,2024-08-16,Damaged on arrival,26.31,Pending
R0003846,O0038597,S0054,2024-09-09,Damaged on arrival,86.05,Pending
R0002964,O0030844,S0043,2025-11-06,Size/fit issue,40.72,Completed
R0001321,O0015534,S0022,2025-01-16,Wrong item shipped,63.52,Completed
R0000029,O0000517,S0002,2024-03-15,Item not as described,40.02,Complete
R0003474,O0035188,S0049,2025-09-21,Quality below expectation,43.82,Completed
R0000664,O0007285,S0011,2025-08-03,Damaged on arrival,50.97,Completed
R0000274,O0003359,S0006,2024-03-15,Size/fit issue,56.11,Completed
R0002446,O0026689,S0036,2025-08-13,Item not as described,30.01,Completed
R0002040,O0023145,S0032,2024-09-12,Better price found elsewhere,42.97,Completed
R0000546,O0005976,S0010,2024-10-13,Wrong item shipped,39.46,Completed
R0002188,O0024635,S0034,2024-09-15,Quality below expectation,44.95,Completed
R0002977,O0031055,S0044,2024-08-17,Item not as described,42.22,Completed
R0004186,O0040978,S0058,2024-02-18,Item not as described,26.34,Pending
R0002857,O0029536,S0041,2025-10-24,Size/fit issue,66.81,Completed
R0000709,O0008226,S0012,2025-07-10,Size/fit issue,68.18,Pending
R0000656,O0007107,S0011,2025-03-21,Damaged on arrival,44.1,Pending
R0002039,O0023132,S0032,2024-09-10,Size/fit issue,29.02,Completed
R0003142,O0032583,S0046,2024-04-19,Quality below expectation,34.53,Completed
R0001532,O0017801,S0025,2025-01-09,Wrong item shipped,15.44,Rejected
R0003157,O0032670,S0046,2024-07-11,Item not as described,20.76,Completed
R0000074,O0001229,S0003,2024-05-14,Better price found elsewhere,20.18,Complete
R0000232,O0002605,S0005,2024-01-31,Better price found elsewhere,36.53,Completed
R0000048,O0000888,S0002,2025-05-04,Late delivery,74.66,Completed
R0003799,O0038448,S0054,2024-05-25,Quality below expectation,54.2,Completed
R0002916,O0030205,S0042,2025-06-09,Missing parts/accessories,25.7,Pending
R0003272,O0034347,S0048,2025-05-28,Late delivery,50.48,Completed
R0000208,O0002434,S0004,2025-06-11,Missing parts/accessories,25.8,Completed
R0003866,O0038672,S0054,2024-11-24,Missing parts/accessories,28.32,Completed
R0001842,O0020799,S0029,2024-07-05,Quality below expectation,19.77,Complete
R0002196,O0024686,S0034,2024-09-02,Better price found elsewhere,75.49,Pending
R0004307,O0042094,S0059,2024-09-22,Unknown,47.21,Completed
R0002263,O0025067,S0034,2025-09-09,Counterfeit suspected,35.05,Completed
R0004120,O0040710,S0057,2025-06-06,Missing parts/accessories,38.39,Completed
R0003035,O0031764,S0045,2024-10-09,Changed my mind,30.23,Completed
R0003603,O0035992,S0050,2026-01-08,Missing parts/accessories,63.77,Completed
R0000451,O0005292,S0009,2024-12-12,Better price found elsewhere,79.67,Rejected
R0000918,O0011367,S0016,2025-11-29,Wrong item shipped,36.68,Completed
R0004058,O0040220,S0057,2024-04-07,Counterfeit suspected,7.86,Completed
R0000505,O0005730,S0010,2024-05-04,Size/fit issue,49.28,Completed
R0001581,O0018012,S0025,2025-06-29,Better price found elsewhere,47.07,Completed
R0003904,O0038837,S0054,2025-03-31,Better price found elsewhere,42.82,Pending
R0001565,O0017956,S0025,2025-06-16,Size/fit issue,22.84,Complete
R0002279,O0025117,S0034,2025-11-07,Size/fit issue,28.29,Completed
R0001215,O0014844,S0021,2025-05-31,Wrong item shipped,53.6,Rejected
R0001184,O0014621,S0021,2024-07-26,Changed my mind,104.82,Completed
R0003287,O0034425,S0048,2025-08-01,Quality below expectation,55.4,Completed
R0000117,O0001512,S0003,2024-12-07,Wrong item shipped,33.1,Pending
R0002480,O0027063,S0037,2024-07-22,Damaged on arrival,49.53,Complete
R0003709,O0037356,S0052,2024-12-06,Missing parts/accessories,28.62,Completed
R0002335,O0025569,S0035,2025-03-07,Missing parts/accessories,100.07,Completed
R0001280,O0015190,S0022,2024-06-12,Size/fit issue,34.92,Completed
R0002605,O0028333,S0039,2024-09-14,Quality below expectation,20.39,Completed
R0003534,O0035575,S0050,2024-10-19,Late delivery,119.35,Completed
R0004407,O0042581,S0060,2024-02-20,Item not as described,37.7,Completed
R0002354,O0025777,S0035,2025-09-29,Changed my mind,26.84,Completed
R0002909,O0030133,S0042,2025-03-27,Counterfeit suspected,44.28,Completed
R0002636,O0028466,S0039,2025-05-16,Wrong item shipped,55.01,Rejected
R0001314,O0015426,S0022,2024-11-21,Size/fit issue,48.75,Completed
R0002688,O0028655,S0040,2024-03-16,Item not as described,52.41,Completed
R0002264,O0025070,S0034,2025-09-28,Wrong item shipped,48.65,Completed
R0000863,O0010524,S0016,2024-03-12,Changed my mind,75.69,Completed
R0003335,O0034683,S0049,2024-05-10,Counterfeit suspected,55.86,Completed
R0001356,O0015929,S0022,2025-11-17,Changed my mind,38.85,Completed
R0003274,O0034360,S0048,2025-05-15,Changed my mind,45.22,Completed
R0001473,O0017504,S0025,2024-04-04,Quality below expectation,91.09,Rejected
R0000391,O0004528,S0007,2025-10-27,Changed my mind,47.01,Completed
R0001326,O0015604,S0022,2025-03-24,Better price found elsewhere,43.43,Completed
R0002950,O0030466,S0042,2025-12-02,Damaged on arrival,40.05,Completed
R0002651,O0028519,S0039,2025-10-08,Item not as described,28.72,Completed
R0003054,O0031892,S0045,2024-11-19,Quality below expectation,38.65,Completed
R0001978,O0022359,S0031,2024-02-16,Size/fit issue,48.56,Completed
R0003170,O0032770,S0046,2024-09-15,Size/fit issue,50.17,Completed
R0003550,O0035695,S0050,2025-03-08,Quality below expectation,51.75,Completed
R0000756,O0008939,S0014,2024-02-20,Quality below expectation,17.42,Pending
R0000806,O0009366,S0014,2025-03-10,Quality below expectation,48.79,Completed
R0003611,O0036042,S0051,2024-01-29,Better price found elsewhere,69.41,Completed
R0002860,O0029562,S0041,2026-01-19,Late delivery,39.37,Completed
R0000846,O0010196,S0015,2025-04-16,Size/fit issue,26.33,Completed
R0002423,O0026280,S0036,2024-11-11,Changed my mind,42.28,Completed
R0001705,O0018799,S0027,2024-02-12,Wrong item shipped,15.57,Completed
R0002744,O0028893,S0040,2025-01-24,Counterfeit suspected,23.22,Pending
R0000672,O0007459,S0011,2025-11-21,Changed my mind,48.43,Complete
R0004223,O0041400,S0058,2025-01-19,Item not as described,47.27,Completed
R0002708,O0028734,S0040,2024-06-21,Item not as described,24.81,Completed
R0003559,O0035762,S0050,2025-04-16,Damaged on arrival,32.11,Completed
R0000740,O0008628,S0013,2024-11-03,Damaged on arrival,46.09,Complete
R0003738,O0037895,S0053,2024-04-30,Item not as described,82.29,Pending
R0003319,O0034608,S0049,2024-03-06,Damaged on arrival,25.01,Rejected
R0002334,O0025567,S0035,2025-02-17,Missing parts/accessories,62.72,Rejected
R0000713,O0008319,S0012,2025-09-24,Size/fit issue,82.23,Completed
R0001780,O0019823,S0028,2024-08-23,Missing parts/accessories,31.17,Completed
R0003745,O0037999,S0053,2024-10-02,Quality below expectation,93.02,Complete
R0001925,O0021684,S0030,2024-08-12,Size/fit issue,41.19,Completed
R0003792,O0038427,S0054,2024-04-29,Counterfeit suspected,45.79,Completed
R0003388,O0034889,S0049,2024-11-22,Missing parts/accessories,51.28,Complete
R0004032,O0039758,S0056,2024-08-15,Size/fit issue,64.99,Completed
R0001026,O0012486,S0018,2024-09-15,Item not as described,19.18,Pending
R0004073,O0040406,S0057,2024-09-03,Late delivery,63.15,Pending
R0000266,O0003260,S0005,2025-12-15,Damaged on arrival,28.59,Completed
R0000375,O0004385,S0007,2024-12-03,Counterfeit suspected,93.82,Completed
R0003618,O0036089,S0051,2024-03-14,Missing parts/accessories,30.32,Completed
R0002067,O0023561,S0032,2025-08-16,Better price found elsewhere,23.76,Completed
R0000659,O0007156,S0011,2025-05-04,Item not as described,47.55,Completed
R0003227,O0033795,S0047,2025-07-24,Changed my mind,36.89,Completed
R0003345,O0034731,S0049,2024-07-07,Wrong item shipped,15.44,Completed
R0000477,O0005604,S0010,2024-02-26,Changed my mind,61.6,Complete
R0000890,O0010956,S0016,2025-01-19,Damaged on arrival,58.49,Pending
R0002730,O0028843,S0040,2024-11-24,Missing parts/accessories,33.17,Completed
R0000371,O0004349,S0007,2024-10-02,Changed my mind,48.39,Completed
R0003663,O0036348,S0051,2024-10-24,Size/fit issue,40.36,Rejected
R0002516,O0027384,S0037,2025-07-09,Unknown,71.76,Completed
R0002100,O0023857,S0033,2024-06-29,Damaged on arrival,25.23,Completed
R0002654,O0028524,S0039,2025-09-26,Changed my mind,23.17,Completed
R0003938,O0038972,S0054,2025-07-29,Item not as described,36.6,Completed
R0002278,O0025115,S0034,2025-10-12,Changed my mind,35.38,Completed
R0001189,O0014684,S0021,2024-11-04,Missing parts/accessories,51.69,Rejected
R0001209,O0014825,S0021,2025-06-04,Changed my mind,51.09,Completed
R0003699,O0037226,S0052,2024-10-30,Changed my mind,27.98,Completed
R0003762,O0038271,S0054,2024-01-21,Missing parts/accessories,64.54,Pending
R0001488,O0017567,S0025,2024-05-20,Wrong item shipped,42.73,Completed
R0000795,O0009253,S0014,2024-11-15,Better price found elsewhere,16.48,Pending
R0000492,O0005649,S0010,2024-03-06,Size/fit issue,51.68,Complete
R0003918,O0038891,S0054,2025-05-11,Counterfeit suspected,46.01,Completed
R0000688,O0007809,S0012,2024-07-20,Better price found elsewhere,15.24,Rejected
R0000605,O0006383,S0010,2025-08-29,Quality below expectation,38.52,Completed
R0001475,O0017518,S0025,2024-03-06,Damaged on arrival,51.98,Completed
R0003940,O0038977,S0054,2025-08-08,Damaged on arrival,78.38,Completed
R0001674,O0018580,S0026,2025-05-26,Item not as described,54.37,Completed
R0004196,O0041098,S0058,2024-06-08,Changed my mind,27.78,Completed
R0000202,O0002358,S0004,2025-03-03,Changed my mind,52.79,Pending
R0003185,O0032876,S0046,2024-12-13,Changed my mind,57.69,Completed
R0002048,O0023386,S0032,2025-05-03,Missing parts/accessories,22.17,Completed
R0001937,O0021714,S0030,2024-09-23,Changed my mind,35.16,Pending
R0001446,O0017148,S0024,2024-12-25,Unknown,15.38,Completed
R0003930,O0038931,S0054,2025-07-02,Wrong item shipped,37.15,Complete
R0003389,O0034893,S0049,2024-11-14,Late delivery,18.97,Completed
R0003063,O0031971,S0045,2025-02-26,Damaged on arrival,116.25,Completed
R0003952,O0039036,S0054,2025-09-26,Quality below expectation,47.27,Completed
R0004006,O0039328,S0055,2024-08-18,Changed my mind,96.35,Completed
R0003902,O0038832,S0054,2025-04-15,Quality below expectation,11.06,Completed
R0003478,O0035221,S0049,2025-10-23,Late delivery,44.35,Completed
R0003378,O0034836,S0049,2024-10-12,Damaged on arrival,40.35,Complete
R0004352,O0042388,S0059,2025-07-17,Item not as described,53.41,Completed
R0001623,O0018198,S0025,2025-12-19,Item not as described,42.42,Completed
R0000005,O0000160,S0001,2024-09-09,Late delivery,21.45,Complete
R0003628,O0036137,S0051,2024-04-17,Late delivery,32.48,Pending
R0002169,O0024461,S0034,2024-02-22,Better price found elsewhere,17.28,Completed
R0003095,O0032251,S0045,2025-08-30,Counterfeit suspected,22.23,Completed
R0001044,O0012701,S0018,2025-07-03,Item not as described,48.2,Completed
R0000107,O0001460,S0003,2024-11-27,Quality below expectation,70.1,Completed
R0001158,O0014303,S0020,2025-07-08,Damaged on arrival,82.88,Completed
R0000491,O0005645,S0010,2024-03-11,Changed my mind,14.86,Completed
R0001640,O0018335,S0026,2024-07-17,Late delivery,42.53,Completed
R0002537,O0027562,S0038,2024-02-24,Better price found elsewhere,24.63,Completed
R0001669,O0018552,S0026,2025-05-02,Quality below expectation,86.58,Pending
R0001744,O0019119,S0027,2024-12-19,Better price found elsewhere,39.74,Complete
R0002862,O0029565,S0041,2026-01-01,Wrong item shipped,56.34,Pending
R0003385,O0034884,S0049,2024-11-13,Item not as described,75.1,Completed
R0001693,O0018702,S0026,2025-12-01,Wrong item shipped,11.86,Completed
R0001989,O0022606,S0031,2025-02-12,Item not as described,33.27,Completed
R0003508,O0035363,S0050,2024-03-16,Changed my mind,24.39,Complete
R0002068,O0023570,S0032,2025-09-28,Size/fit issue,23.74,Completed
R0001435,O0017000,S0024,2024-06-03,Better price found elsewhere,68.69,Rejected
R0004189,O0041052,S0058,2024-05-05,Quality below expectation,39.67,Completed
R0001213,O0014840,S0021,2025-05-16,Counterfeit suspected,41.06,Complete
R0002961,O0030761,S0043,2025-06-02,Changed my mind,31.48,Complete
R0003096,O0032253,S0045,2025-08-16,Counterfeit suspected,17.56,Rejected
R0001820,O0020665,S0029,2024-02-05,Item not as described,51.43,Completed
R0001065,O0012965,S0019,2024-04-07,Size/fit issue,21.69,Pending
R0002239,O0024966,S0034,2025-06-22,Missing parts/accessories,15.85,Completed
R0000775,O0009054,S0014,2024-06-23,Item not as described,36.99,Completed
R0002144,O0024286,S0033,2025-08-30,Counterfeit suspected,32.61,Pending
R0000796,O0009269,S0014,2024-11-26,Changed my mind,66.12,Completed
R0000697,O0007968,S0012,2024-11-14,Size/fit issue,50.32,Complete
R0003093,O0032235,S0045,2025-08-22,Item not as described,17.25,Completed
R0001549,O0017876,S0025,2025-03-18,Item not as described,57.64,Completed
R0002351,O0025741,S0035,2025-08-30,Size/fit issue,35.26,Completed
R0000660,O0007167,S0011,2025-04-30,Counterfeit suspected,57.8,Completed
R0001620,O0018181,S0025,2025-11-18,Quality below expectation,33.45,Completed
R0002750,O0028922,S0040,2025-02-06,Wrong item shipped,20.46,Completed
R0003217,O0033656,S0047,2024-12-28,Quality below expectation,56.71,Complete
R0001806,O0020359,S0028,2025-07-27,Changed my mind,53.23,Pending
R0002582,O0028050,S0038,2025-08-02,Quality below expectation,65.49,Completed
R0000953,O0011806,S0017,2024-12-05,Counterfeit suspected,22.24,Rejected
R0001675,O0018582,S0026,2025-06-06,Changed my mind,84.55,Completed
R0004042,O0039918,S0056,2025-04-07,Quality below expectation,33.78,Complete
R0000380,O0004406,S0007,2025-02-05,Size/fit issue,115.84,Completed
R0004325,O0042266,S0059,2025-03-24,Damaged on arrival,60.48,Complete
R0001813,O0020610,S0028,2025-12-12,Unknown,21.74,Completed
R0001188,O0014678,S0021,2024-10-10,Counterfeit suspected,36.66,Complete
R0001062,O0012916,S0019,2024-02-27,Changed my mind,67.01,Pending
R0002337,O0025584,S0035,2025-02-07,Late delivery,27.75,Complete
R0001959,O0021984,S0030,2025-05-06,Unknown,31.02,Complete
R0003995,O0039178,S0054,2025-12-18,Better price found elsewhere,59.17,Completed
R0000926,O0011446,S0017,2024-02-27,Item not as described,55.69,Completed
R0003542,O0035648,S0050,2025-01-10,Size/fit issue,40.65,Completed
R0004395,O0042556,S0060,2024-01-18,Damaged on arrival,24.28,Rejected
R0000398,O0004567,S0007,2026-01-07,Size/fit issue,41.47,Complete
R0001751,O0019204,S0027,2025-03-03,Size/fit issue,142.59,Rejected
R0001342,O0015867,S0022,2025-10-24,Changed my mind,41.95,Rejected
R0000920,O0011375,S0016,2025-11-29,Missing parts/accessories,37.99,Completed
R0002151,O0024342,S0033,2025-10-11,Better price found elsewhere,62.83,Complete
R0002093,O0023777,S0033,2024-04-01,Item not as described,19.78,Pending
R0003925,O0038912,S0054,2025-06-02,Wrong item shipped,22.01,Complete
R0000690,O0007847,S0012,2024-09-09,Changed my mind,52.69,Pending
R0002584,O0028117,S0038,2025-09-14,Item not as described,27.6,Completed
R0001391,O0016711,S0023,2025-08-19,Changed my mind,15.44,Rejected
R0002330,O0025538,S0035,2025-01-25,Changed my mind,53.14,Completed
R0003032,O0031689,S0045,2024-08-10,Better price found elsewhere,45.19,Completed
R0004144,O0040805,S0057,2025-09-12,Damaged on arrival,81.16,Completed
R0001874,O0020946,S0029,2024-10-16,Changed my mind,42.67,Complete
R0003495,O0035281,S0049,2025-12-14,Wrong item shipped,47.91,Completed
R0003446,O0035088,S0049,2025-07-02,Changed my mind,53.74,Complete
R0001736,O0019037,S0027,2024-10-04,Changed my mind,50.31,Complete
R0002803,O0029158,S0040,2025-12-10,Quality below expectation,29.53,Completed
R0000037,O0000684,S0002,2024-08-21,Changed my mind,44.03,Completed
R0001849,O0020834,S0029,2024-07-15,Unknown,28.64,Completed
R0000698,O0007998,S0012,2024-12-15,Item not as described,51.3,Completed
R0004212,O0041272,S0058,2024-10-20,Better price found elsewhere,67.0,Pending
R0001112,O0013335,S0019,2024-12-27,Damaged on arrival,31.71,Completed
R0000717,O0008461,S0012,2026-01-07,Wrong item shipped,60.92,Pending
R0002145,O0024302,S0033,2025-10-11,Changed my mind,36.19,Pending
R0001972,O0022299,S0030,2025-12-17,Changed my mind,18.76,Completed
R0002389,O0026060,S0036,2024-06-04,Quality below expectation,23.79,Complete
R0001545,O0017841,S0025,2025-03-04,Quality below expectation,51.22,Pending
R0000903,O0011166,S0016,2025-07-15,Size/fit issue,81.93,Completed
R0002788,O0029111,S0040,2025-11-07,Damaged on arrival,45.68,Complete
R0000010,O0000296,S0001,2025-03-29,Changed my mind,45.84,Complete
R0004430,O0042971,S0060,2025-07-19,Damaged on arrival,53.93,Pending
R0002206,O0024755,S0034,2024-12-22,Size/fit issue,67.15,Completed
R0000843,O0010164,S0015,2025-03-12,Late delivery,63.97,Completed
R0002552,O0027719,S0038,2024-08-01,Counterfeit suspected,31.55,Complete
R0002195,O0024684,S0034,2024-10-02,Size/fit issue,58.63,Completed
R0001945,O0021818,S0030,2024-12-24,Item not as described,38.71,Completed
R0000227,O0002565,S0004,2025-11-30,Wrong item shipped,61.32,Completed
R0001346,O0015886,S0022,2025-11-12,Counterfeit suspected,32.94,Completed
R0000159,O0001714,S0003,2025-05-26,Better price found elsewhere,55.51,Completed
R0002648,O0028496,S0039,2025-08-16,Changed my mind,21.05,Complete
R0003821,O0038510,S0054,2024-06-28,Wrong item shipped,30.04,Pending
R0004316,O0042175,S0059,2024-12-18,Missing parts/accessories,83.45,Completed
R0001244,O0014967,S0021,2025-11-13,Damaged on arrival,32.98,Complete
R0002238,O0024954,S0034,2025-07-05,Late delivery,57.46,Completed
R0000762,O0008962,S0014,2024-03-02,Item not as described,19.94,Completed
R0003317,O0034605,S0049,2024-02-24,Item not as described,40.8,Pending
R0003830,O0038549,S0054,2024-07-26,Unknown,24.62,Completed
R0000807,O0009386,S0014,2025-03-24,Better price found elsewhere,65.61,Completed
R0003533,O0035569,S0050,2024-10-17,Late delivery,12.63,Completed
R0001217,O0014859,S0021,2025-07-13,Unknown,52.36,Completed
R0003575,O0035839,S0050,2025-06-17,Wrong item shipped,33.81,Rejected
R0002805,O0029161,S0040,2025-11-30,Item not as described,56.45,Completed
R0000915,O0011330,S0016,2025-11-26,Counterfeit suspected,27.26,Complete
R0001278,O0015186,S0022,2024-06-15,Size/fit issue,52.21,Completed
R0003232,O0033844,S0047,2025-09-25,Wrong item shipped,27.56,Completed
R0000858,O0010385,S0015,2025-10-18,Better price found elsewhere,32.63,Complete
R0000438,O0005187,S0009,2024-07-31,Size/fit issue,38.03,Pending
R0002570,O0027932,S0038,2025-05-13,Better price found elsewhere,25.98,Completed
R0000838,O0010088,S0015,2025-01-03,Changed my mind,17.63,Complete
R0003687,O0036968,S0052,2024-03-26,Size/fit issue,29.15,Pending
R0002826,O0029258,S0041,2024-06-03,Unknown,21.53,Pending
R0004239,O0041490,S0058,2025-04-14,Item not as described,58.37,Completed
R0003789,O0038423,S0054,2024-05-05,Better price found elsewhere,53.2,Completed
R0001843,O0020803,S0029,2024-07-01,Changed my mind,23.43,Completed
R0000016,O0000401,S0001,2025-08-26,Late delivery,22.3,Complete
R0002468,O0026978,S0037,2024-05-05,Better price found elsewhere,40.0,Completed
R0002969,O0030962,S0044,2024-04-15,Better price found elsewhere,51.01,Completed
R0002249,O0025010,S0034,2025-07-30,Wrong item shipped,30.54,Completed
R0002738,O0028869,S0040,2025-01-05,Quality below expectation,42.13,Completed
R0000719,O0008479,S0013,2024-02-21,Quality below expectation,42.19,Completed
R0002789,O0029115,S0040,2025-11-11,Item not as described,22.83,Complete
R0002308,O0025272,S0035,2024-05-14,Late delivery,10.84,Completed
R0002670,O0028586,S0040,2024-01-20,Item not as described,51.31,Completed
R0000835,O0009997,S0015,2024-10-02,Damaged on arrival,71.02,Completed
R0002400,O0026130,S0036,2024-07-27,Missing parts/accessories,39.76,Pending
R0000461,O0005565,S0010,2024-01-19,Size/fit issue,33.78,Completed
R0000563,O0006059,S0010,2025-01-08,Damaged on arrival,103.11,Completed
R0003524,O0035470,S0050,2024-06-16,Quality below expectation,29.35,Completed
R0000441,O0005214,S0009,2024-08-29,Damaged on arrival,27.58,Completed
R0004227,O0041458,S0058,2025-03-12,Size/fit issue,41.21,Completed
R0002131,O0024073,S0033,2025-02-07,Changed my mind,43.91,Completed
R0000723,O0008505,S0013,2024-03-21,Quality below expectation,66.09,Completed
R0002996,O0031413,S0044,2025-12-12,Size/fit issue,32.81,Completed
R0000118,O0001522,S0003,2024-12-31,Unknown,37.71,Completed
R0000293,O0003646,S0006,2024-09-15,Wrong item shipped,14.65,Completed
R0001732,O0019020,S0027,2024-08-25,Late delivery,27.96,Pending
R0000632,O0006507,S0010,2025-12-09,Item not as described,68.74,Pending
R0004219,O0041390,S0058,2025-01-19,Changed my mind,11.16,Complete
R0002997,O0031435,S0044,2026-01-05,Item not as described,36.37,Completed
R0004295,O0041961,S0059,2024-04-28,Size/fit issue,28.81,Complete
R0000976,O0012047,S0017,2025-07-11,Damaged on arrival,78.77,Complete
R0004176,O0040950,S0058,2024-01-13,Wrong item shipped,27.59,Completed
R0001001,O0012358,S0018,2024-04-22,Quality below expectation,108.36,Rejected
R0000170,O0001743,S0003,2025-06-19,Damaged on arrival,46.08,Complete
R0003714,O0037465,S0052,2025-03-13,Better price found elsewhere,50.01,Complete
R0000383,O0004456,S0007,2025-05-13,Quality below expectation,23.63,Complete
R0003344,O0034718,S0049,2024-07-11,Damaged on arrival,20.49,Completed
R0000315,O0003953,S0006,2025-05-09,Better price found elsewhere,53.86,Completed
R0000201,O0002340,S0004,2025-01-21,Changed my mind,50.65,Completed
R0001673,O0018578,S0026,2025-05-18,Missing parts/accessories,30.91,Completed
R0000938,O0011532,S0017,2024-04-11,Late delivery,87.25,Pending
R0003078,O0032017,S0045,2025-03-25,Changed my mind,41.22,Completed
R0001964,O0022195,S0030,2025-10-06,Quality below expectation,21.36,Completed
R0004424,O0042737,S0060,2024-09-24,Changed my mind,38.66,Completed
R0001807,O0020363,S0028,2025-07-10,Counterfeit suspected,63.09,Rejected
R0004234,O0041477,S0058,2025-04-06,Missing parts/accessories,36.74,Completed
R0000837,O0010045,S0015,2024-11-14,Damaged on arrival,35.52,Completed
R0002527,O0027479,S0037,2025-12-19,Quality below expectation,47.21,Pending
R0001933,O0021706,S0030,2024-08-29,Size/fit issue,31.48,Complete
R0003833,O0038556,S0054,2024-09-05,Missing parts/accessories,61.76,Completed
R0002035,O0023126,S0032,2024-10-01,Size/fit issue,15.67,Completed
R0004240,O0041499,S0058,2025-04-08,Damaged on arrival,61.75,Completed
R0004204,O0041160,S0058,2024-08-11,Damaged on arrival,57.08,Completed
R0001801,O0020318,S0028,2025-07-11,Better price found elsewhere,18.09,Complete
R0001719,O0018901,S0027,2024-05-12,Damaged on arrival,19.84,Complete
R0003702,O0037257,S0052,2024-11-08,Wrong item shipped,69.62,Pending
R0003253,O0034052,S0048,2024-06-22,Missing parts/accessories,32.23,Completed
R0003364,O0034791,S0049,2024-09-09,Wrong item shipped,65.6,Rejected
R0000152,O0001703,S0003,2025-05-05,Size/fit issue,60.16,Completed
R0004257,O0041608,S0058,2025-07-31,Quality below expectation,38.31,Pending
R0002741,O0028876,S0040,2025-01-09,Wrong item shipped,53.94,Completed
R0003300,O0034543,S0048,2025-12-15,Counterfeit suspected,50.28,Completed
R0004166,O0040908,S0057,2025-12-27,Counterfeit suspected,10.57,Completed
R0001600,O0018081,S0025,2025-08-28,Unknown,22.73,Rejected
R0000701,O0008019,S0012,2025-01-15,Item not as described,53.59,Pending
R0003475,O0035190,S0049,2025-09-21,Unknown,85.75,Completed
R0001228,O0014920,S0021,2025-09-26,Quality below expectation,30.96,Completed
R0004281,O0041712,S0058,2025-09-20,Size/fit issue,67.53,Completed
R0000810,O0009415,S0014,2025-04-29,Better price found elsewhere,112.81,Rejected
R0002219,O0024834,S0034,2025-02-19,Quality below expectation,45.79,Completed
R0003570,O0035821,S0050,2025-06-29,Counterfeit suspected,26.17,Complete
R0001815,O0020625,S0029,2024-01-16,Damaged on arrival,26.61,Completed
R0003781,O0038389,S0054,2024-04-13,Item not as described,33.39,Pending
R0001256,O0015009,S0022,2024-01-10,Better price found elsewhere,21.57,Pending
R0001977,O0022356,S0031,2024-02-06,Unknown,45.41,Completed
R0001276,O0015178,S0022,2024-05-14,Changed my mind,61.03,Completed
R0001588,O0018040,S0025,2025-07-07,Item not as described,25.16,Complete
R0004275,O0041671,S0058,2025-08-11,Better price found elsewhere,38.1,Pending
R0002160,O0024385,S0033,2026-01-02,Size/fit issue,55.67,Completed
R0001811,O0020558,S0028,2025-12-25,Counterfeit suspected,42.62,Complete
R0001164,O0014394,S0020,2025-10-12,Quality below expectation,47.52,Completed
R0000324,O0004004,S0006,2025-07-18,Better price found elsewhere,31.85,Completed
R0001066,O0012972,S0019,2024-03-12,Size/fit issue,50.67,Completed
R0000821,O0009750,S0015,2024-02-27,Better price found elsewhere,77.41,Completed
R0000670,O0007377,S0011,2025-09-21,Size/fit issue,91.64,Completed
R0002644,O0028482,S0039,2025-06-26,Wrong item shipped,20.32,Rejected
R0000681,O0007618,S0012,2024-03-22,Size/fit issue,39.6,Complete
R0003608,O0036015,S0050,2026-01-02,Wrong item shipped,79.37,Completed
R0004181,O0040964,S0058,2024-03-02,Better price found elsewhere,28.0,Pending
R0002631,O0028454,S0039,2025-05-06,Item not as described,45.58,Completed
R0003030,O0031683,S0045,2024-08-07,Wrong item shipped,63.67,Completed
R0003809,O0038476,S0054,2024-06-14,Item not as described,24.23,Completed
R0001594,O0018053,S0025,2025-09-06,Damaged on arrival,25.61,Rejected
R0003027,O0031606,S0045,2024-04-10,Quality below expectation,35.56,Completed
R0001081,O0013060,S0019,2024-05-23,Counterfeit suspected,80.84,Completed
R0002982,O0031129,S0044,2024-11-10,Changed my mind,39.02,Completed
R0002361,O0025827,S0035,2025-11-21,Unknown,67.99,Pending
R0000561,O0006049,S0010,2024-12-23,Wrong item shipped,59.54,Completed
R0001375,O0016296,S0023,2024-10-03,Item not as described,39.47,Completed
R0002186,O0024627,S0034,2024-08-04,Item not as described,25.08,Rejected
R0001307,O0015390,S0022,2024-11-04,Damaged on arrival,44.19,Completed
R0000906,O0011237,S0016,2025-09-05,Size/fit issue,41.8,Complete
R0000251,O0002998,S0005,2025-03-10,Size/fit issue,20.17,Completed
R0003896,O0038790,S0054,2025-02-24,Wrong item shipped,43.98,Completed
R0000036,O0000683,S0002,2024-08-20,Size/fit issue,40.71,Completed
R0003014,O0031548,S0045,2024-03-10,Damaged on arrival,29.39,Completed
R0003301,O0034553,S0048,2025-12-15,Quality below expectation,59.5,Completed
R0001656,O0018408,S0026,2024-10-14,Missing parts/accessories,58.85,Completed
R0000631,O0006493,S0010,2025-11-24,Quality below expectation,45.68,Complete
R0001257,O0015014,S0022,2024-02-07,Missing parts/accessories,43.14,Rejected
R0000998,O0012262,S0017,2025-11-13,Counterfeit suspected,70.11,Rejected
R0000925,O0011439,S0017,2024-02-06,Size/fit issue,57.34,Completed
R0003094,O0032245,S0045,2025-08-29,Size/fit issue,26.02,Pending
R0003289,O0034435,S0048,2025-09-09,Better price found elsewhere,57.6,Completed
R0003888,O0038754,S0054,2025-01-18,Item not as described,53.03,Completed
R0001613,O0018158,S0025,2025-11-23,Quality below expectation,19.33,Complete
R0003028,O0031674,S0045,2024-07-03,Wrong item shipped,37.75,Rejected
R0003863,O0038664,S0054,2024-11-22,Wrong item shipped,62.85,Completed
R0000567,O0006096,S0010,2025-02-21,Missing parts/accessories,29.49,Completed
R0000077,O0001232,S0003,2024-06-04,Better price found elsewhere,48.9,Completed
R0000210,O0002477,S0004,2025-08-01,Better price found elsewhere,66.08,Completed
R0000539,O0005929,S0010,2024-09-24,Counterfeit suspected,32.33,Completed
R0001580,O0018010,S0025,2025-07-03,Late delivery,27.15,Completed
R0000788,O0009179,S0014,2024-08-21,Item not as described,51.99,Completed
R0002306,O0025269,S0035,2024-04-13,Missing parts/accessories,30.66,Complete
R0000666,O0007335,S0011,2025-08-20,Late delivery,23.52,Completed
R0001577,O0017992,S0025,2025-07-16,Changed my mind,36.12,Pending
R0003875,O0038715,S0054,2024-12-25,Damaged on arrival,22.98,Completed
R0002211,O0024811,S0034,2025-02-18,Counterfeit suspected,42.86,Complete
R0001522,O0017765,S0025,2025-01-09,Item not as described,58.67,Complete
R0000933,O0011487,S0017,2024-03-29,Counterfeit suspected,87.08,Completed
R0003486,O0035245,S0049,2025-12-02,Quality below expectation,18.85,Completed
R0003962,O0039078,S0054,2025-11-07,Quality below expectation,69.42,Completed
R0002876,O0029938,S0042,2024-11-07,Quality below expectation,25.0,Completed
R0003895,O0038786,S0054,2025-02-16,Item not as described,90.58,Completed
R0002859,O0029561,S0041,2025-12-14,Wrong item shipped,37.84,Completed
R0000611,O0006421,S0010,2025-09-05,Missing parts/accessories,6.79,Pending
R0002305,O0025261,S0035,2024-04-12,Wrong item shipped,21.63,Completed
R0002421,O0026254,S0036,2024-10-25,Better price found elsewhere,32.74,Completed
R0000363,O0004293,S0007,2024-06-14,Item not as described,120.03,Complete
R0000978,O0012103,S0017,2025-08-10,Size/fit issue,33.08,Completed
R0000030,O0000535,S0002,2024-03-18,Size/fit issue,132.53,Completed
R0003751,O0038118,S0053,2025-04-21,Wrong item shipped,68.61,Completed
R0002022,O0023007,S0032,2024-06-24,Quality below expectation,74.2,Completed
R0000657,O0007110,S0011,2025-03-11,Item not as described,32.17,Complete
R0002367,O0025872,S0035,2025-12-26,Changed my mind,57.93,Complete
R0004094,O0040596,S0057,2025-04-14,Changed my mind,16.38,Completed
R0003271,O0034344,S0048,2025-05-15,Missing parts/accessories,24.56,Pending
R0000898,O0011115,S0016,2025-05-16,Late delivery,47.67,Pending
R0001729,O0019005,S0027,2024-08-23,Quality below expectation,92.39,Completed
R0003842,O0038590,S0054,2024-08-26,Missing parts/accessories,35.15,Pending
R0004383,O0042503,S0059,2025-11-14,Quality below expectation,15.97,Completed
R0002645,O0028483,S0039,2025-07-06,Item not as described,62.89,Rejected
R0002684,O0028646,S0040,2024-03-19,Item not as described,41.22,Pending
R0004317,O0042180,S0059,2024-12-13,Better price found elsewhere,50.32,Completed
R0003278,O0034374,S0048,2025-07-09,Counterfeit suspected,31.83,Completed
R0001323,O0015551,S0022,2025-02-03,Quality below expectation,87.4,Completed
R0003312,O0034593,S0049,2024-02-26,Wrong item shipped,62.61,Complete
R0004258,O0041614,S0058,2025-07-30,Changed my mind,45.85,Completed
R0000388,O0004501,S0007,2025-09-04,Damaged on arrival,34.41,Completed
R0003739,O0037896,S0053,2024-04-30,Missing parts/accessories,14.32,Completed
R0002055,O0023423,S0032,2025-06-04,Changed my mind,46.59,Completed
R0000490,O0005644,S0010,2024-03-02,Item not as described,30.94,Complete
R0002583,O0028068,S0038,2025-08-19,Counterfeit suspected,24.06,Completed
R0001353,O0015924,S0022,2025-11-17,Changed my mind,35.82,Completed
R0002695,O0028695,S0040,2024-06-05,Item not as described,47.38,Completed
R0001846,O0020821,S0029,2024-07-26,Better price found elsewhere,44.69,Completed
R0004133,O0040775,S0057,2025-09-03,Better price found elsewhere,60.14,Completed
R0003425,O0035001,S0049,2025-04-02,Quality below expectation,41.0,Completed
R0001015,O0012427,S0018,2024-07-08,Better price found elsewhere,56.62,Completed
R0000286,O0003517,S0006,2024-07-03,Size/fit issue,33.17,Completed
R0001797,O0020213,S0028,2025-04-29,Unknown,51.14,Completed
R0000369,O0004346,S0007,2024-10-06,Quality below expectation,55.99,Pending
R0004355,O0042398,S0059,2025-08-30,Quality below expectation,21.73,Completed
R0001525,O0017779,S0025,2025-01-13,Quality below expectation,24.65,Rejected
R0001334,O0015835,S0022,2025-09-29,Counterfeit suspected,29.45,Pending
R0004254,O0041602,S0058,2025-07-11,Item not as described,48.1,Rejected
R0002297,O0025190,S0035,2024-02-03,Better price found elsewhere,25.08,Completed
R0001249,O0014986,S0021,2025-12-27,Item not as described,33.31,Complete
R0002554,O0027743,S0038,2024-09-06,Size/fit issue,51.6,Complete
R0000823,O0009794,S0015,2024-03-19,Changed my mind,32.28,Completed
R0001167,O0014447,S0020,2026-01-09,Damaged on arrival,26.88,Pending
R0001621,O0018192,S0025,2025-12-05,Damaged on arrival,25.47,Completed
R0002752,O0028928,S0040,2025-02-27,Damaged on arrival,32.28,Complete
R0003635,O0036171,S0051,2024-05-31,Quality below expectation,55.24,Completed
R0003294,O0034502,S0048,2025-11-29,Changed my mind,36.28,Pending
R0000421,O0005076,S0009,2024-02-01,Item not as described,22.49,Completed
R0002268,O0025080,S0034,2025-09-24,Missing parts/accessories,62.01,Complete
R0001730,O0019009,S0027,2024-08-24,Counterfeit suspected,38.29,Rejected
R0002428,O0026318,S0036,2024-12-02,Quality below expectation,21.4,Completed
R0000805,O0009359,S0014,2025-03-10,Changed my mind,24.69,Completed
R0001166,O0014408,S0020,2025-10-13,Wrong item shipped,117.86,Complete
R0000373,O0004382,S0007,2024-12-02,Size/fit issue,45.37,Completed
R0002885,O0030014,S0042,2024-12-14,Counterfeit suspected,68.88,Completed
R0001032,O0012530,S0018,2024-11-04,Size/fit issue,45.32,Completed
R0003234,O0033870,S0047,2025-10-28,Changed my mind,45.41,Completed
R0003532,O0035564,S0050,2024-10-22,Item not as described,29.34,Completed
R0001679,O0018597,S0026,2025-07-06,Better price found elsewhere,55.84,Completed
R0003329,O0034663,S0049,2024-05-01,Counterfeit suspected,31.7,Complete
R0002764,O0028994,S0040,2025-05-11,Quality below expectation,47.23,Completed
R0002568,O0027908,S0038,2025-02-24,Counterfeit suspected,57.82,Pending
R0003504,O0035311,S0049,2025-12-18,Damaged on arrival,75.63,Completed
R0003765,O0038296,S0054,2024-01-10,Quality below expectation,35.74,Complete
R0000225,O0002561,S0004,2025-12-01,Damaged on arrival,52.33,Completed
R0002778,O0029056,S0040,2025-08-08,Damaged on arrival,46.11,Completed
R0000511,O0005813,S0010,2024-06-21,Damaged on arrival,40.96,Completed
R0004056,O0040203,S0057,2024-03-16,Unknown,10.26,Completed
R0004344,O0042356,S0059,2025-06-23,Counterfeit suspected,41.27,Complete
R0003963,O0039081,S0054,2025-10-24,Quality below expectation,51.42,Rejected
R0003824,O0038520,S0054,2024-07-26,Changed my mind,36.83,Completed
R0000278,O0003422,S0006,2024-05-08,Wrong item shipped,35.46,Pending
R0002507,O0027235,S0037,2025-02-22,Counterfeit suspected,68.13,Completed
R0001506,O0017644,S0025,2024-07-13,Damaged on arrival,36.22,Completed
R0000156,O0001709,S0003,2025-06-05,Better price found elsewhere,43.72,Rejected
R0000868,O0010571,S0016,2024-03-24,Item not as described,36.0,Pending
R0002080,O0023724,S0033,2024-01-09,Changed my mind,61.02,Completed
R0000300,O0003764,S0006,2024-12-24,Missing parts/accessories,19.41,Completed
R0001499,O0017611,S0025,2024-07-02,Missing parts/accessories,21.25,Completed
R0002722,O0028802,S0040,2024-10-12,Item not as described,34.65,Completed
R0000171,O0001749,S0003,2025-06-23,Item not as described,20.19,Complete
R0004320,O0042236,S0059,2025-02-18,Size/fit issue,66.14,Completed
R0003041,O0031809,S0045,2024-10-15,Damaged on arrival,30.53,Completed
R0003512,O0035403,S0050,2024-04-30,Changed my mind,29.3,Completed
R0001823,O0020673,S0029,2024-02-09,Wrong item shipped,25.43,Complete
R0000774,O0009047,S0014,2024-06-11,Counterfeit suspected,20.95,Completed
R0004064,O0040306,S0057,2024-07-08,Size/fit issue,39.08,Completed
R0000606,O0006395,S0010,2025-08-13,Wrong item shipped,36.83,Rejected
R0001299,O0015267,S0022,2024-07-18,Changed my mind,31.31,Rejected
R0004003,O0039295,S0055,2024-07-11,Changed my mind,58.91,Completed
R0001708,O0018843,S0027,2024-03-14,Item not as described,62.53,Complete
R0002359,O0025815,S0035,2025-10-08,Quality below expectation,26.64,Completed
R0001116,O0013462,S0019,2025-04-07,Changed my mind,38.37,Completed
R0002819,O0029209,S0041,2024-02-20,Missing parts/accessories,54.26,Complete
R0001136,O0013948,S0020,2024-04-14,Changed my mind,21.36,Completed
R0000711,O0008276,S0012,2025-08-18,Item not as described,73.4,Completed
R0003650,O0036264,S0051,2024-09-12,Quality below expectation,50.76,Pending
R0003779,O0038379,S0054,2024-03-21,Size/fit issue,74.09,Completed
R0003966,O0039098,S0054,2025-10-29,Counterfeit suspected,29.23,Completed
R0003510,O0035399,S0050,2024-04-12,Size/fit issue,38.3,Pending
R0001691,O0018669,S0026,2025-09-26,Counterfeit suspected,69.54,Completed
R0003340,O0034706,S0049,2024-06-27,Missing parts/accessories,55.55,Completed
R0003369,O0034810,S0049,2024-09-18,Item not as described,53.04,Completed
R0002283,O0025137,S0034,2025-11-18,Missing parts/accessories,44.53,Completed
R0003447,O0035090,S0049,2025-07-09,Size/fit issue,24.44,Completed
R0002050,O0023403,S0032,2025-05-02,Unknown,35.76,Completed
R0001125,O0013596,S0019,2025-06-08,Counterfeit suspected,29.41,Completed
R0002245,O0024981,S0034,2025-07-08,Counterfeit suspected,78.31,Completed
R0000658,O0007151,S0011,2025-04-29,Size/fit issue,42.26,Complete
R0000614,O0006427,S0010,2025-09-15,Missing parts/accessories,62.72,Complete
R0000731,O0008559,S0013,2024-07-27,Quality below expectation,64.3,Complete
R0000668,O0007358,S0011,2025-10-04,Changed my mind,122.29,Completed
R0000495,O0005675,S0010,2024-03-28,Missing parts/accessories,43.84,Completed
R0001952,O0021934,S0030,2025-03-13,Better price found elsewhere,56.0,Completed
R0001847,O0020827,S0029,2024-08-19,Damaged on arrival,11.7,Complete
R0001628,O0018207,S0025,2026-01-13,Unknown,60.74,Completed
R0000146,O0001689,S0003,2025-05-01,Counterfeit suspected,63.01,Completed
R0002435,O0026388,S0036,2025-01-10,Wrong item shipped,22.73,Rejected
R0000522,O0005842,S0010,2024-07-10,Quality below expectation,42.7,Complete
R0004423,O0042703,S0060,2024-08-17,Item not as described,29.34,Completed
R0003923,O0038906,S0054,2025-06-05,Better price found elsewhere,17.26,Pending
R0001538,O0017813,S0025,2025-01-13,Counterfeit suspected,56.64,Completed
R0000207,O0002430,S0004,2025-06-10,Size/fit issue,31.52,Pending
R0003249,O0034010,S0048,2024-04-29,Changed my mind,43.59,Completed
R0003062,O0031969,S0045,2025-03-12,Missing parts/accessories,69.65,Completed
R0003743,O0037964,S0053,2024-07-20,Changed my mind,40.84,Completed
R0000897,O0011099,S0016,2025-06-01,Wrong item shipped,9.1,Completed
R0004415,O0042634,S0060,2024-05-09,Missing parts/accessories,100.12,Rejected
R0001597,O0018059,S0025,2025-09-15,Late delivery,25.93,Completed
R0003537,O0035598,S0050,2024-12-02,Late delivery,14.03,Completed
R0000313,O0003918,S0006,2025-05-17,Better price found elsewhere,9.95,Completed
R0003518,O0035433,S0050,2024-05-22,Better price found elsewhere,49.94,Completed
R0000062,O0001111,S0003,2024-02-07,Item not as described,76.42,Completed
R0004396,O0042563,S0060,2024-01-22,Wrong item shipped,33.94,Rejected
R0003361,O0034775,S0049,2024-07-25,Missing parts/accessories,71.41,Completed
R0002665,O0028559,S0039,2025-11-24,Wrong item shipped,29.96,Completed
R0002310,O0025290,S0035,2024-06-03,Item not as described,58.27,Pending
R0002258,O0025045,S0034,2025-09-01,Quality below expectation,37.05,Complete
R0003857,O0038638,S0054,2024-11-04,Wrong item shipped,26.85,Pending
R0003224,O0033790,S0047,2025-08-17,Size/fit issue,39.7,Pending
R0002170,O0024488,S0034,2024-04-05,Damaged on arrival,18.78,Pending
R0004331,O0042302,S0059,2025-04-17,Changed my mind,27.77,Completed
R0002637,O0028469,S0039,2025-05-27,Changed my mind,88.03,Completed
R0001510,O0017685,S0025,2024-10-07,Item not as described,31.37,Completed
R0002534,O0027519,S0038,2024-01-12,Counterfeit suspected,30.38,Completed
R0000463,O0005568,S0010,2024-01-11,Counterfeit suspected,79.95,Completed
R0001298,O0015264,S0022,2024-07-17,Changed my mind,7.47,Completed
R0001245,O0014976,S0021,2025-11-22,Better price found elsewhere,54.95,Completed
R0004121,O0040717,S0057,2025-06-23,Size/fit issue,56.28,Completed
R0001415,O0016836,S0023,2025-11-12,Damaged on arrival,20.87,Pending
R0001395,O0016730,S0023,2025-08-25,Counterfeit suspected,61.62,Completed
R0002893,O0030046,S0042,2025-01-30,Better price found elsewhere,74.76,Completed
R0004020,O0039555,S0055,2025-10-10,Wrong item shipped,70.86,Completed
R0001175,O0014542,S0021,2024-05-06,Damaged on arrival,30.69,Completed
R0002374,O0025893,S0036,2024-01-24,Quality below expectation,92.8,Completed
R0001880,O0021069,S0029,2025-02-18,Counterfeit suspected,31.48,Completed
R0004153,O0040854,S0057,2025-11-15,Better price found elsewhere,34.53,Pending
R0000180,O0001863,S0003,2025-09-23,Damaged on arrival,93.5,Completed
R0002643,O0028479,S0039,2025-05-18,Counterfeit suspected,49.78,Completed
R0001529,O0017792,S0025,2024-12-20,Item not as described,45.39,Complete
R0002676,O0028611,S0040,2024-02-09,Damaged on arrival,93.04,Rejected
R0000415,O0005012,S0008,2025-10-17,Size/fit issue,92.72,Completed
R0000139,O0001660,S0003,2025-04-08,Size/fit issue,55.0,Complete
R0003011,O0031530,S0045,2024-04-11,Item not as described,27.27,Pending
R0000061,O0001110,S0003,2024-01-26,Missing parts/accessories,55.1,Completed
R0000857,O0010376,S0015,2025-09-25,Better price found elsewhere,78.08,Completed
R0002132,O0024126,S0033,2025-04-12,Size/fit issue,98.13,Pending
R0003939,O0038974,S0054,2025-07-16,Missing parts/accessories,88.41,Completed
R0002745,O0028894,S0040,2025-01-31,Item not as described,42.5,Complete
R0000929,O0011476,S0017,2024-03-23,Unknown,36.39,Completed
R0003362,O0034777,S0049,2024-09-07,Better price found elsewhere,24.11,Completed
R0003920,O0038894,S0054,2025-06-07,Damaged on arrival,20.41,Complete
R0000051,O0000964,S0002,2025-07-30,Changed my mind,31.01,Complete
R0001800,O0020316,S0028,2025-06-29,Late delivery,21.31,Completed
R0001055,O0012859,S0019,2024-01-09,Wrong item shipped,15.5,Completed
R0000222,O0002552,S0004,2025-11-18,Missing parts/accessories,49.76,Complete
R0000741,O0008631,S0013,2024-10-18,Better price found elsewhere,53.44,Complete
R0000128,O0001572,S0003,2025-01-30,Better price found elsewhere,67.61,Completed
R0001647,O0018358,S0026,2024-07-16,Better price found elsewhere,31.21,Completed
R0004403,O0042575,S0060,2024-03-02,Better price found elsewhere,42.32,Completed
R0002894,O0030050,S0042,2025-02-03,Better price found elsewhere,28.68,Completed
R0001087,O0013121,S0019,2024-07-28,Counterfeit suspected,21.34,Complete
R0003509,O0035381,S0050,2024-03-26,Better price found elsewhere,49.24,Completed
R0002289,O0025159,S0034,2025-12-12,Late delivery,47.5,Completed
R0004021,O0039556,S0055,2025-10-19,Better price found elsewhere,40.03,Completed
R0000496,O0005677,S0010,2024-04-20,Changed my mind,53.78,Completed
R0001003,O0012371,S0018,2024-05-03,Counterfeit suspected,46.68,Completed
R0001118,O0013471,S0019,2025-05-05,Damaged on arrival,61.29,Completed
R0001934,O0021708,S0030,2024-09-01,Size/fit issue,90.37,Completed
R0004164,O0040901,S0057,2025-12-27,Damaged on arrival,43.01,Complete
R0002704,O0028724,S0040,2024-07-04,Counterfeit suspected,50.7,Completed
R0000406,O0004656,S0008,2024-04-17,Changed my mind,51.34,Completed
R0001625,O0018201,S0025,2026-01-15,Unknown,44.26,Complete
R0001994,O0022659,S0031,2025-04-19,Late delivery,39.03,Pending
R0000328,O0004045,S0006,2025-09-10,Missing parts/accessories,40.9,Pending
R0001030,O0012516,S0018,2024-11-20,Changed my mind,46.66,Completed
R0002565,O0027873,S0038,2025-01-07,Better price found elsewhere,33.84,Completed
R0003665,O0036359,S0051,2024-11-25,Size/fit issue,21.35,Completed
R0000526,O0005856,S0010,2024-07-30,Changed my mind,24.64,Rejected
R0002597,O0028287,S0039,2024-06-02,Size/fit issue,36.43,Completed
R0004387,O0042520,S0059,2025-12-13,Damaged on arrival,33.15,Completed
R0000166,O0001729,S0003,2025-06-04,Wrong item shipped,25.45,Complete
R0001091,O0013150,S0019,2024-09-01,Size/fit issue,39.41,Completed
R0002981,O0031124,S0044,2024-11-09,Missing parts/accessories,20.32,Completed
R0003406,O0034948,S0049,2025-01-17,Item not as described,26.83,Pending
R0002936,O0030352,S0042,2025-10-09,Quality below expectation,39.05,Complete
R0001024,O0012470,S0018,2024-09-02,Size/fit issue,68.97,Complete
R0000686,O0007705,S0012,2024-05-10,Item not as described,27.17,Completed
R0000623,O0006475,S0010,2025-10-06,Size/fit issue,37.6,Completed
R0001360,O0015939,S0022,2025-12-05,Size/fit issue,36.54,Pending
R0003861,O0038657,S0054,2024-12-20,Size/fit issue,57.48,Completed
R0002142,O0024278,S0033,2025-08-17,Quality below expectation,52.95,Completed
R0004136,O0040781,S0057,2025-09-26,Missing parts/accessories,71.85,Completed
R0002271,O0025084,S0034,2025-10-17,Wrong item shipped,12.91,Rejected
R0004202,O0041155,S0058,2024-08-10,Changed my mind,10.48,Completed
R0000891,O0010957,S0016,2025-01-26,Changed my mind,31.57,Completed
R0002488,O0027103,S0037,2024-09-29,Changed my mind,53.18,Rejected
R0002656,O0028527,S0039,2025-10-04,Changed my mind,43.14,Pending
R0001468,O0017481,S0025,2024-02-13,Item not as described,28.01,Completed
R0000494,O0005671,S0010,2024-04-10,Missing parts/accessories,137.11,Completed
R0003905,O0038838,S0054,2025-04-03,Counterfeit suspected,74.51,Completed
R0000347,O0004170,S0006,2025-11-08,Item not as described,59.56,Completed
R0001596,O0018058,S0025,2025-08-14,Item not as described,81.06,Completed
R0001332,O0015828,S0022,2025-10-09,Damaged on arrival,61.9,Complete
R0004138,O0040786,S0057,2025-09-28,Quality below expectation,88.25,Completed
R0001012,O0012421,S0018,2024-07-03,Late delivery,39.58,Completed
R0004315,O0042167,S0059,2024-11-21,Changed my mind,31.41,Completed
R0001857,O0020865,S0029,2024-09-04,Changed my mind,54.49,Completed
R0001535,O0017808,S0025,2025-02-03,Unknown,11.2,Completed
R0003956,O0039056,S0054,2025-10-02,Quality below expectation,24.43,Completed
R0000108,O0001461,S0003,2024-12-16,Missing parts/accessories,52.48,Rejected
R0001497,O0017605,S0025,2024-07-08,Late delivery,21.7,Completed
R0000924,O0011423,S0017,2024-02-09,Quality below expectation,81.8,Complete
R0002098,O0023820,S0033,2024-06-04,Quality below expectation,29.24,Completed
R0003638,O0036214,S0051,2024-07-25,Missing parts/accessories,47.44,Completed
R0001413,O0016820,S0023,2025-11-24,Counterfeit suspected,45.18,Complete
R0002451,O0026912,S0037,2024-03-05,Changed my mind,64.67,Completed
R0001907,O0021527,S0030,2024-05-17,Wrong item shipped,57.86,Completed
R0004051,O0040119,S0056,2025-12-10,Item not as described,71.3,Completed
R0002569,O0027931,S0038,2025-03-24,Counterfeit suspected,37.85,Completed
R0000214,O0002521,S0004,2025-10-04,Counterfeit suspected,63.07,Completed
R0000743,O0008651,S0013,2024-11-12,Damaged on arrival,78.92,Rejected
R0000808,O0009387,S0014,2025-03-14,Late delivery,39.85,Completed
R0004339,O0042333,S0059,2025-05-13,Wrong item shipped,22.91,Completed
R0003416,O0034983,S0049,2025-02-21,Damaged on arrival,51.07,Complete
R0000058,O0001105,S0003,2024-02-09,Better price found elsewhere,144.59,Completed
R0001185,O0014640,S0021,2024-08-19,Changed my mind,72.74,Rejected
R0003883,O0038736,S0054,2025-02-05,Damaged on arrival,25.13,Completed
R0001180,O0014567,S0021,2024-05-03,Wrong item shipped,31.68,Complete
R0001935,O0021710,S0030,2024-09-29,Changed my mind,38.16,Complete
R0002547,O0027657,S0038,2024-05-20,Changed my mind,75.53,Pending
R0002998,O0031440,S0045,2024-02-18,Item not as described,31.42,Completed
R0001483,O0017552,S0025,2024-04-23,Damaged on arrival,59.77,Completed
R0002091,O0023773,S0033,2024-04-15,Item not as described,42.29,Pending
R0001958,O0021976,S0030,2025-04-25,Quality below expectation,39.92,Completed
R0004038,O0039880,S0056,2025-01-27,Better price found elsewhere,21.64,Completed
R0002349,O0025731,S0035,2025-08-12,Size/fit issue,34.54,Completed
R0000803,O0009325,S0014,2025-01-13,Better price found elsewhere,23.0,Completed
R0003015,O0031558,S0045,2024-03-14,Counterfeit suspected,58.09,Rejected
R0000498,O0005696,S0010,2024-04-26,Changed my mind,60.18,Complete
R0001410,O0016811,S0023,2025-10-24,Damaged on arrival,64.07,Completed
R0001999,O0022692,S0031,2025-07-13,Changed my mind,79.14,Pending
R0002574,O0027951,S0038,2025-05-05,Size/fit issue,28.14,Complete
R0004054,O0040189,S0057,2024-03-22,Size/fit issue,53.71,Completed
R0004238,O0041484,S0058,2025-05-03,Better price found elsewhere,64.88,Completed
R0001386,O0016665,S0023,2025-08-06,Size/fit issue,101.72,Completed
R0002580,O0028031,S0038,2025-06-13,Quality below expectation,17.06,Pending
R0001804,O0020347,S0028,2025-07-08,Better price found elsewhere,27.64,Pending
R0000618,O0006446,S0010,2025-11-19,Size/fit issue,60.86,Completed
R0003084,O0032050,S0045,2025-03-20,Late delivery,47.47,Complete
R0000630,O0006490,S0010,2025-12-13,Size/fit issue,47.42,Complete
R0001045,O0012708,S0018,2025-08-08,Missing parts/accessories,29.04,Completed
R0003260,O0034162,S0048,2024-10-07,Counterfeit suspected,59.99,Completed
R0004059,O0040242,S0057,2024-05-15,Changed my mind,37.19,Completed
R0003808,O0038475,S0054,2024-05-24,Wrong item shipped,23.83,Completed
R0003871,O0038705,S0054,2024-12-11,Quality below expectation,58.75,Completed
R0002587,O0028222,S0039,2024-01-21,Quality below expectation,49.87,Completed
R0001796,O0020182,S0028,2025-04-05,Better price found elsewhere,25.26,Pending
R0000339,O0004147,S0006,2025-11-10,Quality below expectation,48.7,Completed
R0003688,O0037045,S0052,2024-06-10,Late delivery,63.29,Completed
R0001211,O0014835,S0021,2025-05-19,Damaged on arrival,41.55,Completed
R0000760,O0008948,S0014,2024-03-05,Quality below expectation,30.71,Completed
R0002172,O0024498,S0034,2024-04-18,Item not as described,63.12,Completed
R0000082,O0001274,S0003,2024-06-27,Quality below expectation,53.59,Complete
R0000194,O0002080,S0004,2024-05-12,Better price found elsewhere,11.05,Completed
R0003069,O0031998,S0045,2025-02-04,Counterfeit suspected,17.97,Rejected
R0000847,O0010197,S0015,2025-05-21,Unknown,44.14,Completed
R0002703,O0028722,S0040,2024-07-04,Wrong item shipped,153.53,Pending
R0001293,O0015231,S0022,2024-07-03,Size/fit issue,62.43,Completed
R0004111,O0040667,S0057,2025-05-18,Changed my mind,55.09,Completed
R0001000,O0012329,S0018,2024-02-06,Changed my mind,27.0,Completed
R0003395,O0034911,S0049,2025-01-18,Damaged on arrival,35.82,Pending
R0000475,O0005599,S0010,2024-01-17,Changed my mind,29.14,Completed
R0004291,O0041888,S0059,2024-02-25,Missing parts/accessories,50.34,Completed
R0002024,O0023075,S0032,2024-08-29,Changed my mind,31.22,Completed
R0003761,O0038269,S0054,2024-02-03,Wrong item shipped,30.84,Pending
R0002920,O0030236,S0042,2025-06-30,Better price found elsewhere,19.62,Completed
R0001006,O0012389,S0018,2024-06-03,Size/fit issue,36.39,Complete
R0000343,O0004164,S0006,2025-11-21,Counterfeit suspected,40.64,Completed
R0000275,O0003370,S0006,2024-03-14,Quality below expectation,25.59,Completed
R0003496,O0035285,S0049,2025-12-25,Changed my mind,128.53,Completed
R0004233,O0041476,S0058,2025-04-05,Unknown,44.43,Completed
R0000994,O0012223,S0017,2025-11-02,Counterfeit suspected,40.43,Complete
R0001054,O0012817,S0018,2025-11-17,Better price found elsewhere,53.85,Completed
R0000624,O0006478,S0010,2025-10-31,Size/fit issue,41.4,Complete
R0001897,O0021445,S0030,2024-01-26,Unknown,27.2,Completed
R0004099,O0040618,S0057,2025-03-19,Missing parts/accessories,19.25,Completed
R0003247,O0033999,S0048,2024-05-17,Changed my mind,27.92,Completed
R0001426,O0016874,S0023,2025-12-17,Unknown,37.31,Completed
R0000480,O0005612,S0010,2024-02-06,Quality below expectation,69.84,Complete
R0000761,O0008959,S0014,2024-03-06,Quality below expectation,44.28,Rejected
R0004425,O0042781,S0060,2024-11-30,Wrong item shipped,80.64,Completed
R0004148,O0040821,S0057,2025-10-14,Item not as described,37.36,Completed
R0000176,O0001816,S0003,2025-07-14,Item not as described,37.59,Complete
R0002286,O0025146,S0034,2025-12-04,Damaged on arrival,36.4,Completed
R0003110,O0032338,S0045,2025-10-13,Quality below expectation,59.63,Pending
R0002013,O0022920,S0032,2024-04-12,Size/fit issue,66.25,Complete
R0004408,O0042593,S0060,2024-04-13,Item not as described,68.54,Completed
R0001645,O0018353,S0026,2024-07-19,Better price found elsewhere,89.38,Completed
R0001788,O0019977,S0028,2024-11-03,Item not as described,32.44,Completed
R0003776,O0038363,S0054,2024-03-30,Wrong item shipped,78.24,Completed
R0001742,O0019109,S0027,2024-12-31,Item not as described,51.33,Completed
R0002327,O0025527,S0035,2024-12-12,Unknown,127.64,Completed
R0004267,O0041635,S0058,2025-07-26,Unknown,63.55,Rejected
R0000520,O0005836,S0010,2024-07-23,Size/fit issue,55.95,Completed
R0001424,O0016864,S0023,2026-01-01,Quality below expectation,36.23,Complete
R0001110,O0013303,S0019,2024-12-05,Better price found elsewhere,73.24,Pending
R0002444,O0026526,S0036,2025-04-23,Changed my mind,67.07,Complete
R0000554,O0006005,S0010,2024-11-28,Damaged on arrival,74.73,Pending
R0002405,O0026165,S0036,2024-09-05,Missing parts/accessories,17.2,Rejected
R0000988,O0012182,S0017,2025-09-29,Counterfeit suspected,39.71,Completed
R0002883,O0030002,S0042,2024-12-13,Changed my mind,22.52,Rejected
R0001578,O0018006,S0025,2025-06-26,Counterfeit suspected,85.77,Complete
R0004044,O0039947,S0056,2025-04-26,Unknown,28.12,Pending
R0001776,O0019775,S0028,2024-06-26,Better price found elsewhere,33.31,Complete
R0002259,O0025051,S0034,2025-08-30,Wrong item shipped,23.87,Completed
R0002921,O0030237,S0042,2025-06-29,Damaged on arrival,60.71,Completed
R0004062,O0040277,S0057,2024-05-21,Changed my mind,82.34,Completed
R0003137,O0032557,S0046,2024-03-21,Item not as described,53.18,Completed
R0003726,O0037590,S0052,2025-07-11,Wrong item shipped,20.63,Complete
R0001844,O0020806,S0029,2024-06-17,Changed my mind,26.32,Completed
R0003191,O0033052,S0046,2025-03-22,Quality below expectation,26.23,Pending
R0002991,O0031340,S0044,2025-09-09,Damaged on arrival,32.14,Completed
R0003551,O0035700,S0050,2025-02-26,Changed my mind,57.61,Completed
R0001657,O0018412,S0026,2024-10-07,Better price found elsewhere,60.38,Completed
R0000770,O0009024,S0014,2024-05-16,Counterfeit suspected,76.41,Completed
R0001051,O0012790,S0018,2025-10-28,Wrong item shipped,68.92,Completed
R0002842,O0029397,S0041,2025-03-10,Counterfeit suspected,39.5,Completed
R0003316,O0034601,S0049,2024-03-01,Damaged on arrival,48.62,Completed
R0002865,O0029748,S0042,2024-06-15,Better price found elsewhere,77.93,Complete
R0001317,O0015444,S0022,2024-12-15,Missing parts/accessories,69.06,Completed
R0001567,O0017963,S0025,2025-06-02,Damaged on arrival,69.91,Completed
R0000127,O0001570,S0003,2025-01-16,Changed my mind,71.95,Pending
R0001639,O0018286,S0026,2024-05-02,Unknown,20.45,Completed
R0003102,O0032295,S0045,2025-10-20,Size/fit issue,20.66,Rejected
R0001728,O0019003,S0027,2024-09-09,Unknown,92.47,Complete
R0003675,O0036467,S0051,2025-01-25,Better price found elsewhere,30.45,Complete
R0003150,O0032634,S0046,2024-06-08,Counterfeit suspected,71.54,Completed
R0004338,O0042329,S0059,2025-06-12,Damaged on arrival,32.84,Completed
R0003718,O0037502,S0052,2025-05-03,Wrong item shipped,78.94,Complete
R0003121,O0032495,S0046,2024-01-30,Damaged on arrival,11.93,Completed
R0001383,O0016505,S0023,2025-02-24,Changed my mind,45.04,Completed
R0002228,O0024879,S0034,2025-03-19,Item not as described,52.8,Completed
R0002746,O0028899,S0040,2025-02-05,Unknown,26.35,Completed
R0000942,O0011624,S0017,2024-07-03,Late delivery,10.58,Completed
R0002949,O0030465,S0042,2025-12-21,Wrong item shipped,17.29,Completed
R0001471,O0017497,S0025,2024-03-09,Item not as described,48.87,Rejected
R0000470,O0005584,S0010,2024-01-26,Better price found elsewhere,80.06,Completed
R0003017,O0031564,S0045,2024-05-05,Wrong item shipped,107.09,Pending
R0004052,O0040129,S0057,2024-01-27,Better price found elsewhere,13.7,Completed
R0004170,O0040912,S0057,2025-12-19,Quality below expectation,34.11,Completed
R0001605,O0018122,S0025,2025-10-09,Item not as described,20.13,Completed
R0001445,O0017132,S0024,2024-11-28,Changed my mind,22.93,Completed
R0000792,O0009218,S0014,2024-09-26,Damaged on arrival,50.27,Pending
R0001898,O0021451,S0030,2024-01-20,Wrong item shipped,70.49,Pending
R0002579,O0028026,S0038,2025-07-12,Item not as described,74.69,Completed
R0000100,O0001449,S0003,2024-11-18,Wrong item shipped,14.47,Completed
R0003887,O0038753,S0054,2025-01-28,Counterfeit suspected,13.48,Rejected
R0001146,O0014098,S0020,2024-11-15,Counterfeit suspected,32.35,Pending
R0001885,O0021166,S0029,2025-06-04,Changed my mind,39.38,Pending
R0000516,O0005824,S0010,2024-07-26,Quality below expectation,32.5,Complete
R0000285,O0003490,S0006,2024-06-21,Better price found elsewhere,55.16,Completed
R0003468,O0035166,S0049,2025-08-13,Damaged on arrival,45.14,Completed
R0000640,O0006796,S0011,2024-07-04,Missing parts/accessories,30.85,Pending
R0000671,O0007384,S0011,2025-10-04,Size/fit issue,20.52,Completed
R0000230,O0002576,S0004,2026-01-04,Late delivery,37.51,Completed
R0002027,O0023093,S0032,2024-09-02,Better price found elsewhere,47.22,Pending
R0003225,O0033791,S0047,2025-07-18,Better price found elsewhere,62.56,Completed
R0004088,O0040557,S0057,2025-02-21,Missing parts/accessories,38.89,Pending
R0002376,O0025912,S0036,2024-01-25,Counterfeit suspected,20.64,Completed
R0001328,O0015634,S0022,2025-05-09,Damaged on arrival,64.36,Rejected
R0001130,O0013851,S0019,2025-12-17,Better price found elsewhere,28.02,Pending
R0001266,O0015101,S0022,2024-04-02,Item not as described,52.83,Completed
R0003040,O0031799,S0045,2024-10-04,Wrong item shipped,15.62,Complete
R0004378,O0042485,S0059,2025-10-29,Quality below expectation,49.29,Completed
R0003341,O0034711,S0049,2024-07-15,Damaged on arrival,36.78,Rejected
R0001592,O0018051,S0025,2025-09-04,Item not as described,27.53,Pending
R0001767,O0019677,S0028,2024-05-21,Late delivery,121.9,Completed
R0003281,O0034398,S0048,2025-06-27,Damaged on arrival,86.45,Rejected
R0004011,O0039448,S0055,2025-02-25,Damaged on arrival,17.62,Completed
R0003554,O0035730,S0050,2025-03-19,Late delivery,23.65,Completed
R0000923,O0011400,S0016,2026-01-06,Wrong item shipped,11.11,Complete
R0003213,O0033610,S0047,2024-10-29,Unknown,44.36,Completed
R0002004,O0022803,S0031,2025-11-17,Counterfeit suspected,31.67,Completed
R0003163,O0032723,S0046,2024-07-13,Better price found elsewhere,16.03,Completed
R0002384,O0026028,S0036,2024-04-30,Quality below expectation,91.44,Completed
R0002629,O0028436,S0039,2025-04-05,Quality below expectation,43.0,Completed
R0002496,O0027174,S0037,2024-12-24,Changed my mind,35.79,Completed
R0001867,O0020916,S0029,2024-11-13,Unknown,58.03,Pending
R0000374,O0004384,S0007,2024-12-09,Size/fit issue,59.84,Completed
R0004180,O0040962,S0058,2024-02-14,Changed my mind,41.48,Completed
R0001760,O0019377,S0027,2025-09-30,Item not as described,30.3,Completed
R0000798,O0009279,S0014,2024-12-15,Counterfeit suspected,62.76,Completed
R0000537,O0005909,S0010,2024-09-09,Wrong item shipped,91.16,Complete
R0003305,O0034566,S0049,2024-01-21,Better price found elsewhere,39.02,Completed
R0001954,O0021938,S0030,2025-04-14,Changed my mind,104.73,Completed
R0002734,O0028863,S0040,2025-01-14,Item not as described,101.36,Completed
R0002276,O0025103,S0034,2025-11-02,Size/fit issue,85.66,Completed
R0000804,O0009326,S0014,2025-01-25,Missing parts/accessories,48.68,Completed
R0002543,O0027631,S0038,2024-05-02,Item not as described,16.12,Completed
R0003125,O0032507,S0046,2024-02-15,Better price found elsewhere,22.27,Completed
R0000525,O0005851,S0010,2024-08-02,Size/fit issue,52.2,Complete
R0000351,O0004191,S0006,2025-12-28,Better price found elsewhere,43.82,Pending
R0004114,O0040685,S0057,2025-06-30,Missing parts/accessories,37.82,Complete
R0001677,O0018589,S0026,2025-07-08,Size/fit issue,35.85,Completed
R0003104,O0032299,S0045,2025-09-23,Damaged on arrival,34.0,Complete
R0001770,O0019700,S0028,2024-05-20,Wrong item shipped,58.3,Complete
R0004197,O0041102,S0058,2024-06-05,Counterfeit suspected,46.2,Completed
R0001262,O0015044,S0022,2024-01-25,Missing parts/accessories,58.17,Completed
R0002200,O0024717,S0034,2024-11-03,Better price found elsewhere,14.05,Complete
R0002412,O0026194,S0036,2024-08-20,Changed my mind,27.85,Completed
R0002454,O0026933,S0037,2024-03-30,Item not as described,19.66,Completed
R0003752,O0038133,S0053,2025-05-22,Item not as described,34.42,Complete
R0000370,O0004347,S0007,2024-09-20,Better price found elsewhere,49.38,Pending
R0001399,O0016753,S0023,2025-10-05,Changed my mind,38.1,Completed
R0003790,O0038424,S0054,2024-05-13,Changed my mind,36.36,Pending
R0002966,O0030908,S0044,2024-02-17,Quality below expectation,79.19,Complete
R0002045,O0023349,S0032,2025-03-25,Unknown,46.04,Completed
R0001722,O0018917,S0027,2024-05-28,Missing parts/accessories,74.02,Completed
R0002241,O0024971,S0034,2025-06-27,Missing parts/accessories,66.04,Completed
R0003399,O0034924,S0049,2025-01-05,Better price found elsewhere,106.48,Pending
R0004203,O0041158,S0058,2024-07-07,Counterfeit suspected,54.12,Completed
R0003870,O0038703,S0054,2024-12-25,Damaged on arrival,45.56,Complete
R0002457,O0026938,S0037,2024-03-11,Late delivery,44.44,Completed
R0000948,O0011743,S0017,2024-09-24,Size/fit issue,39.92,Complete
R0002326,O0025520,S0035,2025-01-07,Better price found elsewhere,17.7,Completed
R0003535,O0035582,S0050,2024-11-15,Changed my mind,29.51,Completed
R0000316,O0003955,S0006,2025-06-05,Item not as described,19.55,Completed
R0000530,O0005867,S0010,2024-08-05,Late delivery,62.45,Completed
R0002777,O0029053,S0040,2025-07-07,Changed my mind,42.98,Complete
R0004356,O0042400,S0059,2025-08-26,Damaged on arrival,91.58,Completed
R0001162,O0014371,S0020,2025-09-17,Unknown,47.99,Completed
R0000553,O0006002,S0010,2024-12-12,Late delivery,61.63,Completed
R0000825,O0009885,S0015,2024-06-30,Size/fit issue,59.96,Completed
R0002790,O0029122,S0040,2025-10-16,Damaged on arrival,30.25,Rejected
R0000791,O0009197,S0014,2024-09-30,Better price found elsewhere,66.88,Completed
R0001773,O0019749,S0028,2024-06-24,Item not as described,29.56,Complete
R0004393,O0042549,S0060,2024-01-12,Better price found elsewhere,9.09,Completed
R0002180,O0024570,S0034,2024-05-11,Counterfeit suspected,26.0,Completed
R0003105,O0032301,S0045,2025-09-08,Size/fit issue,56.38,Completed
R0002767,O0029001,S0040,2025-05-24,Item not as described,34.62,Completed
R0003602,O0035980,S0050,2025-12-12,Wrong item shipped,59.1,Complete
R0001431,O0016936,S0024,2024-03-03,Late delivery,39.58,Complete
R0003840,O0038580,S0054,2024-08-26,Size/fit issue,88.46,Completed
R0001465,O0017471,S0025,2024-02-26,Missing parts/accessories,21.87,Completed
R0003988,O0039164,S0054,2026-01-07,Wrong item shipped,107.52,Completed
R0002942,O0030421,S0042,2025-12-13,Counterfeit suspected,78.21,Completed
R0003787,O0038417,S0054,2024-04-17,Damaged on arrival,52.27,Completed
R0000353,O0004219,S0007,2024-02-20,Better price found elsewhere,27.31,Completed
R0003827,O0038530,S0054,2024-08-15,Counterfeit suspected,56.94,Completed
R0004115,O0040696,S0057,2025-07-01,Late delivery,56.36,Pending
R0003076,O0032012,S0045,2025-03-04,Item not as described,121.8,Completed
R0002018,O0022950,S0032,2024-04-25,Size/fit issue,87.06,Complete
R0001289,O0015219,S0022,2024-05-18,Wrong item shipped,24.41,Completed
R0001407,O0016803,S0023,2025-10-21,Changed my mind,21.44,Completed
R0003023,O0031584,S0045,2024-04-20,Missing parts/accessories,29.22,Completed
R0001711,O0018848,S0027,2024-04-13,Wrong item shipped,49.88,Pending
R0000220,O0002542,S0004,2025-11-07,Counterfeit suspected,41.16,Completed
R0000206,O0002385,S0004,2025-03-20,Changed my mind,28.3,Completed
R0002066,O0023560,S0032,2025-08-16,Unknown,41.58,Completed
R0001733,O0019027,S0027,2024-10-02,Missing parts/accessories,33.64,Pending
R0000431,O0005163,S0009,2024-05-16,Quality below expectation,29.99,Completed
R0000745,O0008746,S0013,2025-04-11,Unknown,29.41,Pending
R0002302,O0025233,S0035,2024-03-29,Damaged on arrival,62.66,Complete
R0004308,O0042110,S0059,2024-10-24,Missing parts/accessories,53.85,Completed
R0002927,O0030279,S0042,2025-09-06,Wrong item shipped,104.34,Complete
R0002863,O0029719,S0042,2024-05-15,Counterfeit suspected,79.89,Pending
R0000400,O0004573,S0007,2026-01-05,Better price found elsewhere,48.95,Complete
R0004263,O0041630,S0058,2025-07-22,Size/fit issue,50.79,Rejected
R0001720,O0018904,S0027,2024-05-21,Unknown,28.3,Completed
R0003280,O0034386,S0048,2025-06-22,Size/fit issue,70.99,Completed
R0002729,O0028837,S0040,2024-11-05,Counterfeit suspected,67.36,Complete
R0004041,O0039916,S0056,2025-04-15,Changed my mind,46.13,Rejected
R0002727,O0028823,S0040,2024-11-16,Better price found elsewhere,81.45,Pending
R0002931,O0030294,S0042,2025-08-23,Unknown,30.33,Complete
R0003462,O0035145,S0049,2025-07-28,Unknown,47.45,Rejected
R0003700,O0037250,S0052,2024-10-18,Wrong item shipped,44.7,Completed
R0003487,O0035256,S0049,2025-11-14,Item not as described,51.91,Completed
R0000242,O0002784,S0005,2024-08-01,Changed my mind,81.94,Completed
R0002871,O0029813,S0042,2024-06-15,Changed my mind,12.2,Complete
R0003440,O0035073,S0049,2025-06-07,Wrong item shipped,30.62,Completed
R0002031,O0023114,S0032,2024-09-29,Changed my mind,34.36,Completed
R0003692,O0037136,S0052,2024-07-30,Damaged on arrival,22.76,Pending
R0002273,O0025093,S0034,2025-10-13,Missing parts/accessories,59.32,Completed
R0003832,O0038554,S0054,2024-09-06,Wrong item shipped,25.25,Complete
R0001868,O0020922,S0029,2024-10-20,Item not as described,30.61,Completed
R0003179,O0032837,S0046,2024-10-26,Counterfeit suspected,56.14,Completed
R0002928,O0030282,S0042,2025-08-27,Missing parts/accessories,10.68,Completed
R0003977,O0039129,S0054,2025-12-04,Item not as described,54.12,Completed
R0000983,O0012166,S0017,2025-09-26,Damaged on arrival,95.69,Pending
R0002459,O0026945,S0037,2024-03-18,Missing parts/accessories,71.2,Rejected
R0000892,O0010963,S0016,2025-02-12,Changed my mind,48.41,Rejected
R0003680,O0036509,S0051,2025-04-18,Changed my mind,28.7,Completed
R0002300,O0025215,S0035,2024-03-11,Size/fit issue,36.91,Completed
R0002774,O0029030,S0040,2025-07-19,Damaged on arrival,38.45,Completed
R0000122,O0001548,S0003,2025-01-23,Size/fit issue,32.7,Completed
R0001690,O0018665,S0026,2025-10-11,Item not as described,36.18,Completed
R0001802,O0020325,S0028,2025-06-29,Late delivery,62.54,Pending
R0001444,O0017117,S0024,2024-10-17,Changed my mind,77.19,Complete
R0003193,O0033106,S0046,2025-06-17,Wrong item shipped,168.81,Completed
R0001208,O0014811,S0021,2025-05-08,Missing parts/accessories,46.64,Complete
R0003949,O0039021,S0054,2025-08-21,Item not as described,43.19,Complete
R0000730,O0008545,S0013,2024-07-10,Changed my mind,21.03,Completed
R0001872,O0020941,S0029,2024-10-05,Better price found elsewhere,83.46,Pending
R0002939,O0030406,S0042,2025-11-24,Wrong item shipped,47.53,Completed
R0001909,O0021539,S0030,2024-05-04,Size/fit issue,22.59,Completed
R0001912,O0021554,S0030,2024-05-04,Item not as described,47.68,Completed
R0000827,O0009910,S0015,2024-07-10,Better price found elsewhere,63.18,Completed
R0002891,O0030033,S0042,2025-02-14,Unknown,23.37,Completed
R0000865,O0010535,S0016,2024-02-20,Better price found elsewhere,47.76,Complete
R0002353,O0025764,S0035,2025-09-30,Missing parts/accessories,64.37,Complete
R0002458,O0026944,S0037,2024-04-04,Wrong item shipped,19.67,Complete
R0002578,O0028022,S0038,2025-06-14,Changed my mind,59.18,Completed
R0002503,O0027205,S0037,2025-02-03,Better price found elsewhere,80.4,Completed
R0002095,O0023802,S0033,2024-04-12,Counterfeit suspected,32.24,Rejected
R0002593,O0028257,S0039,2024-04-03,Damaged on arrival,38.66,Completed
R0003694,O0037152,S0052,2024-09-02,Better price found elsewhere,25.71,Complete
R0000747,O0008775,S0013,2025-06-24,Missing parts/accessories,58.04,Completed
R0002652,O0028522,S0039,2025-10-11,Quality below expectation,37.55,Completed
R0002141,O0024225,S0033,2025-06-10,Better price found elsewhere,18.51,Rejected
R0002320,O0025401,S0035,2024-09-28,Damaged on arrival,59.01,Completed
R0000861,O0010428,S0015,2025-11-27,Unknown,74.99,Completed
R0002713,O0028761,S0040,2024-08-10,Unknown,34.15,Rejected
R0000694,O0007892,S0012,2024-09-02,Late delivery,44.79,Completed
R0000143,O0001670,S0003,2025-04-30,Changed my mind,57.11,Complete
R0000078,O0001237,S0003,2024-05-23,Quality below expectation,48.35,Completed
R0001122,O0013546,S0019,2025-05-07,Changed my mind,93.93,Completed
R0002911,O0030179,S0042,2025-05-19,Missing parts/accessories,56.43,Completed
R0000294,O0003650,S0006,2024-09-19,Changed my mind,15.3,Completed
R0002198,O0024695,S0034,2024-11-05,Changed my mind,39.5,Pending
R0002668,O0028576,S0039,2026-01-04,Quality below expectation,65.45,Complete
R0002720,O0028795,S0040,2024-09-16,Quality below expectation,77.89,Completed
R0000780,O0009095,S0014,2024-07-22,Changed my mind,29.22,Complete
R0001916,O0021572,S0030,2024-05-23,Wrong item shipped,25.69,Complete
R0000443,O0005236,S0009,2024-10-01,Quality below expectation,83.17,Completed
R0003246,O0033983,S0048,2024-03-15,Missing parts/accessories,88.61,Completed
R0002164,O0024423,S0034,2024-01-23,Changed my mind,58.23,Pending
R0002059,O0023447,S0032,2025-06-11,Size/fit issue,49.63,Completed
R0004146,O0040816,S0057,2025-11-06,Counterfeit suspected,37.46,Completed
R0002951,O0030471,S0042,2025-12-22,Size/fit issue,17.33,Pending
R0000042,O0000783,S0002,2024-12-18,Changed my mind,26.91,Completed
R0002898,O0030107,S0042,2025-03-07,Item not as described,34.35,Completed
R0003107,O0032310,S0045,2025-09-25,Better price found elsewhere,26.52,Completed
R0002905,O0030122,S0042,2025-03-28,Size/fit issue,7.16,Completed
R0000974,O0012023,S0017,2025-05-31,Missing parts/accessories,24.78,Completed
R0002096,O0023810,S0033,2024-05-02,Better price found elsewhere,145.25,Completed
R0001685,O0018610,S0026,2025-07-01,Size/fit issue,28.71,Completed
R0001393,O0016726,S0023,2025-08-11,Changed my mind,37.43,Completed
R0003646,O0036251,S0051,2024-08-27,Counterfeit suspected,39.59,Complete
R0001983,O0022488,S0031,2024-08-25,Size/fit issue,59.79,Complete
R0004306,O0042078,S0059,2024-08-29,Damaged on arrival,115.8,Pending
R0001738,O0019061,S0027,2024-10-28,Counterfeit suspected,32.9,Completed
R0000581,O0006217,S0010,2025-04-15,Changed my mind,35.18,Completed
R0000481,O0005614,S0010,2024-02-10,Counterfeit suspected,53.94,Completed
R0002033,O0023121,S0032,2024-10-14,Item not as described,38.14,Completed
R0003645,O0036249,S0051,2024-09-05,Late delivery,62.77,Completed
R0001414,O0016826,S0023,2025-11-15,Late delivery,48.21,Completed
R0002912,O0030187,S0042,2025-06-09,Item not as described,27.08,Pending
R0000349,O0004177,S0006,2025-11-25,Missing parts/accessories,35.17,Completed
R0001701,O0018777,S0027,2024-02-07,Wrong item shipped,48.58,Completed
R0000580,O0006216,S0010,2025-04-26,Missing parts/accessories,41.45,Completed
R0001434,O0016986,S0024,2024-05-03,Missing parts/accessories,78.26,Complete
R0001995,O0022670,S0031,2025-06-13,Quality below expectation,42.47,Rejected
R0000229,O0002572,S0004,2025-11-30,Missing parts/accessories,61.18,Completed
R0000633,O0006586,S0011,2024-01-26,Size/fit issue,18.14,Completed
R0001381,O0016451,S0023,2025-02-09,Better price found elsewhere,61.11,Completed
R0003427,O0035007,S0049,2025-03-31,Item not as described,34.8,Complete
R0000663,O0007272,S0011,2025-08-14,Size/fit issue,29.16,Completed
R0002108,O0023977,S0033,2024-10-29,Damaged on arrival,55.36,Complete
R0004366,O0042427,S0059,2025-10-07,Size/fit issue,22.58,Pending
R0000619,O0006452,S0010,2025-10-31,Changed my mind,33.81,Completed
R0001135,O0013944,S0020,2024-03-31,Quality below expectation,30.75,Completed
R0004104,O0040640,S0057,2025-04-26,Better price found elsewhere,140.1,Completed
R0002332,O0025565,S0035,2025-02-20,Better price found elsewhere,32.1,Completed
R0003520,O0035440,S0050,2024-05-27,Counterfeit suspected,114.62,Completed
R0002392,O0026091,S0036,2024-06-30,Late delivery,105.89,Completed
R0001049,O0012756,S0018,2025-09-12,Item not as described,93.3,Completed
R0000930,O0011477,S0017,2024-04-02,Damaged on arrival,127.14,Complete
R0003900,O0038830,S0054,2025-03-05,Wrong item shipped,57.68,Completed
R0001241,O0014961,S0021,2025-11-22,Missing parts/accessories,53.24,Completed
R0003165,O0032735,S0046,2024-08-03,Counterfeit suspected,39.86,Complete
R0003843,O0038591,S0054,2024-08-29,Changed my mind,23.38,Completed
R0003431,O0035045,S0049,2025-05-02,Quality below expectation,38.75,Rejected
R0000237,O0002683,S0005,2024-04-25,Wrong item shipped,43.41,Completed
R0002536,O0027561,S0038,2024-02-21,Changed my mind,37.45,Complete
R0003619,O0036091,S0051,2024-03-14,Quality below expectation,13.97,Complete
R0004154,O0040855,S0057,2025-11-30,Quality below expectation,54.36,Rejected
R0001254,O0015001,S0021,2026-01-19,Wrong item shipped,30.55,Completed
R0001519,O0017749,S0025,2024-11-06,Size/fit issue,30.91,Completed
R0001814,O0020616,S0029,2024-02-11,Unknown,59.03,Pending
R0003816,O0038492,S0054,2024-07-11,Wrong item shipped,58.67,Complete
R0000221,O0002544,S0004,2025-10-21,Item not as described,81.86,Rejected
R0001021,O0012449,S0018,2024-09-01,Size/fit issue,88.57,Completed
R0003403,O0034937,S0049,2025-01-07,Missing parts/accessories,19.36,Completed
R0003488,O0035258,S0049,2025-12-01,Counterfeit suspected,26.15,Complete
R0001056,O0012862,S0019,2024-01-28,Counterfeit suspected,42.57,Completed
R0002640,O0028474,S0039,2025-06-07,Item not as described,50.6,Pending
R0002732,O0028853,S0040,2024-12-12,Quality below expectation,76.84,Complete
R0000928,O0011459,S0017,2024-02-17,Changed my mind,47.36,Completed
R0003929,O0038929,S0054,2025-06-30,Counterfeit suspected,60.96,Complete
R0002709,O0028743,S0040,2024-06-16,Item not as described,60.16,Pending
R0001881,O0021072,S0029,2025-03-06,Size/fit issue,25.57,Complete
R0003002,O0031451,S0045,2024-01-26,Changed my mind,87.21,Completed
R0004350,O0042374,S0059,2025-07-29,Item not as described,12.44,Completed
R0002958,O0030726,S0043,2025-03-22,Unknown,41.73,Completed
R0004142,O0040797,S0057,2025-09-22,Quality below expectation,22.58,Pending
R0003398,O0034922,S0049,2025-01-08,Item not as described,49.58,Complete
R0003511,O0035400,S0050,2024-04-25,Changed my mind,10.64,Completed
R0001267,O0015106,S0022,2024-04-02,Size/fit issue,48.2,Completed
R0003243,O0033968,S0048,2024-03-30,Better price found elsewhere,55.59,Complete
R0003704,O0037271,S0052,2024-12-07,Missing parts/accessories,36.08,Completed
R0000985,O0012170,S0017,2025-10-01,Item not as described,80.93,Complete
R0003674,O0036459,S0051,2025-01-28,Better price found elsewhere,50.37,Completed
R0000126,O0001559,S0003,2025-01-18,Better price found elsewhere,23.98,Rejected
R0001838,O0020780,S0029,2024-06-18,Quality below expectation,45.09,Completed
R0002497,O0027177,S0037,2025-01-05,Damaged on arrival,62.23,Pending
R0002266,O0025078,S0034,2025-09-26,Better price found elsewhere,29.73,Completed
R0000045,O0000841,S0002,2025-04-08,Changed my mind,69.1,Pending
R0001169,O0014468,S0021,2024-02-08,Size/fit issue,19.24,Pending
R0002514,O0027372,S0037,2025-07-13,Counterfeit suspected,52.68,Complete
R0002938,O0030393,S0042,2025-11-30,Quality below expectation,27.69,Completed
R0001067,O0012975,S0019,2024-05-04,Item not as described,29.09,Completed
R0002801,O0029154,S0040,2025-12-04,Damaged on arrival,54.59,Pending
R0001778,O0019818,S0028,2024-08-24,Unknown,46.86,Completed
R0002850,O0029467,S0041,2025-07-10,Quality below expectation,33.7,Rejected
R0004248,O0041529,S0058,2025-06-02,Damaged on arrival,43.81,Completed
R0002166,O0024445,S0034,2024-02-18,Quality below expectation,105.24,Pending
R0001400,O0016755,S0023,2025-10-02,Missing parts/accessories,55.55,Rejected
R0004260,O0041620,S0058,2025-07-26,Better price found elsewhere,38.56,Rejected
R0001646,O0018355,S0026,2024-07-24,Size/fit issue,46.41,Completed
R0002525,O0027465,S0037,2025-11-27,Missing parts/accessories,51.55,Completed
R0004384,O0042507,S0059,2025-11-29,Damaged on arrival,57.72,Completed
R0000625,O0006479,S0010,2025-10-12,Late delivery,48.07,Completed
R0001059,O0012895,S0019,2024-02-22,Changed my mind,53.3,Rejected
R0001930,O0021702,S0030,2024-08-23,Better price found elsewhere,134.71,Completed
R0000982,O0012162,S0017,2025-09-14,Quality below expectation,21.52,Rejected
R0003953,O0039046,S0054,2025-10-07,Wrong item shipped,44.43,Pending
R0003626,O0036129,S0051,2024-05-05,Counterfeit suspected,52.92,Completed
R0000290,O0003626,S0006,2024-09-18,Unknown,50.95,Completed
R0003715,O0037468,S0052,2025-04-04,Quality below expectation,69.16,Completed
R0000562,O0006057,S0010,2025-01-09,Wrong item shipped,35.48,Rejected
R0002663,O0028551,S0039,2025-10-09,Missing parts/accessories,61.21,Complete
R0003913,O0038880,S0054,2025-05-21,Wrong item shipped,27.43,Completed
R0003024,O0031591,S0045,2024-05-02,Missing parts/accessories,43.73,Pending
R0003574,O0035838,S0050,2025-06-09,Quality below expectation,30.93,Completed
R0002549,O0027684,S0038,2024-06-29,Size/fit issue,96.81,Completed
R0000413,O0004992,S0008,2025-09-19,Counterfeit suspected,66.76,Pending
R0002290,O0025162,S0034,2025-12-08,Missing parts/accessories,32.89,Complete
R0003420,O0034989,S0049,2025-02-12,Changed my mind,62.15,Completed
R0002900,O0030112,S0042,2025-04-04,Quality below expectation,75.22,Completed
R0000767,O0009019,S0014,2024-05-03,Quality below expectation,56.18,Complete
R0001439,O0017065,S0024,2024-09-02,Counterfeit suspected,21.18,Rejected
R0001792,O0020087,S0028,2025-01-23,Unknown,40.69,Completed
R0003376,O0034830,S0049,2024-09-27,Damaged on arrival,38.7,Completed
R0002032,O0023117,S0032,2024-10-11,Item not as described,27.17,Rejected
R0001109,O0013288,S0019,2024-12-04,Item not as described,28.72,Complete
R0004039,O0039907,S0056,2025-03-03,Better price found elsewhere,61.39,Completed
R0004353,O0042396,S0059,2025-08-26,Changed my mind,43.2,Completed
R0003210,O0033409,S0047,2024-02-11,Wrong item shipped,92.0,Pending
R0002377,O0025916,S0036,2024-02-03,Damaged on arrival,53.44,Complete
R0003195,O0033128,S0046,2025-06-28,Better price found elsewhere,65.08,Completed
R0004156,O0040867,S0057,2025-11-22,Better price found elsewhere,62.66,Pending
R0002659,O0028535,S0039,2025-10-16,Item not as described,29.48,Completed
R0003490,O0035263,S0049,2025-11-18,Item not as described,56.22,Completed
R0001460,O0017436,S0024,2025-12-13,Quality below expectation,42.37,Pending
R0000826,O0009907,S0015,2024-07-18,Better price found elsewhere,16.28,Completed
R0002737,O0028867,S0040,2024-12-28,Counterfeit suspected,36.57,Complete
R0000814,O0009477,S0014,2025-07-02,Item not as described,55.83,Pending
R0003031,O0031688,S0045,2024-07-10,Damaged on arrival,46.41,Completed
R0001688,O0018624,S0026,2025-08-11,Changed my mind,40.72,Completed
R0003613,O0036049,S0051,2024-03-08,Quality below expectation,46.85,Completed
R0000259,O0003115,S0005,2025-08-08,Item not as described,36.54,Completed
R0002689,O0028661,S0040,2024-04-16,Better price found elsewhere,75.82,Completed
R0003182,O0032855,S0046,2024-10-09,Late delivery,44.56,Completed
R0002918,O0030221,S0042,2025-07-04,Wrong item shipped,68.04,Completed
R0000235,O0002671,S0005,2024-03-29,Wrong item shipped,36.51,Pending
R0001205,O0014779,S0021,2025-02-12,Better price found elsewhere,19.32,Completed
R0004399,O0042569,S0060,2024-01-18,Damaged on arrival,41.41,Complete
R0003423,O0034994,S0049,2025-02-16,Item not as described,55.5,Pending
R0004380,O0042488,S0059,2025-10-19,Wrong item shipped,33.76,Completed
R0000737,O0008591,S0013,2024-09-10,Damaged on arrival,43.65,Completed
R0002347,O0025720,S0035,2025-07-20,Changed my mind,53.95,Complete
R0003839,O0038577,S0054,2024-08-21,Counterfeit suspected,34.08,Completed
R0001772,O0019745,S0028,2024-06-14,Late delivery,57.17,Pending
R0002152,O0024347,S0033,2025-12-09,Missing parts/accessories,31.76,Completed
R0001231,O0014929,S0021,2025-10-02,Unknown,56.67,Completed
R0000346,O0004168,S0006,2025-12-05,Counterfeit suspected,43.24,Completed
R0002232,O0024906,S0034,2025-04-17,Quality below expectation,35.15,Rejected
R0002630,O0028441,S0039,2025-04-06,Missing parts/accessories,79.1,Completed
R0003957,O0039059,S0054,2025-10-11,Counterfeit suspected,29.89,Completed
R0004046,O0040029,S0056,2025-07-21,Changed my mind,9.94,Completed
R0002113,O0024008,S0033,2024-11-14,Better price found elsewhere,8.7,Completed
R0001593,O0018052,S0025,2025-09-18,Item not as described,33.37,Complete
R0002393,O0026094,S0036,2024-07-12,Wrong item shipped,27.99,Rejected
R0003159,O0032689,S0046,2024-06-13,Wrong item shipped,76.36,Completed
R0002994,O0031389,S0044,2025-12-07,Quality below expectation,29.39,Completed
R0002638,O0028471,S0039,2025-05-28,Size/fit issue,43.77,Rejected
R0001373,O0016213,S0023,2024-08-13,Size/fit issue,37.99,Completed
R0000340,O0004149,S0006,2025-11-27,Size/fit issue,19.4,Completed
R0004327,O0042274,S0059,2025-03-30,Missing parts/accessories,94.93,Completed
R0001198,O0014715,S0021,2024-11-16,Damaged on arrival,45.59,Pending
R0000995,O0012229,S0017,2025-12-13,Wrong item shipped,50.14,Pending
R0000426,O0005116,S0009,2024-03-16,Item not as described,18.64,Rejected
R0003592,O0035934,S0050,2025-10-31,Size/fit issue,49.43,Completed
R0001043,O0012693,S0018,2025-06-23,Counterfeit suspected,43.84,Completed
R0003744,O0037965,S0053,2024-08-13,Damaged on arrival,33.99,Rejected
R0001854,O0020854,S0029,2024-07-18,Wrong item shipped,22.01,Rejected
R0002988,O0031244,S0044,2025-05-31,Late delivery,69.74,Completed
R0000341,O0004157,S0006,2025-11-28,Late delivery,41.89,Completed
R0001785,O0019954,S0028,2024-10-28,Changed my mind,76.38,Complete
R0000627,O0006484,S0010,2025-11-27,Changed my mind,49.41,Completed
R0003573,O0035830,S0050,2025-06-12,Quality below expectation,65.93,Completed
R0001168,O0014451,S0020,2026-01-10,Changed my mind,102.52,Completed
R0001190,O0014686,S0021,2024-10-23,Wrong item shipped,38.87,Completed
R0003433,O0035056,S0049,2025-05-23,Counterfeit suspected,86.47,Completed
R0003928,O0038928,S0054,2025-06-08,Item not as described,14.49,Complete
R0000900,O0011151,S0016,2025-06-24,Quality below expectation,78.71,Completed
R0004328,O0042278,S0059,2025-03-26,Item not as described,56.34,Completed
R0003456,O0035119,S0049,2025-06-13,Unknown,33.18,Completed
R0002257,O0025043,S0034,2025-08-14,Missing parts/accessories,34.98,Completed
R0001902,O0021511,S0030,2024-04-01,Item not as described,40.29,Completed
R0000615,O0006431,S0010,2025-11-03,Changed my mind,70.93,Completed
R0004283,O0041719,S0058,2025-09-21,Better price found elsewhere,31.99,Completed
R0003473,O0035185,S0049,2025-09-29,Quality below expectation,64.44,Completed
R0003391,O0034899,S0049,2024-11-24,Quality below expectation,25.34,Completed
R0001805,O0020350,S0028,2025-07-20,Quality below expectation,41.21,Completed
R0000006,O0000193,S0001,2024-10-15,Changed my mind,54.72,Completed
R0003553,O0035703,S0050,2025-02-27,Changed my mind,58.56,Completed
R0001380,O0016422,S0023,2024-12-17,Late delivery,44.5,Completed
R0000778,O0009076,S0014,2024-06-24,Missing parts/accessories,9.99,Completed
R0004342,O0042337,S0059,2025-06-17,Changed my mind,36.29,Completed
R0001672,O0018574,S0026,2025-06-11,Better price found elsewhere,70.91,Complete
R0002467,O0026977,S0037,2024-05-21,Size/fit issue,49.73,Completed
R0002481,O0027067,S0037,2024-07-29,Wrong item shipped,42.84,Completed
R0002716,O0028773,S0040,2024-08-27,Size/fit issue,65.23,Pending
R0002657,O0028530,S0039,2025-09-10,Changed my mind,45.49,Pending
R0002489,O0027107,S0037,2024-09-18,Wrong item shipped,38.1,Pending
R0000050,O0000958,S0002,2025-07-30,Size/fit issue,11.55,Completed
R0001763,O0019563,S0028,2024-02-25,Counterfeit suspected,28.8,Completed
R0001911,O0021551,S0030,2024-04-23,Changed my mind,58.53,Completed
R0002443,O0026493,S0036,2025-04-02,Counterfeit suspected,61.02,Complete
R0002699,O0028709,S0040,2024-05-16,Unknown,24.86,Completed
R0000429,O0005154,S0009,2024-06-04,Size/fit issue,29.14,Completed
R0001495,O0017600,S0025,2024-07-08,Quality below expectation,23.97,Completed
R0002397,O0026117,S0036,2024-07-17,Damaged on arrival,61.53,Completed
R0002116,O0024022,S0033,2025-01-02,Size/fit issue,53.17,Completed
R0001101,O0013232,S0019,2024-09-27,Late delivery,26.05,Pending
R0004336,O0042318,S0059,2025-05-20,Missing parts/accessories,39.05,Completed
R0004285,O0041721,S0058,2025-09-19,Changed my mind,17.65,Complete
R0000109,O0001466,S0003,2024-11-25,Damaged on arrival,34.05,Rejected
R0004318,O0042183,S0059,2024-11-13,Better price found elsewhere,39.4,Completed
R0002475,O0027010,S0037,2024-05-31,Size/fit issue,39.19,Completed
R0003071,O0032001,S0045,2025-03-08,Size/fit issue,56.12,Complete
R0000186,O0001948,S0003,2025-11-23,Item not as described,53.79,Complete
R0004028,O0039716,S0056,2024-05-01,Item not as described,25.39,Completed
R0002122,O0024054,S0033,2025-01-25,Counterfeit suspected,54.08,Completed
R0003115,O0032420,S0045,2025-12-31,Late delivery,51.53,Complete
R0000174,O0001800,S0003,2025-08-11,Item not as described,15.91,Completed
R0000113,O0001494,S0003,2024-12-22,Wrong item shipped,29.97,Completed
R0001294,O0015237,S0022,2024-07-01,Quality below expectation,17.45,Rejected
R0000781,O0009097,S0014,2024-07-15,Wrong item shipped,39.37,Pending
R0000680,O0007574,S0012,2024-02-10,Quality below expectation,28.36,Complete
R0003209,O0033406,S0047,2024-01-16,Quality below expectation,18.56,Completed
R0004218,O0041387,S0058,2025-01-31,Missing parts/accessories,109.79,Completed
R0001377,O0016330,S0023,2024-11-02,Size/fit issue,12.63,Completed
R0002944,O0030446,S0042,2026-01-09,Changed my mind,111.01,Completed
R0000216,O0002525,S0004,2025-11-10,Item not as described,50.36,Rejected
R0003299,O0034540,S0048,2026-01-03,Counterfeit suspected,76.56,Completed
R0001182,O0014594,S0021,2024-07-12,Wrong item shipped,64.71,Completed
R0004025,O0039679,S0056,2024-03-31,Wrong item shipped,72.84,Rejected
R0001432,O0016974,S0024,2024-05-01,Unknown,59.53,Complete
R0000834,O0009973,S0015,2024-10-06,Missing parts/accessories,16.94,Completed
R0002346,O0025691,S0035,2025-06-30,Changed my mind,28.02,Completed
R0000215,O0002524,S0004,2025-10-06,Item not as described,64.22,Completed
R0001707,O0018834,S0027,2024-03-22,Damaged on arrival,81.37,Complete
R0004405,O0042577,S0060,2024-03-14,Missing parts/accessories,45.38,Rejected
R0003747,O0038043,S0053,2025-01-05,Size/fit issue,55.83,Complete
R0001078,O0013052,S0019,2024-06-18,Changed my mind,47.66,Completed
R0002139,O0024164,S0033,2025-05-03,Changed my mind,27.22,Completed
R0003705,O0037284,S0052,2024-12-06,Quality below expectation,27.14,Completed
R0002917,O0030220,S0042,2025-06-12,Quality below expectation,21.53,Completed
R0000899,O0011127,S0016,2025-07-01,Late delivery,65.99,Completed
R0003020,O0031577,S0045,2024-04-07,Damaged on arrival,24.4,Complete
R0001554,O0017909,S0025,2025-04-18,Missing parts/accessories,36.82,Completed
R0002340,O0025631,S0035,2025-05-04,Better price found elsewhere,45.14,Completed
R0004262,O0041628,S0058,2025-07-08,Wrong item shipped,21.78,Completed
R0003264,O0034191,S0048,2024-12-02,Item not as described,40.07,Pending
R0001986,O0022542,S0031,2024-11-27,Missing parts/accessories,55.73,Completed
R0000589,O0006250,S0010,2025-06-14,Unknown,38.41,Pending
R0003129,O0032524,S0046,2024-02-17,Changed my mind,37.28,Completed
R0001274,O0015163,S0022,2024-04-10,Missing parts/accessories,57.16,Completed
R0000302,O0003767,S0006,2024-12-29,Size/fit issue,39.02,Completed
R0004374,O0042463,S0059,2025-10-31,Quality below expectation,32.92,Completed
R0002929,O0030286,S0042,2025-09-11,Better price found elsewhere,75.19,Completed
R0000358,O0004278,S0007,2024-06-26,Missing parts/accessories,31.85,Complete
R0003753,O0038147,S0053,2025-07-03,Late delivery,19.73,Pending
R0000223,O0002554,S0004,2025-11-18,Quality below expectation,92.98,Completed
R0002509,O0027240,S0037,2025-02-03,Damaged on arrival,47.36,Pending
R0003139,O0032568,S0046,2024-03-30,Better price found elsewhere,86.83,Complete
R0000725,O0008508,S0013,2024-03-27,Better price found elsewhere,53.45,Completed
R0004362,O0042418,S0059,2025-08-29,Missing parts/accessories,49.79,Rejected
R0001210,O0014826,S0021,2025-05-10,Unknown,22.77,Pending
R0003907,O0038849,S0054,2025-05-08,Quality below expectation,35.53,Rejected
R0002755,O0028934,S0040,2025-03-18,Damaged on arrival,44.8,Completed
R0004270,O0041654,S0058,2025-09-09,Changed my mind,37.76,Completed
R0001698,O0018755,S0027,2024-02-08,Item not as described,44.08,Completed
R0003607,O0036014,S0050,2026-01-02,Counterfeit suspected,32.45,Completed
R0000409,O0004811,S0008,2024-11-22,Counterfeit suspected,89.71,Complete
R0000291,O0003635,S0006,2024-09-28,Changed my mind,53.79,Completed
R0002770,O0029006,S0040,2025-05-28,Damaged on arrival,46.2,Complete
R0004433,O0043049,S0060,2025-10-19,Late delivery,58.75,Completed
R0002490,O0027110,S0037,2024-09-21,Better price found elsewhere,69.63,Completed
R0001120,O0013499,S0019,2025-04-18,Changed my mind,38.93,Completed
R0002692,O0028673,S0040,2024-05-01,Wrong item shipped,24.88,Complete
R0002304,O0025253,S0035,2024-04-14,Better price found elsewhere,29.25,Completed
R0003162,O0032715,S0046,2024-08-02,Quality below expectation,22.68,Rejected
R0000243,O0002790,S0005,2024-09-05,Better price found elsewhere,8.32,Completed
R0003584,O0035905,S0050,2025-09-09,Size/fit issue,71.91,Completed
R0001357,O0015934,S0022,2025-12-04,Damaged on arrival,33.94,Completed
R0003333,O0034680,S0049,2024-05-21,Item not as described,45.29,Pending
R0003786,O0038413,S0054,2024-05-21,Missing parts/accessories,27.24,Completed
R0003205,O0033385,S0046,2025-12-22,Damaged on arrival,19.46,Completed
R0000059,O0001106,S0003,2024-01-27,Item not as described,26.23,Completed
R0001229,O0014921,S0021,2025-09-12,Missing parts/accessories,70.61,Completed
R0002895,O0030083,S0042,2025-03-02,Damaged on arrival,57.91,Rejected
R0002121,O0024048,S0033,2025-01-10,Wrong item shipped,37.12,Completed
R0004246,O0041522,S0058,2025-05-24,Changed my mind,42.96,Completed
R0001630,O0018212,S0025,2025-12-25,Counterfeit suspected,20.0,Complete
R0002566,O0027891,S0038,2025-02-26,Missing parts/accessories,61.02,Complete
R0003190,O0033027,S0046,2025-03-23,Better price found elsewhere,56.71,Completed
R0002892,O0030042,S0042,2025-01-17,Changed my mind,28.87,Completed
R0004150,O0040832,S0057,2025-10-23,Counterfeit suspected,30.51,Completed
R0002248,O0025007,S0034,2025-08-12,Wrong item shipped,68.6,Complete
R0001090,O0013141,S0019,2024-08-10,Quality below expectation,40.71,Completed
R0000427,O0005123,S0009,2024-04-09,Item not as described,36.3,Pending
R0003800,O0038452,S0054,2024-06-08,Missing parts/accessories,57.62,Completed
R0003197,O0033155,S0046,2025-06-30,Item not as described,56.89,Rejected
R0001220,O0014877,S0021,2025-08-14,Item not as described,45.37,Complete
R0001022,O0012451,S0018,2024-08-19,Changed my mind,34.8,Pending
R0001481,O0017545,S0025,2024-04-24,Item not as described,62.76,Completed
R0001636,O0018254,S0026,2024-03-14,Changed my mind,39.53,Complete
R0000755,O0008937,S0014,2024-01-16,Item not as described,40.8,Completed
R0003494,O0035277,S0049,2025-12-03,Counterfeit suspected,41.13,Completed
R0002696,O0028696,S0040,2024-05-23,Late delivery,70.96,Pending
R0001561,O0017929,S0025,2025-04-21,Quality below expectation,65.35,Completed
R0000917,O0011353,S0016,2025-12-08,Wrong item shipped,22.23,Complete
R0002914,O0030200,S0042,2025-06-08,Size/fit issue,11.75,Pending
R0002519,O0027426,S0037,2025-10-16,Missing parts/accessories,55.28,Completed
R0003879,O0038720,S0054,2024-12-26,Better price found elsewhere,40.85,Completed
R0002006,O0022841,S0032,2024-01-22,Wrong item shipped,48.07,Completed
R0000321,O0003983,S0006,2025-06-17,Late delivery,40.94,Completed
R0003457,O0035126,S0049,2025-07-26,Better price found elsewhere,28.33,Rejected
R0001851,O0020840,S0029,2024-07-27,Missing parts/accessories,60.97,Pending
R0003685,O0036900,S0052,2024-02-18,Size/fit issue,36.99,Completed
R0000211,O0002479,S0004,2025-08-06,Better price found elsewhere,22.31,Completed
R0004373,O0042457,S0059,2025-09-27,Late delivery,31.06,Complete
R0002873,O0029823,S0042,2024-07-19,Size/fit issue,49.94,Completed
R0002641,O0028475,S0039,2025-05-15,Wrong item shipped,26.79,Completed
R0002126,O0024064,S0033,2025-01-30,Quality below expectation,30.74,Pending
R0000812,O0009454,S0014,2025-06-03,Wrong item shipped,27.73,Completed
R0002887,O0030017,S0042,2024-12-08,Quality below expectation,67.92,Completed
R0003567,O0035814,S0050,2025-06-09,Changed my mind,48.73,Completed
R0003198,O0033162,S0046,2025-06-19,Item not as described,50.6,Completed
R0003960,O0039066,S0054,2025-09-06,Better price found elsewhere,59.08,Complete
R0003326,O0034653,S0049,2024-05-07,Quality below expectation,29.02,Completed
R0001389,O0016693,S0023,2025-08-04,Missing parts/accessories,116.48,Completed
R0001915,O0021567,S0030,2024-06-08,Wrong item shipped,77.64,Pending
R0003279,O0034378,S0048,2025-07-18,Changed my mind,30.12,Complete
R0000841,O0010140,S0015,2025-02-07,Item not as described,20.24,Completed
R0001683,O0018608,S0026,2025-07-03,Late delivery,71.36,Completed
R0002877,O0029951,S0042,2024-10-13,Unknown,17.91,Completed
R0004035,O0039826,S0056,2024-10-22,Changed my mind,50.6,Pending
R0000596,O0006328,S0010,2025-07-03,Item not as described,92.94,Completed
R0001354,O0015926,S0022,2025-11-25,Late delivery,25.1,Rejected
R0001106,O0013258,S0019,2024-11-06,Changed my mind,73.16,Completed
R0001458,O0017381,S0024,2025-09-13,Changed my mind,35.33,Completed
R0003101,O0032285,S0045,2025-09-23,Item not as described,40.02,Rejected
R0003161,O0032706,S0046,2024-07-26,Size/fit issue,52.13,Completed
R0004168,O0040910,S0057,2026-01-11,Quality below expectation,25.29,Rejected
R0003155,O0032651,S0046,2024-05-14,Item not as described,25.47,Pending
R0003982,O0039154,S0054,2025-11-27,Damaged on arrival,56.01,Complete
R0001616,O0018170,S0025,2025-12-03,Missing parts/accessories,17.6,Pending
R0004015,O0039495,S0055,2025-06-06,Late delivery,37.79,Completed
R0002787,O0029105,S0040,2025-09-09,Counterfeit suspected,17.55,Completed
R0004110,O0040664,S0057,2025-05-27,Counterfeit suspected,36.42,Pending
R0002622,O0028399,S0039,2024-12-23,Damaged on arrival,24.17,Completed
R0000568,O0006107,S0010,2025-01-16,Quality below expectation,44.99,Completed
R0003231,O0033825,S0047,2025-09-08,Wrong item shipped,90.29,Completed
R0002161,O0024390,S0034,2024-01-18,Changed my mind,30.67,Completed
R0004419,O0042663,S0060,2024-07-07,Unknown,27.65,Completed
R0002411,O0026193,S0036,2024-09-07,Missing parts/accessories,16.82,Complete
R0001892,O0021281,S0029,2025-09-09,Changed my mind,41.47,Completed
R0002071,O0023613,S0032,2025-11-13,Counterfeit suspected,30.79,Completed
R0003562,O0035786,S0050,2025-04-16,Better price found elsewhere,34.63,Completed
R0002372,O0025887,S0035,2026-01-01,Size/fit issue,48.32,Complete
R0003066,O0031993,S0045,2025-02-28,Better price found elsewhere,7.13,Completed
R0001343,O0015869,S0022,2025-11-04,Size/fit issue,101.45,Complete
R0001402,O0016760,S0023,2025-09-10,Wrong item shipped,20.72,Completed
R0001474,O0017508,S0025,2024-04-03,Counterfeit suspected,84.94,Complete
R0000603,O0006353,S0010,2025-07-30,Missing parts/accessories,40.16,Pending
R0003631,O0036147,S0051,2024-05-25,Quality below expectation,29.79,Completed
R0001699,O0018764,S0027,2024-01-28,Late delivery,31.16,Complete
R0001040,O0012643,S0018,2025-04-11,Changed my mind,24.05,Complete
R0000651,O0007033,S0011,2025-02-12,Counterfeit suspected,30.95,Completed
R0002919,O0030231,S0042,2025-06-17,Better price found elsewhere,17.09,Completed
R0000319,O0003972,S0006,2025-06-25,Late delivery,32.31,Pending
R0001981,O0022410,S0031,2024-05-23,Better price found elsewhere,34.06,Completed
R0004163,O0040900,S0057,2025-12-28,Wrong item shipped,67.29,Completed
R0003555,O0035734,S0050,2025-04-09,Changed my mind,69.19,Rejected
R0001351,O0015918,S0022,2025-12-09,Quality below expectation,10.6,Completed
R0002520,O0027434,S0037,2025-10-31,Missing parts/accessories,30.23,Complete
R0002070,O0023609,S0032,2025-09-07,Size/fit issue,43.61,Completed
R0002878,O0029952,S0042,2024-10-16,Size/fit issue,50.1,Completed
R0003756,O0038194,S0053,2025-10-07,Better price found elsewhere,59.28,Completed
R0001212,O0014839,S0021,2025-06-04,Size/fit issue,50.28,Completed
R0003322,O0034636,S0049,2024-03-21,Size/fit issue,45.47,Completed
R0001944,O0021811,S0030,2024-12-02,Missing parts/accessories,55.0,Completed
R0002076,O0023677,S0032,2025-12-13,Damaged on arrival,50.81,Completed
R0003012,O0031534,S0045,2024-04-04,Wrong item shipped,39.44,Completed
R0001787,O0019973,S0028,2024-10-08,Better price found elsewhere,31.45,Pending
R0001824,O0020675,S0029,2024-04-09,Size/fit issue,31.78,Completed
R0003276,O0034368,S0048,2025-06-16,Changed my mind,64.07,Pending
R0000613,O0006424,S0010,2025-09-26,Damaged on arrival,78.97,Completed
R0002424,O0026291,S0036,2024-10-24,Changed my mind,66.3,Completed
R0001132,O0013898,S0020,2024-02-10,Better price found elsewhere,33.37,Completed
R0002634,O0028460,S0039,2025-04-18,Damaged on arrival,104.95,Completed
R0001974,O0022306,S0030,2025-12-24,Quality below expectation,66.86,Completed
R0000047,O0000880,S0002,2025-04-17,Missing parts/accessories,28.08,Completed
R0001057,O0012863,S0019,2024-01-22,Changed my mind,22.27,Completed
R0003793,O0038431,S0054,2024-06-09,Damaged on arrival,42.17,Completed
R0001203,O0014767,S0021,2025-03-18,Damaged on arrival,29.08,Rejected
R0002910,O0030134,S0042,2025-03-25,Counterfeit suspected,42.09,Pending
R0001127,O0013624,S0019,2025-07-28,Late delivery,32.65,Rejected
R0003943,O0038987,S0054,2025-07-21,Damaged on arrival,67.18,Completed
R0003352,O0034751,S0049,2024-07-18,Unknown,43.02,Completed
R0001560,O0017928,S0025,2025-05-03,Wrong item shipped,23.25,Completed
R0001111,O0013315,S0019,2024-12-21,Changed my mind,20.13,Complete
R0004071,O0040392,S0057,2024-08-09,Unknown,75.05,Completed
R0004093,O0040591,S0057,2025-04-11,Counterfeit suspected,34.24,Completed
R0003677,O0036477,S0051,2025-03-01,Item not as described,41.15,Complete
R0004102,O0040631,S0057,2025-04-08,Counterfeit suspected,90.67,Completed
R0003187,O0032902,S0046,2024-11-12,Size/fit issue,27.18,Complete
R0003877,O0038718,S0054,2024-12-09,Item not as described,33.99,Completed
R0004323,O0042249,S0059,2025-03-07,Late delivery,30.32,Completed
R0000209,O0002465,S0004,2025-08-10,Better price found elsewhere,63.72,Completed
R0000533,O0005880,S0010,2024-08-15,Unknown,39.59,Completed
R0000548,O0005980,S0010,2024-10-04,Missing parts/accessories,26.58,Complete
R0000101,O0001451,S0003,2024-11-10,Quality below expectation,44.4,Completed
R0000783,O0009139,S0014,2024-08-17,Damaged on arrival,38.53,Completed
R0001398,O0016752,S0023,2025-09-15,Changed my mind,11.6,Complete
R0002037,O0023129,S0032,2024-10-11,Damaged on arrival,52.37,Completed
R0001394,O0016728,S0023,2025-08-21,Damaged on arrival,42.45,Completed
R0002452,O0026923,S0037,2024-02-13,Better price found elsewhere,27.21,Completed
R0000597,O0006330,S0010,2025-07-23,Item not as described,25.28,Completed
R0003760,O0038265,S0054,2024-01-21,Missing parts/accessories,59.85,Completed
R0001425,O0016868,S0023,2025-12-26,Better price found elsewhere,19.73,Completed
R0004068,O0040383,S0057,2024-08-23,Changed my mind,64.97,Completed
R0002484,O0027092,S0037,2024-09-09,Late delivery,38.61,Completed
R0003724,O0037575,S0052,2025-06-20,Unknown,89.68,Completed
R0002383,O0026027,S0036,2024-04-04,Better price found elsewhere,42.65,Complete
R0003336,O0034685,S0049,2024-05-24,Damaged on arrival,13.7,Completed
R0001104,O0013243,S0019,2024-10-25,Better price found elsewhere,39.53,Completed
R0003022,O0031582,S0045,2024-04-05,Counterfeit suspected,52.6,Completed
R0000105,O0001458,S0003,2024-11-26,Wrong item shipped,42.51,Completed
R0002868,O0029773,S0042,2024-06-05,Quality below expectation,31.01,Completed
R0003791,O0038425,S0054,2024-05-01,Item not as described,78.0,Pending
R0003126,O0032510,S0046,2024-02-13,Late delivery,34.31,Completed
R0003342,O0034712,S0049,2024-06-27,Better price found elsewhere,52.57,Completed
R0001906,O0021520,S0030,2024-03-11,Wrong item shipped,52.43,Pending
R0000797,O0009274,S0014,2024-11-21,Changed my mind,55.17,Completed
R0000943,O0011626,S0017,2024-06-28,Size/fit issue,46.46,Completed
R0004211,O0041252,S0058,2024-10-28,Better price found elsewhere,31.12,Pending
R0003036,O0031773,S0045,2024-09-30,Better price found elsewhere,49.76,Completed
R0002485,O0027093,S0037,2024-09-17,Damaged on arrival,15.83,Complete
R0002849,O0029433,S0041,2025-04-24,Counterfeit suspected,113.59,Completed
R0001932,O0021705,S0030,2024-08-13,Better price found elsewhere,32.04,Complete
R0001319,O0015509,S0022,2025-01-21,Late delivery,31.86,Complete
R0002852,O0029492,S0041,2025-08-10,Counterfeit suspected,51.36,Complete
R0002922,O0030240,S0042,2025-07-16,Changed my mind,28.54,Complete
R0003926,O0038915,S0054,2025-06-14,Wrong item shipped,29.02,Complete
R0000612,O0006423,S0010,2025-10-01,Damaged on arrival,27.67,Completed
R0003893,O0038771,S0054,2025-02-26,Damaged on arrival,45.84,Completed
R0000836,O0010034,S0015,2024-10-23,Quality below expectation,35.92,Rejected
R0003358,O0034764,S0049,2024-07-26,Damaged on arrival,67.19,Completed
R0002970,O0030968,S0044,2024-05-14,Missing parts/accessories,16.79,Completed
R0003000,O0031447,S0045,2024-01-28,Better price found elsewhere,42.21,Completed
R0003947,O0039008,S0054,2025-09-19,Counterfeit suspected,71.01,Complete
R0001302,O0015345,S0022,2024-09-18,Quality below expectation,95.76,Pending
R0000157,O0001711,S0003,2025-05-11,Changed my mind,56.69,Completed
R0003507,O0035354,S0050,2024-03-13,Size/fit issue,69.91,Complete
R0003644,O0036234,S0051,2024-08-29,Quality below expectation,71.85,Completed
R0002510,O0027244,S0037,2025-03-01,Damaged on arrival,56.36,Complete
R0002811,O0029177,S0040,2025-12-29,Quality below expectation,57.59,Completed
R0001163,O0014379,S0020,2025-10-11,Better price found elsewhere,83.03,Completed
R0002766,O0029000,S0040,2025-05-25,Quality below expectation,35.98,Rejected
R0000394,O0004534,S0007,2025-11-27,Late delivery,67.22,Complete
R0002625,O0028421,S0039,2025-02-13,Missing parts/accessories,23.39,Completed
R0003598,O0035966,S0050,2025-12-02,Damaged on arrival,15.42,Pending
R0001661,O0018427,S0026,2024-10-20,Changed my mind,43.0,Completed
R0002902,O0030115,S0042,2025-04-13,Better price found elsewhere,41.47,Rejected
R0001863,O0020900,S0029,2024-09-15,Unknown,50.7,Completed
R0000842,O0010147,S0015,2025-03-02,Better price found elsewhere,34.37,Completed
R0001476,O0017519,S0025,2024-05-14,Unknown,61.92,Pending
R0000962,O0011978,S0017,2025-05-18,Changed my mind,46.61,Pending
R0002117,O0024029,S0033,2024-12-27,Changed my mind,37.76,Completed
R0004261,O0041621,S0058,2025-08-16,Missing parts/accessories,53.62,Completed
R0000952,O0011804,S0017,2024-12-14,Quality below expectation,30.49,Completed
R0000588,O0006244,S0010,2025-05-14,Size/fit issue,21.15,Completed
R0004085,O0040540,S0057,2025-02-09,Better price found elsewhere,37.07,Pending
R0003723,O0037571,S0052,2025-05-12,Counterfeit suspected,24.8,Completed
R0003775,O0038362,S0054,2024-04-11,Item not as described,23.0,Completed
R0000646,O0006936,S0011,2024-10-18,Changed my mind,57.01,Complete
R0000914,O0011325,S0016,2025-11-11,Counterfeit suspected,29.99,Completed
R0003737,O0037865,S0053,2024-02-22,Changed my mind,63.55,Completed
R0002313,O0025318,S0035,2024-06-23,Counterfeit suspected,48.51,Completed
R0002291,O0025171,S0034,2026-01-12,Damaged on arrival,35.67,Completed
R0001727,O0018998,S0027,2024-08-11,Changed my mind,32.83,Completed
R0002886,O0030016,S0042,2024-12-25,Quality below expectation,83.26,Complete
R0001145,O0014094,S0020,2024-10-05,Changed my mind,89.29,Completed
R0004372,O0042453,S0059,2025-10-09,Damaged on arrival,12.59,Completed
R0003371,O0034818,S0049,2024-09-22,Item not as described,22.39,Complete
