review_id,seller_id,category,review_date,rating,review_text,sentiment_score,sentiment_category
REV00001,Apex Electronics,Electronics,2025-07-02,5,"Excellent phone, battery lasts 2 days!",0.72,Positive
REV00002,Apex Electronics,Electronics,2025-07-03,5,"Highly recommend this gadget, works flawlessly.",0.31,Positive
REV00003,Apex Electronics,Electronics,2025-07-03,4,Very fast processor and crystal clear screen.,0.41,Positive
REV00004,Apex Electronics,Electronics,2025-07-14,4,"Excellent phone, battery lasts 2 days!",0.52,Positive
REV00005,Apex Electronics,Electronics,2025-07-09,5,Solid build and easy set up.,0.42,Positive
REV00006,Apex Electronics,Electronics,2025-07-12,4,Solid build and easy set up.,0.61,Positive
REV00007,Apex Electronics,Electronics,2025-07-16,4,"Excellent phone, battery lasts 2 days!",0.36,Positive
REV00008,Apex Electronics,Electronics,2025-07-17,5,Very fast processor and crystal clear screen.,0.71,Positive
REV00009,Apex Electronics,Electronics,2025-07-20,4,Solid build and easy set up.,0.6,Positive
REV00010,Apex Electronics,Electronics,2025-07-24,4,Solid build and easy set up.,0.41,Positive
REV00011,Apex Electronics,Electronics,2025-07-26,5,Solid build and easy set up.,0.35,Positive
REV00012,Apex Electronics,Electronics,2025-07-26,5,Very fast processor and crystal clear screen.,0.42,Positive
REV00013,Apex Electronics,Electronics,2025-07-30,4,"Highly recommend this gadget, works flawlessly.",0.78,Positive
REV00014,Apex Electronics,Electronics,2025-08-04,5,Very fast processor and crystal clear screen.,0.34,Positive
REV00015,Apex Electronics,Electronics,2025-08-01,5,"Amazing sound quality, best headphones ever.",0.74,Positive
REV00016,Apex Electronics,Electronics,2025-08-07,5,Very fast processor and crystal clear screen.,0.34,Positive
REV00017,Apex Electronics,Electronics,2025-08-06,4,"Highly recommend this gadget, works flawlessly.",0.74,Positive
REV00018,Apex Electronics,Electronics,2025-08-09,4,"Excellent phone, battery lasts 2 days!",0.68,Positive
REV00019,Apex Electronics,Electronics,2025-08-15,5,"Highly recommend this gadget, works flawlessly.",0.56,Positive
REV00020,Apex Electronics,Electronics,2025-08-15,4,Solid build and easy set up.,0.32,Positive
REV00021,Apex Electronics,Electronics,2025-08-18,4,"Excellent phone, battery lasts 2 days!",0.61,Positive
REV00022,Apex Electronics,Electronics,2025-08-20,5,Solid build and easy set up.,0.4,Positive
REV00023,Apex Electronics,Electronics,2025-08-20,5,"Amazing sound quality, best headphones ever.",0.78,Positive
REV00024,Apex Electronics,Electronics,2025-08-22,5,Solid build and easy set up.,0.41,Positive
REV00025,Apex Electronics,Electronics,2025-08-29,5,Solid build and easy set up.,0.82,Positive
REV00026,Apex Electronics,Electronics,2025-08-28,4,Solid build and easy set up.,0.3,Positive
REV00027,Apex Electronics,Electronics,2025-08-27,3,"Product is okay, nothing special.",-0.01,Neutral
REV00028,Apex Electronics,Electronics,2025-09-05,5,Very fast processor and crystal clear screen.,0.88,Positive
REV00029,Apex Electronics,Electronics,2025-09-04,3,"Product is okay, nothing special.",0.01,Neutral
REV00030,Apex Electronics,Electronics,2025-09-06,5,"Excellent phone, battery lasts 2 days!",0.32,Positive
REV00031,Apex Electronics,Electronics,2025-09-15,5,"Amazing sound quality, best headphones ever.",0.45,Positive
REV00032,Apex Electronics,Electronics,2025-09-11,5,"Highly recommend this gadget, works flawlessly.",0.7,Positive
REV00033,Apex Electronics,Electronics,2025-09-12,4,"Highly recommend this gadget, works flawlessly.",0.74,Positive
REV00034,Apex Electronics,Electronics,2025-09-22,5,"Highly recommend this gadget, works flawlessly.",0.41,Positive
REV00035,Apex Electronics,Electronics,2025-09-21,4,"Excellent phone, battery lasts 2 days!",0.71,Positive
REV00036,Apex Electronics,Electronics,2025-09-21,4,Very fast processor and crystal clear screen.,0.31,Positive
REV00037,Apex Electronics,Electronics,2025-09-25,4,Very fast processor and crystal clear screen.,0.37,Positive
REV00038,Apex Electronics,Electronics,2025-09-27,4,"Amazing sound quality, best headphones ever.",0.85,Positive
REV00039,Apex Electronics,Electronics,2025-09-29,4,"Highly recommend this gadget, works flawlessly.",0.7,Positive
REV00040,Apex Electronics,Electronics,2025-10-02,5,Solid build and easy set up.,0.68,Positive
REV00041,Apex Electronics,Electronics,2025-10-01,3,"Took a bit long to ship, but works fine.",0.19,Neutral
REV00042,Apex Electronics,Electronics,2025-10-01,3,Average quality for the price.,0.26,Neutral
REV00043,Apex Electronics,Electronics,2025-10-10,5,"Amazing sound quality, best headphones ever.",0.72,Positive
REV00044,Apex Electronics,Electronics,2025-10-09,4,"Excellent phone, battery lasts 2 days!",0.69,Positive
REV00045,Apex Electronics,Electronics,2025-10-13,5,Solid build and easy set up.,0.44,Positive
REV00046,Apex Electronics,Electronics,2025-10-20,4,Very fast processor and crystal clear screen.,0.52,Positive
REV00047,Apex Electronics,Electronics,2025-10-18,4,"Amazing sound quality, best headphones ever.",0.88,Positive
REV00048,Apex Electronics,Electronics,2025-10-16,4,"Amazing sound quality, best headphones ever.",0.54,Positive
REV00049,Apex Electronics,Electronics,2025-10-23,4,Very fast processor and crystal clear screen.,0.31,Positive
REV00050,Apex Electronics,Electronics,2025-10-26,5,Solid build and easy set up.,0.69,Positive
REV00051,Apex Electronics,Electronics,2025-10-27,5,"Highly recommend this gadget, works flawlessly.",0.88,Positive
REV00052,Apex Electronics,Electronics,2025-11-02,5,"Amazing sound quality, best headphones ever.",0.63,Positive
REV00053,Apex Electronics,Electronics,2025-10-31,5,"Amazing sound quality, best headphones ever.",0.64,Positive
REV00054,Apex Electronics,Electronics,2025-10-30,5,Very fast processor and crystal clear screen.,0.36,Positive
REV00055,Apex Electronics,Electronics,2025-11-05,4,"Amazing sound quality, best headphones ever.",0.48,Positive
REV00056,Apex Electronics,Electronics,2025-11-05,5,"Excellent phone, battery lasts 2 days!",0.79,Positive
REV00057,Apex Electronics,Electronics,2025-11-10,5,Very fast processor and crystal clear screen.,0.85,Positive
REV00058,Apex Electronics,Electronics,2025-11-16,5,"Amazing sound quality, best headphones ever.",0.5,Positive
REV00059,Apex Electronics,Electronics,2025-11-15,4,"Excellent phone, battery lasts 2 days!",0.65,Positive
REV00060,Apex Electronics,Electronics,2025-11-16,4,"Amazing sound quality, best headphones ever.",0.32,Positive
REV00061,Apex Electronics,Electronics,2025-11-21,4,Solid build and easy set up.,0.61,Positive
REV00062,Apex Electronics,Electronics,2025-11-19,4,Solid build and easy set up.,0.76,Positive
REV00063,Apex Electronics,Electronics,2025-11-24,5,"Excellent phone, battery lasts 2 days!",0.35,Positive
REV00064,Apex Electronics,Electronics,2025-12-01,4,"Highly recommend this gadget, works flawlessly.",0.49,Positive
REV00065,Apex Electronics,Electronics,2025-11-26,4,"Highly recommend this gadget, works flawlessly.",0.56,Positive
REV00066,Apex Electronics,Electronics,2025-11-29,5,"Highly recommend this gadget, works flawlessly.",0.35,Positive
REV00067,Apex Electronics,Electronics,2025-12-03,5,"Amazing sound quality, best headphones ever.",0.73,Positive
REV00068,Apex Electronics,Electronics,2025-12-07,3,"Took a bit long to ship, but works fine.",0.16,Neutral
REV00069,Apex Electronics,Electronics,2025-12-07,5,Very fast processor and crystal clear screen.,0.67,Positive
REV00070,Apex Electronics,Electronics,2025-12-15,5,"Highly recommend this gadget, works flawlessly.",0.32,Positive
REV00071,Apex Electronics,Electronics,2025-12-14,5,Solid build and easy set up.,0.58,Positive
REV00072,Apex Electronics,Electronics,2025-12-11,5,Very fast processor and crystal clear screen.,0.36,Positive
REV00073,Apex Electronics,Electronics,2025-12-21,4,Very fast processor and crystal clear screen.,0.68,Positive
REV00074,Apex Electronics,Electronics,2025-12-17,4,Solid build and easy set up.,0.6,Positive
REV00075,Apex Electronics,Electronics,2025-12-19,5,Solid build and easy set up.,0.4,Positive
REV00076,Apex Electronics,Electronics,2025-12-24,5,"Excellent phone, battery lasts 2 days!",0.69,Positive
REV00077,Apex Electronics,Electronics,2025-12-26,5,"Highly recommend this gadget, works flawlessly.",0.86,Positive
REV00078,Apex Electronics,Electronics,2025-12-24,3,Average quality for the price.,0.05,Neutral
REV00079,Apex Electronics,Electronics,2025-12-31,4,Solid build and easy set up.,0.49,Positive
REV00080,Apex Electronics,Electronics,2026-01-05,4,"Excellent phone, battery lasts 2 days!",0.81,Positive
REV00081,Apex Electronics,Electronics,2025-12-31,4,"Amazing sound quality, best headphones ever.",0.72,Positive
REV00082,Apex Electronics,Electronics,2026-01-08,4,Solid build and easy set up.,0.78,Positive
REV00083,Apex Electronics,Electronics,2026-01-12,4,Very fast processor and crystal clear screen.,0.52,Positive
REV00084,Apex Electronics,Electronics,2026-01-11,5,"Amazing sound quality, best headphones ever.",0.77,Positive
REV00085,Apex Electronics,Electronics,2026-01-18,5,"Highly recommend this gadget, works flawlessly.",0.8,Positive
REV00086,Apex Electronics,Electronics,2026-01-17,5,Solid build and easy set up.,0.49,Positive
REV00087,Apex Electronics,Electronics,2026-01-18,5,Very fast processor and crystal clear screen.,0.31,Positive
REV00088,Apex Electronics,Electronics,2026-01-26,5,Very fast processor and crystal clear screen.,0.57,Positive
REV00089,Apex Electronics,Electronics,2026-01-24,4,"Highly recommend this gadget, works flawlessly.",0.7,Positive
REV00090,Apex Electronics,Electronics,2026-01-24,4,"Highly recommend this gadget, works flawlessly.",0.75,Positive
REV00091,Apex Electronics,Electronics,2026-01-28,4,"Amazing sound quality, best headphones ever.",0.37,Positive
REV00092,Apex Electronics,Electronics,2026-01-29,5,Very fast processor and crystal clear screen.,0.39,Positive
REV00093,Apex Electronics,Electronics,2026-01-30,5,"Excellent phone, battery lasts 2 days!",0.36,Positive
REV00094,Apex Electronics,Electronics,2026-02-08,5,Solid build and easy set up.,0.89,Positive
REV00095,Apex Electronics,Electronics,2026-02-08,4,Very fast processor and crystal clear screen.,0.79,Positive
REV00096,Apex Electronics,Electronics,2026-02-04,4,Very fast processor and crystal clear screen.,0.87,Positive
REV00097,Apex Electronics,Electronics,2026-02-12,4,"Excellent phone, battery lasts 2 days!",0.58,Positive
REV00098,Apex Electronics,Electronics,2026-02-11,5,"Excellent phone, battery lasts 2 days!",0.33,Positive
REV00099,Apex Electronics,Electronics,2026-02-11,5,"Highly recommend this gadget, works flawlessly.",0.65,Positive
REV00100,Apex Electronics,Electronics,2026-02-20,5,Very fast processor and crystal clear screen.,0.88,Positive
REV00101,Apex Electronics,Electronics,2026-02-19,5,"Amazing sound quality, best headphones ever.",0.34,Positive
REV00102,Apex Electronics,Electronics,2026-02-19,4,Solid build and easy set up.,0.63,Positive
REV00103,Apex Electronics,Electronics,2026-03-01,4,Solid build and easy set up.,0.67,Positive
REV00104,Apex Electronics,Electronics,2026-02-26,5,"Amazing sound quality, best headphones ever.",0.47,Positive
REV00105,Apex Electronics,Electronics,2026-02-28,4,"Amazing sound quality, best headphones ever.",0.51,Positive
REV00106,Apex Electronics,Electronics,2026-03-04,4,"Excellent phone, battery lasts 2 days!",0.79,Positive
REV00107,Apex Electronics,Electronics,2026-03-06,4,"Amazing sound quality, best headphones ever.",0.85,Positive
REV00108,Apex Electronics,Electronics,2026-03-07,5,"Amazing sound quality, best headphones ever.",0.79,Positive
REV00109,Apex Electronics,Electronics,2026-03-16,5,"Excellent phone, battery lasts 2 days!",0.79,Positive
REV00110,Apex Electronics,Electronics,2026-03-11,5,"Excellent phone, battery lasts 2 days!",0.89,Positive
REV00111,Apex Electronics,Electronics,2026-03-16,5,"Amazing sound quality, best headphones ever.",0.53,Positive
REV00112,Apex Electronics,Electronics,2026-03-19,4,"Excellent phone, battery lasts 2 days!",0.82,Positive
REV00113,Apex Electronics,Electronics,2026-03-19,5,Very fast processor and crystal clear screen.,0.76,Positive
REV00114,Apex Electronics,Electronics,2026-03-21,5,Solid build and easy set up.,0.87,Positive
REV00115,Apex Electronics,Electronics,2026-03-26,5,"Amazing sound quality, best headphones ever.",0.51,Positive
REV00116,Apex Electronics,Electronics,2026-03-28,5,"Highly recommend this gadget, works flawlessly.",0.37,Positive
REV00117,Apex Electronics,Electronics,2026-03-25,5,Very fast processor and crystal clear screen.,0.76,Positive
REV00118,Apex Electronics,Electronics,2026-04-01,5,Solid build and easy set up.,0.32,Positive
REV00119,Apex Electronics,Electronics,2026-04-06,5,"Excellent phone, battery lasts 2 days!",0.72,Positive
REV00120,Apex Electronics,Electronics,2026-04-01,5,Solid build and easy set up.,0.43,Positive
REV00121,Apex Electronics,Electronics,2026-04-09,5,Very fast processor and crystal clear screen.,0.77,Positive
REV00122,Apex Electronics,Electronics,2026-04-11,3,"Decent item, fits reasonably well.",0.06,Neutral
REV00123,Apex Electronics,Electronics,2026-04-09,5,"Amazing sound quality, best headphones ever.",0.87,Positive
REV00124,Apex Electronics,Electronics,2026-04-16,5,"Excellent phone, battery lasts 2 days!",0.5,Positive
REV00125,Apex Electronics,Electronics,2026-04-15,4,"Amazing sound quality, best headphones ever.",0.35,Positive
REV00126,Apex Electronics,Electronics,2026-04-17,5,"Amazing sound quality, best headphones ever.",0.38,Positive
REV00127,Apex Electronics,Electronics,2026-04-24,5,"Amazing sound quality, best headphones ever.",0.4,Positive
REV00128,Apex Electronics,Electronics,2026-04-27,4,"Amazing sound quality, best headphones ever.",0.42,Positive
REV00129,Apex Electronics,Electronics,2026-04-27,4,Solid build and easy set up.,0.35,Positive
REV00130,Apex Electronics,Electronics,2026-04-30,4,"Amazing sound quality, best headphones ever.",0.78,Positive
REV00131,Apex Electronics,Electronics,2026-05-01,4,Very fast processor and crystal clear screen.,0.82,Positive
REV00132,Apex Electronics,Electronics,2026-04-29,5,Very fast processor and crystal clear screen.,0.85,Positive
REV00133,Apex Electronics,Electronics,2026-05-06,5,Solid build and easy set up.,0.52,Positive
REV00134,Apex Electronics,Electronics,2026-05-06,4,"Highly recommend this gadget, works flawlessly.",0.58,Positive
REV00135,Apex Electronics,Electronics,2026-05-10,5,"Excellent phone, battery lasts 2 days!",0.84,Positive
REV00136,Apex Electronics,Electronics,2026-05-17,4,Solid build and easy set up.,0.53,Positive
REV00137,Apex Electronics,Electronics,2026-05-13,4,Very fast processor and crystal clear screen.,0.37,Positive
REV00138,Apex Electronics,Electronics,2026-05-13,4,Solid build and easy set up.,0.83,Positive
REV00139,Apex Electronics,Electronics,2026-05-24,4,"Excellent phone, battery lasts 2 days!",0.38,Positive
REV00140,Apex Electronics,Electronics,2026-05-25,5,"Excellent phone, battery lasts 2 days!",0.47,Positive
REV00141,Apex Electronics,Electronics,2026-05-23,5,Very fast processor and crystal clear screen.,0.64,Positive
REV00142,Apex Electronics,Electronics,2026-05-28,3,"It does what it says, but feels a bit lightweight.",-0.04,Neutral
REV00143,Apex Electronics,Electronics,2026-05-31,4,Solid build and easy set up.,0.4,Positive
REV00144,Apex Electronics,Electronics,2026-05-31,4,"Excellent phone, battery lasts 2 days!",0.84,Positive
REV00145,Apex Electronics,Electronics,2026-06-08,5,"Amazing sound quality, best headphones ever.",0.45,Positive
REV00146,Apex Electronics,Electronics,2026-06-07,5,Solid build and easy set up.,0.4,Positive
REV00147,Apex Electronics,Electronics,2026-06-05,5,Solid build and easy set up.,0.63,Positive
REV00148,Apex Electronics,Electronics,2026-06-15,5,Very fast processor and crystal clear screen.,0.45,Positive
REV00149,Apex Electronics,Electronics,2026-06-11,5,"Highly recommend this gadget, works flawlessly.",0.47,Positive
REV00150,Apex Electronics,Electronics,2026-06-13,4,"Highly recommend this gadget, works flawlessly.",0.65,Positive
REV00151,Apex Electronics,Electronics,2026-06-20,4,"Highly recommend this gadget, works flawlessly.",0.71,Positive
REV00152,Apex Electronics,Electronics,2026-06-17,5,"Highly recommend this gadget, works flawlessly.",0.76,Positive
REV00153,Apex Electronics,Electronics,2026-06-20,4,"Excellent phone, battery lasts 2 days!",0.55,Positive
REV00154,Apex Electronics,Electronics,2026-06-24,5,Solid build and easy set up.,0.41,Positive
REV00155,Apex Electronics,Electronics,2026-06-28,4,"Excellent phone, battery lasts 2 days!",0.64,Positive
REV00156,Apex Electronics,Electronics,2026-06-28,4,Very fast processor and crystal clear screen.,0.81,Positive
REV00157,TechZone,Electronics,2025-07-04,5,Very fast processor and crystal clear screen.,0.54,Positive
REV00158,TechZone,Electronics,2025-07-03,4,"Excellent phone, battery lasts 2 days!",0.79,Positive
REV00159,TechZone,Electronics,2025-07-04,3,"Took a bit long to ship, but works fine.",0.09,Neutral
REV00160,TechZone,Electronics,2025-07-13,4,"Amazing sound quality, best headphones ever.",0.67,Positive
REV00161,TechZone,Electronics,2025-07-13,3,"Took a bit long to ship, but works fine.",-0.04,Neutral
REV00162,TechZone,Electronics,2025-07-09,5,Solid build and easy set up.,0.78,Positive
REV00163,TechZone,Electronics,2025-07-18,5,Solid build and easy set up.,0.76,Positive
REV00164,TechZone,Electronics,2025-07-17,4,"Excellent phone, battery lasts 2 days!",0.83,Positive
REV00165,TechZone,Electronics,2025-07-16,5,"Highly recommend this gadget, works flawlessly.",0.37,Positive
REV00166,TechZone,Electronics,2025-07-24,4,Solid build and easy set up.,0.68,Positive
REV00167,TechZone,Electronics,2025-07-25,5,"Highly recommend this gadget, works flawlessly.",0.45,Positive
REV00168,TechZone,Electronics,2025-07-24,5,Solid build and easy set up.,0.51,Positive
REV00169,TechZone,Electronics,2025-07-31,5,"Highly recommend this gadget, works flawlessly.",0.31,Positive
REV00170,TechZone,Electronics,2025-08-03,5,"Highly recommend this gadget, works flawlessly.",0.82,Positive
REV00171,TechZone,Electronics,2025-08-01,5,"Amazing sound quality, best headphones ever.",0.72,Positive
REV00172,TechZone,Electronics,2025-08-11,5,"Excellent phone, battery lasts 2 days!",0.86,Positive
REV00173,TechZone,Electronics,2025-08-08,4,"Amazing sound quality, best headphones ever.",0.89,Positive
REV00174,TechZone,Electronics,2025-08-06,4,"Excellent phone, battery lasts 2 days!",0.8,Positive
REV00175,TechZone,Electronics,2025-08-18,4,Very fast processor and crystal clear screen.,0.62,Positive
REV00176,TechZone,Electronics,2025-08-14,3,"Took a bit long to ship, but works fine.",0.27,Neutral
REV00177,TechZone,Electronics,2025-08-17,4,"Amazing sound quality, best headphones ever.",0.74,Positive
REV00178,TechZone,Electronics,2025-08-24,4,"Amazing sound quality, best headphones ever.",0.52,Positive
REV00179,TechZone,Electronics,2025-08-20,5,"Excellent phone, battery lasts 2 days!",0.31,Positive
REV00180,TechZone,Electronics,2025-08-25,5,"Excellent phone, battery lasts 2 days!",0.7,Positive
REV00181,TechZone,Electronics,2025-08-27,5,Solid build and easy set up.,0.43,Positive
REV00182,TechZone,Electronics,2025-08-31,5,"Highly recommend this gadget, works flawlessly.",0.84,Positive
REV00183,TechZone,Electronics,2025-08-28,4,Solid build and easy set up.,0.32,Positive
REV00184,TechZone,Electronics,2025-09-03,4,Very fast processor and crystal clear screen.,0.64,Positive
REV00185,TechZone,Electronics,2025-09-05,4,"Highly recommend this gadget, works flawlessly.",0.82,Positive
REV00186,TechZone,Electronics,2025-09-05,4,"Excellent phone, battery lasts 2 days!",0.87,Positive
REV00187,TechZone,Electronics,2025-09-15,5,Very fast processor and crystal clear screen.,0.31,Positive
REV00188,TechZone,Electronics,2025-09-12,4,"Excellent phone, battery lasts 2 days!",0.36,Positive
REV00189,TechZone,Electronics,2025-09-13,4,Solid build and easy set up.,0.69,Positive
REV00190,TechZone,Electronics,2025-09-18,5,Very fast processor and crystal clear screen.,0.42,Positive
REV00191,TechZone,Electronics,2025-09-18,5,Very fast processor and crystal clear screen.,0.31,Positive
REV00192,TechZone,Electronics,2025-09-17,4,"Amazing sound quality, best headphones ever.",0.35,Positive
REV00193,TechZone,Electronics,2025-09-27,4,"Highly recommend this gadget, works flawlessly.",0.65,Positive
REV00194,TechZone,Electronics,2025-09-26,4,Very fast processor and crystal clear screen.,0.46,Positive
REV00195,TechZone,Electronics,2025-09-29,4,Very fast processor and crystal clear screen.,0.63,Positive
REV00196,TechZone,Electronics,2025-10-01,5,"Amazing sound quality, best headphones ever.",0.78,Positive
REV00197,TechZone,Electronics,2025-10-02,4,"Amazing sound quality, best headphones ever.",0.46,Positive
REV00198,TechZone,Electronics,2025-10-04,5,Very fast processor and crystal clear screen.,0.62,Positive
REV00199,TechZone,Electronics,2025-10-09,5,"Highly recommend this gadget, works flawlessly.",0.46,Positive
REV00200,TechZone,Electronics,2025-10-08,4,Very fast processor and crystal clear screen.,0.63,Positive
REV00201,TechZone,Electronics,2025-10-11,5,Very fast processor and crystal clear screen.,0.42,Positive
REV00202,TechZone,Electronics,2025-10-15,5,"Highly recommend this gadget, works flawlessly.",0.85,Positive
REV00203,TechZone,Electronics,2025-10-17,3,"Took a bit long to ship, but works fine.",0.11,Neutral
REV00204,TechZone,Electronics,2025-10-18,4,Solid build and easy set up.,0.33,Positive
REV00205,TechZone,Electronics,2025-10-24,4,Solid build and easy set up.,0.64,Positive
REV00206,TechZone,Electronics,2025-10-22,5,"Excellent phone, battery lasts 2 days!",0.59,Positive
REV00207,TechZone,Electronics,2025-10-23,5,"Highly recommend this gadget, works flawlessly.",0.74,Positive
REV00208,TechZone,Electronics,2025-10-29,5,"Highly recommend this gadget, works flawlessly.",0.76,Positive
REV00209,TechZone,Electronics,2025-11-02,5,"Excellent phone, battery lasts 2 days!",0.71,Positive
REV00210,TechZone,Electronics,2025-10-31,5,"Amazing sound quality, best headphones ever.",0.56,Positive
REV00211,TechZone,Electronics,2025-11-08,5,"Highly recommend this gadget, works flawlessly.",0.41,Positive
REV00212,TechZone,Electronics,2025-11-09,5,Solid build and easy set up.,0.63,Positive
REV00213,TechZone,Electronics,2025-11-08,5,"Excellent phone, battery lasts 2 days!",0.78,Positive
REV00214,TechZone,Electronics,2025-11-14,5,Very fast processor and crystal clear screen.,0.32,Positive
REV00215,TechZone,Electronics,2025-11-17,5,"Excellent phone, battery lasts 2 days!",0.41,Positive
REV00216,TechZone,Electronics,2025-11-12,5,"Amazing sound quality, best headphones ever.",0.64,Positive
REV00217,TechZone,Electronics,2025-11-24,5,Solid build and easy set up.,0.49,Positive
REV00218,TechZone,Electronics,2025-11-21,5,Very fast processor and crystal clear screen.,0.8,Positive
REV00219,TechZone,Electronics,2025-11-19,5,"Amazing sound quality, best headphones ever.",0.44,Positive
REV00220,TechZone,Electronics,2025-11-30,4,"Highly recommend this gadget, works flawlessly.",0.77,Positive
REV00221,TechZone,Electronics,2025-12-01,5,"Highly recommend this gadget, works flawlessly.",0.83,Positive
REV00222,TechZone,Electronics,2025-12-01,3,"Product is okay, nothing special.",0.15,Neutral
REV00223,TechZone,Electronics,2025-12-05,4,Solid build and easy set up.,0.59,Positive
REV00224,TechZone,Electronics,2025-12-05,5,"Amazing sound quality, best headphones ever.",0.68,Positive
REV00225,TechZone,Electronics,2025-12-08,4,"Amazing sound quality, best headphones ever.",0.55,Positive
REV00226,TechZone,Electronics,2025-12-11,5,Solid build and easy set up.,0.31,Positive
REV00227,TechZone,Electronics,2025-12-13,4,Very fast processor and crystal clear screen.,0.53,Positive
REV00228,TechZone,Electronics,2025-12-15,5,"Amazing sound quality, best headphones ever.",0.71,Positive
REV00229,TechZone,Electronics,2025-12-21,4,Very fast processor and crystal clear screen.,0.89,Positive
REV00230,TechZone,Electronics,2025-12-19,5,Solid build and easy set up.,0.44,Positive
REV00231,TechZone,Electronics,2025-12-21,5,"Amazing sound quality, best headphones ever.",0.66,Positive
REV00232,TechZone,Electronics,2025-12-26,5,"Highly recommend this gadget, works flawlessly.",0.88,Positive
REV00233,TechZone,Electronics,2025-12-27,5,Very fast processor and crystal clear screen.,0.72,Positive
REV00234,TechZone,Electronics,2025-12-28,4,Solid build and easy set up.,0.39,Positive
REV00235,TechZone,Electronics,2026-01-03,4,"Highly recommend this gadget, works flawlessly.",0.83,Positive
REV00236,TechZone,Electronics,2026-01-03,4,"Amazing sound quality, best headphones ever.",0.87,Positive
REV00237,TechZone,Electronics,2026-01-04,5,Very fast processor and crystal clear screen.,0.69,Positive
REV00238,TechZone,Electronics,2026-01-12,5,Very fast processor and crystal clear screen.,0.43,Positive
REV00239,TechZone,Electronics,2026-01-09,4,"Excellent phone, battery lasts 2 days!",0.81,Positive
REV00240,TechZone,Electronics,2026-01-12,5,Solid build and easy set up.,0.6,Positive
REV00241,TechZone,Electronics,2026-01-16,5,Solid build and easy set up.,0.81,Positive
REV00242,TechZone,Electronics,2026-01-15,5,"Excellent phone, battery lasts 2 days!",0.82,Positive
REV00243,TechZone,Electronics,2026-01-15,5,"Highly recommend this gadget, works flawlessly.",0.72,Positive
REV00244,TechZone,Electronics,2026-01-21,5,Very fast processor and crystal clear screen.,0.38,Positive
REV00245,TechZone,Electronics,2026-01-22,5,"Excellent phone, battery lasts 2 days!",0.4,Positive
REV00246,TechZone,Electronics,2026-01-25,4,"Amazing sound quality, best headphones ever.",0.79,Positive
REV00247,TechZone,Electronics,2026-01-31,2,Cheap copy of the branded product. Fake!,-0.37,Negative
REV00248,TechZone,Electronics,2026-01-31,2,Cheap copy of the branded product. Fake!,-0.52,Negative
REV00249,TechZone,Electronics,2026-01-29,2,Defective unit. Will not turn on. Returning immediately.,-0.46,Negative
REV00250,TechZone,Electronics,2026-02-07,2,Warning: Fake counterfeit item. Not original brand!,-0.47,Negative
REV00251,TechZone,Electronics,2026-02-09,1,"This is a scam. Counterfeit copy, serial number is invalid.",-0.37,Negative
REV00252,TechZone,Electronics,2026-02-08,2,Arrived damaged and scratched. Packaging was terrible.,-0.88,Negative
REV00253,TechZone,Electronics,2026-02-14,3,"Product is okay, nothing special.",0.18,Neutral
REV00254,TechZone,Electronics,2026-02-16,2,Cheap copy of the branded product. Fake!,-0.75,Negative
REV00255,TechZone,Electronics,2026-02-15,3,"It does what it says, but feels a bit lightweight.",0.16,Neutral
REV00256,TechZone,Electronics,2026-02-22,2,Item doesn't work at all. Completely dead on arrival.,-0.61,Negative
REV00257,TechZone,Electronics,2026-02-21,2,"Damaged in transit, fluid was leaking everywhere.",-0.75,Negative
REV00258,TechZone,Electronics,2026-02-21,2,Cheap copy of the branded product. Fake!,-0.88,Negative
REV00259,TechZone,Electronics,2026-03-02,3,Average quality for the price.,-0.05,Neutral
REV00260,TechZone,Electronics,2026-03-01,3,"Took a bit long to ship, but works fine.",-0.09,Neutral
REV00261,TechZone,Electronics,2026-02-27,2,Defective unit. Will not turn on. Returning immediately.,-0.34,Negative
REV00262,TechZone,Electronics,2026-03-05,2,Not original as advertised. Avoid this seller.,-0.34,Negative
REV00263,TechZone,Electronics,2026-03-06,2,Broke after 2 days. The charging port doesn't work.,-0.89,Negative
REV00264,TechZone,Electronics,2026-03-05,1,"This is a scam. Counterfeit copy, serial number is invalid.",-0.85,Negative
REV00265,TechZone,Electronics,2026-03-16,2,Defective unit. Will not turn on. Returning immediately.,-0.47,Negative
REV00266,TechZone,Electronics,2026-03-14,1,Warning: Fake counterfeit item. Not original brand!,-0.41,Negative
REV00267,TechZone,Electronics,2026-03-15,2,Broke after 2 days. The charging port doesn't work.,-0.67,Negative
REV00268,TechZone,Electronics,2026-03-19,2,Arrived damaged and scratched. Packaging was terrible.,-0.76,Negative
REV00269,TechZone,Electronics,2026-03-21,3,"Decent item, fits reasonably well.",-0.09,Neutral
REV00270,TechZone,Electronics,2026-03-23,3,"It does what it says, but feels a bit lightweight.",0.27,Neutral
REV00271,TechZone,Electronics,2026-03-28,3,"It does what it says, but feels a bit lightweight.",0.08,Neutral
REV00272,TechZone,Electronics,2026-03-27,2,Arrived damaged and scratched. Packaging was terrible.,-0.45,Negative
REV00273,TechZone,Electronics,2026-03-28,4,"Highly recommend this gadget, works flawlessly.",0.35,Positive
REV00274,TechZone,Electronics,2026-04-02,2,Cheap copy of the branded product. Fake!,-0.55,Negative
REV00275,TechZone,Electronics,2026-04-04,3,"Took a bit long to ship, but works fine.",-0.01,Neutral
REV00276,TechZone,Electronics,2026-04-04,2,Arrived damaged and scratched. Packaging was terrible.,-0.2,Negative
REV00277,TechZone,Electronics,2026-04-11,2,Defective unit. Will not turn on. Returning immediately.,-0.66,Negative
REV00278,TechZone,Electronics,2026-04-12,3,Average quality for the price.,0.05,Neutral
REV00279,TechZone,Electronics,2026-04-12,2,Cheap copy of the branded product. Fake!,-0.59,Negative
REV00280,TechZone,Electronics,2026-04-15,3,"Product is okay, nothing special.",0.15,Neutral
REV00281,TechZone,Electronics,2026-04-18,2,Defective unit. Will not turn on. Returning immediately.,-0.4,Negative
REV00282,TechZone,Electronics,2026-04-15,3,Average quality for the price.,0.26,Neutral
REV00283,TechZone,Electronics,2026-04-24,3,"Decent item, fits reasonably well.",-0.03,Neutral
REV00284,TechZone,Electronics,2026-04-24,1,Cheap copy of the branded product. Fake!,-0.63,Negative
REV00285,TechZone,Electronics,2026-04-24,1,Item doesn't work at all. Completely dead on arrival.,-0.36,Negative
REV00286,TechZone,Electronics,2026-05-01,3,"Decent item, fits reasonably well.",-0.0,Neutral
REV00287,TechZone,Electronics,2026-05-02,3,"Product is okay, nothing special.",-0.03,Neutral
REV00288,TechZone,Electronics,2026-05-04,3,"Product is okay, nothing special.",-0.03,Neutral
REV00289,TechZone,Electronics,2026-05-07,2,Not original as advertised. Avoid this seller.,-0.53,Negative
REV00290,TechZone,Electronics,2026-05-06,2,Warning: Fake counterfeit item. Not original brand!,-0.24,Negative
REV00291,TechZone,Electronics,2026-05-07,3,Average quality for the price.,0.03,Neutral
REV00292,TechZone,Electronics,2026-05-14,2,"This is a scam. Counterfeit copy, serial number is invalid.",-0.54,Negative
REV00293,TechZone,Electronics,2026-05-18,4,"Amazing sound quality, best headphones ever.",0.38,Positive
REV00294,TechZone,Electronics,2026-05-14,2,Clearly a fake product. Scammed.,-0.88,Negative
REV00295,TechZone,Electronics,2026-05-22,3,"Took a bit long to ship, but works fine.",0.28,Neutral
REV00296,TechZone,Electronics,2026-05-24,2,Clearly a fake product. Scammed.,-0.42,Negative
REV00297,TechZone,Electronics,2026-05-21,4,"Excellent phone, battery lasts 2 days!",0.82,Positive
REV00298,TechZone,Electronics,2026-05-27,2,Clearly a fake product. Scammed.,-0.44,Negative
REV00299,TechZone,Electronics,2026-06-01,2,"Damaged in transit, fluid was leaking everywhere.",-0.29,Negative
REV00300,TechZone,Electronics,2026-06-01,2,Item doesn't work at all. Completely dead on arrival.,-0.35,Negative
REV00301,TechZone,Electronics,2026-06-08,2,Clearly a fake product. Scammed.,-0.52,Negative
REV00302,TechZone,Electronics,2026-06-08,2,Warning: Fake counterfeit item. Not original brand!,-0.9,Negative
REV00303,TechZone,Electronics,2026-06-03,1,"Damaged in transit, fluid was leaking everywhere.",-0.62,Negative
REV00304,TechZone,Electronics,2026-06-14,1,Not original as advertised. Avoid this seller.,-0.58,Negative
REV00305,TechZone,Electronics,2026-06-15,3,"Decent item, fits reasonably well.",0.11,Neutral
REV00306,TechZone,Electronics,2026-06-14,2,Arrived damaged and scratched. Packaging was terrible.,-0.56,Negative
REV00307,TechZone,Electronics,2026-06-17,3,"Took a bit long to ship, but works fine.",-0.0,Neutral
REV00308,TechZone,Electronics,2026-06-17,2,Item doesn't work at all. Completely dead on arrival.,-0.25,Negative
REV00309,TechZone,Electronics,2026-06-22,2,Broke after 2 days. The charging port doesn't work.,-0.56,Negative
REV00310,TechZone,Electronics,2026-06-25,2,Cheap copy of the branded product. Fake!,-0.81,Negative
REV00311,TechZone,Electronics,2026-06-29,3,"It does what it says, but feels a bit lightweight.",-0.03,Neutral
REV00312,TechZone,Electronics,2026-06-28,2,"Damaged in transit, fluid was leaking everywhere.",-0.53,Negative
REV00313,GadgetGuru,Electronics,2025-07-05,4,"Amazing sound quality, best headphones ever.",0.68,Positive
REV00314,GadgetGuru,Electronics,2025-07-07,5,"Amazing sound quality, best headphones ever.",0.87,Positive
REV00315,GadgetGuru,Electronics,2025-07-04,5,Solid build and easy set up.,0.83,Positive
REV00316,GadgetGuru,Electronics,2025-07-09,5,Very fast processor and crystal clear screen.,0.44,Positive
REV00317,GadgetGuru,Electronics,2025-07-12,4,"Highly recommend this gadget, works flawlessly.",0.79,Positive
REV00318,GadgetGuru,Electronics,2025-07-12,5,Very fast processor and crystal clear screen.,0.55,Positive
REV00319,GadgetGuru,Electronics,2025-07-21,4,Solid build and easy set up.,0.36,Positive
REV00320,GadgetGuru,Electronics,2025-07-18,5,"Amazing sound quality, best headphones ever.",0.31,Positive
REV00321,GadgetGuru,Electronics,2025-07-19,5,"Excellent phone, battery lasts 2 days!",0.63,Positive
REV00322,GadgetGuru,Electronics,2025-07-26,5,Very fast processor and crystal clear screen.,0.54,Positive
REV00323,GadgetGuru,Electronics,2025-07-25,5,Very fast processor and crystal clear screen.,0.72,Positive
REV00324,GadgetGuru,Electronics,2025-07-25,4,"Highly recommend this gadget, works flawlessly.",0.89,Positive
REV00325,GadgetGuru,Electronics,2025-08-04,4,Solid build and easy set up.,0.51,Positive
REV00326,GadgetGuru,Electronics,2025-08-03,4,"Highly recommend this gadget, works flawlessly.",0.34,Positive
REV00327,GadgetGuru,Electronics,2025-08-03,4,"Excellent phone, battery lasts 2 days!",0.78,Positive
REV00328,GadgetGuru,Electronics,2025-08-07,5,"Excellent phone, battery lasts 2 days!",0.7,Positive
REV00329,GadgetGuru,Electronics,2025-08-09,5,"Amazing sound quality, best headphones ever.",0.58,Positive
REV00330,GadgetGuru,Electronics,2025-08-07,5,Solid build and easy set up.,0.34,Positive
REV00331,GadgetGuru,Electronics,2025-08-18,5,"Amazing sound quality, best headphones ever.",0.51,Positive
REV00332,GadgetGuru,Electronics,2025-08-16,4,"Amazing sound quality, best headphones ever.",0.7,Positive
REV00333,GadgetGuru,Electronics,2025-08-13,4,"Excellent phone, battery lasts 2 days!",0.39,Positive
REV00334,GadgetGuru,Electronics,2025-08-23,4,Very fast processor and crystal clear screen.,0.75,Positive
REV00335,GadgetGuru,Electronics,2025-08-22,5,Very fast processor and crystal clear screen.,0.77,Positive
REV00336,GadgetGuru,Electronics,2025-08-22,4,Solid build and easy set up.,0.73,Positive
REV00337,GadgetGuru,Electronics,2025-08-31,4,Solid build and easy set up.,0.57,Positive
REV00338,GadgetGuru,Electronics,2025-08-30,3,"Took a bit long to ship, but works fine.",0.14,Neutral
REV00339,GadgetGuru,Electronics,2025-08-29,5,Solid build and easy set up.,0.6,Positive
REV00340,GadgetGuru,Electronics,2025-09-05,4,"Amazing sound quality, best headphones ever.",0.83,Positive
REV00341,GadgetGuru,Electronics,2025-09-05,5,"Highly recommend this gadget, works flawlessly.",0.77,Positive
REV00342,GadgetGuru,Electronics,2025-09-03,5,Very fast processor and crystal clear screen.,0.48,Positive
REV00343,GadgetGuru,Electronics,2025-09-12,4,Very fast processor and crystal clear screen.,0.82,Positive
REV00344,GadgetGuru,Electronics,2025-09-15,5,"Excellent phone, battery lasts 2 days!",0.85,Positive
REV00345,GadgetGuru,Electronics,2025-09-15,5,Solid build and easy set up.,0.76,Positive
REV00346,GadgetGuru,Electronics,2025-09-18,4,Very fast processor and crystal clear screen.,0.38,Positive
REV00347,GadgetGuru,Electronics,2025-09-19,5,"Amazing sound quality, best headphones ever.",0.88,Positive
REV00348,GadgetGuru,Electronics,2025-09-21,5,Solid build and easy set up.,0.56,Positive
REV00349,GadgetGuru,Electronics,2025-09-24,4,"Highly recommend this gadget, works flawlessly.",0.34,Positive
REV00350,GadgetGuru,Electronics,2025-09-26,5,Very fast processor and crystal clear screen.,0.77,Positive
REV00351,GadgetGuru,Electronics,2025-09-26,4,Very fast processor and crystal clear screen.,0.9,Positive
REV00352,GadgetGuru,Electronics,2025-10-01,4,"Highly recommend this gadget, works flawlessly.",0.36,Positive
REV00353,GadgetGuru,Electronics,2025-10-02,4,Solid build and easy set up.,0.61,Positive
REV00354,GadgetGuru,Electronics,2025-10-01,4,"Highly recommend this gadget, works flawlessly.",0.9,Positive
REV00355,GadgetGuru,Electronics,2025-10-10,4,Solid build and easy set up.,0.42,Positive
REV00356,GadgetGuru,Electronics,2025-10-13,5,Very fast processor and crystal clear screen.,0.52,Positive
REV00357,GadgetGuru,Electronics,2025-10-08,5,"Amazing sound quality, best headphones ever.",0.74,Positive
REV00358,GadgetGuru,Electronics,2025-10-17,4,Solid build and easy set up.,0.38,Positive
REV00359,GadgetGuru,Electronics,2025-10-18,3,"Decent item, fits reasonably well.",-0.1,Neutral
REV00360,GadgetGuru,Electronics,2025-10-17,4,"Amazing sound quality, best headphones ever.",0.44,Positive
REV00361,GadgetGuru,Electronics,2025-10-24,4,"Excellent phone, battery lasts 2 days!",0.49,Positive
REV00362,GadgetGuru,Electronics,2025-10-22,4,"Amazing sound quality, best headphones ever.",0.74,Positive
REV00363,GadgetGuru,Electronics,2025-10-25,3,"Product is okay, nothing special.",0.06,Neutral
REV00364,GadgetGuru,Electronics,2025-11-02,4,"Excellent phone, battery lasts 2 days!",0.56,Positive
REV00365,GadgetGuru,Electronics,2025-10-30,5,"Excellent phone, battery lasts 2 days!",0.32,Positive
REV00366,GadgetGuru,Electronics,2025-11-02,4,Very fast processor and crystal clear screen.,0.84,Positive
REV00367,GadgetGuru,Electronics,2025-11-06,4,"Excellent phone, battery lasts 2 days!",0.74,Positive
REV00368,GadgetGuru,Electronics,2025-11-09,5,"Excellent phone, battery lasts 2 days!",0.61,Positive
REV00369,GadgetGuru,Electronics,2025-11-09,4,"Amazing sound quality, best headphones ever.",0.35,Positive
REV00370,GadgetGuru,Electronics,2025-11-13,5,Solid build and easy set up.,0.48,Positive
REV00371,GadgetGuru,Electronics,2025-11-15,5,Solid build and easy set up.,0.7,Positive
REV00372,GadgetGuru,Electronics,2025-11-15,4,"Amazing sound quality, best headphones ever.",0.41,Positive
REV00373,GadgetGuru,Electronics,2025-11-22,5,Solid build and easy set up.,0.53,Positive
REV00374,GadgetGuru,Electronics,2025-11-23,5,"Highly recommend this gadget, works flawlessly.",0.42,Positive
REV00375,GadgetGuru,Electronics,2025-11-19,5,Solid build and easy set up.,0.76,Positive
REV00376,GadgetGuru,Electronics,2025-11-27,4,"Excellent phone, battery lasts 2 days!",0.66,Positive
REV00377,GadgetGuru,Electronics,2025-11-28,5,Very fast processor and crystal clear screen.,0.79,Positive
REV00378,GadgetGuru,Electronics,2025-11-27,5,"Excellent phone, battery lasts 2 days!",0.69,Positive
REV00379,GadgetGuru,Electronics,2025-12-07,5,Very fast processor and crystal clear screen.,0.44,Positive
REV00380,GadgetGuru,Electronics,2025-12-04,5,"Excellent phone, battery lasts 2 days!",0.37,Positive
REV00381,GadgetGuru,Electronics,2025-12-06,5,"Excellent phone, battery lasts 2 days!",0.69,Positive
REV00382,GadgetGuru,Electronics,2025-12-13,5,Solid build and easy set up.,0.58,Positive
REV00383,GadgetGuru,Electronics,2025-12-10,5,"Highly recommend this gadget, works flawlessly.",0.77,Positive
REV00384,GadgetGuru,Electronics,2025-12-12,5,Very fast processor and crystal clear screen.,0.69,Positive
REV00385,GadgetGuru,Electronics,2025-12-22,5,"Highly recommend this gadget, works flawlessly.",0.43,Positive
REV00386,GadgetGuru,Electronics,2025-12-17,5,"Amazing sound quality, best headphones ever.",0.6,Positive
REV00387,GadgetGuru,Electronics,2025-12-19,5,Very fast processor and crystal clear screen.,0.63,Positive
REV00388,GadgetGuru,Electronics,2025-12-29,5,Solid build and easy set up.,0.76,Positive
REV00389,GadgetGuru,Electronics,2025-12-27,5,Very fast processor and crystal clear screen.,0.31,Positive
REV00390,GadgetGuru,Electronics,2025-12-28,4,"Excellent phone, battery lasts 2 days!",0.45,Positive
REV00391,GadgetGuru,Electronics,2026-01-02,5,Very fast processor and crystal clear screen.,0.41,Positive
REV00392,GadgetGuru,Electronics,2025-12-31,5,Very fast processor and crystal clear screen.,0.51,Positive
REV00393,GadgetGuru,Electronics,2026-01-01,5,"Excellent phone, battery lasts 2 days!",0.3,Positive
REV00394,GadgetGuru,Electronics,2026-01-12,5,Solid build and easy set up.,0.39,Positive
REV00395,GadgetGuru,Electronics,2026-01-09,5,Solid build and easy set up.,0.9,Positive
REV00396,GadgetGuru,Electronics,2026-01-07,5,"Amazing sound quality, best headphones ever.",0.52,Positive
REV00397,GadgetGuru,Electronics,2026-01-19,5,"Highly recommend this gadget, works flawlessly.",0.36,Positive
REV00398,GadgetGuru,Electronics,2026-01-16,4,"Amazing sound quality, best headphones ever.",0.65,Positive
REV00399,GadgetGuru,Electronics,2026-01-18,5,Solid build and easy set up.,0.34,Positive
REV00400,GadgetGuru,Electronics,2026-01-21,4,"Amazing sound quality, best headphones ever.",0.8,Positive
REV00401,GadgetGuru,Electronics,2026-01-21,4,Solid build and easy set up.,0.34,Positive
REV00402,GadgetGuru,Electronics,2026-01-26,5,"Amazing sound quality, best headphones ever.",0.5,Positive
REV00403,GadgetGuru,Electronics,2026-01-30,4,Solid build and easy set up.,0.43,Positive
REV00404,GadgetGuru,Electronics,2026-01-28,4,"Excellent phone, battery lasts 2 days!",0.66,Positive
REV00405,GadgetGuru,Electronics,2026-02-02,5,Very fast processor and crystal clear screen.,0.55,Positive
REV00406,GadgetGuru,Electronics,2026-02-04,5,Solid build and easy set up.,0.65,Positive
REV00407,GadgetGuru,Electronics,2026-02-08,4,"Highly recommend this gadget, works flawlessly.",0.5,Positive
REV00408,GadgetGuru,Electronics,2026-02-05,4,"Excellent phone, battery lasts 2 days!",0.32,Positive
REV00409,GadgetGuru,Electronics,2026-02-16,5,Solid build and easy set up.,0.81,Positive
REV00410,GadgetGuru,Electronics,2026-02-13,4,"Amazing sound quality, best headphones ever.",0.41,Positive
REV00411,GadgetGuru,Electronics,2026-02-15,4,Very fast processor and crystal clear screen.,0.59,Positive
REV00412,GadgetGuru,Electronics,2026-02-18,5,"Amazing sound quality, best headphones ever.",0.4,Positive
REV00413,GadgetGuru,Electronics,2026-02-20,4,"Amazing sound quality, best headphones ever.",0.75,Positive
REV00414,GadgetGuru,Electronics,2026-02-20,5,"Amazing sound quality, best headphones ever.",0.69,Positive
REV00415,GadgetGuru,Electronics,2026-02-26,4,"Excellent phone, battery lasts 2 days!",0.76,Positive
REV00416,GadgetGuru,Electronics,2026-02-28,4,"Highly recommend this gadget, works flawlessly.",0.57,Positive
REV00417,GadgetGuru,Electronics,2026-02-27,4,"Amazing sound quality, best headphones ever.",0.34,Positive
REV00418,GadgetGuru,Electronics,2026-03-08,4,"Amazing sound quality, best headphones ever.",0.7,Positive
REV00419,GadgetGuru,Electronics,2026-03-07,5,"Excellent phone, battery lasts 2 days!",0.86,Positive
REV00420,GadgetGuru,Electronics,2026-03-06,5,"Excellent phone, battery lasts 2 days!",0.33,Positive
REV00421,GadgetGuru,Electronics,2026-03-11,3,"Took a bit long to ship, but works fine.",0.29,Neutral
REV00422,GadgetGuru,Electronics,2026-03-15,5,"Amazing sound quality, best headphones ever.",0.67,Positive
REV00423,GadgetGuru,Electronics,2026-03-16,4,"Excellent phone, battery lasts 2 days!",0.39,Positive
REV00424,GadgetGuru,Electronics,2026-03-21,4,"Amazing sound quality, best headphones ever.",0.73,Positive
REV00425,GadgetGuru,Electronics,2026-03-19,5,"Excellent phone, battery lasts 2 days!",0.63,Positive
REV00426,GadgetGuru,Electronics,2026-03-20,4,Solid build and easy set up.,0.35,Positive
REV00427,GadgetGuru,Electronics,2026-03-30,5,"Amazing sound quality, best headphones ever.",0.63,Positive
REV00428,GadgetGuru,Electronics,2026-03-25,4,"Amazing sound quality, best headphones ever.",0.34,Positive
REV00429,GadgetGuru,Electronics,2026-03-27,5,Very fast processor and crystal clear screen.,0.58,Positive
REV00430,GadgetGuru,Electronics,2026-04-03,4,Very fast processor and crystal clear screen.,0.61,Positive
REV00431,GadgetGuru,Electronics,2026-04-06,5,"Amazing sound quality, best headphones ever.",0.83,Positive
REV00432,GadgetGuru,Electronics,2026-04-01,4,"Amazing sound quality, best headphones ever.",0.82,Positive
REV00433,GadgetGuru,Electronics,2026-04-09,4,Solid build and easy set up.,0.6,Positive
REV00434,GadgetGuru,Electronics,2026-04-10,5,Very fast processor and crystal clear screen.,0.36,Positive
REV00435,GadgetGuru,Electronics,2026-04-08,5,Solid build and easy set up.,0.53,Positive
REV00436,GadgetGuru,Electronics,2026-04-15,5,"Amazing sound quality, best headphones ever.",0.68,Positive
REV00437,GadgetGuru,Electronics,2026-04-15,4,Very fast processor and crystal clear screen.,0.85,Positive
REV00438,GadgetGuru,Electronics,2026-04-15,5,"Amazing sound quality, best headphones ever.",0.62,Positive
REV00439,GadgetGuru,Electronics,2026-04-25,4,Very fast processor and crystal clear screen.,0.84,Positive
REV00440,GadgetGuru,Electronics,2026-04-26,4,"Highly recommend this gadget, works flawlessly.",0.69,Positive
REV00441,GadgetGuru,Electronics,2026-04-25,5,"Highly recommend this gadget, works flawlessly.",0.67,Positive
REV00442,GadgetGuru,Electronics,2026-04-30,4,"Amazing sound quality, best headphones ever.",0.7,Positive
REV00443,GadgetGuru,Electronics,2026-05-03,4,"Amazing sound quality, best headphones ever.",0.83,Positive
REV00444,GadgetGuru,Electronics,2026-05-02,5,Very fast processor and crystal clear screen.,0.56,Positive
REV00445,GadgetGuru,Electronics,2026-05-10,4,Solid build and easy set up.,0.81,Positive
REV00446,GadgetGuru,Electronics,2026-05-06,5,Very fast processor and crystal clear screen.,0.79,Positive
REV00447,GadgetGuru,Electronics,2026-05-09,5,"Highly recommend this gadget, works flawlessly.",0.49,Positive
REV00448,GadgetGuru,Electronics,2026-05-15,5,Solid build and easy set up.,0.4,Positive
REV00449,GadgetGuru,Electronics,2026-05-15,5,"Excellent phone, battery lasts 2 days!",0.36,Positive
REV00450,GadgetGuru,Electronics,2026-05-17,5,"Highly recommend this gadget, works flawlessly.",0.44,Positive
REV00451,GadgetGuru,Electronics,2026-05-21,5,"Amazing sound quality, best headphones ever.",0.89,Positive
REV00452,GadgetGuru,Electronics,2026-05-24,5,"Amazing sound quality, best headphones ever.",0.68,Positive
REV00453,GadgetGuru,Electronics,2026-05-22,5,"Amazing sound quality, best headphones ever.",0.5,Positive
REV00454,GadgetGuru,Electronics,2026-05-31,4,Solid build and easy set up.,0.69,Positive
REV00455,GadgetGuru,Electronics,2026-05-30,5,"Amazing sound quality, best headphones ever.",0.48,Positive
REV00456,GadgetGuru,Electronics,2026-05-28,5,"Highly recommend this gadget, works flawlessly.",0.43,Positive
REV00457,GadgetGuru,Electronics,2026-06-07,4,Very fast processor and crystal clear screen.,0.84,Positive
REV00458,GadgetGuru,Electronics,2026-06-04,5,"Amazing sound quality, best headphones ever.",0.7,Positive
REV00459,GadgetGuru,Electronics,2026-06-03,4,"Amazing sound quality, best headphones ever.",0.57,Positive
REV00460,GadgetGuru,Electronics,2026-06-15,5,"Amazing sound quality, best headphones ever.",0.33,Positive
REV00461,GadgetGuru,Electronics,2026-06-13,5,"Amazing sound quality, best headphones ever.",0.47,Positive
REV00462,GadgetGuru,Electronics,2026-06-13,5,Very fast processor and crystal clear screen.,0.82,Positive
REV00463,GadgetGuru,Electronics,2026-06-21,5,Very fast processor and crystal clear screen.,0.47,Positive
REV00464,GadgetGuru,Electronics,2026-06-19,4,Solid build and easy set up.,0.82,Positive
REV00465,GadgetGuru,Electronics,2026-06-20,5,"Excellent phone, battery lasts 2 days!",0.62,Positive
REV00466,GadgetGuru,Electronics,2026-06-27,4,Solid build and easy set up.,0.48,Positive
REV00467,GadgetGuru,Electronics,2026-06-29,5,"Excellent phone, battery lasts 2 days!",0.84,Positive
REV00468,GadgetGuru,Electronics,2026-06-27,5,Very fast processor and crystal clear screen.,0.41,Positive
REV00469,ElectroStore,Electronics,2025-07-02,4,Very fast processor and crystal clear screen.,0.8,Positive
REV00470,ElectroStore,Electronics,2025-07-04,5,"Amazing sound quality, best headphones ever.",0.66,Positive
REV00471,ElectroStore,Electronics,2025-07-06,5,"Highly recommend this gadget, works flawlessly.",0.8,Positive
REV00472,ElectroStore,Electronics,2025-07-14,5,"Amazing sound quality, best headphones ever.",0.66,Positive
REV00473,ElectroStore,Electronics,2025-07-11,4,"Excellent phone, battery lasts 2 days!",0.66,Positive
REV00474,ElectroStore,Electronics,2025-07-12,5,Solid build and easy set up.,0.68,Positive
REV00475,ElectroStore,Electronics,2025-07-20,5,"Amazing sound quality, best headphones ever.",0.66,Positive
REV00476,ElectroStore,Electronics,2025-07-20,4,"Excellent phone, battery lasts 2 days!",0.75,Positive
REV00477,ElectroStore,Electronics,2025-07-17,5,"Excellent phone, battery lasts 2 days!",0.34,Positive
REV00478,ElectroStore,Electronics,2025-07-24,4,"Highly recommend this gadget, works flawlessly.",0.5,Positive
REV00479,ElectroStore,Electronics,2025-07-26,3,"Product is okay, nothing special.",0.14,Neutral
REV00480,ElectroStore,Electronics,2025-07-28,4,"Excellent phone, battery lasts 2 days!",0.47,Positive
REV00481,ElectroStore,Electronics,2025-08-02,5,"Excellent phone, battery lasts 2 days!",0.64,Positive
REV00482,ElectroStore,Electronics,2025-08-04,4,Very fast processor and crystal clear screen.,0.61,Positive
REV00483,ElectroStore,Electronics,2025-07-30,5,"Highly recommend this gadget, works flawlessly.",0.54,Positive
REV00484,ElectroStore,Electronics,2025-08-06,4,"Highly recommend this gadget, works flawlessly.",0.72,Positive
REV00485,ElectroStore,Electronics,2025-08-08,4,"Highly recommend this gadget, works flawlessly.",0.55,Positive
REV00486,ElectroStore,Electronics,2025-08-09,3,"Took a bit long to ship, but works fine.",0.06,Neutral
REV00487,ElectroStore,Electronics,2025-08-17,5,Very fast processor and crystal clear screen.,0.71,Positive
REV00488,ElectroStore,Electronics,2025-08-17,4,"Amazing sound quality, best headphones ever.",0.37,Positive
REV00489,ElectroStore,Electronics,2025-08-14,4,Very fast processor and crystal clear screen.,0.52,Positive
REV00490,ElectroStore,Electronics,2025-08-24,3,"Product is okay, nothing special.",0.17,Neutral
REV00491,ElectroStore,Electronics,2025-08-24,4,"Amazing sound quality, best headphones ever.",0.66,Positive
REV00492,ElectroStore,Electronics,2025-08-23,5,Very fast processor and crystal clear screen.,0.31,Positive
REV00493,ElectroStore,Electronics,2025-08-28,5,Very fast processor and crystal clear screen.,0.39,Positive
REV00494,ElectroStore,Electronics,2025-09-01,4,"Amazing sound quality, best headphones ever.",0.31,Positive
REV00495,ElectroStore,Electronics,2025-08-30,3,"Took a bit long to ship, but works fine.",0.09,Neutral
REV00496,ElectroStore,Electronics,2025-09-06,4,"Excellent phone, battery lasts 2 days!",0.81,Positive
REV00497,ElectroStore,Electronics,2025-09-08,4,"Highly recommend this gadget, works flawlessly.",0.7,Positive
REV00498,ElectroStore,Electronics,2025-09-04,5,Solid build and easy set up.,0.47,Positive
REV00499,ElectroStore,Electronics,2025-09-12,3,"Decent item, fits reasonably well.",0.13,Neutral
REV00500,ElectroStore,Electronics,2025-09-12,4,Solid build and easy set up.,0.52,Positive
REV00501,ElectroStore,Electronics,2025-09-15,5,"Amazing sound quality, best headphones ever.",0.71,Positive
REV00502,ElectroStore,Electronics,2025-09-19,5,"Amazing sound quality, best headphones ever.",0.32,Positive
REV00503,ElectroStore,Electronics,2025-09-20,5,Very fast processor and crystal clear screen.,0.5,Positive
REV00504,ElectroStore,Electronics,2025-09-17,5,"Amazing sound quality, best headphones ever.",0.34,Positive
REV00505,ElectroStore,Electronics,2025-09-28,5,"Amazing sound quality, best headphones ever.",0.38,Positive
REV00506,ElectroStore,Electronics,2025-09-28,4,"Highly recommend this gadget, works flawlessly.",0.59,Positive
REV00507,ElectroStore,Electronics,2025-09-29,4,"Highly recommend this gadget, works flawlessly.",0.88,Positive
REV00508,ElectroStore,Electronics,2025-10-06,4,"Excellent phone, battery lasts 2 days!",0.58,Positive
REV00509,ElectroStore,Electronics,2025-10-03,5,"Amazing sound quality, best headphones ever.",0.37,Positive
REV00510,ElectroStore,Electronics,2025-10-05,4,"Excellent phone, battery lasts 2 days!",0.87,Positive
REV00511,ElectroStore,Electronics,2025-10-12,4,"Excellent phone, battery lasts 2 days!",0.5,Positive
REV00512,ElectroStore,Electronics,2025-10-10,4,"Amazing sound quality, best headphones ever.",0.62,Positive
REV00513,ElectroStore,Electronics,2025-10-12,5,Very fast processor and crystal clear screen.,0.63,Positive
REV00514,ElectroStore,Electronics,2025-10-20,4,Very fast processor and crystal clear screen.,0.51,Positive
REV00515,ElectroStore,Electronics,2025-10-19,3,Average quality for the price.,0.13,Neutral
REV00516,ElectroStore,Electronics,2025-10-20,5,"Highly recommend this gadget, works flawlessly.",0.38,Positive
REV00517,ElectroStore,Electronics,2025-10-27,5,Very fast processor and crystal clear screen.,0.42,Positive
REV00518,ElectroStore,Electronics,2025-10-27,5,"Excellent phone, battery lasts 2 days!",0.54,Positive
REV00519,ElectroStore,Electronics,2025-10-24,5,"Excellent phone, battery lasts 2 days!",0.63,Positive
REV00520,ElectroStore,Electronics,2025-11-02,4,"Excellent phone, battery lasts 2 days!",0.77,Positive
REV00521,ElectroStore,Electronics,2025-11-03,5,"Highly recommend this gadget, works flawlessly.",0.47,Positive
REV00522,ElectroStore,Electronics,2025-10-29,4,Very fast processor and crystal clear screen.,0.83,Positive
REV00523,ElectroStore,Electronics,2025-11-10,4,"Highly recommend this gadget, works flawlessly.",0.42,Positive
REV00524,ElectroStore,Electronics,2025-11-06,4,"Amazing sound quality, best headphones ever.",0.76,Positive
REV00525,ElectroStore,Electronics,2025-11-06,5,Very fast processor and crystal clear screen.,0.6,Positive
REV00526,ElectroStore,Electronics,2025-11-16,3,"Took a bit long to ship, but works fine.",0.28,Neutral
REV00527,ElectroStore,Electronics,2025-11-14,5,Solid build and easy set up.,0.81,Positive
REV00528,ElectroStore,Electronics,2025-11-14,5,Very fast processor and crystal clear screen.,0.56,Positive
REV00529,ElectroStore,Electronics,2025-11-24,5,"Highly recommend this gadget, works flawlessly.",0.73,Positive
REV00530,ElectroStore,Electronics,2025-11-19,4,"Highly recommend this gadget, works flawlessly.",0.72,Positive
REV00531,ElectroStore,Electronics,2025-11-19,4,"Amazing sound quality, best headphones ever.",0.52,Positive
REV00532,ElectroStore,Electronics,2025-12-01,4,Very fast processor and crystal clear screen.,0.8,Positive
REV00533,ElectroStore,Electronics,2025-11-30,5,"Amazing sound quality, best headphones ever.",0.74,Positive
REV00534,ElectroStore,Electronics,2025-11-26,5,"Highly recommend this gadget, works flawlessly.",0.39,Positive
REV00535,ElectroStore,Electronics,2025-12-05,4,"Excellent phone, battery lasts 2 days!",0.54,Positive
REV00536,ElectroStore,Electronics,2025-12-03,5,Solid build and easy set up.,0.54,Positive
REV00537,ElectroStore,Electronics,2025-12-05,5,"Amazing sound quality, best headphones ever.",0.37,Positive
REV00538,ElectroStore,Electronics,2025-12-14,4,"Highly recommend this gadget, works flawlessly.",0.6,Positive
REV00539,ElectroStore,Electronics,2025-12-15,5,"Amazing sound quality, best headphones ever.",0.33,Positive
REV00540,ElectroStore,Electronics,2025-12-10,5,"Highly recommend this gadget, works flawlessly.",0.34,Positive
REV00541,ElectroStore,Electronics,2025-12-20,5,Very fast processor and crystal clear screen.,0.59,Positive
REV00542,ElectroStore,Electronics,2025-12-21,5,"Excellent phone, battery lasts 2 days!",0.44,Positive
REV00543,ElectroStore,Electronics,2025-12-19,5,Solid build and easy set up.,0.66,Positive
REV00544,ElectroStore,Electronics,2025-12-29,5,Very fast processor and crystal clear screen.,0.67,Positive
REV00545,ElectroStore,Electronics,2025-12-29,5,"Excellent phone, battery lasts 2 days!",0.45,Positive
REV00546,ElectroStore,Electronics,2025-12-29,4,"Amazing sound quality, best headphones ever.",0.73,Positive
REV00547,ElectroStore,Electronics,2025-12-31,3,"Decent item, fits reasonably well.",-0.05,Neutral
REV00548,ElectroStore,Electronics,2025-12-31,4,Very fast processor and crystal clear screen.,0.68,Positive
REV00549,ElectroStore,Electronics,2026-01-02,4,"Excellent phone, battery lasts 2 days!",0.47,Positive
REV00550,ElectroStore,Electronics,2026-01-07,4,"Excellent phone, battery lasts 2 days!",0.36,Positive
REV00551,ElectroStore,Electronics,2026-01-11,3,Average quality for the price.,0.24,Neutral
REV00552,ElectroStore,Electronics,2026-01-10,4,Very fast processor and crystal clear screen.,0.49,Positive
REV00553,ElectroStore,Electronics,2026-01-19,4,"Highly recommend this gadget, works flawlessly.",0.53,Positive
REV00554,ElectroStore,Electronics,2026-01-17,5,Solid build and easy set up.,0.68,Positive
REV00555,ElectroStore,Electronics,2026-01-19,5,Solid build and easy set up.,0.7,Positive
REV00556,ElectroStore,Electronics,2026-01-24,4,Very fast processor and crystal clear screen.,0.69,Positive
REV00557,ElectroStore,Electronics,2026-01-24,4,"Excellent phone, battery lasts 2 days!",0.87,Positive
REV00558,ElectroStore,Electronics,2026-01-24,4,Solid build and easy set up.,0.6,Positive
REV00559,ElectroStore,Electronics,2026-02-02,5,"Excellent phone, battery lasts 2 days!",0.81,Positive
REV00560,ElectroStore,Electronics,2026-01-29,4,"Highly recommend this gadget, works flawlessly.",0.43,Positive
REV00561,ElectroStore,Electronics,2026-01-31,4,"Amazing sound quality, best headphones ever.",0.83,Positive
REV00562,ElectroStore,Electronics,2026-02-04,5,"Highly recommend this gadget, works flawlessly.",0.49,Positive
REV00563,ElectroStore,Electronics,2026-02-08,4,"Highly recommend this gadget, works flawlessly.",0.73,Positive
REV00564,ElectroStore,Electronics,2026-02-04,5,"Highly recommend this gadget, works flawlessly.",0.42,Positive
REV00565,ElectroStore,Electronics,2026-02-12,3,"Took a bit long to ship, but works fine.",-0.09,Neutral
REV00566,ElectroStore,Electronics,2026-02-14,4,"Excellent phone, battery lasts 2 days!",0.37,Positive
REV00567,ElectroStore,Electronics,2026-02-16,4,"Excellent phone, battery lasts 2 days!",0.54,Positive
REV00568,ElectroStore,Electronics,2026-02-18,3,"It does what it says, but feels a bit lightweight.",0.02,Neutral
REV00569,ElectroStore,Electronics,2026-02-20,5,"Excellent phone, battery lasts 2 days!",0.61,Positive
REV00570,ElectroStore,Electronics,2026-02-19,5,Very fast processor and crystal clear screen.,0.89,Positive
REV00571,ElectroStore,Electronics,2026-02-25,5,Very fast processor and crystal clear screen.,0.61,Positive
REV00572,ElectroStore,Electronics,2026-02-26,4,Solid build and easy set up.,0.51,Positive
REV00573,ElectroStore,Electronics,2026-02-26,5,Solid build and easy set up.,0.88,Positive
REV00574,ElectroStore,Electronics,2026-03-05,4,"Highly recommend this gadget, works flawlessly.",0.48,Positive
REV00575,ElectroStore,Electronics,2026-03-04,5,Solid build and easy set up.,0.75,Positive
REV00576,ElectroStore,Electronics,2026-03-05,4,"Highly recommend this gadget, works flawlessly.",0.58,Positive
REV00577,ElectroStore,Electronics,2026-03-13,5,Solid build and easy set up.,0.44,Positive
REV00578,ElectroStore,Electronics,2026-03-11,4,Very fast processor and crystal clear screen.,0.42,Positive
REV00579,ElectroStore,Electronics,2026-03-12,5,"Excellent phone, battery lasts 2 days!",0.77,Positive
REV00580,ElectroStore,Electronics,2026-03-19,4,"Highly recommend this gadget, works flawlessly.",0.51,Positive
REV00581,ElectroStore,Electronics,2026-03-20,4,Solid build and easy set up.,0.58,Positive
REV00582,ElectroStore,Electronics,2026-03-19,5,"Excellent phone, battery lasts 2 days!",0.83,Positive
REV00583,ElectroStore,Electronics,2026-03-26,5,"Excellent phone, battery lasts 2 days!",0.45,Positive
REV00584,ElectroStore,Electronics,2026-03-29,5,"Amazing sound quality, best headphones ever.",0.6,Positive
REV00585,ElectroStore,Electronics,2026-03-30,4,"Excellent phone, battery lasts 2 days!",0.46,Positive
REV00586,ElectroStore,Electronics,2026-04-04,4,"Amazing sound quality, best headphones ever.",0.43,Positive
REV00587,ElectroStore,Electronics,2026-04-05,4,"Highly recommend this gadget, works flawlessly.",0.88,Positive
REV00588,ElectroStore,Electronics,2026-04-01,5,Solid build and easy set up.,0.42,Positive
REV00589,ElectroStore,Electronics,2026-04-09,4,Solid build and easy set up.,0.67,Positive
REV00590,ElectroStore,Electronics,2026-04-08,5,Solid build and easy set up.,0.89,Positive
REV00591,ElectroStore,Electronics,2026-04-10,5,Solid build and easy set up.,0.84,Positive
REV00592,ElectroStore,Electronics,2026-04-15,4,"Excellent phone, battery lasts 2 days!",0.73,Positive
REV00593,ElectroStore,Electronics,2026-04-18,5,"Amazing sound quality, best headphones ever.",0.7,Positive
REV00594,ElectroStore,Electronics,2026-04-20,4,"Amazing sound quality, best headphones ever.",0.4,Positive
REV00595,ElectroStore,Electronics,2026-04-27,5,"Amazing sound quality, best headphones ever.",0.43,Positive
REV00596,ElectroStore,Electronics,2026-04-22,3,"Decent item, fits reasonably well.",0.03,Neutral
REV00597,ElectroStore,Electronics,2026-04-24,5,"Excellent phone, battery lasts 2 days!",0.36,Positive
REV00598,ElectroStore,Electronics,2026-04-29,5,Very fast processor and crystal clear screen.,0.85,Positive
REV00599,ElectroStore,Electronics,2026-05-01,4,Very fast processor and crystal clear screen.,0.54,Positive
REV00600,ElectroStore,Electronics,2026-05-04,5,Solid build and easy set up.,0.75,Positive
REV00601,ElectroStore,Electronics,2026-05-11,5,Solid build and easy set up.,0.44,Positive
REV00602,ElectroStore,Electronics,2026-05-09,4,"Highly recommend this gadget, works flawlessly.",0.41,Positive
REV00603,ElectroStore,Electronics,2026-05-10,4,Solid build and easy set up.,0.32,Positive
REV00604,ElectroStore,Electronics,2026-05-17,5,"Amazing sound quality, best headphones ever.",0.65,Positive
REV00605,ElectroStore,Electronics,2026-05-16,5,Solid build and easy set up.,0.47,Positive
REV00606,ElectroStore,Electronics,2026-05-18,5,"Excellent phone, battery lasts 2 days!",0.51,Positive
REV00607,ElectroStore,Electronics,2026-05-25,5,Solid build and easy set up.,0.41,Positive
REV00608,ElectroStore,Electronics,2026-05-23,4,Very fast processor and crystal clear screen.,0.5,Positive
REV00609,ElectroStore,Electronics,2026-05-21,4,"Amazing sound quality, best headphones ever.",0.34,Positive
REV00610,ElectroStore,Electronics,2026-05-30,5,"Highly recommend this gadget, works flawlessly.",0.72,Positive
REV00611,ElectroStore,Electronics,2026-05-30,5,"Amazing sound quality, best headphones ever.",0.39,Positive
REV00612,ElectroStore,Electronics,2026-05-29,5,"Excellent phone, battery lasts 2 days!",0.83,Positive
REV00613,ElectroStore,Electronics,2026-06-08,5,"Highly recommend this gadget, works flawlessly.",0.33,Positive
REV00614,ElectroStore,Electronics,2026-06-05,3,"Took a bit long to ship, but works fine.",0.29,Neutral
REV00615,ElectroStore,Electronics,2026-06-08,4,Very fast processor and crystal clear screen.,0.48,Positive
REV00616,ElectroStore,Electronics,2026-06-10,4,"Excellent phone, battery lasts 2 days!",0.81,Positive
REV00617,ElectroStore,Electronics,2026-06-10,3,"Product is okay, nothing special.",0.03,Neutral
REV00618,ElectroStore,Electronics,2026-06-10,4,"Amazing sound quality, best headphones ever.",0.73,Positive
REV00619,ElectroStore,Electronics,2026-06-18,5,"Highly recommend this gadget, works flawlessly.",0.7,Positive
REV00620,ElectroStore,Electronics,2026-06-17,3,"It does what it says, but feels a bit lightweight.",-0.07,Neutral
REV00621,ElectroStore,Electronics,2026-06-21,5,Solid build and easy set up.,0.4,Positive
REV00622,ElectroStore,Electronics,2026-06-29,5,"Highly recommend this gadget, works flawlessly.",0.73,Positive
REV00623,ElectroStore,Electronics,2026-06-27,4,"Excellent phone, battery lasts 2 days!",0.61,Positive
REV00624,ElectroStore,Electronics,2026-06-29,5,"Highly recommend this gadget, works flawlessly.",0.61,Positive
REV00625,SmartTech,Electronics,2025-07-07,5,"Amazing sound quality, best headphones ever.",0.82,Positive
REV00626,SmartTech,Electronics,2025-07-04,5,"Excellent phone, battery lasts 2 days!",0.46,Positive
REV00627,SmartTech,Electronics,2025-07-04,4,Solid build and easy set up.,0.51,Positive
REV00628,SmartTech,Electronics,2025-07-13,5,"Excellent phone, battery lasts 2 days!",0.6,Positive
REV00629,SmartTech,Electronics,2025-07-10,4,Solid build and easy set up.,0.77,Positive
REV00630,SmartTech,Electronics,2025-07-14,4,Very fast processor and crystal clear screen.,0.74,Positive
REV00631,SmartTech,Electronics,2025-07-16,5,Very fast processor and crystal clear screen.,0.79,Positive
REV00632,SmartTech,Electronics,2025-07-20,4,"Highly recommend this gadget, works flawlessly.",0.63,Positive
REV00633,SmartTech,Electronics,2025-07-16,5,"Highly recommend this gadget, works flawlessly.",0.82,Positive
REV00634,SmartTech,Electronics,2025-07-27,4,"Highly recommend this gadget, works flawlessly.",0.49,Positive
REV00635,SmartTech,Electronics,2025-07-26,5,Very fast processor and crystal clear screen.,0.7,Positive
REV00636,SmartTech,Electronics,2025-07-27,4,Solid build and easy set up.,0.78,Positive
REV00637,SmartTech,Electronics,2025-07-30,5,Solid build and easy set up.,0.47,Positive
REV00638,SmartTech,Electronics,2025-08-04,4,Solid build and easy set up.,0.48,Positive
REV00639,SmartTech,Electronics,2025-07-30,5,"Highly recommend this gadget, works flawlessly.",0.5,Positive
REV00640,SmartTech,Electronics,2025-08-11,3,"Took a bit long to ship, but works fine.",0.03,Neutral
REV00641,SmartTech,Electronics,2025-08-08,4,"Highly recommend this gadget, works flawlessly.",0.87,Positive
REV00642,SmartTech,Electronics,2025-08-06,4,"Highly recommend this gadget, works flawlessly.",0.69,Positive
REV00643,SmartTech,Electronics,2025-08-17,4,Very fast processor and crystal clear screen.,0.89,Positive
REV00644,SmartTech,Electronics,2025-08-13,4,"Amazing sound quality, best headphones ever.",0.34,Positive
REV00645,SmartTech,Electronics,2025-08-18,4,Very fast processor and crystal clear screen.,0.88,Positive
REV00646,SmartTech,Electronics,2025-08-20,5,"Excellent phone, battery lasts 2 days!",0.46,Positive
REV00647,SmartTech,Electronics,2025-08-21,4,Solid build and easy set up.,0.46,Positive
REV00648,SmartTech,Electronics,2025-08-23,3,"Decent item, fits reasonably well.",0.01,Neutral
REV00649,SmartTech,Electronics,2025-08-28,4,"Highly recommend this gadget, works flawlessly.",0.67,Positive
REV00650,SmartTech,Electronics,2025-08-29,4,"Highly recommend this gadget, works flawlessly.",0.69,Positive
REV00651,SmartTech,Electronics,2025-08-31,5,"Highly recommend this gadget, works flawlessly.",0.67,Positive
REV00652,SmartTech,Electronics,2025-09-03,5,"Excellent phone, battery lasts 2 days!",0.87,Positive
REV00653,SmartTech,Electronics,2025-09-04,5,Very fast processor and crystal clear screen.,0.42,Positive
REV00654,SmartTech,Electronics,2025-09-03,5,Solid build and easy set up.,0.65,Positive
REV00655,SmartTech,Electronics,2025-09-12,5,"Excellent phone, battery lasts 2 days!",0.8,Positive
REV00656,SmartTech,Electronics,2025-09-15,5,"Amazing sound quality, best headphones ever.",0.41,Positive
REV00657,SmartTech,Electronics,2025-09-13,4,"Amazing sound quality, best headphones ever.",0.75,Positive
REV00658,SmartTech,Electronics,2025-09-20,5,"Amazing sound quality, best headphones ever.",0.67,Positive
REV00659,SmartTech,Electronics,2025-09-18,4,"Highly recommend this gadget, works flawlessly.",0.73,Positive
REV00660,SmartTech,Electronics,2025-09-17,5,Solid build and easy set up.,0.35,Positive
REV00661,SmartTech,Electronics,2025-09-24,5,"Amazing sound quality, best headphones ever.",0.66,Positive
REV00662,SmartTech,Electronics,2025-09-29,4,"Highly recommend this gadget, works flawlessly.",0.7,Positive
REV00663,SmartTech,Electronics,2025-09-27,5,Solid build and easy set up.,0.79,Positive
REV00664,SmartTech,Electronics,2025-10-01,5,"Highly recommend this gadget, works flawlessly.",0.34,Positive
REV00665,SmartTech,Electronics,2025-10-04,5,Very fast processor and crystal clear screen.,0.65,Positive
REV00666,SmartTech,Electronics,2025-10-01,5,Solid build and easy set up.,0.62,Positive
REV00667,SmartTech,Electronics,2025-10-10,5,Very fast processor and crystal clear screen.,0.56,Positive
REV00668,SmartTech,Electronics,2025-10-09,4,Very fast processor and crystal clear screen.,0.57,Positive
REV00669,SmartTech,Electronics,2025-10-10,5,"Highly recommend this gadget, works flawlessly.",0.34,Positive
REV00670,SmartTech,Electronics,2025-10-15,5,"Excellent phone, battery lasts 2 days!",0.59,Positive
REV00671,SmartTech,Electronics,2025-10-20,4,"Amazing sound quality, best headphones ever.",0.69,Positive
REV00672,SmartTech,Electronics,2025-10-16,5,"Amazing sound quality, best headphones ever.",0.46,Positive
REV00673,SmartTech,Electronics,2025-10-26,4,"Amazing sound quality, best headphones ever.",0.47,Positive
REV00674,SmartTech,Electronics,2025-10-26,5,Very fast processor and crystal clear screen.,0.49,Positive
REV00675,SmartTech,Electronics,2025-10-27,5,Solid build and easy set up.,0.62,Positive
REV00676,SmartTech,Electronics,2025-11-01,3,"Product is okay, nothing special.",0.03,Neutral
REV00677,SmartTech,Electronics,2025-11-01,5,"Excellent phone, battery lasts 2 days!",0.86,Positive
REV00678,SmartTech,Electronics,2025-11-01,3,"Product is okay, nothing special.",0.25,Neutral
REV00679,SmartTech,Electronics,2025-11-09,5,"Highly recommend this gadget, works flawlessly.",0.75,Positive
REV00680,SmartTech,Electronics,2025-11-09,5,"Amazing sound quality, best headphones ever.",0.56,Positive
REV00681,SmartTech,Electronics,2025-11-10,4,"Amazing sound quality, best headphones ever.",0.7,Positive
REV00682,SmartTech,Electronics,2025-11-14,5,"Amazing sound quality, best headphones ever.",0.74,Positive
REV00683,SmartTech,Electronics,2025-11-15,4,"Excellent phone, battery lasts 2 days!",0.35,Positive
REV00684,SmartTech,Electronics,2025-11-14,4,"Excellent phone, battery lasts 2 days!",0.31,Positive
REV00685,SmartTech,Electronics,2025-11-22,3,"It does what it says, but feels a bit lightweight.",-0.08,Neutral
REV00686,SmartTech,Electronics,2025-11-19,5,"Highly recommend this gadget, works flawlessly.",0.53,Positive
REV00687,SmartTech,Electronics,2025-11-19,4,"Amazing sound quality, best headphones ever.",0.88,Positive
REV00688,SmartTech,Electronics,2025-11-30,4,"Amazing sound quality, best headphones ever.",0.4,Positive
REV00689,SmartTech,Electronics,2025-11-30,3,"Decent item, fits reasonably well.",0.25,Neutral
REV00690,SmartTech,Electronics,2025-11-29,5,"Excellent phone, battery lasts 2 days!",0.68,Positive
REV00691,SmartTech,Electronics,2025-12-04,4,"Highly recommend this gadget, works flawlessly.",0.84,Positive
REV00692,SmartTech,Electronics,2025-12-04,4,"Highly recommend this gadget, works flawlessly.",0.42,Positive
REV00693,SmartTech,Electronics,2025-12-07,3,"Product is okay, nothing special.",-0.09,Neutral
REV00694,SmartTech,Electronics,2025-12-14,5,"Excellent phone, battery lasts 2 days!",0.31,Positive
REV00695,SmartTech,Electronics,2025-12-11,5,Solid build and easy set up.,0.8,Positive
REV00696,SmartTech,Electronics,2025-12-12,5,"Highly recommend this gadget, works flawlessly.",0.79,Positive
REV00697,SmartTech,Electronics,2025-12-18,4,Very fast processor and crystal clear screen.,0.35,Positive
REV00698,SmartTech,Electronics,2025-12-18,5,"Excellent phone, battery lasts 2 days!",0.53,Positive
REV00699,SmartTech,Electronics,2025-12-18,4,"Highly recommend this gadget, works flawlessly.",0.63,Positive
REV00700,SmartTech,Electronics,2025-12-25,5,Solid build and easy set up.,0.9,Positive
REV00701,SmartTech,Electronics,2025-12-25,3,"Product is okay, nothing special.",-0.01,Neutral
REV00702,SmartTech,Electronics,2025-12-27,5,"Amazing sound quality, best headphones ever.",0.51,Positive
REV00703,SmartTech,Electronics,2026-01-04,5,Solid build and easy set up.,0.3,Positive
REV00704,SmartTech,Electronics,2026-01-05,5,"Amazing sound quality, best headphones ever.",0.78,Positive
REV00705,SmartTech,Electronics,2026-01-05,5,Solid build and easy set up.,0.34,Positive
REV00706,SmartTech,Electronics,2026-01-09,5,Solid build and easy set up.,0.7,Positive
REV00707,SmartTech,Electronics,2026-01-08,5,"Highly recommend this gadget, works flawlessly.",0.4,Positive
REV00708,SmartTech,Electronics,2026-01-07,5,"Amazing sound quality, best headphones ever.",0.42,Positive
REV00709,SmartTech,Electronics,2026-01-19,5,"Amazing sound quality, best headphones ever.",0.39,Positive
REV00710,SmartTech,Electronics,2026-01-16,5,"Highly recommend this gadget, works flawlessly.",0.58,Positive
REV00711,SmartTech,Electronics,2026-01-14,4,Solid build and easy set up.,0.42,Positive
REV00712,SmartTech,Electronics,2026-01-21,5,Solid build and easy set up.,0.35,Positive
REV00713,SmartTech,Electronics,2026-01-24,4,"Highly recommend this gadget, works flawlessly.",0.79,Positive
REV00714,SmartTech,Electronics,2026-01-21,5,"Amazing sound quality, best headphones ever.",0.7,Positive
REV00715,SmartTech,Electronics,2026-01-30,4,"Highly recommend this gadget, works flawlessly.",0.72,Positive
REV00716,SmartTech,Electronics,2026-02-02,4,"Excellent phone, battery lasts 2 days!",0.43,Positive
REV00717,SmartTech,Electronics,2026-02-01,4,"Excellent phone, battery lasts 2 days!",0.7,Positive
REV00718,SmartTech,Electronics,2026-02-07,5,Solid build and easy set up.,0.56,Positive
REV00719,SmartTech,Electronics,2026-02-08,5,"Amazing sound quality, best headphones ever.",0.32,Positive
REV00720,SmartTech,Electronics,2026-02-09,3,"It does what it says, but feels a bit lightweight.",0.17,Neutral
REV00721,SmartTech,Electronics,2026-02-15,4,"Amazing sound quality, best headphones ever.",0.65,Positive
REV00722,SmartTech,Electronics,2026-02-13,5,Very fast processor and crystal clear screen.,0.34,Positive
REV00723,SmartTech,Electronics,2026-02-14,5,Solid build and easy set up.,0.78,Positive
REV00724,SmartTech,Electronics,2026-02-18,4,Very fast processor and crystal clear screen.,0.52,Positive
REV00725,SmartTech,Electronics,2026-02-18,5,"Amazing sound quality, best headphones ever.",0.49,Positive
REV00726,SmartTech,Electronics,2026-02-23,5,"Highly recommend this gadget, works flawlessly.",0.69,Positive
REV00727,SmartTech,Electronics,2026-03-02,5,Solid build and easy set up.,0.67,Positive
REV00728,SmartTech,Electronics,2026-02-25,5,Very fast processor and crystal clear screen.,0.82,Positive
REV00729,SmartTech,Electronics,2026-03-02,5,Very fast processor and crystal clear screen.,0.89,Positive
REV00730,SmartTech,Electronics,2026-03-08,5,"Amazing sound quality, best headphones ever.",0.86,Positive
REV00731,SmartTech,Electronics,2026-03-08,5,Solid build and easy set up.,0.43,Positive
REV00732,SmartTech,Electronics,2026-03-06,3,Average quality for the price.,0.3,Neutral
REV00733,SmartTech,Electronics,2026-03-14,5,"Highly recommend this gadget, works flawlessly.",0.52,Positive
REV00734,SmartTech,Electronics,2026-03-13,5,"Amazing sound quality, best headphones ever.",0.87,Positive
REV00735,SmartTech,Electronics,2026-03-11,5,Solid build and easy set up.,0.71,Positive
REV00736,SmartTech,Electronics,2026-03-18,4,"Highly recommend this gadget, works flawlessly.",0.72,Positive
REV00737,SmartTech,Electronics,2026-03-18,5,"Highly recommend this gadget, works flawlessly.",0.8,Positive
REV00738,SmartTech,Electronics,2026-03-23,4,Solid build and easy set up.,0.4,Positive
REV00739,SmartTech,Electronics,2026-03-27,4,"Highly recommend this gadget, works flawlessly.",0.54,Positive
REV00740,SmartTech,Electronics,2026-03-26,5,Solid build and easy set up.,0.39,Positive
REV00741,SmartTech,Electronics,2026-03-25,4,"Highly recommend this gadget, works flawlessly.",0.85,Positive
REV00742,SmartTech,Electronics,2026-04-03,5,Very fast processor and crystal clear screen.,0.66,Positive
REV00743,SmartTech,Electronics,2026-04-06,4,"Highly recommend this gadget, works flawlessly.",0.82,Positive
REV00744,SmartTech,Electronics,2026-04-02,5,"Amazing sound quality, best headphones ever.",0.83,Positive
REV00745,SmartTech,Electronics,2026-04-10,5,"Excellent phone, battery lasts 2 days!",0.58,Positive
REV00746,SmartTech,Electronics,2026-04-11,5,Solid build and easy set up.,0.81,Positive
REV00747,SmartTech,Electronics,2026-04-09,5,"Highly recommend this gadget, works flawlessly.",0.34,Positive
REV00748,SmartTech,Electronics,2026-04-15,4,Solid build and easy set up.,0.43,Positive
REV00749,SmartTech,Electronics,2026-04-19,4,"Amazing sound quality, best headphones ever.",0.46,Positive
REV00750,SmartTech,Electronics,2026-04-15,3,"Took a bit long to ship, but works fine.",-0.06,Neutral
REV00751,SmartTech,Electronics,2026-04-23,4,"Highly recommend this gadget, works flawlessly.",0.48,Positive
REV00752,SmartTech,Electronics,2026-04-24,5,Very fast processor and crystal clear screen.,0.44,Positive
REV00753,SmartTech,Electronics,2026-04-23,5,"Amazing sound quality, best headphones ever.",0.51,Positive
REV00754,SmartTech,Electronics,2026-04-30,4,Very fast processor and crystal clear screen.,0.39,Positive
REV00755,SmartTech,Electronics,2026-05-01,4,"Excellent phone, battery lasts 2 days!",0.48,Positive
REV00756,SmartTech,Electronics,2026-05-03,4,"Excellent phone, battery lasts 2 days!",0.64,Positive
REV00757,SmartTech,Electronics,2026-05-11,4,Solid build and easy set up.,0.58,Positive
REV00758,SmartTech,Electronics,2026-05-06,4,Solid build and easy set up.,0.48,Positive
REV00759,SmartTech,Electronics,2026-05-10,4,"Highly recommend this gadget, works flawlessly.",0.74,Positive
REV00760,SmartTech,Electronics,2026-05-16,3,"It does what it says, but feels a bit lightweight.",0.3,Neutral
REV00761,SmartTech,Electronics,2026-05-14,4,Very fast processor and crystal clear screen.,0.42,Positive
REV00762,SmartTech,Electronics,2026-05-18,5,Very fast processor and crystal clear screen.,0.59,Positive
REV00763,SmartTech,Electronics,2026-05-21,4,Solid build and easy set up.,0.76,Positive
REV00764,SmartTech,Electronics,2026-05-20,3,"Decent item, fits reasonably well.",-0.05,Neutral
REV00765,SmartTech,Electronics,2026-05-22,5,"Amazing sound quality, best headphones ever.",0.65,Positive
REV00766,SmartTech,Electronics,2026-05-30,4,Very fast processor and crystal clear screen.,0.64,Positive
REV00767,SmartTech,Electronics,2026-05-29,4,Solid build and easy set up.,0.43,Positive
REV00768,SmartTech,Electronics,2026-05-28,4,"Amazing sound quality, best headphones ever.",0.41,Positive
REV00769,SmartTech,Electronics,2026-06-05,4,Very fast processor and crystal clear screen.,0.35,Positive
REV00770,SmartTech,Electronics,2026-06-04,5,"Amazing sound quality, best headphones ever.",0.63,Positive
REV00771,SmartTech,Electronics,2026-06-08,5,"Highly recommend this gadget, works flawlessly.",0.41,Positive
REV00772,SmartTech,Electronics,2026-06-13,5,"Amazing sound quality, best headphones ever.",0.82,Positive
REV00773,SmartTech,Electronics,2026-06-13,5,"Highly recommend this gadget, works flawlessly.",0.75,Positive
REV00774,SmartTech,Electronics,2026-06-14,5,Solid build and easy set up.,0.39,Positive
REV00775,SmartTech,Electronics,2026-06-18,4,Very fast processor and crystal clear screen.,0.85,Positive
REV00776,SmartTech,Electronics,2026-06-18,4,Solid build and easy set up.,0.58,Positive
REV00777,SmartTech,Electronics,2026-06-17,5,"Highly recommend this gadget, works flawlessly.",0.39,Positive
REV00778,SmartTech,Electronics,2026-06-26,5,"Amazing sound quality, best headphones ever.",0.4,Positive
REV00779,SmartTech,Electronics,2026-06-24,5,Solid build and easy set up.,0.67,Positive
REV00780,SmartTech,Electronics,2026-06-24,3,"It does what it says, but feels a bit lightweight.",0.26,Neutral
REV00781,CircuitWorld,Electronics,2025-07-03,3,"Product is okay, nothing special.",-0.08,Neutral
REV00782,CircuitWorld,Electronics,2025-07-05,4,"Highly recommend this gadget, works flawlessly.",0.73,Positive
REV00783,CircuitWorld,Electronics,2025-07-03,5,Solid build and easy set up.,0.47,Positive
REV00784,CircuitWorld,Electronics,2025-07-10,4,"Excellent phone, battery lasts 2 days!",0.44,Positive
REV00785,CircuitWorld,Electronics,2025-07-11,5,"Amazing sound quality, best headphones ever.",0.86,Positive
REV00786,CircuitWorld,Electronics,2025-07-12,5,"Excellent phone, battery lasts 2 days!",0.53,Positive
REV00787,CircuitWorld,Electronics,2025-07-20,5,"Amazing sound quality, best headphones ever.",0.46,Positive
REV00788,CircuitWorld,Electronics,2025-07-17,5,"Highly recommend this gadget, works flawlessly.",0.67,Positive
REV00789,CircuitWorld,Electronics,2025-07-16,4,"Amazing sound quality, best headphones ever.",0.81,Positive
REV00790,CircuitWorld,Electronics,2025-07-23,5,Very fast processor and crystal clear screen.,0.73,Positive
REV00791,CircuitWorld,Electronics,2025-07-23,5,"Highly recommend this gadget, works flawlessly.",0.89,Positive
REV00792,CircuitWorld,Electronics,2025-07-24,5,"Highly recommend this gadget, works flawlessly.",0.49,Positive
REV00793,CircuitWorld,Electronics,2025-08-01,4,"Excellent phone, battery lasts 2 days!",0.86,Positive
REV00794,CircuitWorld,Electronics,2025-08-04,4,"Amazing sound quality, best headphones ever.",0.34,Positive
REV00795,CircuitWorld,Electronics,2025-08-04,4,Very fast processor and crystal clear screen.,0.88,Positive
REV00796,CircuitWorld,Electronics,2025-08-10,5,"Amazing sound quality, best headphones ever.",0.65,Positive
REV00797,CircuitWorld,Electronics,2025-08-06,4,"Excellent phone, battery lasts 2 days!",0.54,Positive
REV00798,CircuitWorld,Electronics,2025-08-08,5,"Excellent phone, battery lasts 2 days!",0.83,Positive
REV00799,CircuitWorld,Electronics,2025-08-17,4,Very fast processor and crystal clear screen.,0.8,Positive
REV00800,CircuitWorld,Electronics,2025-08-17,3,"It does what it says, but feels a bit lightweight.",-0.05,Neutral
REV00801,CircuitWorld,Electronics,2025-08-13,5,"Amazing sound quality, best headphones ever.",0.47,Positive
REV00802,CircuitWorld,Electronics,2025-08-21,5,"Highly recommend this gadget, works flawlessly.",0.84,Positive
REV00803,CircuitWorld,Electronics,2025-08-20,5,"Highly recommend this gadget, works flawlessly.",0.7,Positive
REV00804,CircuitWorld,Electronics,2025-08-21,4,"Excellent phone, battery lasts 2 days!",0.86,Positive
REV00805,CircuitWorld,Electronics,2025-08-30,5,Solid build and easy set up.,0.36,Positive
REV00806,CircuitWorld,Electronics,2025-08-27,5,"Excellent phone, battery lasts 2 days!",0.65,Positive
REV00807,CircuitWorld,Electronics,2025-08-31,4,"Amazing sound quality, best headphones ever.",0.89,Positive
REV00808,CircuitWorld,Electronics,2025-09-08,4,"Excellent phone, battery lasts 2 days!",0.36,Positive
REV00809,CircuitWorld,Electronics,2025-09-07,4,Solid build and easy set up.,0.48,Positive
REV00810,CircuitWorld,Electronics,2025-09-08,3,Average quality for the price.,0.28,Neutral
REV00811,CircuitWorld,Electronics,2025-09-13,5,"Highly recommend this gadget, works flawlessly.",0.57,Positive
REV00812,CircuitWorld,Electronics,2025-09-14,4,"Excellent phone, battery lasts 2 days!",0.44,Positive
REV00813,CircuitWorld,Electronics,2025-09-11,4,"Highly recommend this gadget, works flawlessly.",0.65,Positive
REV00814,CircuitWorld,Electronics,2025-09-18,5,"Amazing sound quality, best headphones ever.",0.5,Positive
REV00815,CircuitWorld,Electronics,2025-09-21,3,"Product is okay, nothing special.",0.24,Neutral
REV00816,CircuitWorld,Electronics,2025-09-21,2,Arrived damaged and scratched. Packaging was terrible.,-0.75,Negative
REV00817,CircuitWorld,Electronics,2025-09-28,5,Solid build and easy set up.,0.32,Positive
REV00818,CircuitWorld,Electronics,2025-09-24,5,Solid build and easy set up.,0.59,Positive
REV00819,CircuitWorld,Electronics,2025-09-27,4,"Amazing sound quality, best headphones ever.",0.69,Positive
REV00820,CircuitWorld,Electronics,2025-10-03,4,"Amazing sound quality, best headphones ever.",0.86,Positive
REV00821,CircuitWorld,Electronics,2025-10-06,4,"Highly recommend this gadget, works flawlessly.",0.51,Positive
REV00822,CircuitWorld,Electronics,2025-10-03,5,"Excellent phone, battery lasts 2 days!",0.63,Positive
REV00823,CircuitWorld,Electronics,2025-10-09,4,"Highly recommend this gadget, works flawlessly.",0.71,Positive
REV00824,CircuitWorld,Electronics,2025-10-12,3,"Product is okay, nothing special.",0.16,Neutral
REV00825,CircuitWorld,Electronics,2025-10-09,4,"Highly recommend this gadget, works flawlessly.",0.41,Positive
REV00826,CircuitWorld,Electronics,2025-10-19,4,"Highly recommend this gadget, works flawlessly.",0.44,Positive
REV00827,CircuitWorld,Electronics,2025-10-20,5,"Highly recommend this gadget, works flawlessly.",0.87,Positive
REV00828,CircuitWorld,Electronics,2025-10-20,4,Very fast processor and crystal clear screen.,0.43,Positive
REV00829,CircuitWorld,Electronics,2025-10-27,5,"Amazing sound quality, best headphones ever.",0.56,Positive
REV00830,CircuitWorld,Electronics,2025-10-23,5,Very fast processor and crystal clear screen.,0.74,Positive
REV00831,CircuitWorld,Electronics,2025-10-27,4,"Excellent phone, battery lasts 2 days!",0.8,Positive
REV00832,CircuitWorld,Electronics,2025-10-29,5,"Amazing sound quality, best headphones ever.",0.59,Positive
REV00833,CircuitWorld,Electronics,2025-10-30,3,"Took a bit long to ship, but works fine.",0.13,Neutral
REV00834,CircuitWorld,Electronics,2025-10-30,5,"Excellent phone, battery lasts 2 days!",0.5,Positive
REV00835,CircuitWorld,Electronics,2025-11-07,5,"Highly recommend this gadget, works flawlessly.",0.78,Positive
REV00836,CircuitWorld,Electronics,2025-11-08,4,Solid build and easy set up.,0.87,Positive
REV00837,CircuitWorld,Electronics,2025-11-08,5,Solid build and easy set up.,0.46,Positive
REV00838,CircuitWorld,Electronics,2025-11-17,4,"Excellent phone, battery lasts 2 days!",0.41,Positive
REV00839,CircuitWorld,Electronics,2025-11-14,4,Very fast processor and crystal clear screen.,0.48,Positive
REV00840,CircuitWorld,Electronics,2025-11-12,5,"Highly recommend this gadget, works flawlessly.",0.63,Positive
REV00841,CircuitWorld,Electronics,2025-11-21,4,"Highly recommend this gadget, works flawlessly.",0.31,Positive
REV00842,CircuitWorld,Electronics,2025-11-21,5,"Excellent phone, battery lasts 2 days!",0.7,Positive
REV00843,CircuitWorld,Electronics,2025-11-22,4,"Amazing sound quality, best headphones ever.",0.44,Positive
REV00844,CircuitWorld,Electronics,2025-11-29,5,"Amazing sound quality, best headphones ever.",0.55,Positive
REV00845,CircuitWorld,Electronics,2025-11-27,3,"Took a bit long to ship, but works fine.",-0.09,Neutral
REV00846,CircuitWorld,Electronics,2025-12-01,5,"Amazing sound quality, best headphones ever.",0.65,Positive
REV00847,CircuitWorld,Electronics,2025-12-07,3,"Took a bit long to ship, but works fine.",0.18,Neutral
REV00848,CircuitWorld,Electronics,2025-12-03,5,"Highly recommend this gadget, works flawlessly.",0.46,Positive
REV00849,CircuitWorld,Electronics,2025-12-03,4,"Amazing sound quality, best headphones ever.",0.63,Positive
REV00850,CircuitWorld,Electronics,2025-12-11,5,Solid build and easy set up.,0.86,Positive
REV00851,CircuitWorld,Electronics,2025-12-12,4,Solid build and easy set up.,0.5,Positive
REV00852,CircuitWorld,Electronics,2025-12-10,4,"Highly recommend this gadget, works flawlessly.",0.82,Positive
REV00853,CircuitWorld,Electronics,2025-12-22,5,"Highly recommend this gadget, works flawlessly.",0.4,Positive
REV00854,CircuitWorld,Electronics,2025-12-19,3,"Took a bit long to ship, but works fine.",0.13,Neutral
REV00855,CircuitWorld,Electronics,2025-12-21,5,"Amazing sound quality, best headphones ever.",0.39,Positive
REV00856,CircuitWorld,Electronics,2025-12-25,5,"Amazing sound quality, best headphones ever.",0.54,Positive
REV00857,CircuitWorld,Electronics,2025-12-26,4,"Amazing sound quality, best headphones ever.",0.68,Positive
REV00858,CircuitWorld,Electronics,2025-12-24,5,"Amazing sound quality, best headphones ever.",0.46,Positive
REV00859,CircuitWorld,Electronics,2026-01-04,5,"Highly recommend this gadget, works flawlessly.",0.79,Positive
REV00860,CircuitWorld,Electronics,2026-01-02,5,"Amazing sound quality, best headphones ever.",0.54,Positive
REV00861,CircuitWorld,Electronics,2025-12-31,5,"Excellent phone, battery lasts 2 days!",0.52,Positive
REV00862,CircuitWorld,Electronics,2026-01-09,4,"Amazing sound quality, best headphones ever.",0.78,Positive
REV00863,CircuitWorld,Electronics,2026-01-12,5,Solid build and easy set up.,0.82,Positive
REV00864,CircuitWorld,Electronics,2026-01-07,5,Very fast processor and crystal clear screen.,0.47,Positive
REV00865,CircuitWorld,Electronics,2026-01-19,5,Solid build and easy set up.,0.63,Positive
REV00866,CircuitWorld,Electronics,2026-01-14,5,"Amazing sound quality, best headphones ever.",0.77,Positive
REV00867,CircuitWorld,Electronics,2026-01-14,5,Very fast processor and crystal clear screen.,0.45,Positive
REV00868,CircuitWorld,Electronics,2026-01-23,4,"Highly recommend this gadget, works flawlessly.",0.71,Positive
REV00869,CircuitWorld,Electronics,2026-01-25,5,"Amazing sound quality, best headphones ever.",0.71,Positive
REV00870,CircuitWorld,Electronics,2026-01-25,5,"Excellent phone, battery lasts 2 days!",0.65,Positive
REV00871,CircuitWorld,Electronics,2026-01-30,4,"Amazing sound quality, best headphones ever.",0.34,Positive
REV00872,CircuitWorld,Electronics,2026-01-31,5,"Highly recommend this gadget, works flawlessly.",0.38,Positive
REV00873,CircuitWorld,Electronics,2026-02-01,5,"Excellent phone, battery lasts 2 days!",0.33,Positive
REV00874,CircuitWorld,Electronics,2026-02-06,5,Solid build and easy set up.,0.35,Positive
REV00875,CircuitWorld,Electronics,2026-02-06,4,"Amazing sound quality, best headphones ever.",0.63,Positive
REV00876,CircuitWorld,Electronics,2026-02-05,5,"Highly recommend this gadget, works flawlessly.",0.4,Positive
REV00877,CircuitWorld,Electronics,2026-02-16,4,"Excellent phone, battery lasts 2 days!",0.35,Positive
REV00878,CircuitWorld,Electronics,2026-02-14,5,Very fast processor and crystal clear screen.,0.66,Positive
REV00879,CircuitWorld,Electronics,2026-02-14,5,Solid build and easy set up.,0.54,Positive
REV00880,CircuitWorld,Electronics,2026-02-20,4,"Excellent phone, battery lasts 2 days!",0.71,Positive
REV00881,CircuitWorld,Electronics,2026-02-23,5,"Highly recommend this gadget, works flawlessly.",0.48,Positive
REV00882,CircuitWorld,Electronics,2026-02-19,5,"Amazing sound quality, best headphones ever.",0.3,Positive
REV00883,CircuitWorld,Electronics,2026-03-02,5,"Highly recommend this gadget, works flawlessly.",0.63,Positive
REV00884,CircuitWorld,Electronics,2026-02-26,4,"Amazing sound quality, best headphones ever.",0.51,Positive
REV00885,CircuitWorld,Electronics,2026-02-26,4,"Excellent phone, battery lasts 2 days!",0.54,Positive
REV00886,CircuitWorld,Electronics,2026-03-05,5,"Amazing sound quality, best headphones ever.",0.31,Positive
REV00887,CircuitWorld,Electronics,2026-03-04,5,"Amazing sound quality, best headphones ever.",0.87,Positive
REV00888,CircuitWorld,Electronics,2026-03-09,5,"Highly recommend this gadget, works flawlessly.",0.64,Positive
REV00889,CircuitWorld,Electronics,2026-03-15,4,"Excellent phone, battery lasts 2 days!",0.36,Positive
REV00890,CircuitWorld,Electronics,2026-03-13,4,Solid build and easy set up.,0.41,Positive
REV00891,CircuitWorld,Electronics,2026-03-12,5,"Highly recommend this gadget, works flawlessly.",0.62,Positive
REV00892,CircuitWorld,Electronics,2026-03-20,5,Very fast processor and crystal clear screen.,0.7,Positive
REV00893,CircuitWorld,Electronics,2026-03-19,4,Solid build and easy set up.,0.38,Positive
REV00894,CircuitWorld,Electronics,2026-03-19,5,"Excellent phone, battery lasts 2 days!",0.68,Positive
REV00895,CircuitWorld,Electronics,2026-03-28,5,Very fast processor and crystal clear screen.,0.41,Positive
REV00896,CircuitWorld,Electronics,2026-03-27,5,"Excellent phone, battery lasts 2 days!",0.32,Positive
REV00897,CircuitWorld,Electronics,2026-03-29,4,Solid build and easy set up.,0.67,Positive
REV00898,CircuitWorld,Electronics,2026-04-05,3,"Decent item, fits reasonably well.",0.12,Neutral
REV00899,CircuitWorld,Electronics,2026-04-05,4,Very fast processor and crystal clear screen.,0.63,Positive
REV00900,CircuitWorld,Electronics,2026-04-01,4,"Excellent phone, battery lasts 2 days!",0.44,Positive
REV00901,CircuitWorld,Electronics,2026-04-13,5,"Amazing sound quality, best headphones ever.",0.79,Positive
REV00902,CircuitWorld,Electronics,2026-04-12,5,"Amazing sound quality, best headphones ever.",0.65,Positive
REV00903,CircuitWorld,Electronics,2026-04-11,4,"Amazing sound quality, best headphones ever.",0.68,Positive
REV00904,CircuitWorld,Electronics,2026-04-16,5,"Excellent phone, battery lasts 2 days!",0.49,Positive
REV00905,CircuitWorld,Electronics,2026-04-20,4,"Highly recommend this gadget, works flawlessly.",0.71,Positive
REV00906,CircuitWorld,Electronics,2026-04-18,5,"Excellent phone, battery lasts 2 days!",0.54,Positive
REV00907,CircuitWorld,Electronics,2026-04-24,4,Solid build and easy set up.,0.34,Positive
REV00908,CircuitWorld,Electronics,2026-04-26,5,Very fast processor and crystal clear screen.,0.5,Positive
REV00909,CircuitWorld,Electronics,2026-04-23,4,Solid build and easy set up.,0.69,Positive
REV00910,CircuitWorld,Electronics,2026-05-02,4,Very fast processor and crystal clear screen.,0.53,Positive
REV00911,CircuitWorld,Electronics,2026-04-29,4,Solid build and easy set up.,0.69,Positive
REV00912,CircuitWorld,Electronics,2026-05-03,5,"Excellent phone, battery lasts 2 days!",0.34,Positive
REV00913,CircuitWorld,Electronics,2026-05-07,3,"Took a bit long to ship, but works fine.",0.04,Neutral
REV00914,CircuitWorld,Electronics,2026-05-08,5,Very fast processor and crystal clear screen.,0.38,Positive
REV00915,CircuitWorld,Electronics,2026-05-08,4,Very fast processor and crystal clear screen.,0.74,Positive
REV00916,CircuitWorld,Electronics,2026-05-13,4,"Highly recommend this gadget, works flawlessly.",0.78,Positive
REV00917,CircuitWorld,Electronics,2026-05-14,4,"Highly recommend this gadget, works flawlessly.",0.64,Positive
REV00918,CircuitWorld,Electronics,2026-05-15,5,Solid build and easy set up.,0.84,Positive
REV00919,CircuitWorld,Electronics,2026-05-24,5,"Highly recommend this gadget, works flawlessly.",0.35,Positive
REV00920,CircuitWorld,Electronics,2026-05-20,5,Solid build and easy set up.,0.59,Positive
REV00921,CircuitWorld,Electronics,2026-05-25,5,Solid build and easy set up.,0.77,Positive
REV00922,CircuitWorld,Electronics,2026-05-31,5,Solid build and easy set up.,0.32,Positive
REV00923,CircuitWorld,Electronics,2026-05-28,5,Very fast processor and crystal clear screen.,0.65,Positive
REV00924,CircuitWorld,Electronics,2026-06-01,3,"It does what it says, but feels a bit lightweight.",0.27,Neutral
REV00925,CircuitWorld,Electronics,2026-06-07,4,"Highly recommend this gadget, works flawlessly.",0.38,Positive
REV00926,CircuitWorld,Electronics,2026-06-03,5,"Excellent phone, battery lasts 2 days!",0.56,Positive
REV00927,CircuitWorld,Electronics,2026-06-03,3,"Product is okay, nothing special.",-0.08,Neutral
REV00928,CircuitWorld,Electronics,2026-06-12,5,Solid build and easy set up.,0.8,Positive
REV00929,CircuitWorld,Electronics,2026-06-14,3,Average quality for the price.,0.22,Neutral
REV00930,CircuitWorld,Electronics,2026-06-14,5,"Amazing sound quality, best headphones ever.",0.63,Positive
REV00931,CircuitWorld,Electronics,2026-06-20,4,"Excellent phone, battery lasts 2 days!",0.68,Positive
REV00932,CircuitWorld,Electronics,2026-06-19,5,Solid build and easy set up.,0.64,Positive
REV00933,CircuitWorld,Electronics,2026-06-20,5,"Highly recommend this gadget, works flawlessly.",0.61,Positive
REV00934,CircuitWorld,Electronics,2026-06-26,5,"Amazing sound quality, best headphones ever.",0.53,Positive
REV00935,CircuitWorld,Electronics,2026-06-24,4,"Amazing sound quality, best headphones ever.",0.61,Positive
REV00936,CircuitWorld,Electronics,2026-06-25,4,"Excellent phone, battery lasts 2 days!",0.59,Positive
REV00937,FutureGadgets,Electronics,2025-07-05,5,"Amazing sound quality, best headphones ever.",0.63,Positive
REV00938,FutureGadgets,Electronics,2025-07-03,4,"Amazing sound quality, best headphones ever.",0.88,Positive
REV00939,FutureGadgets,Electronics,2025-07-06,5,"Highly recommend this gadget, works flawlessly.",0.33,Positive
REV00940,FutureGadgets,Electronics,2025-07-14,5,"Highly recommend this gadget, works flawlessly.",0.61,Positive
REV00941,FutureGadgets,Electronics,2025-07-14,4,"Highly recommend this gadget, works flawlessly.",0.89,Positive
REV00942,FutureGadgets,Electronics,2025-07-12,3,"Took a bit long to ship, but works fine.",0.17,Neutral
REV00943,FutureGadgets,Electronics,2025-07-20,4,"Highly recommend this gadget, works flawlessly.",0.59,Positive
REV00944,FutureGadgets,Electronics,2025-07-16,5,Solid build and easy set up.,0.55,Positive
REV00945,FutureGadgets,Electronics,2025-07-17,4,"Highly recommend this gadget, works flawlessly.",0.74,Positive
REV00946,FutureGadgets,Electronics,2025-07-25,5,"Excellent phone, battery lasts 2 days!",0.63,Positive
REV00947,FutureGadgets,Electronics,2025-07-24,5,"Amazing sound quality, best headphones ever.",0.34,Positive
REV00948,FutureGadgets,Electronics,2025-07-23,4,Very fast processor and crystal clear screen.,0.47,Positive
REV00949,FutureGadgets,Electronics,2025-08-02,4,"Highly recommend this gadget, works flawlessly.",0.89,Positive
REV00950,FutureGadgets,Electronics,2025-08-02,4,Solid build and easy set up.,0.41,Positive
REV00951,FutureGadgets,Electronics,2025-07-31,4,Very fast processor and crystal clear screen.,0.74,Positive
REV00952,FutureGadgets,Electronics,2025-08-11,5,Solid build and easy set up.,0.38,Positive
REV00953,FutureGadgets,Electronics,2025-08-07,5,"Highly recommend this gadget, works flawlessly.",0.54,Positive
REV00954,FutureGadgets,Electronics,2025-08-09,3,Average quality for the price.,0.11,Neutral
REV00955,FutureGadgets,Electronics,2025-08-16,5,"Amazing sound quality, best headphones ever.",0.59,Positive
REV00956,FutureGadgets,Electronics,2025-08-16,4,"Highly recommend this gadget, works flawlessly.",0.55,Positive
REV00957,FutureGadgets,Electronics,2025-08-13,5,"Excellent phone, battery lasts 2 days!",0.65,Positive
REV00958,FutureGadgets,Electronics,2025-08-23,3,"It does what it says, but feels a bit lightweight.",0.04,Neutral
REV00959,FutureGadgets,Electronics,2025-08-21,5,Very fast processor and crystal clear screen.,0.46,Positive
REV00960,FutureGadgets,Electronics,2025-08-22,5,Solid build and easy set up.,0.72,Positive
REV00961,FutureGadgets,Electronics,2025-08-29,5,"Excellent phone, battery lasts 2 days!",0.61,Positive
REV00962,FutureGadgets,Electronics,2025-08-31,4,"Amazing sound quality, best headphones ever.",0.47,Positive
REV00963,FutureGadgets,Electronics,2025-08-29,5,"Amazing sound quality, best headphones ever.",0.47,Positive
REV00964,FutureGadgets,Electronics,2025-09-03,4,"Excellent phone, battery lasts 2 days!",0.68,Positive
REV00965,FutureGadgets,Electronics,2025-09-04,3,"Decent item, fits reasonably well.",0.11,Neutral
REV00966,FutureGadgets,Electronics,2025-09-08,5,"Highly recommend this gadget, works flawlessly.",0.84,Positive
REV00967,FutureGadgets,Electronics,2025-09-12,5,"Amazing sound quality, best headphones ever.",0.85,Positive
REV00968,FutureGadgets,Electronics,2025-09-13,4,"Excellent phone, battery lasts 2 days!",0.64,Positive
REV00969,FutureGadgets,Electronics,2025-09-14,4,"Excellent phone, battery lasts 2 days!",0.42,Positive
REV00970,FutureGadgets,Electronics,2025-09-19,4,Very fast processor and crystal clear screen.,0.35,Positive
REV00971,FutureGadgets,Electronics,2025-09-19,5,Solid build and easy set up.,0.43,Positive
REV00972,FutureGadgets,Electronics,2025-09-20,4,"Excellent phone, battery lasts 2 days!",0.47,Positive
REV00973,FutureGadgets,Electronics,2025-09-28,5,"Amazing sound quality, best headphones ever.",0.64,Positive
REV00974,FutureGadgets,Electronics,2025-09-28,5,"Highly recommend this gadget, works flawlessly.",0.7,Positive
REV00975,FutureGadgets,Electronics,2025-09-24,5,Solid build and easy set up.,0.9,Positive
REV00976,FutureGadgets,Electronics,2025-10-04,5,"Excellent phone, battery lasts 2 days!",0.43,Positive
REV00977,FutureGadgets,Electronics,2025-10-03,5,"Highly recommend this gadget, works flawlessly.",0.44,Positive
REV00978,FutureGadgets,Electronics,2025-10-03,4,Solid build and easy set up.,0.75,Positive
REV00979,FutureGadgets,Electronics,2025-10-09,5,Very fast processor and crystal clear screen.,0.76,Positive
REV00980,FutureGadgets,Electronics,2025-10-12,4,Solid build and easy set up.,0.71,Positive
REV00981,FutureGadgets,Electronics,2025-10-12,5,"Amazing sound quality, best headphones ever.",0.38,Positive
REV00982,FutureGadgets,Electronics,2025-10-15,5,"Excellent phone, battery lasts 2 days!",0.69,Positive
REV00983,FutureGadgets,Electronics,2025-10-20,4,Very fast processor and crystal clear screen.,0.54,Positive
REV00984,FutureGadgets,Electronics,2025-10-18,5,"Highly recommend this gadget, works flawlessly.",0.46,Positive
REV00985,FutureGadgets,Electronics,2025-10-23,4,"Amazing sound quality, best headphones ever.",0.34,Positive
REV00986,FutureGadgets,Electronics,2025-10-26,4,Solid build and easy set up.,0.59,Positive
REV00987,FutureGadgets,Electronics,2025-10-24,4,Very fast processor and crystal clear screen.,0.49,Positive
REV00988,FutureGadgets,Electronics,2025-10-30,4,"Highly recommend this gadget, works flawlessly.",0.71,Positive
REV00989,FutureGadgets,Electronics,2025-11-02,5,"Amazing sound quality, best headphones ever.",0.5,Positive
REV00990,FutureGadgets,Electronics,2025-11-02,5,"Highly recommend this gadget, works flawlessly.",0.6,Positive
REV00991,FutureGadgets,Electronics,2025-11-09,5,Solid build and easy set up.,0.7,Positive
REV00992,FutureGadgets,Electronics,2025-11-08,5,Solid build and easy set up.,0.75,Positive
REV00993,FutureGadgets,Electronics,2025-11-07,5,Solid build and easy set up.,0.38,Positive
REV00994,FutureGadgets,Electronics,2025-11-14,4,"Excellent phone, battery lasts 2 days!",0.73,Positive
REV00995,FutureGadgets,Electronics,2025-11-17,5,"Highly recommend this gadget, works flawlessly.",0.53,Positive
REV00996,FutureGadgets,Electronics,2025-11-15,5,"Excellent phone, battery lasts 2 days!",0.4,Positive
REV00997,FutureGadgets,Electronics,2025-11-24,5,"Highly recommend this gadget, works flawlessly.",0.73,Positive
REV00998,FutureGadgets,Electronics,2025-11-23,5,"Excellent phone, battery lasts 2 days!",0.36,Positive
REV00999,FutureGadgets,Electronics,2025-11-21,5,"Amazing sound quality, best headphones ever.",0.72,Positive
REV01000,FutureGadgets,Electronics,2025-11-30,5,Solid build and easy set up.,0.88,Positive
REV01001,FutureGadgets,Electronics,2025-12-01,5,Very fast processor and crystal clear screen.,0.46,Positive
REV01002,FutureGadgets,Electronics,2025-11-30,5,"Excellent phone, battery lasts 2 days!",0.45,Positive
REV01003,FutureGadgets,Electronics,2025-12-07,4,Very fast processor and crystal clear screen.,0.51,Positive
REV01004,FutureGadgets,Electronics,2025-12-06,5,Solid build and easy set up.,0.51,Positive
REV01005,FutureGadgets,Electronics,2025-12-03,2,Poor quality product. Broke within five minutes of use.,-0.28,Negative
REV01006,FutureGadgets,Electronics,2025-12-11,5,"Excellent phone, battery lasts 2 days!",0.66,Positive
REV01007,FutureGadgets,Electronics,2025-12-13,3,"Product is okay, nothing special.",0.21,Neutral
REV01008,FutureGadgets,Electronics,2025-12-13,3,"Took a bit long to ship, but works fine.",-0.02,Neutral
REV01009,FutureGadgets,Electronics,2025-12-22,5,"Amazing sound quality, best headphones ever.",0.9,Positive
REV01010,FutureGadgets,Electronics,2025-12-20,3,Average quality for the price.,0.07,Neutral
REV01011,FutureGadgets,Electronics,2025-12-21,4,Solid build and easy set up.,0.33,Positive
REV01012,FutureGadgets,Electronics,2025-12-29,5,"Excellent phone, battery lasts 2 days!",0.4,Positive
REV01013,FutureGadgets,Electronics,2025-12-28,5,Very fast processor and crystal clear screen.,0.56,Positive
REV01014,FutureGadgets,Electronics,2025-12-28,5,Very fast processor and crystal clear screen.,0.37,Positive
REV01015,FutureGadgets,Electronics,2026-01-04,5,"Amazing sound quality, best headphones ever.",0.78,Positive
REV01016,FutureGadgets,Electronics,2026-01-02,4,"Amazing sound quality, best headphones ever.",0.5,Positive
REV01017,FutureGadgets,Electronics,2026-01-03,5,Very fast processor and crystal clear screen.,0.61,Positive
REV01018,FutureGadgets,Electronics,2026-01-11,4,"Highly recommend this gadget, works flawlessly.",0.89,Positive
REV01019,FutureGadgets,Electronics,2026-01-12,4,"Highly recommend this gadget, works flawlessly.",0.62,Positive
REV01020,FutureGadgets,Electronics,2026-01-11,5,"Highly recommend this gadget, works flawlessly.",0.9,Positive
REV01021,FutureGadgets,Electronics,2026-01-15,4,Very fast processor and crystal clear screen.,0.8,Positive
REV01022,FutureGadgets,Electronics,2026-01-18,5,"Highly recommend this gadget, works flawlessly.",0.3,Positive
REV01023,FutureGadgets,Electronics,2026-01-15,4,"Highly recommend this gadget, works flawlessly.",0.44,Positive
REV01024,FutureGadgets,Electronics,2026-01-26,4,"Highly recommend this gadget, works flawlessly.",0.84,Positive
REV01025,FutureGadgets,Electronics,2026-01-26,3,Average quality for the price.,-0.06,Neutral
REV01026,FutureGadgets,Electronics,2026-01-23,4,"Amazing sound quality, best headphones ever.",0.87,Positive
REV01027,FutureGadgets,Electronics,2026-02-01,4,"Highly recommend this gadget, works flawlessly.",0.34,Positive
REV01028,FutureGadgets,Electronics,2026-01-30,5,"Highly recommend this gadget, works flawlessly.",0.85,Positive
REV01029,FutureGadgets,Electronics,2026-02-01,5,"Excellent phone, battery lasts 2 days!",0.63,Positive
REV01030,FutureGadgets,Electronics,2026-02-07,4,Solid build and easy set up.,0.61,Positive
REV01031,FutureGadgets,Electronics,2026-02-06,4,"Amazing sound quality, best headphones ever.",0.47,Positive
REV01032,FutureGadgets,Electronics,2026-02-06,5,Very fast processor and crystal clear screen.,0.47,Positive
REV01033,FutureGadgets,Electronics,2026-02-16,5,"Highly recommend this gadget, works flawlessly.",0.74,Positive
REV01034,FutureGadgets,Electronics,2026-02-13,5,"Excellent phone, battery lasts 2 days!",0.69,Positive
REV01035,FutureGadgets,Electronics,2026-02-16,5,"Amazing sound quality, best headphones ever.",0.35,Positive
REV01036,FutureGadgets,Electronics,2026-02-19,4,"Amazing sound quality, best headphones ever.",0.33,Positive
REV01037,FutureGadgets,Electronics,2026-02-22,4,Very fast processor and crystal clear screen.,0.87,Positive
REV01038,FutureGadgets,Electronics,2026-02-22,4,"Highly recommend this gadget, works flawlessly.",0.38,Positive
REV01039,FutureGadgets,Electronics,2026-02-26,4,"Highly recommend this gadget, works flawlessly.",0.86,Positive
REV01040,FutureGadgets,Electronics,2026-03-01,4,"Excellent phone, battery lasts 2 days!",0.85,Positive
REV01041,FutureGadgets,Electronics,2026-02-26,5,Solid build and easy set up.,0.78,Positive
REV01042,FutureGadgets,Electronics,2026-03-09,5,"Excellent phone, battery lasts 2 days!",0.79,Positive
REV01043,FutureGadgets,Electronics,2026-03-05,4,Solid build and easy set up.,0.42,Positive
REV01044,FutureGadgets,Electronics,2026-03-04,4,Very fast processor and crystal clear screen.,0.44,Positive
REV01045,FutureGadgets,Electronics,2026-03-13,5,"Amazing sound quality, best headphones ever.",0.41,Positive
REV01046,FutureGadgets,Electronics,2026-03-11,4,"Amazing sound quality, best headphones ever.",0.37,Positive
REV01047,FutureGadgets,Electronics,2026-03-11,4,Very fast processor and crystal clear screen.,0.71,Positive
REV01048,FutureGadgets,Electronics,2026-03-21,5,Very fast processor and crystal clear screen.,0.35,Positive
REV01049,FutureGadgets,Electronics,2026-03-21,4,"Amazing sound quality, best headphones ever.",0.35,Positive
REV01050,FutureGadgets,Electronics,2026-03-20,4,Very fast processor and crystal clear screen.,0.85,Positive
REV01051,FutureGadgets,Electronics,2026-03-30,5,"Highly recommend this gadget, works flawlessly.",0.63,Positive
REV01052,FutureGadgets,Electronics,2026-03-25,4,"Excellent phone, battery lasts 2 days!",0.83,Positive
REV01053,FutureGadgets,Electronics,2026-03-26,5,Solid build and easy set up.,0.42,Positive
REV01054,FutureGadgets,Electronics,2026-04-02,5,"Excellent phone, battery lasts 2 days!",0.74,Positive
REV01055,FutureGadgets,Electronics,2026-04-02,5,"Amazing sound quality, best headphones ever.",0.33,Positive
REV01056,FutureGadgets,Electronics,2026-04-04,5,"Excellent phone, battery lasts 2 days!",0.45,Positive
REV01057,FutureGadgets,Electronics,2026-04-13,4,Very fast processor and crystal clear screen.,0.51,Positive
REV01058,FutureGadgets,Electronics,2026-04-08,2,Arrived damaged and scratched. Packaging was terrible.,-0.26,Negative
REV01059,FutureGadgets,Electronics,2026-04-12,5,"Highly recommend this gadget, works flawlessly.",0.79,Positive
REV01060,FutureGadgets,Electronics,2026-04-17,5,"Excellent phone, battery lasts 2 days!",0.74,Positive
REV01061,FutureGadgets,Electronics,2026-04-18,5,"Highly recommend this gadget, works flawlessly.",0.54,Positive
REV01062,FutureGadgets,Electronics,2026-04-19,5,Solid build and easy set up.,0.33,Positive
REV01063,FutureGadgets,Electronics,2026-04-26,5,Very fast processor and crystal clear screen.,0.42,Positive
REV01064,FutureGadgets,Electronics,2026-04-24,5,"Amazing sound quality, best headphones ever.",0.48,Positive
REV01065,FutureGadgets,Electronics,2026-04-22,4,Very fast processor and crystal clear screen.,0.43,Positive
REV01066,FutureGadgets,Electronics,2026-05-04,5,Very fast processor and crystal clear screen.,0.72,Positive
REV01067,FutureGadgets,Electronics,2026-05-04,4,"Amazing sound quality, best headphones ever.",0.37,Positive
REV01068,FutureGadgets,Electronics,2026-05-04,3,"Took a bit long to ship, but works fine.",-0.02,Neutral
REV01069,FutureGadgets,Electronics,2026-05-11,5,"Excellent phone, battery lasts 2 days!",0.66,Positive
REV01070,FutureGadgets,Electronics,2026-05-08,4,"Highly recommend this gadget, works flawlessly.",0.74,Positive
REV01071,FutureGadgets,Electronics,2026-05-11,3,"It does what it says, but feels a bit lightweight.",0.16,Neutral
REV01072,FutureGadgets,Electronics,2026-05-14,5,Very fast processor and crystal clear screen.,0.58,Positive
REV01073,FutureGadgets,Electronics,2026-05-18,4,Solid build and easy set up.,0.82,Positive
REV01074,FutureGadgets,Electronics,2026-05-16,5,"Amazing sound quality, best headphones ever.",0.35,Positive
REV01075,FutureGadgets,Electronics,2026-05-20,4,"Highly recommend this gadget, works flawlessly.",0.43,Positive
REV01076,FutureGadgets,Electronics,2026-05-25,5,"Amazing sound quality, best headphones ever.",0.32,Positive
REV01077,FutureGadgets,Electronics,2026-05-21,5,"Excellent phone, battery lasts 2 days!",0.81,Positive
REV01078,FutureGadgets,Electronics,2026-05-29,3,"Decent item, fits reasonably well.",-0.08,Neutral
REV01079,FutureGadgets,Electronics,2026-05-27,4,Very fast processor and crystal clear screen.,0.48,Positive
REV01080,FutureGadgets,Electronics,2026-05-30,5,"Highly recommend this gadget, works flawlessly.",0.62,Positive
REV01081,FutureGadgets,Electronics,2026-06-05,5,"Amazing sound quality, best headphones ever.",0.66,Positive
REV01082,FutureGadgets,Electronics,2026-06-05,5,"Highly recommend this gadget, works flawlessly.",0.42,Positive
REV01083,FutureGadgets,Electronics,2026-06-08,5,Solid build and easy set up.,0.66,Positive
REV01084,FutureGadgets,Electronics,2026-06-12,5,"Excellent phone, battery lasts 2 days!",0.35,Positive
REV01085,FutureGadgets,Electronics,2026-06-15,5,"Highly recommend this gadget, works flawlessly.",0.56,Positive
REV01086,FutureGadgets,Electronics,2026-06-10,4,Very fast processor and crystal clear screen.,0.47,Positive
REV01087,FutureGadgets,Electronics,2026-06-20,5,"Excellent phone, battery lasts 2 days!",0.5,Positive
REV01088,FutureGadgets,Electronics,2026-06-18,4,"Highly recommend this gadget, works flawlessly.",0.85,Positive
REV01089,FutureGadgets,Electronics,2026-06-22,5,"Amazing sound quality, best headphones ever.",0.74,Positive
REV01090,FutureGadgets,Electronics,2026-06-29,4,"Highly recommend this gadget, works flawlessly.",0.56,Positive
REV01091,FutureGadgets,Electronics,2026-06-29,4,"Excellent phone, battery lasts 2 days!",0.42,Positive
REV01092,FutureGadgets,Electronics,2026-06-26,5,"Highly recommend this gadget, works flawlessly.",0.6,Positive
REV01093,ByteSize,Electronics,2025-07-03,5,Very fast processor and crystal clear screen.,0.46,Positive
REV01094,ByteSize,Electronics,2025-07-05,4,Very fast processor and crystal clear screen.,0.55,Positive
REV01095,ByteSize,Electronics,2025-07-05,4,Very fast processor and crystal clear screen.,0.65,Positive
REV01096,ByteSize,Electronics,2025-07-11,4,Solid build and easy set up.,0.88,Positive
REV01097,ByteSize,Electronics,2025-07-14,5,"Amazing sound quality, best headphones ever.",0.47,Positive
REV01098,ByteSize,Electronics,2025-07-12,5,Solid build and easy set up.,0.68,Positive
REV01099,ByteSize,Electronics,2025-07-21,5,Solid build and easy set up.,0.67,Positive
REV01100,ByteSize,Electronics,2025-07-17,4,Very fast processor and crystal clear screen.,0.63,Positive
REV01101,ByteSize,Electronics,2025-07-16,4,Solid build and easy set up.,0.81,Positive
REV01102,ByteSize,Electronics,2025-07-27,4,"Amazing sound quality, best headphones ever.",0.35,Positive
REV01103,ByteSize,Electronics,2025-07-23,5,"Highly recommend this gadget, works flawlessly.",0.65,Positive
REV01104,ByteSize,Electronics,2025-07-23,5,Solid build and easy set up.,0.38,Positive
REV01105,ByteSize,Electronics,2025-08-03,4,Solid build and easy set up.,0.42,Positive
REV01106,ByteSize,Electronics,2025-08-03,4,Very fast processor and crystal clear screen.,0.85,Positive
REV01107,ByteSize,Electronics,2025-07-31,5,Solid build and easy set up.,0.48,Positive
REV01108,ByteSize,Electronics,2025-08-10,5,"Highly recommend this gadget, works flawlessly.",0.58,Positive
REV01109,ByteSize,Electronics,2025-08-06,4,"Amazing sound quality, best headphones ever.",0.42,Positive
REV01110,ByteSize,Electronics,2025-08-11,4,Very fast processor and crystal clear screen.,0.76,Positive
REV01111,ByteSize,Electronics,2025-08-13,5,"Amazing sound quality, best headphones ever.",0.85,Positive
REV01112,ByteSize,Electronics,2025-08-16,4,Solid build and easy set up.,0.53,Positive
REV01113,ByteSize,Electronics,2025-08-16,4,"Excellent phone, battery lasts 2 days!",0.86,Positive
REV01114,ByteSize,Electronics,2025-08-23,5,Solid build and easy set up.,0.72,Positive
REV01115,ByteSize,Electronics,2025-08-24,5,"Amazing sound quality, best headphones ever.",0.74,Positive
REV01116,ByteSize,Electronics,2025-08-24,4,"Excellent phone, battery lasts 2 days!",0.34,Positive
REV01117,ByteSize,Electronics,2025-09-01,5,"Highly recommend this gadget, works flawlessly.",0.56,Positive
REV01118,ByteSize,Electronics,2025-08-30,4,"Excellent phone, battery lasts 2 days!",0.82,Positive
REV01119,ByteSize,Electronics,2025-08-27,4,"Highly recommend this gadget, works flawlessly.",0.75,Positive
REV01120,ByteSize,Electronics,2025-09-07,4,Very fast processor and crystal clear screen.,0.58,Positive
REV01121,ByteSize,Electronics,2025-09-03,4,"Excellent phone, battery lasts 2 days!",0.54,Positive
REV01122,ByteSize,Electronics,2025-09-05,4,"Amazing sound quality, best headphones ever.",0.33,Positive
REV01123,ByteSize,Electronics,2025-09-14,5,"Excellent phone, battery lasts 2 days!",0.3,Positive
REV01124,ByteSize,Electronics,2025-09-10,3,"Product is okay, nothing special.",0.18,Neutral
REV01125,ByteSize,Electronics,2025-09-10,4,"Amazing sound quality, best headphones ever.",0.52,Positive
REV01126,ByteSize,Electronics,2025-09-18,5,"Amazing sound quality, best headphones ever.",0.82,Positive
REV01127,ByteSize,Electronics,2025-09-22,4,Very fast processor and crystal clear screen.,0.53,Positive
REV01128,ByteSize,Electronics,2025-09-19,3,"Decent item, fits reasonably well.",0.29,Neutral
REV01129,ByteSize,Electronics,2025-09-27,4,"Amazing sound quality, best headphones ever.",0.8,Positive
REV01130,ByteSize,Electronics,2025-09-24,5,"Amazing sound quality, best headphones ever.",0.63,Positive
REV01131,ByteSize,Electronics,2025-09-25,3,"It does what it says, but feels a bit lightweight.",0.09,Neutral
REV01132,ByteSize,Electronics,2025-10-01,5,"Highly recommend this gadget, works flawlessly.",0.44,Positive
REV01133,ByteSize,Electronics,2025-10-05,4,Very fast processor and crystal clear screen.,0.86,Positive
REV01134,ByteSize,Electronics,2025-10-05,4,"Amazing sound quality, best headphones ever.",0.51,Positive
REV01135,ByteSize,Electronics,2025-10-08,4,Very fast processor and crystal clear screen.,0.41,Positive
REV01136,ByteSize,Electronics,2025-10-10,5,"Excellent phone, battery lasts 2 days!",0.32,Positive
REV01137,ByteSize,Electronics,2025-10-13,4,"Amazing sound quality, best headphones ever.",0.66,Positive
REV01138,ByteSize,Electronics,2025-10-18,4,Solid build and easy set up.,0.62,Positive
REV01139,ByteSize,Electronics,2025-10-18,3,"It does what it says, but feels a bit lightweight.",0.25,Neutral
REV01140,ByteSize,Electronics,2025-10-16,4,Very fast processor and crystal clear screen.,0.84,Positive
REV01141,ByteSize,Electronics,2025-10-23,3,"Took a bit long to ship, but works fine.",0.01,Neutral
REV01142,ByteSize,Electronics,2025-10-23,5,"Highly recommend this gadget, works flawlessly.",0.54,Positive
REV01143,ByteSize,Electronics,2025-10-22,4,"Excellent phone, battery lasts 2 days!",0.39,Positive
REV01144,ByteSize,Electronics,2025-11-02,4,"Amazing sound quality, best headphones ever.",0.87,Positive
REV01145,ByteSize,Electronics,2025-10-30,5,"Excellent phone, battery lasts 2 days!",0.85,Positive
REV01146,ByteSize,Electronics,2025-10-29,3,Average quality for the price.,-0.1,Neutral
REV01147,ByteSize,Electronics,2025-11-05,5,Solid build and easy set up.,0.72,Positive
REV01148,ByteSize,Electronics,2025-11-09,4,"Amazing sound quality, best headphones ever.",0.74,Positive
REV01149,ByteSize,Electronics,2025-11-06,5,"Excellent phone, battery lasts 2 days!",0.54,Positive
REV01150,ByteSize,Electronics,2025-11-15,5,"Excellent phone, battery lasts 2 days!",0.72,Positive
REV01151,ByteSize,Electronics,2025-11-13,5,"Amazing sound quality, best headphones ever.",0.67,Positive
REV01152,ByteSize,Electronics,2025-11-13,5,Solid build and easy set up.,0.52,Positive
REV01153,ByteSize,Electronics,2025-11-20,5,"Excellent phone, battery lasts 2 days!",0.51,Positive
REV01154,ByteSize,Electronics,2025-11-21,5,Solid build and easy set up.,0.79,Positive
REV01155,ByteSize,Electronics,2025-11-24,4,Very fast processor and crystal clear screen.,0.6,Positive
REV01156,ByteSize,Electronics,2025-11-30,4,"Highly recommend this gadget, works flawlessly.",0.82,Positive
REV01157,ByteSize,Electronics,2025-12-01,5,Solid build and easy set up.,0.82,Positive
REV01158,ByteSize,Electronics,2025-11-27,4,"Highly recommend this gadget, works flawlessly.",0.65,Positive
REV01159,ByteSize,Electronics,2025-12-08,4,Very fast processor and crystal clear screen.,0.84,Positive
REV01160,ByteSize,Electronics,2025-12-04,4,Solid build and easy set up.,0.88,Positive
REV01161,ByteSize,Electronics,2025-12-05,3,"Decent item, fits reasonably well.",0.11,Neutral
REV01162,ByteSize,Electronics,2025-12-14,4,"Excellent phone, battery lasts 2 days!",0.49,Positive
REV01163,ByteSize,Electronics,2025-12-15,3,"It does what it says, but feels a bit lightweight.",-0.02,Neutral
REV01164,ByteSize,Electronics,2025-12-15,4,Very fast processor and crystal clear screen.,0.49,Positive
REV01165,ByteSize,Electronics,2025-12-21,5,"Amazing sound quality, best headphones ever.",0.35,Positive
REV01166,ByteSize,Electronics,2025-12-17,5,"Amazing sound quality, best headphones ever.",0.71,Positive
REV01167,ByteSize,Electronics,2025-12-22,5,"Highly recommend this gadget, works flawlessly.",0.74,Positive
REV01168,ByteSize,Electronics,2025-12-28,4,"Amazing sound quality, best headphones ever.",0.87,Positive
REV01169,ByteSize,Electronics,2025-12-29,5,"Highly recommend this gadget, works flawlessly.",0.63,Positive
REV01170,ByteSize,Electronics,2025-12-27,3,"Decent item, fits reasonably well.",-0.05,Neutral
REV01171,ByteSize,Electronics,2026-01-03,5,"Highly recommend this gadget, works flawlessly.",0.87,Positive
REV01172,ByteSize,Electronics,2026-01-04,5,Very fast processor and crystal clear screen.,0.78,Positive
REV01173,ByteSize,Electronics,2026-01-01,4,"Amazing sound quality, best headphones ever.",0.6,Positive
REV01174,ByteSize,Electronics,2026-01-12,4,"Highly recommend this gadget, works flawlessly.",0.72,Positive
REV01175,ByteSize,Electronics,2026-01-10,5,Very fast processor and crystal clear screen.,0.5,Positive
REV01176,ByteSize,Electronics,2026-01-11,5,"Excellent phone, battery lasts 2 days!",0.72,Positive
REV01177,ByteSize,Electronics,2026-01-18,5,"Amazing sound quality, best headphones ever.",0.85,Positive
REV01178,ByteSize,Electronics,2026-01-15,5,Solid build and easy set up.,0.39,Positive
REV01179,ByteSize,Electronics,2026-01-15,5,"Amazing sound quality, best headphones ever.",0.46,Positive
REV01180,ByteSize,Electronics,2026-01-23,5,Very fast processor and crystal clear screen.,0.33,Positive
REV01181,ByteSize,Electronics,2026-01-24,5,"Excellent phone, battery lasts 2 days!",0.49,Positive
REV01182,ByteSize,Electronics,2026-01-21,3,"Took a bit long to ship, but works fine.",-0.03,Neutral
REV01183,ByteSize,Electronics,2026-01-28,4,Very fast processor and crystal clear screen.,0.77,Positive
REV01184,ByteSize,Electronics,2026-01-31,5,"Highly recommend this gadget, works flawlessly.",0.78,Positive
REV01185,ByteSize,Electronics,2026-02-01,4,Solid build and easy set up.,0.69,Positive
REV01186,ByteSize,Electronics,2026-02-05,5,"Excellent phone, battery lasts 2 days!",0.35,Positive
REV01187,ByteSize,Electronics,2026-02-09,3,"It does what it says, but feels a bit lightweight.",0.12,Neutral
REV01188,ByteSize,Electronics,2026-02-05,4,Solid build and easy set up.,0.38,Positive
REV01189,ByteSize,Electronics,2026-02-13,4,Very fast processor and crystal clear screen.,0.69,Positive
REV01190,ByteSize,Electronics,2026-02-11,4,"Highly recommend this gadget, works flawlessly.",0.82,Positive
REV01191,ByteSize,Electronics,2026-02-12,5,Very fast processor and crystal clear screen.,0.35,Positive
REV01192,ByteSize,Electronics,2026-02-23,5,"Excellent phone, battery lasts 2 days!",0.67,Positive
REV01193,ByteSize,Electronics,2026-02-19,5,"Amazing sound quality, best headphones ever.",0.37,Positive
REV01194,ByteSize,Electronics,2026-02-23,5,Solid build and easy set up.,0.74,Positive
REV01195,ByteSize,Electronics,2026-02-26,5,"Amazing sound quality, best headphones ever.",0.88,Positive
REV01196,ByteSize,Electronics,2026-02-27,5,Solid build and easy set up.,0.89,Positive
REV01197,ByteSize,Electronics,2026-02-28,5,"Highly recommend this gadget, works flawlessly.",0.38,Positive
REV01198,ByteSize,Electronics,2026-03-09,5,Solid build and easy set up.,0.72,Positive
REV01199,ByteSize,Electronics,2026-03-06,4,"Highly recommend this gadget, works flawlessly.",0.56,Positive
REV01200,ByteSize,Electronics,2026-03-06,4,"Highly recommend this gadget, works flawlessly.",0.58,Positive
REV01201,ByteSize,Electronics,2026-03-14,3,"Decent item, fits reasonably well.",0.17,Neutral
REV01202,ByteSize,Electronics,2026-03-16,4,"Excellent phone, battery lasts 2 days!",0.7,Positive
REV01203,ByteSize,Electronics,2026-03-13,4,"Amazing sound quality, best headphones ever.",0.49,Positive
REV01204,ByteSize,Electronics,2026-03-20,5,"Highly recommend this gadget, works flawlessly.",0.58,Positive
REV01205,ByteSize,Electronics,2026-03-18,5,"Amazing sound quality, best headphones ever.",0.79,Positive
REV01206,ByteSize,Electronics,2026-03-19,4,Solid build and easy set up.,0.45,Positive
REV01207,ByteSize,Electronics,2026-03-25,4,Very fast processor and crystal clear screen.,0.51,Positive
REV01208,ByteSize,Electronics,2026-03-29,5,"Highly recommend this gadget, works flawlessly.",0.63,Positive
REV01209,ByteSize,Electronics,2026-03-29,5,Solid build and easy set up.,0.65,Positive
REV01210,ByteSize,Electronics,2026-04-03,4,"Amazing sound quality, best headphones ever.",0.33,Positive
REV01211,ByteSize,Electronics,2026-04-02,5,Very fast processor and crystal clear screen.,0.5,Positive
REV01212,ByteSize,Electronics,2026-04-02,5,"Highly recommend this gadget, works flawlessly.",0.51,Positive
REV01213,ByteSize,Electronics,2026-04-09,4,Solid build and easy set up.,0.51,Positive
REV01214,ByteSize,Electronics,2026-04-12,5,"Amazing sound quality, best headphones ever.",0.38,Positive
REV01215,ByteSize,Electronics,2026-04-10,5,"Highly recommend this gadget, works flawlessly.",0.82,Positive
REV01216,ByteSize,Electronics,2026-04-20,4,"Amazing sound quality, best headphones ever.",0.77,Positive
REV01217,ByteSize,Electronics,2026-04-18,5,"Amazing sound quality, best headphones ever.",0.33,Positive
REV01218,ByteSize,Electronics,2026-04-20,5,Very fast processor and crystal clear screen.,0.75,Positive
REV01219,ByteSize,Electronics,2026-04-23,5,Very fast processor and crystal clear screen.,0.41,Positive
REV01220,ByteSize,Electronics,2026-04-25,4,Solid build and easy set up.,0.44,Positive
REV01221,ByteSize,Electronics,2026-04-26,5,Very fast processor and crystal clear screen.,0.43,Positive
REV01222,ByteSize,Electronics,2026-05-03,4,"Excellent phone, battery lasts 2 days!",0.39,Positive
REV01223,ByteSize,Electronics,2026-04-29,5,"Excellent phone, battery lasts 2 days!",0.75,Positive
REV01224,ByteSize,Electronics,2026-04-29,5,"Excellent phone, battery lasts 2 days!",0.49,Positive
REV01225,ByteSize,Electronics,2026-05-11,5,Very fast processor and crystal clear screen.,0.46,Positive
REV01226,ByteSize,Electronics,2026-05-06,4,Very fast processor and crystal clear screen.,0.84,Positive
REV01227,ByteSize,Electronics,2026-05-06,5,Very fast processor and crystal clear screen.,0.84,Positive
REV01228,ByteSize,Electronics,2026-05-16,4,Solid build and easy set up.,0.48,Positive
REV01229,ByteSize,Electronics,2026-05-13,5,"Highly recommend this gadget, works flawlessly.",0.78,Positive
REV01230,ByteSize,Electronics,2026-05-18,4,Solid build and easy set up.,0.38,Positive
REV01231,ByteSize,Electronics,2026-05-23,5,Solid build and easy set up.,0.62,Positive
REV01232,ByteSize,Electronics,2026-05-20,4,"Amazing sound quality, best headphones ever.",0.71,Positive
REV01233,ByteSize,Electronics,2026-05-24,5,"Excellent phone, battery lasts 2 days!",0.46,Positive
REV01234,ByteSize,Electronics,2026-05-27,5,"Amazing sound quality, best headphones ever.",0.72,Positive
REV01235,ByteSize,Electronics,2026-05-31,5,"Excellent phone, battery lasts 2 days!",0.36,Positive
REV01236,ByteSize,Electronics,2026-05-31,4,"Highly recommend this gadget, works flawlessly.",0.77,Positive
REV01237,ByteSize,Electronics,2026-06-07,5,"Excellent phone, battery lasts 2 days!",0.74,Positive
REV01238,ByteSize,Electronics,2026-06-04,4,"Amazing sound quality, best headphones ever.",0.45,Positive
REV01239,ByteSize,Electronics,2026-06-03,4,"Excellent phone, battery lasts 2 days!",0.85,Positive
REV01240,ByteSize,Electronics,2026-06-11,4,Very fast processor and crystal clear screen.,0.39,Positive
REV01241,ByteSize,Electronics,2026-06-14,4,Very fast processor and crystal clear screen.,0.69,Positive
REV01242,ByteSize,Electronics,2026-06-12,5,Solid build and easy set up.,0.54,Positive
REV01243,ByteSize,Electronics,2026-06-20,4,"Highly recommend this gadget, works flawlessly.",0.7,Positive
REV01244,ByteSize,Electronics,2026-06-19,4,"Excellent phone, battery lasts 2 days!",0.88,Positive
REV01245,ByteSize,Electronics,2026-06-20,4,"Amazing sound quality, best headphones ever.",0.78,Positive
REV01246,ByteSize,Electronics,2026-06-29,5,Very fast processor and crystal clear screen.,0.79,Positive
REV01247,ByteSize,Electronics,2026-06-26,4,Very fast processor and crystal clear screen.,0.51,Positive
REV01248,ByteSize,Electronics,2026-06-29,4,"Excellent phone, battery lasts 2 days!",0.89,Positive
REV01249,VoltEdge,Electronics,2025-07-02,5,"Excellent phone, battery lasts 2 days!",0.6,Positive
REV01250,VoltEdge,Electronics,2025-07-05,5,"Amazing sound quality, best headphones ever.",0.81,Positive
REV01251,VoltEdge,Electronics,2025-07-06,5,"Amazing sound quality, best headphones ever.",0.74,Positive
REV01252,VoltEdge,Electronics,2025-07-14,4,"Excellent phone, battery lasts 2 days!",0.58,Positive
REV01253,VoltEdge,Electronics,2025-07-14,4,"Excellent phone, battery lasts 2 days!",0.78,Positive
REV01254,VoltEdge,Electronics,2025-07-09,5,Very fast processor and crystal clear screen.,0.66,Positive
REV01255,VoltEdge,Electronics,2025-07-21,4,"Amazing sound quality, best headphones ever.",0.74,Positive
REV01256,VoltEdge,Electronics,2025-07-20,4,"Highly recommend this gadget, works flawlessly.",0.49,Positive
REV01257,VoltEdge,Electronics,2025-07-20,4,"Excellent phone, battery lasts 2 days!",0.88,Positive
REV01258,VoltEdge,Electronics,2025-07-24,4,Very fast processor and crystal clear screen.,0.65,Positive
REV01259,VoltEdge,Electronics,2025-07-26,5,Solid build and easy set up.,0.3,Positive
REV01260,VoltEdge,Electronics,2025-07-23,2,Arrived damaged and scratched. Packaging was terrible.,-0.6,Negative
REV01261,VoltEdge,Electronics,2025-08-03,5,"Highly recommend this gadget, works flawlessly.",0.8,Positive
REV01262,VoltEdge,Electronics,2025-08-04,4,Solid build and easy set up.,0.55,Positive
REV01263,VoltEdge,Electronics,2025-07-31,5,"Excellent phone, battery lasts 2 days!",0.7,Positive
REV01264,VoltEdge,Electronics,2025-08-07,4,"Excellent phone, battery lasts 2 days!",0.59,Positive
REV01265,VoltEdge,Electronics,2025-08-07,5,Solid build and easy set up.,0.78,Positive
REV01266,VoltEdge,Electronics,2025-08-06,5,"Amazing sound quality, best headphones ever.",0.57,Positive
REV01267,VoltEdge,Electronics,2025-08-17,5,Very fast processor and crystal clear screen.,0.62,Positive
REV01268,VoltEdge,Electronics,2025-08-17,4,Very fast processor and crystal clear screen.,0.68,Positive
REV01269,VoltEdge,Electronics,2025-08-18,4,"Amazing sound quality, best headphones ever.",0.53,Positive
REV01270,VoltEdge,Electronics,2025-08-23,4,"Highly recommend this gadget, works flawlessly.",0.86,Positive
REV01271,VoltEdge,Electronics,2025-08-25,4,Very fast processor and crystal clear screen.,0.61,Positive
REV01272,VoltEdge,Electronics,2025-08-24,5,"Excellent phone, battery lasts 2 days!",0.35,Positive
REV01273,VoltEdge,Electronics,2025-08-27,3,"Took a bit long to ship, but works fine.",0.19,Neutral
REV01274,VoltEdge,Electronics,2025-08-30,5,"Excellent phone, battery lasts 2 days!",0.77,Positive
REV01275,VoltEdge,Electronics,2025-08-27,5,Very fast processor and crystal clear screen.,0.84,Positive
REV01276,VoltEdge,Electronics,2025-09-07,5,Solid build and easy set up.,0.43,Positive
REV01277,VoltEdge,Electronics,2025-09-06,4,Solid build and easy set up.,0.55,Positive
REV01278,VoltEdge,Electronics,2025-09-03,4,"Highly recommend this gadget, works flawlessly.",0.44,Positive
REV01279,VoltEdge,Electronics,2025-09-13,4,"Highly recommend this gadget, works flawlessly.",0.4,Positive
REV01280,VoltEdge,Electronics,2025-09-11,5,"Amazing sound quality, best headphones ever.",0.77,Positive
REV01281,VoltEdge,Electronics,2025-09-14,4,"Highly recommend this gadget, works flawlessly.",0.67,Positive
REV01282,VoltEdge,Electronics,2025-09-18,5,"Amazing sound quality, best headphones ever.",0.76,Positive
REV01283,VoltEdge,Electronics,2025-09-22,5,Solid build and easy set up.,0.84,Positive
REV01284,VoltEdge,Electronics,2025-09-17,4,"Amazing sound quality, best headphones ever.",0.35,Positive
REV01285,VoltEdge,Electronics,2025-09-26,5,Solid build and easy set up.,0.65,Positive
REV01286,VoltEdge,Electronics,2025-09-29,4,Very fast processor and crystal clear screen.,0.69,Positive
REV01287,VoltEdge,Electronics,2025-09-24,5,"Excellent phone, battery lasts 2 days!",0.86,Positive
REV01288,VoltEdge,Electronics,2025-10-04,4,Very fast processor and crystal clear screen.,0.71,Positive
REV01289,VoltEdge,Electronics,2025-10-06,5,Very fast processor and crystal clear screen.,0.59,Positive
REV01290,VoltEdge,Electronics,2025-10-03,5,"Amazing sound quality, best headphones ever.",0.39,Positive
REV01291,VoltEdge,Electronics,2025-10-08,5,"Excellent phone, battery lasts 2 days!",0.45,Positive
REV01292,VoltEdge,Electronics,2025-10-10,4,"Excellent phone, battery lasts 2 days!",0.78,Positive
REV01293,VoltEdge,Electronics,2025-10-10,2,Broke after 2 days. The charging port doesn't work.,-0.37,Negative
REV01294,VoltEdge,Electronics,2025-10-15,5,Very fast processor and crystal clear screen.,0.36,Positive
REV01295,VoltEdge,Electronics,2025-10-18,4,Very fast processor and crystal clear screen.,0.82,Positive
REV01296,VoltEdge,Electronics,2025-10-19,4,"Amazing sound quality, best headphones ever.",0.38,Positive
REV01297,VoltEdge,Electronics,2025-10-25,5,Solid build and easy set up.,0.82,Positive
REV01298,VoltEdge,Electronics,2025-10-22,4,"Excellent phone, battery lasts 2 days!",0.38,Positive
REV01299,VoltEdge,Electronics,2025-10-24,5,"Excellent phone, battery lasts 2 days!",0.38,Positive
REV01300,VoltEdge,Electronics,2025-11-02,5,"Excellent phone, battery lasts 2 days!",0.86,Positive
REV01301,VoltEdge,Electronics,2025-10-31,5,Solid build and easy set up.,0.62,Positive
REV01302,VoltEdge,Electronics,2025-10-29,4,"Amazing sound quality, best headphones ever.",0.54,Positive
REV01303,VoltEdge,Electronics,2025-11-08,5,"Amazing sound quality, best headphones ever.",0.64,Positive
REV01304,VoltEdge,Electronics,2025-11-10,3,"Product is okay, nothing special.",-0.0,Neutral
REV01305,VoltEdge,Electronics,2025-11-06,5,Solid build and easy set up.,0.5,Positive
REV01306,VoltEdge,Electronics,2025-11-13,5,Solid build and easy set up.,0.32,Positive
REV01307,VoltEdge,Electronics,2025-11-13,5,"Amazing sound quality, best headphones ever.",0.63,Positive
REV01308,VoltEdge,Electronics,2025-11-14,3,Average quality for the price.,0.04,Neutral
REV01309,VoltEdge,Electronics,2025-11-22,5,"Highly recommend this gadget, works flawlessly.",0.31,Positive
REV01310,VoltEdge,Electronics,2025-11-19,4,Very fast processor and crystal clear screen.,0.55,Positive
REV01311,VoltEdge,Electronics,2025-11-22,4,Very fast processor and crystal clear screen.,0.64,Positive
REV01312,VoltEdge,Electronics,2025-11-28,5,"Amazing sound quality, best headphones ever.",0.73,Positive
REV01313,VoltEdge,Electronics,2025-11-26,5,"Amazing sound quality, best headphones ever.",0.38,Positive
REV01314,VoltEdge,Electronics,2025-11-28,4,"Highly recommend this gadget, works flawlessly.",0.41,Positive
REV01315,VoltEdge,Electronics,2025-12-07,4,"Amazing sound quality, best headphones ever.",0.72,Positive
REV01316,VoltEdge,Electronics,2025-12-04,5,Solid build and easy set up.,0.7,Positive
REV01317,VoltEdge,Electronics,2025-12-03,5,"Amazing sound quality, best headphones ever.",0.37,Positive
REV01318,VoltEdge,Electronics,2025-12-10,5,"Highly recommend this gadget, works flawlessly.",0.47,Positive
REV01319,VoltEdge,Electronics,2025-12-12,5,"Amazing sound quality, best headphones ever.",0.62,Positive
REV01320,VoltEdge,Electronics,2025-12-13,4,Solid build and easy set up.,0.35,Positive
REV01321,VoltEdge,Electronics,2025-12-19,4,"Amazing sound quality, best headphones ever.",0.83,Positive
REV01322,VoltEdge,Electronics,2025-12-22,4,"Amazing sound quality, best headphones ever.",0.77,Positive
REV01323,VoltEdge,Electronics,2025-12-18,5,Solid build and easy set up.,0.59,Positive
REV01324,VoltEdge,Electronics,2025-12-28,3,"Took a bit long to ship, but works fine.",-0.09,Neutral
REV01325,VoltEdge,Electronics,2025-12-27,5,Very fast processor and crystal clear screen.,0.38,Positive
REV01326,VoltEdge,Electronics,2025-12-25,5,"Highly recommend this gadget, works flawlessly.",0.8,Positive
REV01327,VoltEdge,Electronics,2026-01-02,4,"Highly recommend this gadget, works flawlessly.",0.8,Positive
REV01328,VoltEdge,Electronics,2026-01-04,5,"Amazing sound quality, best headphones ever.",0.61,Positive
REV01329,VoltEdge,Electronics,2026-01-02,5,Very fast processor and crystal clear screen.,0.4,Positive
REV01330,VoltEdge,Electronics,2026-01-10,5,"Highly recommend this gadget, works flawlessly.",0.78,Positive
REV01331,VoltEdge,Electronics,2026-01-07,4,"Highly recommend this gadget, works flawlessly.",0.38,Positive
REV01332,VoltEdge,Electronics,2026-01-08,5,Solid build and easy set up.,0.39,Positive
REV01333,VoltEdge,Electronics,2026-01-15,4,Solid build and easy set up.,0.34,Positive
REV01334,VoltEdge,Electronics,2026-01-14,5,Solid build and easy set up.,0.72,Positive
REV01335,VoltEdge,Electronics,2026-01-19,5,"Amazing sound quality, best headphones ever.",0.69,Positive
REV01336,VoltEdge,Electronics,2026-01-23,4,"Amazing sound quality, best headphones ever.",0.37,Positive
REV01337,VoltEdge,Electronics,2026-01-24,3,"Product is okay, nothing special.",0.21,Neutral
REV01338,VoltEdge,Electronics,2026-01-22,4,"Amazing sound quality, best headphones ever.",0.78,Positive
REV01339,VoltEdge,Electronics,2026-01-29,4,"Highly recommend this gadget, works flawlessly.",0.68,Positive
REV01340,VoltEdge,Electronics,2026-02-02,5,"Highly recommend this gadget, works flawlessly.",0.37,Positive
REV01341,VoltEdge,Electronics,2026-02-02,5,Very fast processor and crystal clear screen.,0.85,Positive
REV01342,VoltEdge,Electronics,2026-02-04,3,"Decent item, fits reasonably well.",0.26,Neutral
REV01343,VoltEdge,Electronics,2026-02-08,5,"Amazing sound quality, best headphones ever.",0.75,Positive
REV01344,VoltEdge,Electronics,2026-02-08,5,"Amazing sound quality, best headphones ever.",0.66,Positive
REV01345,VoltEdge,Electronics,2026-02-15,4,Solid build and easy set up.,0.63,Positive
REV01346,VoltEdge,Electronics,2026-02-15,4,"Amazing sound quality, best headphones ever.",0.67,Positive
REV01347,VoltEdge,Electronics,2026-02-13,5,"Excellent phone, battery lasts 2 days!",0.43,Positive
REV01348,VoltEdge,Electronics,2026-02-22,5,Solid build and easy set up.,0.36,Positive
REV01349,VoltEdge,Electronics,2026-02-18,5,"Excellent phone, battery lasts 2 days!",0.51,Positive
REV01350,VoltEdge,Electronics,2026-02-23,4,Very fast processor and crystal clear screen.,0.86,Positive
REV01351,VoltEdge,Electronics,2026-02-26,5,"Highly recommend this gadget, works flawlessly.",0.64,Positive
REV01352,VoltEdge,Electronics,2026-02-25,4,Solid build and easy set up.,0.76,Positive
REV01353,VoltEdge,Electronics,2026-03-02,4,Solid build and easy set up.,0.64,Positive
REV01354,VoltEdge,Electronics,2026-03-06,5,"Amazing sound quality, best headphones ever.",0.49,Positive
REV01355,VoltEdge,Electronics,2026-03-04,4,"Amazing sound quality, best headphones ever.",0.73,Positive
REV01356,VoltEdge,Electronics,2026-03-04,4,"Excellent phone, battery lasts 2 days!",0.49,Positive
REV01357,VoltEdge,Electronics,2026-03-15,5,Very fast processor and crystal clear screen.,0.79,Positive
REV01358,VoltEdge,Electronics,2026-03-15,3,"It does what it says, but feels a bit lightweight.",0.04,Neutral
REV01359,VoltEdge,Electronics,2026-03-16,5,Solid build and easy set up.,0.46,Positive
REV01360,VoltEdge,Electronics,2026-03-21,5,Very fast processor and crystal clear screen.,0.61,Positive
REV01361,VoltEdge,Electronics,2026-03-21,3,"Took a bit long to ship, but works fine.",-0.07,Neutral
REV01362,VoltEdge,Electronics,2026-03-23,5,"Amazing sound quality, best headphones ever.",0.42,Positive
REV01363,VoltEdge,Electronics,2026-03-26,3,"It does what it says, but feels a bit lightweight.",0.2,Neutral
REV01364,VoltEdge,Electronics,2026-03-25,4,"Highly recommend this gadget, works flawlessly.",0.4,Positive
REV01365,VoltEdge,Electronics,2026-03-25,4,"Amazing sound quality, best headphones ever.",0.47,Positive
REV01366,VoltEdge,Electronics,2026-04-01,4,"Amazing sound quality, best headphones ever.",0.89,Positive
REV01367,VoltEdge,Electronics,2026-04-06,5,"Excellent phone, battery lasts 2 days!",0.3,Positive
REV01368,VoltEdge,Electronics,2026-04-03,5,Very fast processor and crystal clear screen.,0.61,Positive
REV01369,VoltEdge,Electronics,2026-04-11,4,"Highly recommend this gadget, works flawlessly.",0.58,Positive
REV01370,VoltEdge,Electronics,2026-04-12,5,Very fast processor and crystal clear screen.,0.44,Positive
REV01371,VoltEdge,Electronics,2026-04-10,3,"Decent item, fits reasonably well.",0.13,Neutral
REV01372,VoltEdge,Electronics,2026-04-18,3,"Product is okay, nothing special.",0.26,Neutral
REV01373,VoltEdge,Electronics,2026-04-17,5,"Amazing sound quality, best headphones ever.",0.88,Positive
REV01374,VoltEdge,Electronics,2026-04-17,5,"Excellent phone, battery lasts 2 days!",0.83,Positive
REV01375,VoltEdge,Electronics,2026-04-22,4,"Excellent phone, battery lasts 2 days!",0.64,Positive
REV01376,VoltEdge,Electronics,2026-04-27,5,"Highly recommend this gadget, works flawlessly.",0.35,Positive
REV01377,VoltEdge,Electronics,2026-04-27,5,"Excellent phone, battery lasts 2 days!",0.72,Positive
REV01378,VoltEdge,Electronics,2026-05-03,4,Very fast processor and crystal clear screen.,0.83,Positive
REV01379,VoltEdge,Electronics,2026-05-03,5,Very fast processor and crystal clear screen.,0.34,Positive
REV01380,VoltEdge,Electronics,2026-05-01,4,Very fast processor and crystal clear screen.,0.83,Positive
REV01381,VoltEdge,Electronics,2026-05-09,3,"Decent item, fits reasonably well.",0.07,Neutral
REV01382,VoltEdge,Electronics,2026-05-09,4,Very fast processor and crystal clear screen.,0.53,Positive
REV01383,VoltEdge,Electronics,2026-05-07,4,Very fast processor and crystal clear screen.,0.6,Positive
REV01384,VoltEdge,Electronics,2026-05-16,5,"Amazing sound quality, best headphones ever.",0.76,Positive
REV01385,VoltEdge,Electronics,2026-05-18,5,"Excellent phone, battery lasts 2 days!",0.73,Positive
REV01386,VoltEdge,Electronics,2026-05-14,3,"It does what it says, but feels a bit lightweight.",0.28,Neutral
REV01387,VoltEdge,Electronics,2026-05-23,3,"It does what it says, but feels a bit lightweight.",-0.09,Neutral
REV01388,VoltEdge,Electronics,2026-05-20,5,"Amazing sound quality, best headphones ever.",0.73,Positive
REV01389,VoltEdge,Electronics,2026-05-21,5,Very fast processor and crystal clear screen.,0.62,Positive
REV01390,VoltEdge,Electronics,2026-05-31,4,"Excellent phone, battery lasts 2 days!",0.49,Positive
REV01391,VoltEdge,Electronics,2026-05-31,4,"Excellent phone, battery lasts 2 days!",0.32,Positive
REV01392,VoltEdge,Electronics,2026-05-29,5,Very fast processor and crystal clear screen.,0.51,Positive
REV01393,VoltEdge,Electronics,2026-06-06,5,Very fast processor and crystal clear screen.,0.79,Positive
REV01394,VoltEdge,Electronics,2026-06-05,5,"Excellent phone, battery lasts 2 days!",0.69,Positive
REV01395,VoltEdge,Electronics,2026-06-07,5,"Amazing sound quality, best headphones ever.",0.37,Positive
REV01396,VoltEdge,Electronics,2026-06-14,5,"Highly recommend this gadget, works flawlessly.",0.59,Positive
REV01397,VoltEdge,Electronics,2026-06-14,5,"Amazing sound quality, best headphones ever.",0.55,Positive
REV01398,VoltEdge,Electronics,2026-06-14,5,"Amazing sound quality, best headphones ever.",0.73,Positive
REV01399,VoltEdge,Electronics,2026-06-19,4,"Highly recommend this gadget, works flawlessly.",0.35,Positive
REV01400,VoltEdge,Electronics,2026-06-21,5,"Amazing sound quality, best headphones ever.",0.58,Positive
REV01401,VoltEdge,Electronics,2026-06-22,5,Very fast processor and crystal clear screen.,0.85,Positive
REV01402,VoltEdge,Electronics,2026-06-28,5,"Highly recommend this gadget, works flawlessly.",0.44,Positive
REV01403,VoltEdge,Electronics,2026-06-24,5,Solid build and easy set up.,0.89,Positive
REV01404,VoltEdge,Electronics,2026-06-26,5,Very fast processor and crystal clear screen.,0.39,Positive
REV01405,SiliconValley,Electronics,2025-07-04,4,Very fast processor and crystal clear screen.,0.8,Positive
REV01406,SiliconValley,Electronics,2025-07-03,5,"Excellent phone, battery lasts 2 days!",0.63,Positive
REV01407,SiliconValley,Electronics,2025-07-07,5,"Highly recommend this gadget, works flawlessly.",0.83,Positive
REV01408,SiliconValley,Electronics,2025-07-12,4,Solid build and easy set up.,0.35,Positive
REV01409,SiliconValley,Electronics,2025-07-13,5,"Amazing sound quality, best headphones ever.",0.39,Positive
REV01410,SiliconValley,Electronics,2025-07-13,5,Very fast processor and crystal clear screen.,0.57,Positive
REV01411,SiliconValley,Electronics,2025-07-17,4,"Amazing sound quality, best headphones ever.",0.65,Positive
REV01412,SiliconValley,Electronics,2025-07-21,4,"Amazing sound quality, best headphones ever.",0.39,Positive
REV01413,SiliconValley,Electronics,2025-07-21,5,Solid build and easy set up.,0.64,Positive
REV01414,SiliconValley,Electronics,2025-07-27,4,Very fast processor and crystal clear screen.,0.72,Positive
REV01415,SiliconValley,Electronics,2025-07-26,4,Very fast processor and crystal clear screen.,0.52,Positive
REV01416,SiliconValley,Electronics,2025-07-24,5,"Highly recommend this gadget, works flawlessly.",0.64,Positive
REV01417,SiliconValley,Electronics,2025-08-02,4,"Highly recommend this gadget, works flawlessly.",0.48,Positive
REV01418,SiliconValley,Electronics,2025-07-30,5,Solid build and easy set up.,0.53,Positive
REV01419,SiliconValley,Electronics,2025-07-30,5,"Highly recommend this gadget, works flawlessly.",0.46,Positive
REV01420,SiliconValley,Electronics,2025-08-07,5,Very fast processor and crystal clear screen.,0.78,Positive
REV01421,SiliconValley,Electronics,2025-08-10,4,"Amazing sound quality, best headphones ever.",0.38,Positive
REV01422,SiliconValley,Electronics,2025-08-11,5,Solid build and easy set up.,0.62,Positive
REV01423,SiliconValley,Electronics,2025-08-18,4,"Amazing sound quality, best headphones ever.",0.52,Positive
REV01424,SiliconValley,Electronics,2025-08-16,5,"Amazing sound quality, best headphones ever.",0.6,Positive
REV01425,SiliconValley,Electronics,2025-08-16,4,"Amazing sound quality, best headphones ever.",0.54,Positive
REV01426,SiliconValley,Electronics,2025-08-24,5,"Excellent phone, battery lasts 2 days!",0.72,Positive
REV01427,SiliconValley,Electronics,2025-08-21,4,"Excellent phone, battery lasts 2 days!",0.7,Positive
REV01428,SiliconValley,Electronics,2025-08-20,5,"Highly recommend this gadget, works flawlessly.",0.61,Positive
REV01429,SiliconValley,Electronics,2025-08-31,4,Very fast processor and crystal clear screen.,0.84,Positive
REV01430,SiliconValley,Electronics,2025-08-28,5,"Highly recommend this gadget, works flawlessly.",0.46,Positive
REV01431,SiliconValley,Electronics,2025-08-31,5,"Amazing sound quality, best headphones ever.",0.84,Positive
REV01432,SiliconValley,Electronics,2025-09-07,4,"Amazing sound quality, best headphones ever.",0.55,Positive
REV01433,SiliconValley,Electronics,2025-09-03,4,Solid build and easy set up.,0.38,Positive
REV01434,SiliconValley,Electronics,2025-09-03,4,Solid build and easy set up.,0.48,Positive
REV01435,SiliconValley,Electronics,2025-09-12,4,Solid build and easy set up.,0.38,Positive
REV01436,SiliconValley,Electronics,2025-09-10,5,Solid build and easy set up.,0.51,Positive
REV01437,SiliconValley,Electronics,2025-09-14,4,"Amazing sound quality, best headphones ever.",0.34,Positive
REV01438,SiliconValley,Electronics,2025-09-17,5,"Amazing sound quality, best headphones ever.",0.44,Positive
REV01439,SiliconValley,Electronics,2025-09-19,4,Very fast processor and crystal clear screen.,0.72,Positive
REV01440,SiliconValley,Electronics,2025-09-20,5,"Excellent phone, battery lasts 2 days!",0.31,Positive
REV01441,SiliconValley,Electronics,2025-09-24,5,"Highly recommend this gadget, works flawlessly.",0.74,Positive
REV01442,SiliconValley,Electronics,2025-09-24,5,"Amazing sound quality, best headphones ever.",0.7,Positive
REV01443,SiliconValley,Electronics,2025-09-25,5,Very fast processor and crystal clear screen.,0.48,Positive
REV01444,SiliconValley,Electronics,2025-10-06,4,Solid build and easy set up.,0.63,Positive
REV01445,SiliconValley,Electronics,2025-10-06,5,"Highly recommend this gadget, works flawlessly.",0.36,Positive
REV01446,SiliconValley,Electronics,2025-10-06,5,Solid build and easy set up.,0.44,Positive
REV01447,SiliconValley,Electronics,2025-10-12,5,Very fast processor and crystal clear screen.,0.35,Positive
REV01448,SiliconValley,Electronics,2025-10-09,4,Very fast processor and crystal clear screen.,0.8,Positive
REV01449,SiliconValley,Electronics,2025-10-08,5,Very fast processor and crystal clear screen.,0.35,Positive
REV01450,SiliconValley,Electronics,2025-10-19,4,"Highly recommend this gadget, works flawlessly.",0.51,Positive
REV01451,SiliconValley,Electronics,2025-10-19,5,"Highly recommend this gadget, works flawlessly.",0.87,Positive
REV01452,SiliconValley,Electronics,2025-10-16,4,Solid build and easy set up.,0.3,Positive
REV01453,SiliconValley,Electronics,2025-10-24,3,"Took a bit long to ship, but works fine.",0.12,Neutral
REV01454,SiliconValley,Electronics,2025-10-24,4,Solid build and easy set up.,0.48,Positive
REV01455,SiliconValley,Electronics,2025-10-27,5,Solid build and easy set up.,0.64,Positive
REV01456,SiliconValley,Electronics,2025-11-01,4,Very fast processor and crystal clear screen.,0.84,Positive
REV01457,SiliconValley,Electronics,2025-10-31,4,"Excellent phone, battery lasts 2 days!",0.37,Positive
REV01458,SiliconValley,Electronics,2025-11-03,5,Very fast processor and crystal clear screen.,0.82,Positive
REV01459,SiliconValley,Electronics,2025-11-06,5,Very fast processor and crystal clear screen.,0.59,Positive
REV01460,SiliconValley,Electronics,2025-11-06,4,"Highly recommend this gadget, works flawlessly.",0.6,Positive
REV01461,SiliconValley,Electronics,2025-11-08,5,"Amazing sound quality, best headphones ever.",0.82,Positive
REV01462,SiliconValley,Electronics,2025-11-17,4,Solid build and easy set up.,0.49,Positive
REV01463,SiliconValley,Electronics,2025-11-17,3,"Took a bit long to ship, but works fine.",0.28,Neutral
REV01464,SiliconValley,Electronics,2025-11-15,5,"Amazing sound quality, best headphones ever.",0.49,Positive
REV01465,SiliconValley,Electronics,2025-11-24,5,"Excellent phone, battery lasts 2 days!",0.56,Positive
REV01466,SiliconValley,Electronics,2025-11-22,5,"Excellent phone, battery lasts 2 days!",0.5,Positive
REV01467,SiliconValley,Electronics,2025-11-24,5,Solid build and easy set up.,0.33,Positive
REV01468,SiliconValley,Electronics,2025-11-29,4,"Highly recommend this gadget, works flawlessly.",0.73,Positive
REV01469,SiliconValley,Electronics,2025-11-28,5,"Amazing sound quality, best headphones ever.",0.89,Positive
REV01470,SiliconValley,Electronics,2025-11-26,3,"It does what it says, but feels a bit lightweight.",0.29,Neutral
REV01471,SiliconValley,Electronics,2025-12-08,5,"Excellent phone, battery lasts 2 days!",0.85,Positive
REV01472,SiliconValley,Electronics,2025-12-08,4,"Amazing sound quality, best headphones ever.",0.84,Positive
REV01473,SiliconValley,Electronics,2025-12-03,4,"Highly recommend this gadget, works flawlessly.",0.67,Positive
REV01474,SiliconValley,Electronics,2025-12-11,4,"Amazing sound quality, best headphones ever.",0.42,Positive
REV01475,SiliconValley,Electronics,2025-12-11,3,"Decent item, fits reasonably well.",0.14,Neutral
REV01476,SiliconValley,Electronics,2025-12-12,3,"Decent item, fits reasonably well.",-0.07,Neutral
REV01477,SiliconValley,Electronics,2025-12-19,5,"Highly recommend this gadget, works flawlessly.",0.68,Positive
REV01478,SiliconValley,Electronics,2025-12-21,4,Solid build and easy set up.,0.34,Positive
REV01479,SiliconValley,Electronics,2025-12-21,4,Very fast processor and crystal clear screen.,0.48,Positive
REV01480,SiliconValley,Electronics,2025-12-29,4,"Highly recommend this gadget, works flawlessly.",0.5,Positive
REV01481,SiliconValley,Electronics,2025-12-24,4,"Excellent phone, battery lasts 2 days!",0.42,Positive
REV01482,SiliconValley,Electronics,2025-12-29,5,"Excellent phone, battery lasts 2 days!",0.41,Positive
REV01483,SiliconValley,Electronics,2025-12-31,4,"Amazing sound quality, best headphones ever.",0.61,Positive
REV01484,SiliconValley,Electronics,2026-01-01,4,"Excellent phone, battery lasts 2 days!",0.58,Positive
REV01485,SiliconValley,Electronics,2026-01-03,4,"Amazing sound quality, best headphones ever.",0.84,Positive
REV01486,SiliconValley,Electronics,2026-01-08,3,"Decent item, fits reasonably well.",0.16,Neutral
REV01487,SiliconValley,Electronics,2026-01-12,5,Very fast processor and crystal clear screen.,0.81,Positive
REV01488,SiliconValley,Electronics,2026-01-08,4,"Highly recommend this gadget, works flawlessly.",0.59,Positive
REV01489,SiliconValley,Electronics,2026-01-19,5,"Excellent phone, battery lasts 2 days!",0.55,Positive
REV01490,SiliconValley,Electronics,2026-01-16,5,"Highly recommend this gadget, works flawlessly.",0.86,Positive
REV01491,SiliconValley,Electronics,2026-01-16,5,"Excellent phone, battery lasts 2 days!",0.32,Positive
REV01492,SiliconValley,Electronics,2026-01-21,5,Very fast processor and crystal clear screen.,0.38,Positive
REV01493,SiliconValley,Electronics,2026-01-26,4,"Amazing sound quality, best headphones ever.",0.49,Positive
REV01494,SiliconValley,Electronics,2026-01-26,5,"Highly recommend this gadget, works flawlessly.",0.76,Positive
REV01495,SiliconValley,Electronics,2026-01-31,4,Very fast processor and crystal clear screen.,0.44,Positive
REV01496,SiliconValley,Electronics,2026-02-02,5,"Excellent phone, battery lasts 2 days!",0.83,Positive
REV01497,SiliconValley,Electronics,2026-01-28,3,"Product is okay, nothing special.",-0.1,Neutral
REV01498,SiliconValley,Electronics,2026-02-04,4,"Amazing sound quality, best headphones ever.",0.54,Positive
REV01499,SiliconValley,Electronics,2026-02-08,5,Very fast processor and crystal clear screen.,0.48,Positive
REV01500,SiliconValley,Electronics,2026-02-08,5,Very fast processor and crystal clear screen.,0.38,Positive
REV01501,SiliconValley,Electronics,2026-02-11,5,"Amazing sound quality, best headphones ever.",0.56,Positive
REV01502,SiliconValley,Electronics,2026-02-16,3,"Product is okay, nothing special.",0.2,Neutral
REV01503,SiliconValley,Electronics,2026-02-11,5,"Highly recommend this gadget, works flawlessly.",0.32,Positive
REV01504,SiliconValley,Electronics,2026-02-21,5,Very fast processor and crystal clear screen.,0.58,Positive
REV01505,SiliconValley,Electronics,2026-02-19,5,"Excellent phone, battery lasts 2 days!",0.86,Positive
REV01506,SiliconValley,Electronics,2026-02-18,5,"Amazing sound quality, best headphones ever.",0.65,Positive
REV01507,SiliconValley,Electronics,2026-02-25,4,"Excellent phone, battery lasts 2 days!",0.53,Positive
REV01508,SiliconValley,Electronics,2026-02-27,5,"Highly recommend this gadget, works flawlessly.",0.62,Positive
REV01509,SiliconValley,Electronics,2026-02-26,4,"Highly recommend this gadget, works flawlessly.",0.78,Positive
REV01510,SiliconValley,Electronics,2026-03-09,4,Very fast processor and crystal clear screen.,0.75,Positive
REV01511,SiliconValley,Electronics,2026-03-04,5,Very fast processor and crystal clear screen.,0.88,Positive
REV01512,SiliconValley,Electronics,2026-03-08,5,Solid build and easy set up.,0.78,Positive
REV01513,SiliconValley,Electronics,2026-03-16,5,Solid build and easy set up.,0.65,Positive
REV01514,SiliconValley,Electronics,2026-03-14,3,Average quality for the price.,0.08,Neutral
REV01515,SiliconValley,Electronics,2026-03-16,4,"Highly recommend this gadget, works flawlessly.",0.57,Positive
REV01516,SiliconValley,Electronics,2026-03-21,5,Very fast processor and crystal clear screen.,0.53,Positive
REV01517,SiliconValley,Electronics,2026-03-23,5,Solid build and easy set up.,0.83,Positive
REV01518,SiliconValley,Electronics,2026-03-19,4,"Amazing sound quality, best headphones ever.",0.62,Positive
REV01519,SiliconValley,Electronics,2026-03-26,5,"Excellent phone, battery lasts 2 days!",0.77,Positive
REV01520,SiliconValley,Electronics,2026-03-29,5,"Excellent phone, battery lasts 2 days!",0.38,Positive
REV01521,SiliconValley,Electronics,2026-03-27,4,"Amazing sound quality, best headphones ever.",0.6,Positive
REV01522,SiliconValley,Electronics,2026-04-02,5,"Highly recommend this gadget, works flawlessly.",0.41,Positive
REV01523,SiliconValley,Electronics,2026-04-03,5,Very fast processor and crystal clear screen.,0.63,Positive
REV01524,SiliconValley,Electronics,2026-04-02,5,"Excellent phone, battery lasts 2 days!",0.74,Positive
REV01525,SiliconValley,Electronics,2026-04-12,4,Solid build and easy set up.,0.35,Positive
REV01526,SiliconValley,Electronics,2026-04-10,5,Solid build and easy set up.,0.35,Positive
REV01527,SiliconValley,Electronics,2026-04-13,5,"Excellent phone, battery lasts 2 days!",0.38,Positive
REV01528,SiliconValley,Electronics,2026-04-19,5,Very fast processor and crystal clear screen.,0.42,Positive
REV01529,SiliconValley,Electronics,2026-04-19,4,Solid build and easy set up.,0.46,Positive
REV01530,SiliconValley,Electronics,2026-04-20,5,Very fast processor and crystal clear screen.,0.34,Positive
REV01531,SiliconValley,Electronics,2026-04-27,5,"Highly recommend this gadget, works flawlessly.",0.84,Positive
REV01532,SiliconValley,Electronics,2026-04-23,4,"Excellent phone, battery lasts 2 days!",0.78,Positive
REV01533,SiliconValley,Electronics,2026-04-25,5,"Amazing sound quality, best headphones ever.",0.64,Positive
REV01534,SiliconValley,Electronics,2026-05-02,4,Very fast processor and crystal clear screen.,0.47,Positive
REV01535,SiliconValley,Electronics,2026-04-29,5,Solid build and easy set up.,0.47,Positive
REV01536,SiliconValley,Electronics,2026-04-29,4,Solid build and easy set up.,0.58,Positive
REV01537,SiliconValley,Electronics,2026-05-07,5,"Highly recommend this gadget, works flawlessly.",0.46,Positive
REV01538,SiliconValley,Electronics,2026-05-10,4,"Amazing sound quality, best headphones ever.",0.86,Positive
REV01539,SiliconValley,Electronics,2026-05-08,5,"Amazing sound quality, best headphones ever.",0.43,Positive
REV01540,SiliconValley,Electronics,2026-05-16,5,Very fast processor and crystal clear screen.,0.79,Positive
REV01541,SiliconValley,Electronics,2026-05-13,3,"Product is okay, nothing special.",0.03,Neutral
REV01542,SiliconValley,Electronics,2026-05-13,5,Solid build and easy set up.,0.65,Positive
REV01543,SiliconValley,Electronics,2026-05-21,3,"Took a bit long to ship, but works fine.",-0.0,Neutral
REV01544,SiliconValley,Electronics,2026-05-20,4,"Excellent phone, battery lasts 2 days!",0.59,Positive
REV01545,SiliconValley,Electronics,2026-05-24,4,"Amazing sound quality, best headphones ever.",0.75,Positive
REV01546,SiliconValley,Electronics,2026-05-30,5,Solid build and easy set up.,0.55,Positive
REV01547,SiliconValley,Electronics,2026-06-01,5,"Amazing sound quality, best headphones ever.",0.44,Positive
REV01548,SiliconValley,Electronics,2026-05-27,5,"Amazing sound quality, best headphones ever.",0.85,Positive
REV01549,SiliconValley,Electronics,2026-06-07,5,Solid build and easy set up.,0.63,Positive
REV01550,SiliconValley,Electronics,2026-06-04,4,Solid build and easy set up.,0.38,Positive
REV01551,SiliconValley,Electronics,2026-06-03,4,"Highly recommend this gadget, works flawlessly.",0.38,Positive
REV01552,SiliconValley,Electronics,2026-06-14,5,"Excellent phone, battery lasts 2 days!",0.78,Positive
REV01553,SiliconValley,Electronics,2026-06-11,4,Very fast processor and crystal clear screen.,0.46,Positive
REV01554,SiliconValley,Electronics,2026-06-12,4,Solid build and easy set up.,0.61,Positive
REV01555,SiliconValley,Electronics,2026-06-22,4,Solid build and easy set up.,0.48,Positive
REV01556,SiliconValley,Electronics,2026-06-19,5,"Excellent phone, battery lasts 2 days!",0.84,Positive
REV01557,SiliconValley,Electronics,2026-06-22,5,"Amazing sound quality, best headphones ever.",0.57,Positive
REV01558,SiliconValley,Electronics,2026-06-25,5,"Excellent phone, battery lasts 2 days!",0.56,Positive
REV01559,SiliconValley,Electronics,2026-06-27,5,"Excellent phone, battery lasts 2 days!",0.47,Positive
REV01560,SiliconValley,Electronics,2026-06-27,4,"Excellent phone, battery lasts 2 days!",0.33,Positive
REV01561,Vogue Apparel,Apparel,2025-07-02,5,"Perfect fit, fast delivery!",0.63,Positive
REV01562,Vogue Apparel,Apparel,2025-07-07,5,Great style and comfortable to wear all day.,0.33,Positive
REV01563,Vogue Apparel,Apparel,2025-07-02,4,"Absolutely love the color, exactly as pictured.",0.41,Positive
REV01564,Vogue Apparel,Apparel,2025-07-14,4,"Absolutely love the color, exactly as pictured.",0.51,Positive
REV01565,Vogue Apparel,Apparel,2025-07-10,4,"Very soft material, fits perfectly!",0.68,Positive
REV01566,Vogue Apparel,Apparel,2025-07-11,4,"Excellent quality jeans, very durable.",0.31,Positive
REV01567,Vogue Apparel,Apparel,2025-07-21,4,"Perfect fit, fast delivery!",0.6,Positive
REV01568,Vogue Apparel,Apparel,2025-07-17,5,Great style and comfortable to wear all day.,0.63,Positive
REV01569,Vogue Apparel,Apparel,2025-07-17,5,Great style and comfortable to wear all day.,0.81,Positive
REV01570,Vogue Apparel,Apparel,2025-07-28,4,Great style and comfortable to wear all day.,0.59,Positive
REV01571,Vogue Apparel,Apparel,2025-07-23,5,"Very soft material, fits perfectly!",0.38,Positive
REV01572,Vogue Apparel,Apparel,2025-07-26,3,"Took a bit long to ship, but works fine.",0.07,Neutral
REV01573,Vogue Apparel,Apparel,2025-07-30,3,"It does what it says, but feels a bit lightweight.",0.05,Neutral
REV01574,Vogue Apparel,Apparel,2025-08-04,5,Great style and comfortable to wear all day.,0.34,Positive
REV01575,Vogue Apparel,Apparel,2025-08-04,4,"Perfect fit, fast delivery!",0.87,Positive
REV01576,Vogue Apparel,Apparel,2025-08-09,5,"Excellent quality jeans, very durable.",0.74,Positive
REV01577,Vogue Apparel,Apparel,2025-08-08,5,"Perfect fit, fast delivery!",0.43,Positive
REV01578,Vogue Apparel,Apparel,2025-08-09,3,"Product is okay, nothing special.",0.24,Neutral
REV01579,Vogue Apparel,Apparel,2025-08-15,5,"Absolutely love the color, exactly as pictured.",0.54,Positive
REV01580,Vogue Apparel,Apparel,2025-08-15,4,"Absolutely love the color, exactly as pictured.",0.72,Positive
REV01581,Vogue Apparel,Apparel,2025-08-17,5,"Very soft material, fits perfectly!",0.46,Positive
REV01582,Vogue Apparel,Apparel,2025-08-21,3,"Product is okay, nothing special.",0.12,Neutral
REV01583,Vogue Apparel,Apparel,2025-08-20,5,"Perfect fit, fast delivery!",0.89,Positive
REV01584,Vogue Apparel,Apparel,2025-08-20,4,"Very soft material, fits perfectly!",0.87,Positive
REV01585,Vogue Apparel,Apparel,2025-08-30,4,"Very soft material, fits perfectly!",0.65,Positive
REV01586,Vogue Apparel,Apparel,2025-08-30,3,"Took a bit long to ship, but works fine.",-0.02,Neutral
REV01587,Vogue Apparel,Apparel,2025-08-28,5,"Absolutely love the color, exactly as pictured.",0.68,Positive
REV01588,Vogue Apparel,Apparel,2025-09-08,5,"Perfect fit, fast delivery!",0.35,Positive
REV01589,Vogue Apparel,Apparel,2025-09-04,4,"Excellent quality jeans, very durable.",0.89,Positive
REV01590,Vogue Apparel,Apparel,2025-09-04,4,Great style and comfortable to wear all day.,0.64,Positive
REV01591,Vogue Apparel,Apparel,2025-09-12,3,"Took a bit long to ship, but works fine.",-0.08,Neutral
REV01592,Vogue Apparel,Apparel,2025-09-14,5,"Very soft material, fits perfectly!",0.4,Positive
REV01593,Vogue Apparel,Apparel,2025-09-10,5,Great style and comfortable to wear all day.,0.45,Positive
REV01594,Vogue Apparel,Apparel,2025-09-18,5,"Very soft material, fits perfectly!",0.88,Positive
REV01595,Vogue Apparel,Apparel,2025-09-21,5,"Absolutely love the color, exactly as pictured.",0.55,Positive
REV01596,Vogue Apparel,Apparel,2025-09-20,4,"Very soft material, fits perfectly!",0.57,Positive
REV01597,Vogue Apparel,Apparel,2025-09-26,4,"Excellent quality jeans, very durable.",0.71,Positive
REV01598,Vogue Apparel,Apparel,2025-09-26,5,Great style and comfortable to wear all day.,0.53,Positive
REV01599,Vogue Apparel,Apparel,2025-09-28,4,"Very soft material, fits perfectly!",0.52,Positive
REV01600,Vogue Apparel,Apparel,2025-10-03,3,"Product is okay, nothing special.",-0.02,Neutral
REV01601,Vogue Apparel,Apparel,2025-10-03,4,"Absolutely love the color, exactly as pictured.",0.47,Positive
REV01602,Vogue Apparel,Apparel,2025-10-03,4,"Perfect fit, fast delivery!",0.38,Positive
REV01603,Vogue Apparel,Apparel,2025-10-09,5,"Perfect fit, fast delivery!",0.37,Positive
REV01604,Vogue Apparel,Apparel,2025-10-10,4,"Excellent quality jeans, very durable.",0.62,Positive
REV01605,Vogue Apparel,Apparel,2025-10-11,3,"It does what it says, but feels a bit lightweight.",0.14,Neutral
REV01606,Vogue Apparel,Apparel,2025-10-20,4,"Absolutely love the color, exactly as pictured.",0.52,Positive
REV01607,Vogue Apparel,Apparel,2025-10-16,4,"Perfect fit, fast delivery!",0.52,Positive
REV01608,Vogue Apparel,Apparel,2025-10-15,5,"Absolutely love the color, exactly as pictured.",0.53,Positive
REV01609,Vogue Apparel,Apparel,2025-10-23,3,"Product is okay, nothing special.",0.1,Neutral
REV01610,Vogue Apparel,Apparel,2025-10-24,5,"Perfect fit, fast delivery!",0.7,Positive
REV01611,Vogue Apparel,Apparel,2025-10-24,3,"Product is okay, nothing special.",-0.04,Neutral
REV01612,Vogue Apparel,Apparel,2025-11-03,4,"Excellent quality jeans, very durable.",0.78,Positive
REV01613,Vogue Apparel,Apparel,2025-10-29,4,Great style and comfortable to wear all day.,0.5,Positive
REV01614,Vogue Apparel,Apparel,2025-11-02,4,"Absolutely love the color, exactly as pictured.",0.64,Positive
REV01615,Vogue Apparel,Apparel,2025-11-08,5,"Excellent quality jeans, very durable.",0.87,Positive
REV01616,Vogue Apparel,Apparel,2025-11-06,4,"Very soft material, fits perfectly!",0.55,Positive
REV01617,Vogue Apparel,Apparel,2025-11-05,5,Great style and comfortable to wear all day.,0.86,Positive
REV01618,Vogue Apparel,Apparel,2025-11-16,3,Average quality for the price.,-0.0,Neutral
REV01619,Vogue Apparel,Apparel,2025-11-17,5,"Excellent quality jeans, very durable.",0.64,Positive
REV01620,Vogue Apparel,Apparel,2025-11-15,3,"Took a bit long to ship, but works fine.",0.19,Neutral
REV01621,Vogue Apparel,Apparel,2025-11-23,4,"Very soft material, fits perfectly!",0.6,Positive
REV01622,Vogue Apparel,Apparel,2025-11-23,4,"Very soft material, fits perfectly!",0.8,Positive
REV01623,Vogue Apparel,Apparel,2025-11-24,5,"Absolutely love the color, exactly as pictured.",0.51,Positive
REV01624,Vogue Apparel,Apparel,2025-11-30,5,"Very soft material, fits perfectly!",0.33,Positive
REV01625,Vogue Apparel,Apparel,2025-11-26,4,"Perfect fit, fast delivery!",0.8,Positive
REV01626,Vogue Apparel,Apparel,2025-12-01,5,"Excellent quality jeans, very durable.",0.72,Positive
REV01627,Vogue Apparel,Apparel,2025-12-05,5,"Absolutely love the color, exactly as pictured.",0.79,Positive
REV01628,Vogue Apparel,Apparel,2025-12-05,5,Great style and comfortable to wear all day.,0.74,Positive
REV01629,Vogue Apparel,Apparel,2025-12-08,4,"Excellent quality jeans, very durable.",0.73,Positive
REV01630,Vogue Apparel,Apparel,2025-12-12,5,Great style and comfortable to wear all day.,0.63,Positive
REV01631,Vogue Apparel,Apparel,2025-12-12,5,"Excellent quality jeans, very durable.",0.31,Positive
REV01632,Vogue Apparel,Apparel,2025-12-10,4,"Absolutely love the color, exactly as pictured.",0.4,Positive
REV01633,Vogue Apparel,Apparel,2025-12-21,5,"Absolutely love the color, exactly as pictured.",0.71,Positive
REV01634,Vogue Apparel,Apparel,2025-12-18,4,"Very soft material, fits perfectly!",0.55,Positive
REV01635,Vogue Apparel,Apparel,2025-12-18,5,"Very soft material, fits perfectly!",0.34,Positive
REV01636,Vogue Apparel,Apparel,2025-12-26,5,"Excellent quality jeans, very durable.",0.31,Positive
REV01637,Vogue Apparel,Apparel,2025-12-24,4,"Excellent quality jeans, very durable.",0.65,Positive
REV01638,Vogue Apparel,Apparel,2025-12-26,5,"Perfect fit, fast delivery!",0.84,Positive
REV01639,Vogue Apparel,Apparel,2026-01-03,3,Average quality for the price.,0.08,Neutral
REV01640,Vogue Apparel,Apparel,2026-01-03,4,Great style and comfortable to wear all day.,0.49,Positive
REV01641,Vogue Apparel,Apparel,2025-12-31,5,Great style and comfortable to wear all day.,0.64,Positive
REV01642,Vogue Apparel,Apparel,2026-01-12,5,"Absolutely love the color, exactly as pictured.",0.75,Positive
REV01643,Vogue Apparel,Apparel,2026-01-12,5,Great style and comfortable to wear all day.,0.5,Positive
REV01644,Vogue Apparel,Apparel,2026-01-07,5,"Perfect fit, fast delivery!",0.89,Positive
REV01645,Vogue Apparel,Apparel,2026-01-15,4,Great style and comfortable to wear all day.,0.46,Positive
REV01646,Vogue Apparel,Apparel,2026-01-19,3,"Product is okay, nothing special.",-0.03,Neutral
REV01647,Vogue Apparel,Apparel,2026-01-16,4,"Absolutely love the color, exactly as pictured.",0.42,Positive
REV01648,Vogue Apparel,Apparel,2026-01-21,5,"Perfect fit, fast delivery!",0.75,Positive
REV01649,Vogue Apparel,Apparel,2026-01-23,5,Great style and comfortable to wear all day.,0.59,Positive
REV01650,Vogue Apparel,Apparel,2026-01-21,5,"Absolutely love the color, exactly as pictured.",0.69,Positive
REV01651,Vogue Apparel,Apparel,2026-02-01,5,"Excellent quality jeans, very durable.",0.51,Positive
REV01652,Vogue Apparel,Apparel,2026-01-29,5,"Perfect fit, fast delivery!",0.76,Positive
REV01653,Vogue Apparel,Apparel,2026-01-31,5,"Very soft material, fits perfectly!",0.62,Positive
REV01654,Vogue Apparel,Apparel,2026-02-04,4,"Absolutely love the color, exactly as pictured.",0.62,Positive
REV01655,Vogue Apparel,Apparel,2026-02-04,4,"Very soft material, fits perfectly!",0.36,Positive
REV01656,Vogue Apparel,Apparel,2026-02-05,5,"Absolutely love the color, exactly as pictured.",0.76,Positive
REV01657,Vogue Apparel,Apparel,2026-02-13,5,"Excellent quality jeans, very durable.",0.71,Positive
REV01658,Vogue Apparel,Apparel,2026-02-15,4,"Very soft material, fits perfectly!",0.55,Positive
REV01659,Vogue Apparel,Apparel,2026-02-13,4,"Perfect fit, fast delivery!",0.47,Positive
REV01660,Vogue Apparel,Apparel,2026-02-18,5,"Very soft material, fits perfectly!",0.76,Positive
REV01661,Vogue Apparel,Apparel,2026-02-23,5,"Absolutely love the color, exactly as pictured.",0.32,Positive
REV01662,Vogue Apparel,Apparel,2026-02-19,4,"Excellent quality jeans, very durable.",0.52,Positive
REV01663,Vogue Apparel,Apparel,2026-02-25,4,Great style and comfortable to wear all day.,0.86,Positive
REV01664,Vogue Apparel,Apparel,2026-02-28,5,"Very soft material, fits perfectly!",0.3,Positive
REV01665,Vogue Apparel,Apparel,2026-02-26,5,"Very soft material, fits perfectly!",0.38,Positive
REV01666,Vogue Apparel,Apparel,2026-03-09,5,"Excellent quality jeans, very durable.",0.79,Positive
REV01667,Vogue Apparel,Apparel,2026-03-07,5,"Excellent quality jeans, very durable.",0.85,Positive
REV01668,Vogue Apparel,Apparel,2026-03-07,4,"Very soft material, fits perfectly!",0.43,Positive
REV01669,Vogue Apparel,Apparel,2026-03-12,4,"Excellent quality jeans, very durable.",0.74,Positive
REV01670,Vogue Apparel,Apparel,2026-03-12,5,Great style and comfortable to wear all day.,0.48,Positive
REV01671,Vogue Apparel,Apparel,2026-03-13,4,"Absolutely love the color, exactly as pictured.",0.71,Positive
REV01672,Vogue Apparel,Apparel,2026-03-19,5,"Excellent quality jeans, very durable.",0.42,Positive
REV01673,Vogue Apparel,Apparel,2026-03-22,4,"Very soft material, fits perfectly!",0.53,Positive
REV01674,Vogue Apparel,Apparel,2026-03-22,5,"Perfect fit, fast delivery!",0.73,Positive
REV01675,Vogue Apparel,Apparel,2026-03-28,4,Great style and comfortable to wear all day.,0.49,Positive
REV01676,Vogue Apparel,Apparel,2026-03-29,5,"Excellent quality jeans, very durable.",0.5,Positive
REV01677,Vogue Apparel,Apparel,2026-03-25,4,"Excellent quality jeans, very durable.",0.61,Positive
REV01678,Vogue Apparel,Apparel,2026-04-04,5,Great style and comfortable to wear all day.,0.85,Positive
REV01679,Vogue Apparel,Apparel,2026-04-04,5,"Absolutely love the color, exactly as pictured.",0.63,Positive
REV01680,Vogue Apparel,Apparel,2026-04-06,5,"Absolutely love the color, exactly as pictured.",0.43,Positive
REV01681,Vogue Apparel,Apparel,2026-04-13,4,"Absolutely love the color, exactly as pictured.",0.36,Positive
REV01682,Vogue Apparel,Apparel,2026-04-08,5,"Perfect fit, fast delivery!",0.73,Positive
REV01683,Vogue Apparel,Apparel,2026-04-13,4,"Excellent quality jeans, very durable.",0.31,Positive
REV01684,Vogue Apparel,Apparel,2026-04-19,5,"Excellent quality jeans, very durable.",0.86,Positive
REV01685,Vogue Apparel,Apparel,2026-04-17,5,"Excellent quality jeans, very durable.",0.51,Positive
REV01686,Vogue Apparel,Apparel,2026-04-19,5,"Perfect fit, fast delivery!",0.53,Positive
REV01687,Vogue Apparel,Apparel,2026-04-24,4,"Excellent quality jeans, very durable.",0.83,Positive
REV01688,Vogue Apparel,Apparel,2026-04-22,4,"Absolutely love the color, exactly as pictured.",0.39,Positive
REV01689,Vogue Apparel,Apparel,2026-04-26,5,Great style and comfortable to wear all day.,0.72,Positive
REV01690,Vogue Apparel,Apparel,2026-05-01,4,"Very soft material, fits perfectly!",0.67,Positive
REV01691,Vogue Apparel,Apparel,2026-05-02,4,"Very soft material, fits perfectly!",0.37,Positive
REV01692,Vogue Apparel,Apparel,2026-05-01,5,"Perfect fit, fast delivery!",0.31,Positive
REV01693,Vogue Apparel,Apparel,2026-05-07,4,"Perfect fit, fast delivery!",0.42,Positive
REV01694,Vogue Apparel,Apparel,2026-05-06,4,"Absolutely love the color, exactly as pictured.",0.33,Positive
REV01695,Vogue Apparel,Apparel,2026-05-11,4,"Absolutely love the color, exactly as pictured.",0.88,Positive
REV01696,Vogue Apparel,Apparel,2026-05-17,5,Great style and comfortable to wear all day.,0.84,Positive
REV01697,Vogue Apparel,Apparel,2026-05-14,5,"Very soft material, fits perfectly!",0.69,Positive
REV01698,Vogue Apparel,Apparel,2026-05-16,5,"Perfect fit, fast delivery!",0.53,Positive
REV01699,Vogue Apparel,Apparel,2026-05-21,4,"Absolutely love the color, exactly as pictured.",0.54,Positive
REV01700,Vogue Apparel,Apparel,2026-05-24,5,"Absolutely love the color, exactly as pictured.",0.49,Positive
REV01701,Vogue Apparel,Apparel,2026-05-25,4,Great style and comfortable to wear all day.,0.6,Positive
REV01702,Vogue Apparel,Apparel,2026-05-31,4,Great style and comfortable to wear all day.,0.83,Positive
REV01703,Vogue Apparel,Apparel,2026-06-01,4,"Very soft material, fits perfectly!",0.46,Positive
REV01704,Vogue Apparel,Apparel,2026-05-31,5,Great style and comfortable to wear all day.,0.78,Positive
REV01705,Vogue Apparel,Apparel,2026-06-07,5,"Absolutely love the color, exactly as pictured.",0.33,Positive
REV01706,Vogue Apparel,Apparel,2026-06-06,3,Average quality for the price.,-0.1,Neutral
REV01707,Vogue Apparel,Apparel,2026-06-05,5,"Perfect fit, fast delivery!",0.37,Positive
REV01708,Vogue Apparel,Apparel,2026-06-10,4,"Excellent quality jeans, very durable.",0.46,Positive
REV01709,Vogue Apparel,Apparel,2026-06-10,4,"Very soft material, fits perfectly!",0.79,Positive
REV01710,Vogue Apparel,Apparel,2026-06-14,5,"Absolutely love the color, exactly as pictured.",0.76,Positive
REV01711,Vogue Apparel,Apparel,2026-06-21,3,"Product is okay, nothing special.",0.16,Neutral
REV01712,Vogue Apparel,Apparel,2026-06-17,4,"Excellent quality jeans, very durable.",0.84,Positive
REV01713,Vogue Apparel,Apparel,2026-06-21,4,Great style and comfortable to wear all day.,0.38,Positive
REV01714,Vogue Apparel,Apparel,2026-06-26,4,"Absolutely love the color, exactly as pictured.",0.33,Positive
REV01715,Vogue Apparel,Apparel,2026-06-26,5,"Absolutely love the color, exactly as pictured.",0.7,Positive
REV01716,Vogue Apparel,Apparel,2026-06-24,5,"Very soft material, fits perfectly!",0.8,Positive
REV01717,TrendFashion Co,Apparel,2025-07-07,4,"Perfect fit, fast delivery!",0.89,Positive
REV01718,TrendFashion Co,Apparel,2025-07-02,3,Average quality for the price.,0.15,Neutral
REV01719,TrendFashion Co,Apparel,2025-07-04,2,"Cheap material, tore on the very first day. Waste of money.",-0.25,Negative
REV01720,TrendFashion Co,Apparel,2025-07-13,3,"Decent item, fits reasonably well.",0.08,Neutral
REV01721,TrendFashion Co,Apparel,2025-07-11,4,"Very soft material, fits perfectly!",0.69,Positive
REV01722,TrendFashion Co,Apparel,2025-07-11,4,Great style and comfortable to wear all day.,0.44,Positive
REV01723,TrendFashion Co,Apparel,2025-07-21,2,Very fragile. Fell apart immediately.,-0.37,Negative
REV01724,TrendFashion Co,Apparel,2025-07-21,4,"Excellent quality jeans, very durable.",0.45,Positive
REV01725,TrendFashion Co,Apparel,2025-07-17,3,"Took a bit long to ship, but works fine.",0.24,Neutral
REV01726,TrendFashion Co,Apparel,2025-07-28,3,"It does what it says, but feels a bit lightweight.",0.24,Neutral
REV01727,TrendFashion Co,Apparel,2025-07-25,3,"It does what it says, but feels a bit lightweight.",-0.01,Neutral
REV01728,TrendFashion Co,Apparel,2025-07-28,4,"Absolutely love the color, exactly as pictured.",0.54,Positive
REV01729,TrendFashion Co,Apparel,2025-08-02,4,"Absolutely love the color, exactly as pictured.",0.51,Positive
REV01730,TrendFashion Co,Apparel,2025-08-04,3,"Took a bit long to ship, but works fine.",0.29,Neutral
REV01731,TrendFashion Co,Apparel,2025-07-31,2,Poor quality product. Broke within five minutes of use.,-0.4,Negative
REV01732,TrendFashion Co,Apparel,2025-08-11,3,"Product is okay, nothing special.",-0.01,Neutral
REV01733,TrendFashion Co,Apparel,2025-08-09,5,"Perfect fit, fast delivery!",0.68,Positive
REV01734,TrendFashion Co,Apparel,2025-08-06,3,"It does what it says, but feels a bit lightweight.",0.0,Neutral
REV01735,TrendFashion Co,Apparel,2025-08-15,4,"Perfect fit, fast delivery!",0.8,Positive
REV01736,TrendFashion Co,Apparel,2025-08-14,4,"Perfect fit, fast delivery!",0.45,Positive
REV01737,TrendFashion Co,Apparel,2025-08-13,4,"Perfect fit, fast delivery!",0.52,Positive
REV01738,TrendFashion Co,Apparel,2025-08-22,5,"Absolutely love the color, exactly as pictured.",0.83,Positive
REV01739,TrendFashion Co,Apparel,2025-08-21,3,"Product is okay, nothing special.",0.13,Neutral
REV01740,TrendFashion Co,Apparel,2025-08-22,4,Great style and comfortable to wear all day.,0.89,Positive
REV01741,TrendFashion Co,Apparel,2025-09-01,4,"Very soft material, fits perfectly!",0.42,Positive
REV01742,TrendFashion Co,Apparel,2025-08-30,4,Great style and comfortable to wear all day.,0.6,Positive
REV01743,TrendFashion Co,Apparel,2025-08-29,4,"Very soft material, fits perfectly!",0.6,Positive
REV01744,TrendFashion Co,Apparel,2025-09-08,4,"Absolutely love the color, exactly as pictured.",0.68,Positive
REV01745,TrendFashion Co,Apparel,2025-09-05,3,"Product is okay, nothing special.",0.01,Neutral
REV01746,TrendFashion Co,Apparel,2025-09-03,3,"Took a bit long to ship, but works fine.",-0.1,Neutral
REV01747,TrendFashion Co,Apparel,2025-09-10,4,"Very soft material, fits perfectly!",0.62,Positive
REV01748,TrendFashion Co,Apparel,2025-09-13,3,"Decent item, fits reasonably well.",0.02,Neutral
REV01749,TrendFashion Co,Apparel,2025-09-11,4,"Excellent quality jeans, very durable.",0.69,Positive
REV01750,TrendFashion Co,Apparel,2025-09-20,3,"Decent item, fits reasonably well.",0.28,Neutral
REV01751,TrendFashion Co,Apparel,2025-09-21,3,"Took a bit long to ship, but works fine.",0.18,Neutral
REV01752,TrendFashion Co,Apparel,2025-09-17,4,"Excellent quality jeans, very durable.",0.53,Positive
REV01753,TrendFashion Co,Apparel,2025-09-27,2,Poor quality product. Broke within five minutes of use.,-0.33,Negative
REV01754,TrendFashion Co,Apparel,2025-09-24,3,"Product is okay, nothing special.",0.22,Neutral
REV01755,TrendFashion Co,Apparel,2025-09-26,2,"Cheap material, tore on the very first day. Waste of money.",-0.45,Negative
REV01756,TrendFashion Co,Apparel,2025-10-01,3,"Product is okay, nothing special.",-0.04,Neutral
REV01757,TrendFashion Co,Apparel,2025-10-04,2,Poor quality product. Broke within five minutes of use.,-0.29,Negative
REV01758,TrendFashion Co,Apparel,2025-10-06,3,Average quality for the price.,0.06,Neutral
REV01759,TrendFashion Co,Apparel,2025-10-08,3,"It does what it says, but feels a bit lightweight.",0.17,Neutral
REV01760,TrendFashion Co,Apparel,2025-10-12,4,Great style and comfortable to wear all day.,0.45,Positive
REV01761,TrendFashion Co,Apparel,2025-10-11,3,"It does what it says, but feels a bit lightweight.",-0.03,Neutral
REV01762,TrendFashion Co,Apparel,2025-10-18,3,"Product is okay, nothing special.",-0.02,Neutral
REV01763,TrendFashion Co,Apparel,2025-10-19,4,"Absolutely love the color, exactly as pictured.",0.52,Positive
REV01764,TrendFashion Co,Apparel,2025-10-15,2,Poor quality product. Broke within five minutes of use.,-0.81,Negative
REV01765,TrendFashion Co,Apparel,2025-10-23,3,"Took a bit long to ship, but works fine.",0.18,Neutral
REV01766,TrendFashion Co,Apparel,2025-10-25,4,"Absolutely love the color, exactly as pictured.",0.71,Positive
REV01767,TrendFashion Co,Apparel,2025-10-27,3,"It does what it says, but feels a bit lightweight.",0.03,Neutral
REV01768,TrendFashion Co,Apparel,2025-10-31,3,"It does what it says, but feels a bit lightweight.",0.24,Neutral
REV01769,TrendFashion Co,Apparel,2025-10-31,4,Great style and comfortable to wear all day.,0.35,Positive
REV01770,TrendFashion Co,Apparel,2025-10-29,3,Average quality for the price.,-0.03,Neutral
REV01771,TrendFashion Co,Apparel,2025-11-09,3,"Decent item, fits reasonably well.",0.11,Neutral
REV01772,TrendFashion Co,Apparel,2025-11-08,3,"It does what it says, but feels a bit lightweight.",0.2,Neutral
REV01773,TrendFashion Co,Apparel,2025-11-07,1,"Cheap material, tore on the very first day. Waste of money.",-0.62,Negative
REV01774,TrendFashion Co,Apparel,2025-11-12,4,"Excellent quality jeans, very durable.",0.61,Positive
REV01775,TrendFashion Co,Apparel,2025-11-17,4,Great style and comfortable to wear all day.,0.67,Positive
REV01776,TrendFashion Co,Apparel,2025-11-15,4,"Perfect fit, fast delivery!",0.69,Positive
REV01777,TrendFashion Co,Apparel,2025-11-19,3,"Product is okay, nothing special.",0.09,Neutral
REV01778,TrendFashion Co,Apparel,2025-11-24,1,Poor quality product. Broke within five minutes of use.,-0.71,Negative
REV01779,TrendFashion Co,Apparel,2025-11-19,3,"Took a bit long to ship, but works fine.",0.06,Neutral
REV01780,TrendFashion Co,Apparel,2025-11-28,3,"Product is okay, nothing special.",0.23,Neutral
REV01781,TrendFashion Co,Apparel,2025-11-29,3,"Decent item, fits reasonably well.",0.2,Neutral
REV01782,TrendFashion Co,Apparel,2025-12-01,4,"Excellent quality jeans, very durable.",0.67,Positive
REV01783,TrendFashion Co,Apparel,2025-12-08,3,"Product is okay, nothing special.",0.29,Neutral
REV01784,TrendFashion Co,Apparel,2025-12-05,2,Poor quality product. Broke within five minutes of use.,-0.37,Negative
REV01785,TrendFashion Co,Apparel,2025-12-05,5,"Excellent quality jeans, very durable.",0.8,Positive
REV01786,TrendFashion Co,Apparel,2025-12-10,3,"Decent item, fits reasonably well.",-0.05,Neutral
REV01787,TrendFashion Co,Apparel,2025-12-13,3,"Took a bit long to ship, but works fine.",0.11,Neutral
REV01788,TrendFashion Co,Apparel,2025-12-11,2,"Looks cheap and plasticky, completely different from pictures.",-0.37,Negative
REV01789,TrendFashion Co,Apparel,2025-12-17,3,"It does what it says, but feels a bit lightweight.",0.13,Neutral
REV01790,TrendFashion Co,Apparel,2025-12-22,3,Average quality for the price.,0.07,Neutral
REV01791,TrendFashion Co,Apparel,2025-12-22,2,"Cheap material, tore on the very first day. Waste of money.",-0.44,Negative
REV01792,TrendFashion Co,Apparel,2025-12-27,3,"It does what it says, but feels a bit lightweight.",0.19,Neutral
REV01793,TrendFashion Co,Apparel,2025-12-25,4,"Perfect fit, fast delivery!",0.65,Positive
REV01794,TrendFashion Co,Apparel,2025-12-24,4,"Perfect fit, fast delivery!",0.57,Positive
REV01795,TrendFashion Co,Apparel,2026-01-05,2,Do not buy. Very poor construction and cheap build.,-0.59,Negative
REV01796,TrendFashion Co,Apparel,2026-01-04,3,"Decent item, fits reasonably well.",0.29,Neutral
REV01797,TrendFashion Co,Apparel,2026-01-03,3,Average quality for the price.,-0.05,Neutral
REV01798,TrendFashion Co,Apparel,2026-01-12,2,Very fragile. Fell apart immediately.,-0.68,Negative
REV01799,TrendFashion Co,Apparel,2026-01-11,3,"Product is okay, nothing special.",-0.02,Neutral
REV01800,TrendFashion Co,Apparel,2026-01-11,3,"It does what it says, but feels a bit lightweight.",0.14,Neutral
REV01801,TrendFashion Co,Apparel,2026-01-15,3,"It does what it says, but feels a bit lightweight.",-0.03,Neutral
REV01802,TrendFashion Co,Apparel,2026-01-17,5,"Very soft material, fits perfectly!",0.71,Positive
REV01803,TrendFashion Co,Apparel,2026-01-15,4,"Absolutely love the color, exactly as pictured.",0.37,Positive
REV01804,TrendFashion Co,Apparel,2026-01-22,3,Average quality for the price.,0.03,Neutral
REV01805,TrendFashion Co,Apparel,2026-01-24,4,"Very soft material, fits perfectly!",0.9,Positive
REV01806,TrendFashion Co,Apparel,2026-01-26,3,"Product is okay, nothing special.",0.0,Neutral
REV01807,TrendFashion Co,Apparel,2026-02-02,3,Average quality for the price.,0.16,Neutral
REV01808,TrendFashion Co,Apparel,2026-02-01,3,Average quality for the price.,0.28,Neutral
REV01809,TrendFashion Co,Apparel,2026-01-30,4,Great style and comfortable to wear all day.,0.35,Positive
REV01810,TrendFashion Co,Apparel,2026-02-04,4,"Very soft material, fits perfectly!",0.63,Positive
REV01811,TrendFashion Co,Apparel,2026-02-08,3,"Decent item, fits reasonably well.",0.07,Neutral
REV01812,TrendFashion Co,Apparel,2026-02-08,3,"Decent item, fits reasonably well.",0.02,Neutral
REV01813,TrendFashion Co,Apparel,2026-02-15,4,Great style and comfortable to wear all day.,0.49,Positive
REV01814,TrendFashion Co,Apparel,2026-02-11,4,"Excellent quality jeans, very durable.",0.45,Positive
REV01815,TrendFashion Co,Apparel,2026-02-15,4,"Perfect fit, fast delivery!",0.57,Positive
REV01816,TrendFashion Co,Apparel,2026-02-18,3,"Decent item, fits reasonably well.",-0.09,Neutral
REV01817,TrendFashion Co,Apparel,2026-02-19,4,"Excellent quality jeans, very durable.",0.62,Positive
REV01818,TrendFashion Co,Apparel,2026-02-22,4,"Absolutely love the color, exactly as pictured.",0.49,Positive
REV01819,TrendFashion Co,Apparel,2026-02-25,3,"It does what it says, but feels a bit lightweight.",0.06,Neutral
REV01820,TrendFashion Co,Apparel,2026-03-01,4,"Very soft material, fits perfectly!",0.36,Positive
REV01821,TrendFashion Co,Apparel,2026-02-27,3,"Product is okay, nothing special.",0.06,Neutral
REV01822,TrendFashion Co,Apparel,2026-03-07,5,Great style and comfortable to wear all day.,0.63,Positive
REV01823,TrendFashion Co,Apparel,2026-03-09,2,Very fragile. Fell apart immediately.,-0.62,Negative
REV01824,TrendFashion Co,Apparel,2026-03-08,3,"Decent item, fits reasonably well.",0.06,Neutral
REV01825,TrendFashion Co,Apparel,2026-03-11,3,"Decent item, fits reasonably well.",0.09,Neutral
REV01826,TrendFashion Co,Apparel,2026-03-13,3,Average quality for the price.,0.09,Neutral
REV01827,TrendFashion Co,Apparel,2026-03-12,3,"Decent item, fits reasonably well.",0.11,Neutral
REV01828,TrendFashion Co,Apparel,2026-03-23,4,"Perfect fit, fast delivery!",0.69,Positive
REV01829,TrendFashion Co,Apparel,2026-03-18,4,"Excellent quality jeans, very durable.",0.82,Positive
REV01830,TrendFashion Co,Apparel,2026-03-20,3,"Decent item, fits reasonably well.",-0.04,Neutral
REV01831,TrendFashion Co,Apparel,2026-03-25,4,"Absolutely love the color, exactly as pictured.",0.31,Positive
REV01832,TrendFashion Co,Apparel,2026-03-27,3,"Decent item, fits reasonably well.",0.14,Neutral
REV01833,TrendFashion Co,Apparel,2026-03-25,4,Great style and comfortable to wear all day.,0.47,Positive
REV01834,TrendFashion Co,Apparel,2026-04-03,3,"Took a bit long to ship, but works fine.",0.14,Neutral
REV01835,TrendFashion Co,Apparel,2026-04-04,3,"Took a bit long to ship, but works fine.",0.01,Neutral
REV01836,TrendFashion Co,Apparel,2026-04-02,4,"Very soft material, fits perfectly!",0.46,Positive
REV01837,TrendFashion Co,Apparel,2026-04-13,3,"Took a bit long to ship, but works fine.",0.11,Neutral
REV01838,TrendFashion Co,Apparel,2026-04-10,2,"Looks cheap and plasticky, completely different from pictures.",-0.76,Negative
REV01839,TrendFashion Co,Apparel,2026-04-13,2,Do not buy. Very poor construction and cheap build.,-0.88,Negative
REV01840,TrendFashion Co,Apparel,2026-04-16,2,Very fragile. Fell apart immediately.,-0.75,Negative
REV01841,TrendFashion Co,Apparel,2026-04-20,3,"Decent item, fits reasonably well.",-0.04,Neutral
REV01842,TrendFashion Co,Apparel,2026-04-19,3,"Decent item, fits reasonably well.",0.18,Neutral
REV01843,TrendFashion Co,Apparel,2026-04-26,3,"Product is okay, nothing special.",0.07,Neutral
REV01844,TrendFashion Co,Apparel,2026-04-22,3,Average quality for the price.,0.16,Neutral
REV01845,TrendFashion Co,Apparel,2026-04-27,5,Great style and comfortable to wear all day.,0.88,Positive
REV01846,TrendFashion Co,Apparel,2026-04-30,4,"Excellent quality jeans, very durable.",0.6,Positive
REV01847,TrendFashion Co,Apparel,2026-05-03,3,"It does what it says, but feels a bit lightweight.",0.22,Neutral
REV01848,TrendFashion Co,Apparel,2026-04-30,3,"Product is okay, nothing special.",0.02,Neutral
REV01849,TrendFashion Co,Apparel,2026-05-06,3,Average quality for the price.,0.25,Neutral
REV01850,TrendFashion Co,Apparel,2026-05-09,2,"Cheap material, tore on the very first day. Waste of money.",-0.39,Negative
REV01851,TrendFashion Co,Apparel,2026-05-11,2,"Looks cheap and plasticky, completely different from pictures.",-0.65,Negative
REV01852,TrendFashion Co,Apparel,2026-05-15,3,"Took a bit long to ship, but works fine.",0.14,Neutral
REV01853,TrendFashion Co,Apparel,2026-05-16,2,Do not buy. Very poor construction and cheap build.,-0.6,Negative
REV01854,TrendFashion Co,Apparel,2026-05-18,5,"Very soft material, fits perfectly!",0.33,Positive
REV01855,TrendFashion Co,Apparel,2026-05-22,3,Average quality for the price.,-0.02,Neutral
REV01856,TrendFashion Co,Apparel,2026-05-23,2,Do not buy. Very poor construction and cheap build.,-0.56,Negative
REV01857,TrendFashion Co,Apparel,2026-05-23,4,"Absolutely love the color, exactly as pictured.",0.4,Positive
REV01858,TrendFashion Co,Apparel,2026-05-29,3,"It does what it says, but feels a bit lightweight.",-0.05,Neutral
REV01859,TrendFashion Co,Apparel,2026-05-28,3,"Took a bit long to ship, but works fine.",-0.04,Neutral
REV01860,TrendFashion Co,Apparel,2026-06-01,4,Great style and comfortable to wear all day.,0.81,Positive
REV01861,TrendFashion Co,Apparel,2026-06-05,4,"Very soft material, fits perfectly!",0.56,Positive
REV01862,TrendFashion Co,Apparel,2026-06-06,3,"Product is okay, nothing special.",0.06,Neutral
REV01863,TrendFashion Co,Apparel,2026-06-04,3,"Product is okay, nothing special.",-0.05,Neutral
REV01864,TrendFashion Co,Apparel,2026-06-15,2,Poor quality product. Broke within five minutes of use.,-0.81,Negative
REV01865,TrendFashion Co,Apparel,2026-06-15,3,Average quality for the price.,0.24,Neutral
REV01866,TrendFashion Co,Apparel,2026-06-15,2,"Looks cheap and plasticky, completely different from pictures.",-0.66,Negative
REV01867,TrendFashion Co,Apparel,2026-06-17,3,"It does what it says, but feels a bit lightweight.",0.16,Neutral
REV01868,TrendFashion Co,Apparel,2026-06-20,4,"Very soft material, fits perfectly!",0.5,Positive
REV01869,TrendFashion Co,Apparel,2026-06-21,2,Poor quality product. Broke within five minutes of use.,-0.66,Negative
REV01870,TrendFashion Co,Apparel,2026-06-26,3,Average quality for the price.,0.24,Neutral
REV01871,TrendFashion Co,Apparel,2026-06-26,4,"Perfect fit, fast delivery!",0.31,Positive
REV01872,TrendFashion Co,Apparel,2026-06-27,3,"Took a bit long to ship, but works fine.",0.19,Neutral
REV01873,StyleVibe,Apparel,2025-07-05,5,Great style and comfortable to wear all day.,0.37,Positive
REV01874,StyleVibe,Apparel,2025-07-03,5,Great style and comfortable to wear all day.,0.43,Positive
REV01875,StyleVibe,Apparel,2025-07-04,5,"Excellent quality jeans, very durable.",0.67,Positive
REV01876,StyleVibe,Apparel,2025-07-13,4,"Perfect fit, fast delivery!",0.64,Positive
REV01877,StyleVibe,Apparel,2025-07-13,3,"Decent item, fits reasonably well.",0.27,Neutral
REV01878,StyleVibe,Apparel,2025-07-09,5,"Very soft material, fits perfectly!",0.38,Positive
REV01879,StyleVibe,Apparel,2025-07-20,5,Great style and comfortable to wear all day.,0.57,Positive
REV01880,StyleVibe,Apparel,2025-07-20,3,"It does what it says, but feels a bit lightweight.",-0.09,Neutral
REV01881,StyleVibe,Apparel,2025-07-18,5,Great style and comfortable to wear all day.,0.71,Positive
REV01882,StyleVibe,Apparel,2025-07-26,4,"Very soft material, fits perfectly!",0.6,Positive
REV01883,StyleVibe,Apparel,2025-07-25,5,"Very soft material, fits perfectly!",0.35,Positive
REV01884,StyleVibe,Apparel,2025-07-28,3,"Took a bit long to ship, but works fine.",0.28,Neutral
REV01885,StyleVibe,Apparel,2025-08-01,5,Great style and comfortable to wear all day.,0.89,Positive
REV01886,StyleVibe,Apparel,2025-07-31,5,Great style and comfortable to wear all day.,0.74,Positive
REV01887,StyleVibe,Apparel,2025-08-03,5,"Absolutely love the color, exactly as pictured.",0.43,Positive
REV01888,StyleVibe,Apparel,2025-08-06,5,"Absolutely love the color, exactly as pictured.",0.32,Positive
REV01889,StyleVibe,Apparel,2025-08-09,5,"Perfect fit, fast delivery!",0.39,Positive
REV01890,StyleVibe,Apparel,2025-08-11,5,Great style and comfortable to wear all day.,0.66,Positive
REV01891,StyleVibe,Apparel,2025-08-18,5,"Very soft material, fits perfectly!",0.69,Positive
REV01892,StyleVibe,Apparel,2025-08-15,5,"Excellent quality jeans, very durable.",0.35,Positive
REV01893,StyleVibe,Apparel,2025-08-16,4,Great style and comfortable to wear all day.,0.49,Positive
REV01894,StyleVibe,Apparel,2025-08-25,5,"Excellent quality jeans, very durable.",0.86,Positive
REV01895,StyleVibe,Apparel,2025-08-24,5,"Very soft material, fits perfectly!",0.46,Positive
REV01896,StyleVibe,Apparel,2025-08-21,3,"It does what it says, but feels a bit lightweight.",0.23,Neutral
REV01897,StyleVibe,Apparel,2025-09-01,4,"Absolutely love the color, exactly as pictured.",0.61,Positive
REV01898,StyleVibe,Apparel,2025-09-01,5,"Perfect fit, fast delivery!",0.57,Positive
REV01899,StyleVibe,Apparel,2025-09-01,5,"Excellent quality jeans, very durable.",0.7,Positive
REV01900,StyleVibe,Apparel,2025-09-05,4,"Perfect fit, fast delivery!",0.35,Positive
REV01901,StyleVibe,Apparel,2025-09-08,5,"Absolutely love the color, exactly as pictured.",0.5,Positive
REV01902,StyleVibe,Apparel,2025-09-04,3,"It does what it says, but feels a bit lightweight.",0.19,Neutral
REV01903,StyleVibe,Apparel,2025-09-13,4,"Very soft material, fits perfectly!",0.87,Positive
REV01904,StyleVibe,Apparel,2025-09-15,5,"Absolutely love the color, exactly as pictured.",0.79,Positive
REV01905,StyleVibe,Apparel,2025-09-15,4,Great style and comfortable to wear all day.,0.42,Positive
REV01906,StyleVibe,Apparel,2025-09-22,5,"Absolutely love the color, exactly as pictured.",0.86,Positive
REV01907,StyleVibe,Apparel,2025-09-22,4,Great style and comfortable to wear all day.,0.73,Positive
REV01908,StyleVibe,Apparel,2025-09-18,5,"Very soft material, fits perfectly!",0.56,Positive
REV01909,StyleVibe,Apparel,2025-09-29,4,"Absolutely love the color, exactly as pictured.",0.33,Positive
REV01910,StyleVibe,Apparel,2025-09-27,4,Great style and comfortable to wear all day.,0.45,Positive
REV01911,StyleVibe,Apparel,2025-09-26,4,Great style and comfortable to wear all day.,0.82,Positive
REV01912,StyleVibe,Apparel,2025-10-03,5,"Perfect fit, fast delivery!",0.56,Positive
REV01913,StyleVibe,Apparel,2025-10-01,5,"Excellent quality jeans, very durable.",0.52,Positive
REV01914,StyleVibe,Apparel,2025-10-01,4,"Excellent quality jeans, very durable.",0.8,Positive
REV01915,StyleVibe,Apparel,2025-10-12,4,"Perfect fit, fast delivery!",0.32,Positive
REV01916,StyleVibe,Apparel,2025-10-08,4,"Perfect fit, fast delivery!",0.54,Positive
REV01917,StyleVibe,Apparel,2025-10-09,5,"Excellent quality jeans, very durable.",0.61,Positive
REV01918,StyleVibe,Apparel,2025-10-20,5,"Very soft material, fits perfectly!",0.44,Positive
REV01919,StyleVibe,Apparel,2025-10-19,4,"Excellent quality jeans, very durable.",0.85,Positive
REV01920,StyleVibe,Apparel,2025-10-18,4,Great style and comfortable to wear all day.,0.81,Positive
REV01921,StyleVibe,Apparel,2025-10-23,4,"Absolutely love the color, exactly as pictured.",0.61,Positive
REV01922,StyleVibe,Apparel,2025-10-24,5,"Absolutely love the color, exactly as pictured.",0.52,Positive
REV01923,StyleVibe,Apparel,2025-10-26,5,"Excellent quality jeans, very durable.",0.76,Positive
REV01924,StyleVibe,Apparel,2025-10-31,5,"Absolutely love the color, exactly as pictured.",0.38,Positive
REV01925,StyleVibe,Apparel,2025-10-29,5,"Absolutely love the color, exactly as pictured.",0.44,Positive
REV01926,StyleVibe,Apparel,2025-10-31,4,"Excellent quality jeans, very durable.",0.67,Positive
REV01927,StyleVibe,Apparel,2025-11-07,5,"Absolutely love the color, exactly as pictured.",0.78,Positive
REV01928,StyleVibe,Apparel,2025-11-05,3,"Product is okay, nothing special.",0.03,Neutral
REV01929,StyleVibe,Apparel,2025-11-07,4,"Excellent quality jeans, very durable.",0.47,Positive
REV01930,StyleVibe,Apparel,2025-11-16,5,"Absolutely love the color, exactly as pictured.",0.58,Positive
REV01931,StyleVibe,Apparel,2025-11-15,5,"Absolutely love the color, exactly as pictured.",0.66,Positive
REV01932,StyleVibe,Apparel,2025-11-13,3,"Product is okay, nothing special.",0.29,Neutral
REV01933,StyleVibe,Apparel,2025-11-24,5,"Excellent quality jeans, very durable.",0.66,Positive
REV01934,StyleVibe,Apparel,2025-11-22,5,"Excellent quality jeans, very durable.",0.73,Positive
REV01935,StyleVibe,Apparel,2025-11-22,5,"Excellent quality jeans, very durable.",0.46,Positive
REV01936,StyleVibe,Apparel,2025-11-26,5,"Very soft material, fits perfectly!",0.42,Positive
REV01937,StyleVibe,Apparel,2025-11-27,5,"Perfect fit, fast delivery!",0.74,Positive
REV01938,StyleVibe,Apparel,2025-11-26,5,Great style and comfortable to wear all day.,0.55,Positive
REV01939,StyleVibe,Apparel,2025-12-04,4,"Perfect fit, fast delivery!",0.38,Positive
REV01940,StyleVibe,Apparel,2025-12-08,5,"Very soft material, fits perfectly!",0.86,Positive
REV01941,StyleVibe,Apparel,2025-12-08,5,"Very soft material, fits perfectly!",0.54,Positive
REV01942,StyleVibe,Apparel,2025-12-11,5,"Absolutely love the color, exactly as pictured.",0.4,Positive
REV01943,StyleVibe,Apparel,2025-12-12,4,Great style and comfortable to wear all day.,0.46,Positive
REV01944,StyleVibe,Apparel,2025-12-10,4,"Absolutely love the color, exactly as pictured.",0.81,Positive
REV01945,StyleVibe,Apparel,2025-12-21,4,"Perfect fit, fast delivery!",0.54,Positive
REV01946,StyleVibe,Apparel,2025-12-18,4,Great style and comfortable to wear all day.,0.37,Positive
REV01947,StyleVibe,Apparel,2025-12-17,5,"Very soft material, fits perfectly!",0.73,Positive
REV01948,StyleVibe,Apparel,2025-12-27,5,Great style and comfortable to wear all day.,0.79,Positive
REV01949,StyleVibe,Apparel,2025-12-28,5,"Perfect fit, fast delivery!",0.87,Positive
REV01950,StyleVibe,Apparel,2025-12-26,5,"Perfect fit, fast delivery!",0.57,Positive
REV01951,StyleVibe,Apparel,2026-01-02,5,"Absolutely love the color, exactly as pictured.",0.87,Positive
REV01952,StyleVibe,Apparel,2026-01-02,5,"Excellent quality jeans, very durable.",0.34,Positive
REV01953,StyleVibe,Apparel,2026-01-01,4,"Absolutely love the color, exactly as pictured.",0.5,Positive
REV01954,StyleVibe,Apparel,2026-01-08,4,"Very soft material, fits perfectly!",0.46,Positive
REV01955,StyleVibe,Apparel,2026-01-12,5,"Absolutely love the color, exactly as pictured.",0.53,Positive
REV01956,StyleVibe,Apparel,2026-01-08,4,"Absolutely love the color, exactly as pictured.",0.74,Positive
REV01957,StyleVibe,Apparel,2026-01-18,5,"Very soft material, fits perfectly!",0.71,Positive
REV01958,StyleVibe,Apparel,2026-01-15,4,"Perfect fit, fast delivery!",0.5,Positive
REV01959,StyleVibe,Apparel,2026-01-16,5,"Very soft material, fits perfectly!",0.72,Positive
REV01960,StyleVibe,Apparel,2026-01-24,5,"Very soft material, fits perfectly!",0.68,Positive
REV01961,StyleVibe,Apparel,2026-01-25,4,Great style and comfortable to wear all day.,0.76,Positive
REV01962,StyleVibe,Apparel,2026-01-21,4,"Perfect fit, fast delivery!",0.5,Positive
REV01963,StyleVibe,Apparel,2026-02-02,5,"Very soft material, fits perfectly!",0.33,Positive
REV01964,StyleVibe,Apparel,2026-02-02,5,"Very soft material, fits perfectly!",0.48,Positive
REV01965,StyleVibe,Apparel,2026-01-28,4,"Very soft material, fits perfectly!",0.47,Positive
REV01966,StyleVibe,Apparel,2026-02-07,4,"Very soft material, fits perfectly!",0.62,Positive
REV01967,StyleVibe,Apparel,2026-02-07,5,"Excellent quality jeans, very durable.",0.73,Positive
REV01968,StyleVibe,Apparel,2026-02-08,5,"Very soft material, fits perfectly!",0.35,Positive
REV01969,StyleVibe,Apparel,2026-02-16,5,"Excellent quality jeans, very durable.",0.64,Positive
REV01970,StyleVibe,Apparel,2026-02-12,5,"Absolutely love the color, exactly as pictured.",0.87,Positive
REV01971,StyleVibe,Apparel,2026-02-13,4,"Very soft material, fits perfectly!",0.6,Positive
REV01972,StyleVibe,Apparel,2026-02-23,4,"Very soft material, fits perfectly!",0.51,Positive
REV01973,StyleVibe,Apparel,2026-02-20,4,"Perfect fit, fast delivery!",0.72,Positive
REV01974,StyleVibe,Apparel,2026-02-22,4,"Perfect fit, fast delivery!",0.52,Positive
REV01975,StyleVibe,Apparel,2026-02-28,5,"Absolutely love the color, exactly as pictured.",0.56,Positive
REV01976,StyleVibe,Apparel,2026-03-01,5,"Very soft material, fits perfectly!",0.41,Positive
REV01977,StyleVibe,Apparel,2026-02-25,4,"Perfect fit, fast delivery!",0.79,Positive
REV01978,StyleVibe,Apparel,2026-03-04,4,"Very soft material, fits perfectly!",0.89,Positive
REV01979,StyleVibe,Apparel,2026-03-05,4,"Excellent quality jeans, very durable.",0.7,Positive
REV01980,StyleVibe,Apparel,2026-03-05,3,"It does what it says, but feels a bit lightweight.",0.12,Neutral
REV01981,StyleVibe,Apparel,2026-03-15,5,Great style and comfortable to wear all day.,0.42,Positive
REV01982,StyleVibe,Apparel,2026-03-13,4,"Absolutely love the color, exactly as pictured.",0.35,Positive
REV01983,StyleVibe,Apparel,2026-03-13,5,"Excellent quality jeans, very durable.",0.4,Positive
REV01984,StyleVibe,Apparel,2026-03-22,5,"Very soft material, fits perfectly!",0.6,Positive
REV01985,StyleVibe,Apparel,2026-03-19,5,"Excellent quality jeans, very durable.",0.77,Positive
REV01986,StyleVibe,Apparel,2026-03-20,5,"Excellent quality jeans, very durable.",0.65,Positive
REV01987,StyleVibe,Apparel,2026-03-25,5,"Very soft material, fits perfectly!",0.48,Positive
REV01988,StyleVibe,Apparel,2026-03-25,4,"Very soft material, fits perfectly!",0.31,Positive
REV01989,StyleVibe,Apparel,2026-03-30,5,"Perfect fit, fast delivery!",0.53,Positive
REV01990,StyleVibe,Apparel,2026-04-01,3,Average quality for the price.,0.3,Neutral
REV01991,StyleVibe,Apparel,2026-04-01,5,"Perfect fit, fast delivery!",0.53,Positive
REV01992,StyleVibe,Apparel,2026-04-03,4,"Very soft material, fits perfectly!",0.3,Positive
REV01993,StyleVibe,Apparel,2026-04-11,4,"Absolutely love the color, exactly as pictured.",0.54,Positive
REV01994,StyleVibe,Apparel,2026-04-10,4,Great style and comfortable to wear all day.,0.44,Positive
REV01995,StyleVibe,Apparel,2026-04-08,4,"Excellent quality jeans, very durable.",0.61,Positive
REV01996,StyleVibe,Apparel,2026-04-15,5,"Absolutely love the color, exactly as pictured.",0.46,Positive
REV01997,StyleVibe,Apparel,2026-04-17,5,Great style and comfortable to wear all day.,0.85,Positive
REV01998,StyleVibe,Apparel,2026-04-18,5,Great style and comfortable to wear all day.,0.63,Positive
REV01999,StyleVibe,Apparel,2026-04-22,5,"Very soft material, fits perfectly!",0.41,Positive
REV02000,StyleVibe,Apparel,2026-04-22,5,"Very soft material, fits perfectly!",0.72,Positive
REV02001,StyleVibe,Apparel,2026-04-27,4,"Absolutely love the color, exactly as pictured.",0.48,Positive
REV02002,StyleVibe,Apparel,2026-05-01,4,"Absolutely love the color, exactly as pictured.",0.53,Positive
REV02003,StyleVibe,Apparel,2026-05-02,4,Great style and comfortable to wear all day.,0.88,Positive
REV02004,StyleVibe,Apparel,2026-05-01,4,"Perfect fit, fast delivery!",0.73,Positive
REV02005,StyleVibe,Apparel,2026-05-08,4,"Very soft material, fits perfectly!",0.82,Positive
REV02006,StyleVibe,Apparel,2026-05-07,3,"Took a bit long to ship, but works fine.",0.17,Neutral
REV02007,StyleVibe,Apparel,2026-05-09,5,"Very soft material, fits perfectly!",0.31,Positive
REV02008,StyleVibe,Apparel,2026-05-15,4,"Excellent quality jeans, very durable.",0.52,Positive
REV02009,StyleVibe,Apparel,2026-05-18,5,"Excellent quality jeans, very durable.",0.83,Positive
REV02010,StyleVibe,Apparel,2026-05-16,5,"Excellent quality jeans, very durable.",0.42,Positive
REV02011,StyleVibe,Apparel,2026-05-20,5,"Absolutely love the color, exactly as pictured.",0.78,Positive
REV02012,StyleVibe,Apparel,2026-05-25,3,Average quality for the price.,0.26,Neutral
REV02013,StyleVibe,Apparel,2026-05-21,4,"Very soft material, fits perfectly!",0.33,Positive
REV02014,StyleVibe,Apparel,2026-05-31,3,"Decent item, fits reasonably well.",-0.01,Neutral
REV02015,StyleVibe,Apparel,2026-05-31,5,"Excellent quality jeans, very durable.",0.63,Positive
REV02016,StyleVibe,Apparel,2026-05-28,5,"Excellent quality jeans, very durable.",0.86,Positive
REV02017,StyleVibe,Apparel,2026-06-05,4,"Excellent quality jeans, very durable.",0.72,Positive
REV02018,StyleVibe,Apparel,2026-06-03,4,"Perfect fit, fast delivery!",0.67,Positive
REV02019,StyleVibe,Apparel,2026-06-06,4,"Absolutely love the color, exactly as pictured.",0.73,Positive
REV02020,StyleVibe,Apparel,2026-06-13,4,"Very soft material, fits perfectly!",0.58,Positive
REV02021,StyleVibe,Apparel,2026-06-10,5,"Excellent quality jeans, very durable.",0.55,Positive
REV02022,StyleVibe,Apparel,2026-06-12,4,"Very soft material, fits perfectly!",0.56,Positive
REV02023,StyleVibe,Apparel,2026-06-17,3,"Took a bit long to ship, but works fine.",-0.06,Neutral
REV02024,StyleVibe,Apparel,2026-06-22,4,"Perfect fit, fast delivery!",0.39,Positive
REV02025,StyleVibe,Apparel,2026-06-22,4,"Perfect fit, fast delivery!",0.87,Positive
REV02026,StyleVibe,Apparel,2026-06-29,4,"Absolutely love the color, exactly as pictured.",0.6,Positive
REV02027,StyleVibe,Apparel,2026-06-28,5,Great style and comfortable to wear all day.,0.8,Positive
REV02028,StyleVibe,Apparel,2026-06-29,5,"Perfect fit, fast delivery!",0.34,Positive
REV02029,ClassicThread,Apparel,2025-07-02,4,"Perfect fit, fast delivery!",0.36,Positive
REV02030,ClassicThread,Apparel,2025-07-07,5,"Excellent quality jeans, very durable.",0.34,Positive
REV02031,ClassicThread,Apparel,2025-07-05,5,"Absolutely love the color, exactly as pictured.",0.5,Positive
REV02032,ClassicThread,Apparel,2025-07-10,4,"Excellent quality jeans, very durable.",0.38,Positive
REV02033,ClassicThread,Apparel,2025-07-13,4,"Perfect fit, fast delivery!",0.51,Positive
REV02034,ClassicThread,Apparel,2025-07-09,4,"Very soft material, fits perfectly!",0.77,Positive
REV02035,ClassicThread,Apparel,2025-07-20,4,"Absolutely love the color, exactly as pictured.",0.54,Positive
REV02036,ClassicThread,Apparel,2025-07-19,4,"Excellent quality jeans, very durable.",0.31,Positive
REV02037,ClassicThread,Apparel,2025-07-16,4,"Absolutely love the color, exactly as pictured.",0.33,Positive
REV02038,ClassicThread,Apparel,2025-07-25,5,"Excellent quality jeans, very durable.",0.45,Positive
REV02039,ClassicThread,Apparel,2025-07-25,5,"Absolutely love the color, exactly as pictured.",0.73,Positive
REV02040,ClassicThread,Apparel,2025-07-23,5,Great style and comfortable to wear all day.,0.41,Positive
REV02041,ClassicThread,Apparel,2025-08-03,4,"Absolutely love the color, exactly as pictured.",0.72,Positive
REV02042,ClassicThread,Apparel,2025-08-02,4,"Excellent quality jeans, very durable.",0.36,Positive
REV02043,ClassicThread,Apparel,2025-07-30,4,"Absolutely love the color, exactly as pictured.",0.42,Positive
REV02044,ClassicThread,Apparel,2025-08-10,5,"Excellent quality jeans, very durable.",0.38,Positive
REV02045,ClassicThread,Apparel,2025-08-06,5,"Excellent quality jeans, very durable.",0.77,Positive
REV02046,ClassicThread,Apparel,2025-08-09,4,"Excellent quality jeans, very durable.",0.62,Positive
REV02047,ClassicThread,Apparel,2025-08-16,5,"Very soft material, fits perfectly!",0.42,Positive
REV02048,ClassicThread,Apparel,2025-08-13,4,"Very soft material, fits perfectly!",0.69,Positive
REV02049,ClassicThread,Apparel,2025-08-16,5,"Excellent quality jeans, very durable.",0.45,Positive
REV02050,ClassicThread,Apparel,2025-08-24,5,"Perfect fit, fast delivery!",0.77,Positive
REV02051,ClassicThread,Apparel,2025-08-20,5,"Very soft material, fits perfectly!",0.53,Positive
REV02052,ClassicThread,Apparel,2025-08-24,4,"Perfect fit, fast delivery!",0.4,Positive
REV02053,ClassicThread,Apparel,2025-08-31,5,Great style and comfortable to wear all day.,0.57,Positive
REV02054,ClassicThread,Apparel,2025-08-28,5,"Perfect fit, fast delivery!",0.47,Positive
REV02055,ClassicThread,Apparel,2025-08-29,4,"Excellent quality jeans, very durable.",0.8,Positive
REV02056,ClassicThread,Apparel,2025-09-04,3,"Product is okay, nothing special.",0.2,Neutral
REV02057,ClassicThread,Apparel,2025-09-05,5,"Excellent quality jeans, very durable.",0.77,Positive
REV02058,ClassicThread,Apparel,2025-09-07,5,"Perfect fit, fast delivery!",0.43,Positive
REV02059,ClassicThread,Apparel,2025-09-15,3,"Decent item, fits reasonably well.",0.24,Neutral
REV02060,ClassicThread,Apparel,2025-09-15,4,Great style and comfortable to wear all day.,0.45,Positive
REV02061,ClassicThread,Apparel,2025-09-10,4,"Excellent quality jeans, very durable.",0.6,Positive
REV02062,ClassicThread,Apparel,2025-09-17,4,"Absolutely love the color, exactly as pictured.",0.74,Positive
REV02063,ClassicThread,Apparel,2025-09-19,4,Great style and comfortable to wear all day.,0.41,Positive
REV02064,ClassicThread,Apparel,2025-09-21,5,Great style and comfortable to wear all day.,0.38,Positive
REV02065,ClassicThread,Apparel,2025-09-29,4,Great style and comfortable to wear all day.,0.71,Positive
REV02066,ClassicThread,Apparel,2025-09-24,5,"Very soft material, fits perfectly!",0.78,Positive
REV02067,ClassicThread,Apparel,2025-09-27,5,"Absolutely love the color, exactly as pictured.",0.36,Positive
REV02068,ClassicThread,Apparel,2025-10-01,5,"Excellent quality jeans, very durable.",0.65,Positive
REV02069,ClassicThread,Apparel,2025-10-05,4,Great style and comfortable to wear all day.,0.68,Positive
REV02070,ClassicThread,Apparel,2025-10-02,5,"Absolutely love the color, exactly as pictured.",0.76,Positive
REV02071,ClassicThread,Apparel,2025-10-09,5,"Excellent quality jeans, very durable.",0.9,Positive
REV02072,ClassicThread,Apparel,2025-10-09,3,"Decent item, fits reasonably well.",0.06,Neutral
REV02073,ClassicThread,Apparel,2025-10-08,3,"Took a bit long to ship, but works fine.",0.06,Neutral
REV02074,ClassicThread,Apparel,2025-10-15,5,"Excellent quality jeans, very durable.",0.31,Positive
REV02075,ClassicThread,Apparel,2025-10-15,4,"Perfect fit, fast delivery!",0.31,Positive
REV02076,ClassicThread,Apparel,2025-10-18,3,"Decent item, fits reasonably well.",0.01,Neutral
REV02077,ClassicThread,Apparel,2025-10-26,4,"Perfect fit, fast delivery!",0.71,Positive
REV02078,ClassicThread,Apparel,2025-10-25,4,"Absolutely love the color, exactly as pictured.",0.64,Positive
REV02079,ClassicThread,Apparel,2025-10-26,5,"Very soft material, fits perfectly!",0.68,Positive
REV02080,ClassicThread,Apparel,2025-11-02,5,"Very soft material, fits perfectly!",0.72,Positive
REV02081,ClassicThread,Apparel,2025-11-02,4,"Excellent quality jeans, very durable.",0.52,Positive
REV02082,ClassicThread,Apparel,2025-11-02,5,"Excellent quality jeans, very durable.",0.51,Positive
REV02083,ClassicThread,Apparel,2025-11-10,5,"Absolutely love the color, exactly as pictured.",0.7,Positive
REV02084,ClassicThread,Apparel,2025-11-06,5,"Perfect fit, fast delivery!",0.55,Positive
REV02085,ClassicThread,Apparel,2025-11-05,5,"Absolutely love the color, exactly as pictured.",0.79,Positive
REV02086,ClassicThread,Apparel,2025-11-16,4,"Perfect fit, fast delivery!",0.52,Positive
REV02087,ClassicThread,Apparel,2025-11-16,4,Great style and comfortable to wear all day.,0.69,Positive
REV02088,ClassicThread,Apparel,2025-11-15,5,"Excellent quality jeans, very durable.",0.88,Positive
REV02089,ClassicThread,Apparel,2025-11-21,4,"Absolutely love the color, exactly as pictured.",0.61,Positive
REV02090,ClassicThread,Apparel,2025-11-21,4,"Excellent quality jeans, very durable.",0.86,Positive
REV02091,ClassicThread,Apparel,2025-11-22,5,Great style and comfortable to wear all day.,0.3,Positive
REV02092,ClassicThread,Apparel,2025-11-29,5,"Absolutely love the color, exactly as pictured.",0.43,Positive
REV02093,ClassicThread,Apparel,2025-12-01,4,"Perfect fit, fast delivery!",0.33,Positive
REV02094,ClassicThread,Apparel,2025-11-28,5,"Perfect fit, fast delivery!",0.52,Positive
REV02095,ClassicThread,Apparel,2025-12-05,5,"Perfect fit, fast delivery!",0.78,Positive
REV02096,ClassicThread,Apparel,2025-12-08,5,"Perfect fit, fast delivery!",0.41,Positive
REV02097,ClassicThread,Apparel,2025-12-04,5,"Absolutely love the color, exactly as pictured.",0.35,Positive
REV02098,ClassicThread,Apparel,2025-12-15,4,"Perfect fit, fast delivery!",0.32,Positive
REV02099,ClassicThread,Apparel,2025-12-15,5,Great style and comfortable to wear all day.,0.39,Positive
REV02100,ClassicThread,Apparel,2025-12-15,5,Great style and comfortable to wear all day.,0.64,Positive
REV02101,ClassicThread,Apparel,2025-12-21,4,"Absolutely love the color, exactly as pictured.",0.86,Positive
REV02102,ClassicThread,Apparel,2025-12-22,5,"Perfect fit, fast delivery!",0.37,Positive
REV02103,ClassicThread,Apparel,2025-12-22,3,"Took a bit long to ship, but works fine.",0.25,Neutral
REV02104,ClassicThread,Apparel,2025-12-28,4,Great style and comfortable to wear all day.,0.84,Positive
REV02105,ClassicThread,Apparel,2025-12-28,4,"Excellent quality jeans, very durable.",0.58,Positive
REV02106,ClassicThread,Apparel,2025-12-29,4,"Perfect fit, fast delivery!",0.71,Positive
REV02107,ClassicThread,Apparel,2026-01-05,4,"Excellent quality jeans, very durable.",0.46,Positive
REV02108,ClassicThread,Apparel,2026-01-02,3,"It does what it says, but feels a bit lightweight.",0.1,Neutral
REV02109,ClassicThread,Apparel,2025-12-31,5,"Excellent quality jeans, very durable.",0.7,Positive
REV02110,ClassicThread,Apparel,2026-01-07,3,"Product is okay, nothing special.",-0.01,Neutral
REV02111,ClassicThread,Apparel,2026-01-08,5,"Excellent quality jeans, very durable.",0.59,Positive
REV02112,ClassicThread,Apparel,2026-01-12,5,"Very soft material, fits perfectly!",0.63,Positive
REV02113,ClassicThread,Apparel,2026-01-16,5,"Absolutely love the color, exactly as pictured.",0.41,Positive
REV02114,ClassicThread,Apparel,2026-01-16,4,"Absolutely love the color, exactly as pictured.",0.59,Positive
REV02115,ClassicThread,Apparel,2026-01-15,4,Great style and comfortable to wear all day.,0.66,Positive
REV02116,ClassicThread,Apparel,2026-01-22,5,Great style and comfortable to wear all day.,0.79,Positive
REV02117,ClassicThread,Apparel,2026-01-21,3,"It does what it says, but feels a bit lightweight.",0.09,Neutral
REV02118,ClassicThread,Apparel,2026-01-24,4,Great style and comfortable to wear all day.,0.79,Positive
REV02119,ClassicThread,Apparel,2026-02-02,4,"Perfect fit, fast delivery!",0.66,Positive
REV02120,ClassicThread,Apparel,2026-01-29,4,"Perfect fit, fast delivery!",0.59,Positive
REV02121,ClassicThread,Apparel,2026-01-31,5,"Perfect fit, fast delivery!",0.76,Positive
REV02122,ClassicThread,Apparel,2026-02-09,5,"Perfect fit, fast delivery!",0.44,Positive
REV02123,ClassicThread,Apparel,2026-02-09,4,Great style and comfortable to wear all day.,0.41,Positive
REV02124,ClassicThread,Apparel,2026-02-07,4,"Very soft material, fits perfectly!",0.32,Positive
REV02125,ClassicThread,Apparel,2026-02-16,5,"Excellent quality jeans, very durable.",0.51,Positive
REV02126,ClassicThread,Apparel,2026-02-15,5,Great style and comfortable to wear all day.,0.84,Positive
REV02127,ClassicThread,Apparel,2026-02-11,5,"Very soft material, fits perfectly!",0.36,Positive
REV02128,ClassicThread,Apparel,2026-02-19,3,"Took a bit long to ship, but works fine.",-0.1,Neutral
REV02129,ClassicThread,Apparel,2026-02-21,5,"Perfect fit, fast delivery!",0.84,Positive
REV02130,ClassicThread,Apparel,2026-02-23,5,"Absolutely love the color, exactly as pictured.",0.55,Positive
REV02131,ClassicThread,Apparel,2026-03-01,5,Great style and comfortable to wear all day.,0.44,Positive
REV02132,ClassicThread,Apparel,2026-03-02,4,"Perfect fit, fast delivery!",0.39,Positive
REV02133,ClassicThread,Apparel,2026-02-26,5,"Perfect fit, fast delivery!",0.75,Positive
REV02134,ClassicThread,Apparel,2026-03-06,5,"Absolutely love the color, exactly as pictured.",0.46,Positive
REV02135,ClassicThread,Apparel,2026-03-05,4,"Excellent quality jeans, very durable.",0.33,Positive
REV02136,ClassicThread,Apparel,2026-03-05,4,"Very soft material, fits perfectly!",0.89,Positive
REV02137,ClassicThread,Apparel,2026-03-11,5,"Perfect fit, fast delivery!",0.44,Positive
REV02138,ClassicThread,Apparel,2026-03-11,4,"Excellent quality jeans, very durable.",0.43,Positive
REV02139,ClassicThread,Apparel,2026-03-13,4,"Excellent quality jeans, very durable.",0.81,Positive
REV02140,ClassicThread,Apparel,2026-03-19,4,Great style and comfortable to wear all day.,0.67,Positive
REV02141,ClassicThread,Apparel,2026-03-22,4,"Absolutely love the color, exactly as pictured.",0.46,Positive
REV02142,ClassicThread,Apparel,2026-03-18,5,Great style and comfortable to wear all day.,0.61,Positive
REV02143,ClassicThread,Apparel,2026-03-30,4,"Excellent quality jeans, very durable.",0.75,Positive
REV02144,ClassicThread,Apparel,2026-03-25,5,"Absolutely love the color, exactly as pictured.",0.31,Positive
REV02145,ClassicThread,Apparel,2026-03-27,5,"Absolutely love the color, exactly as pictured.",0.73,Positive
REV02146,ClassicThread,Apparel,2026-04-06,4,"Very soft material, fits perfectly!",0.44,Positive
REV02147,ClassicThread,Apparel,2026-04-06,4,"Perfect fit, fast delivery!",0.32,Positive
REV02148,ClassicThread,Apparel,2026-04-04,5,Great style and comfortable to wear all day.,0.31,Positive
REV02149,ClassicThread,Apparel,2026-04-10,5,"Perfect fit, fast delivery!",0.77,Positive
REV02150,ClassicThread,Apparel,2026-04-13,3,"Product is okay, nothing special.",0.21,Neutral
REV02151,ClassicThread,Apparel,2026-04-12,5,Great style and comfortable to wear all day.,0.53,Positive
REV02152,ClassicThread,Apparel,2026-04-19,5,"Absolutely love the color, exactly as pictured.",0.44,Positive
REV02153,ClassicThread,Apparel,2026-04-19,5,"Very soft material, fits perfectly!",0.58,Positive
REV02154,ClassicThread,Apparel,2026-04-18,5,"Absolutely love the color, exactly as pictured.",0.53,Positive
REV02155,ClassicThread,Apparel,2026-04-25,5,"Perfect fit, fast delivery!",0.45,Positive
REV02156,ClassicThread,Apparel,2026-04-24,4,"Very soft material, fits perfectly!",0.41,Positive
REV02157,ClassicThread,Apparel,2026-04-23,5,"Absolutely love the color, exactly as pictured.",0.74,Positive
REV02158,ClassicThread,Apparel,2026-05-01,4,Great style and comfortable to wear all day.,0.82,Positive
REV02159,ClassicThread,Apparel,2026-05-01,4,Great style and comfortable to wear all day.,0.68,Positive
REV02160,ClassicThread,Apparel,2026-05-03,4,"Absolutely love the color, exactly as pictured.",0.48,Positive
REV02161,ClassicThread,Apparel,2026-05-10,5,"Excellent quality jeans, very durable.",0.4,Positive
REV02162,ClassicThread,Apparel,2026-05-06,4,"Very soft material, fits perfectly!",0.48,Positive
REV02163,ClassicThread,Apparel,2026-05-09,4,Great style and comfortable to wear all day.,0.42,Positive
REV02164,ClassicThread,Apparel,2026-05-17,4,"Perfect fit, fast delivery!",0.64,Positive
REV02165,ClassicThread,Apparel,2026-05-13,5,"Absolutely love the color, exactly as pictured.",0.67,Positive
REV02166,ClassicThread,Apparel,2026-05-16,5,Great style and comfortable to wear all day.,0.49,Positive
REV02167,ClassicThread,Apparel,2026-05-22,5,"Excellent quality jeans, very durable.",0.77,Positive
REV02168,ClassicThread,Apparel,2026-05-25,5,"Perfect fit, fast delivery!",0.42,Positive
REV02169,ClassicThread,Apparel,2026-05-20,5,Great style and comfortable to wear all day.,0.5,Positive
REV02170,ClassicThread,Apparel,2026-05-31,3,"Took a bit long to ship, but works fine.",0.01,Neutral
REV02171,ClassicThread,Apparel,2026-05-30,4,"Perfect fit, fast delivery!",0.59,Positive
REV02172,ClassicThread,Apparel,2026-05-27,5,"Excellent quality jeans, very durable.",0.49,Positive
REV02173,ClassicThread,Apparel,2026-06-05,5,"Absolutely love the color, exactly as pictured.",0.31,Positive
REV02174,ClassicThread,Apparel,2026-06-03,5,"Perfect fit, fast delivery!",0.65,Positive
REV02175,ClassicThread,Apparel,2026-06-04,5,"Very soft material, fits perfectly!",0.35,Positive
REV02176,ClassicThread,Apparel,2026-06-14,5,"Perfect fit, fast delivery!",0.54,Positive
REV02177,ClassicThread,Apparel,2026-06-15,4,"Very soft material, fits perfectly!",0.53,Positive
REV02178,ClassicThread,Apparel,2026-06-11,3,"Product is okay, nothing special.",0.07,Neutral
REV02179,ClassicThread,Apparel,2026-06-22,3,Average quality for the price.,0.05,Neutral
REV02180,ClassicThread,Apparel,2026-06-17,4,"Excellent quality jeans, very durable.",0.86,Positive
REV02181,ClassicThread,Apparel,2026-06-21,4,"Absolutely love the color, exactly as pictured.",0.36,Positive
REV02182,ClassicThread,Apparel,2026-06-29,4,"Excellent quality jeans, very durable.",0.89,Positive
REV02183,ClassicThread,Apparel,2026-06-29,4,"Very soft material, fits perfectly!",0.33,Positive
REV02184,ClassicThread,Apparel,2026-06-24,5,"Absolutely love the color, exactly as pictured.",0.81,Positive
REV02185,UrbanOutwear,Apparel,2025-07-02,5,Great style and comfortable to wear all day.,0.49,Positive
REV02186,UrbanOutwear,Apparel,2025-07-02,4,"Very soft material, fits perfectly!",0.89,Positive
REV02187,UrbanOutwear,Apparel,2025-07-03,4,"Very soft material, fits perfectly!",0.62,Positive
REV02188,UrbanOutwear,Apparel,2025-07-09,4,"Perfect fit, fast delivery!",0.32,Positive
REV02189,UrbanOutwear,Apparel,2025-07-10,4,"Perfect fit, fast delivery!",0.55,Positive
REV02190,UrbanOutwear,Apparel,2025-07-12,4,Great style and comfortable to wear all day.,0.44,Positive
REV02191,UrbanOutwear,Apparel,2025-07-21,4,"Excellent quality jeans, very durable.",0.55,Positive
REV02192,UrbanOutwear,Apparel,2025-07-19,5,"Excellent quality jeans, very durable.",0.51,Positive
REV02193,UrbanOutwear,Apparel,2025-07-16,4,Great style and comfortable to wear all day.,0.72,Positive
REV02194,UrbanOutwear,Apparel,2025-07-27,5,"Very soft material, fits perfectly!",0.71,Positive
REV02195,UrbanOutwear,Apparel,2025-07-28,4,"Very soft material, fits perfectly!",0.77,Positive
REV02196,UrbanOutwear,Apparel,2025-07-23,4,"Perfect fit, fast delivery!",0.53,Positive
REV02197,UrbanOutwear,Apparel,2025-07-30,5,"Perfect fit, fast delivery!",0.52,Positive
REV02198,UrbanOutwear,Apparel,2025-08-01,4,"Very soft material, fits perfectly!",0.66,Positive
REV02199,UrbanOutwear,Apparel,2025-07-30,4,"Perfect fit, fast delivery!",0.84,Positive
REV02200,UrbanOutwear,Apparel,2025-08-10,5,Great style and comfortable to wear all day.,0.77,Positive
REV02201,UrbanOutwear,Apparel,2025-08-08,5,"Very soft material, fits perfectly!",0.45,Positive
REV02202,UrbanOutwear,Apparel,2025-08-09,5,"Excellent quality jeans, very durable.",0.82,Positive
REV02203,UrbanOutwear,Apparel,2025-08-16,5,"Very soft material, fits perfectly!",0.63,Positive
REV02204,UrbanOutwear,Apparel,2025-08-17,5,"Absolutely love the color, exactly as pictured.",0.33,Positive
REV02205,UrbanOutwear,Apparel,2025-08-14,5,"Absolutely love the color, exactly as pictured.",0.69,Positive
REV02206,UrbanOutwear,Apparel,2025-08-24,5,"Excellent quality jeans, very durable.",0.39,Positive
REV02207,UrbanOutwear,Apparel,2025-08-25,5,Great style and comfortable to wear all day.,0.67,Positive
REV02208,UrbanOutwear,Apparel,2025-08-22,3,Average quality for the price.,-0.04,Neutral
REV02209,UrbanOutwear,Apparel,2025-08-27,5,Great style and comfortable to wear all day.,0.64,Positive
REV02210,UrbanOutwear,Apparel,2025-08-31,4,"Perfect fit, fast delivery!",0.41,Positive
REV02211,UrbanOutwear,Apparel,2025-08-27,5,"Absolutely love the color, exactly as pictured.",0.5,Positive
REV02212,UrbanOutwear,Apparel,2025-09-07,4,"Very soft material, fits perfectly!",0.35,Positive
REV02213,UrbanOutwear,Apparel,2025-09-06,4,"Perfect fit, fast delivery!",0.84,Positive
REV02214,UrbanOutwear,Apparel,2025-09-07,5,"Perfect fit, fast delivery!",0.52,Positive
REV02215,UrbanOutwear,Apparel,2025-09-11,4,Great style and comfortable to wear all day.,0.71,Positive
REV02216,UrbanOutwear,Apparel,2025-09-11,5,Great style and comfortable to wear all day.,0.59,Positive
REV02217,UrbanOutwear,Apparel,2025-09-15,4,"Excellent quality jeans, very durable.",0.52,Positive
REV02218,UrbanOutwear,Apparel,2025-09-18,5,"Absolutely love the color, exactly as pictured.",0.52,Positive
REV02219,UrbanOutwear,Apparel,2025-09-18,3,Average quality for the price.,0.22,Neutral
REV02220,UrbanOutwear,Apparel,2025-09-19,4,"Perfect fit, fast delivery!",0.61,Positive
REV02221,UrbanOutwear,Apparel,2025-09-25,5,"Very soft material, fits perfectly!",0.51,Positive
REV02222,UrbanOutwear,Apparel,2025-09-24,4,"Perfect fit, fast delivery!",0.45,Positive
REV02223,UrbanOutwear,Apparel,2025-09-27,5,"Perfect fit, fast delivery!",0.45,Positive
REV02224,UrbanOutwear,Apparel,2025-10-01,5,"Perfect fit, fast delivery!",0.31,Positive
REV02225,UrbanOutwear,Apparel,2025-10-06,4,Great style and comfortable to wear all day.,0.67,Positive
REV02226,UrbanOutwear,Apparel,2025-10-03,4,"Very soft material, fits perfectly!",0.4,Positive
REV02227,UrbanOutwear,Apparel,2025-10-13,5,"Absolutely love the color, exactly as pictured.",0.56,Positive
REV02228,UrbanOutwear,Apparel,2025-10-11,4,"Perfect fit, fast delivery!",0.57,Positive
REV02229,UrbanOutwear,Apparel,2025-10-10,5,Great style and comfortable to wear all day.,0.46,Positive
REV02230,UrbanOutwear,Apparel,2025-10-15,5,"Absolutely love the color, exactly as pictured.",0.63,Positive
REV02231,UrbanOutwear,Apparel,2025-10-19,5,Great style and comfortable to wear all day.,0.62,Positive
REV02232,UrbanOutwear,Apparel,2025-10-16,5,"Very soft material, fits perfectly!",0.71,Positive
REV02233,UrbanOutwear,Apparel,2025-10-25,5,"Excellent quality jeans, very durable.",0.56,Positive
REV02234,UrbanOutwear,Apparel,2025-10-26,4,Great style and comfortable to wear all day.,0.5,Positive
REV02235,UrbanOutwear,Apparel,2025-10-27,5,Great style and comfortable to wear all day.,0.59,Positive
REV02236,UrbanOutwear,Apparel,2025-11-02,4,"Absolutely love the color, exactly as pictured.",0.82,Positive
REV02237,UrbanOutwear,Apparel,2025-10-31,4,"Perfect fit, fast delivery!",0.56,Positive
REV02238,UrbanOutwear,Apparel,2025-11-01,4,Great style and comfortable to wear all day.,0.54,Positive
REV02239,UrbanOutwear,Apparel,2025-11-07,5,"Very soft material, fits perfectly!",0.56,Positive
REV02240,UrbanOutwear,Apparel,2025-11-06,5,"Absolutely love the color, exactly as pictured.",0.86,Positive
REV02241,UrbanOutwear,Apparel,2025-11-07,5,"Excellent quality jeans, very durable.",0.81,Positive
REV02242,UrbanOutwear,Apparel,2025-11-17,5,"Absolutely love the color, exactly as pictured.",0.79,Positive
REV02243,UrbanOutwear,Apparel,2025-11-15,5,Great style and comfortable to wear all day.,0.58,Positive
REV02244,UrbanOutwear,Apparel,2025-11-15,5,"Excellent quality jeans, very durable.",0.63,Positive
REV02245,UrbanOutwear,Apparel,2025-11-22,4,Great style and comfortable to wear all day.,0.45,Positive
REV02246,UrbanOutwear,Apparel,2025-11-19,5,"Perfect fit, fast delivery!",0.82,Positive
REV02247,UrbanOutwear,Apparel,2025-11-24,5,"Absolutely love the color, exactly as pictured.",0.67,Positive
REV02248,UrbanOutwear,Apparel,2025-11-28,5,"Very soft material, fits perfectly!",0.42,Positive
REV02249,UrbanOutwear,Apparel,2025-11-30,5,"Absolutely love the color, exactly as pictured.",0.75,Positive
REV02250,UrbanOutwear,Apparel,2025-11-28,5,"Absolutely love the color, exactly as pictured.",0.82,Positive
REV02251,UrbanOutwear,Apparel,2025-12-08,4,"Very soft material, fits perfectly!",0.47,Positive
REV02252,UrbanOutwear,Apparel,2025-12-03,4,"Very soft material, fits perfectly!",0.67,Positive
REV02253,UrbanOutwear,Apparel,2025-12-08,5,"Perfect fit, fast delivery!",0.62,Positive
REV02254,UrbanOutwear,Apparel,2025-12-14,5,"Perfect fit, fast delivery!",0.88,Positive
REV02255,UrbanOutwear,Apparel,2025-12-14,5,"Excellent quality jeans, very durable.",0.75,Positive
REV02256,UrbanOutwear,Apparel,2025-12-10,4,"Absolutely love the color, exactly as pictured.",0.46,Positive
REV02257,UrbanOutwear,Apparel,2025-12-21,5,Great style and comfortable to wear all day.,0.8,Positive
REV02258,UrbanOutwear,Apparel,2025-12-20,5,"Perfect fit, fast delivery!",0.81,Positive
REV02259,UrbanOutwear,Apparel,2025-12-19,3,Average quality for the price.,0.27,Neutral
REV02260,UrbanOutwear,Apparel,2025-12-28,5,"Absolutely love the color, exactly as pictured.",0.57,Positive
REV02261,UrbanOutwear,Apparel,2025-12-25,4,Great style and comfortable to wear all day.,0.3,Positive
REV02262,UrbanOutwear,Apparel,2025-12-28,5,"Excellent quality jeans, very durable.",0.45,Positive
REV02263,UrbanOutwear,Apparel,2026-01-03,5,"Very soft material, fits perfectly!",0.67,Positive
REV02264,UrbanOutwear,Apparel,2026-01-04,5,Great style and comfortable to wear all day.,0.41,Positive
REV02265,UrbanOutwear,Apparel,2026-01-05,4,"Very soft material, fits perfectly!",0.87,Positive
REV02266,UrbanOutwear,Apparel,2026-01-12,3,"It does what it says, but feels a bit lightweight.",-0.0,Neutral
REV02267,UrbanOutwear,Apparel,2026-01-11,4,"Absolutely love the color, exactly as pictured.",0.87,Positive
REV02268,UrbanOutwear,Apparel,2026-01-10,5,"Absolutely love the color, exactly as pictured.",0.42,Positive
REV02269,UrbanOutwear,Apparel,2026-01-18,4,"Absolutely love the color, exactly as pictured.",0.89,Positive
REV02270,UrbanOutwear,Apparel,2026-01-19,5,"Perfect fit, fast delivery!",0.36,Positive
REV02271,UrbanOutwear,Apparel,2026-01-19,5,"Absolutely love the color, exactly as pictured.",0.62,Positive
REV02272,UrbanOutwear,Apparel,2026-01-23,5,"Excellent quality jeans, very durable.",0.32,Positive
REV02273,UrbanOutwear,Apparel,2026-01-22,4,"Very soft material, fits perfectly!",0.31,Positive
REV02274,UrbanOutwear,Apparel,2026-01-22,4,"Excellent quality jeans, very durable.",0.45,Positive
REV02275,UrbanOutwear,Apparel,2026-01-30,4,Great style and comfortable to wear all day.,0.68,Positive
REV02276,UrbanOutwear,Apparel,2026-01-28,5,"Absolutely love the color, exactly as pictured.",0.52,Positive
REV02277,UrbanOutwear,Apparel,2026-02-01,5,"Absolutely love the color, exactly as pictured.",0.67,Positive
REV02278,UrbanOutwear,Apparel,2026-02-07,5,"Excellent quality jeans, very durable.",0.77,Positive
REV02279,UrbanOutwear,Apparel,2026-02-04,5,"Excellent quality jeans, very durable.",0.57,Positive
REV02280,UrbanOutwear,Apparel,2026-02-09,3,"Product is okay, nothing special.",0.13,Neutral
REV02281,UrbanOutwear,Apparel,2026-02-16,4,"Very soft material, fits perfectly!",0.69,Positive
REV02282,UrbanOutwear,Apparel,2026-02-16,5,"Perfect fit, fast delivery!",0.41,Positive
REV02283,UrbanOutwear,Apparel,2026-02-16,4,Great style and comfortable to wear all day.,0.73,Positive
REV02284,UrbanOutwear,Apparel,2026-02-22,5,"Perfect fit, fast delivery!",0.51,Positive
REV02285,UrbanOutwear,Apparel,2026-02-19,5,"Perfect fit, fast delivery!",0.58,Positive
REV02286,UrbanOutwear,Apparel,2026-02-23,4,"Excellent quality jeans, very durable.",0.72,Positive
REV02287,UrbanOutwear,Apparel,2026-03-01,5,Great style and comfortable to wear all day.,0.72,Positive
REV02288,UrbanOutwear,Apparel,2026-03-01,4,"Very soft material, fits perfectly!",0.73,Positive
REV02289,UrbanOutwear,Apparel,2026-02-28,5,Great style and comfortable to wear all day.,0.5,Positive
REV02290,UrbanOutwear,Apparel,2026-03-07,4,"Perfect fit, fast delivery!",0.36,Positive
REV02291,UrbanOutwear,Apparel,2026-03-06,5,Great style and comfortable to wear all day.,0.34,Positive
REV02292,UrbanOutwear,Apparel,2026-03-07,4,"Excellent quality jeans, very durable.",0.87,Positive
REV02293,UrbanOutwear,Apparel,2026-03-15,4,"Very soft material, fits perfectly!",0.8,Positive
REV02294,UrbanOutwear,Apparel,2026-03-14,5,"Absolutely love the color, exactly as pictured.",0.72,Positive
REV02295,UrbanOutwear,Apparel,2026-03-12,5,"Absolutely love the color, exactly as pictured.",0.72,Positive
REV02296,UrbanOutwear,Apparel,2026-03-23,5,"Perfect fit, fast delivery!",0.6,Positive
REV02297,UrbanOutwear,Apparel,2026-03-19,5,Great style and comfortable to wear all day.,0.44,Positive
REV02298,UrbanOutwear,Apparel,2026-03-19,5,"Absolutely love the color, exactly as pictured.",0.37,Positive
REV02299,UrbanOutwear,Apparel,2026-03-29,5,Great style and comfortable to wear all day.,0.58,Positive
REV02300,UrbanOutwear,Apparel,2026-03-30,5,"Very soft material, fits perfectly!",0.82,Positive
REV02301,UrbanOutwear,Apparel,2026-03-28,4,"Absolutely love the color, exactly as pictured.",0.81,Positive
REV02302,UrbanOutwear,Apparel,2026-04-04,4,"Very soft material, fits perfectly!",0.78,Positive
REV02303,UrbanOutwear,Apparel,2026-04-04,5,"Excellent quality jeans, very durable.",0.73,Positive
REV02304,UrbanOutwear,Apparel,2026-04-05,3,Average quality for the price.,-0.05,Neutral
REV02305,UrbanOutwear,Apparel,2026-04-08,4,"Excellent quality jeans, very durable.",0.52,Positive
REV02306,UrbanOutwear,Apparel,2026-04-08,5,"Absolutely love the color, exactly as pictured.",0.34,Positive
REV02307,UrbanOutwear,Apparel,2026-04-12,5,"Absolutely love the color, exactly as pictured.",0.47,Positive
REV02308,UrbanOutwear,Apparel,2026-04-16,5,"Absolutely love the color, exactly as pictured.",0.35,Positive
REV02309,UrbanOutwear,Apparel,2026-04-15,5,"Perfect fit, fast delivery!",0.61,Positive
REV02310,UrbanOutwear,Apparel,2026-04-16,3,"It does what it says, but feels a bit lightweight.",0.18,Neutral
REV02311,UrbanOutwear,Apparel,2026-04-24,5,"Absolutely love the color, exactly as pictured.",0.39,Positive
REV02312,UrbanOutwear,Apparel,2026-04-26,4,"Absolutely love the color, exactly as pictured.",0.34,Positive
REV02313,UrbanOutwear,Apparel,2026-04-26,4,"Excellent quality jeans, very durable.",0.49,Positive
REV02314,UrbanOutwear,Apparel,2026-05-04,4,"Very soft material, fits perfectly!",0.55,Positive
REV02315,UrbanOutwear,Apparel,2026-04-29,4,Great style and comfortable to wear all day.,0.3,Positive
REV02316,UrbanOutwear,Apparel,2026-05-02,5,"Absolutely love the color, exactly as pictured.",0.69,Positive
REV02317,UrbanOutwear,Apparel,2026-05-09,5,"Excellent quality jeans, very durable.",0.66,Positive
REV02318,UrbanOutwear,Apparel,2026-05-07,4,"Absolutely love the color, exactly as pictured.",0.49,Positive
REV02319,UrbanOutwear,Apparel,2026-05-10,5,"Excellent quality jeans, very durable.",0.55,Positive
REV02320,UrbanOutwear,Apparel,2026-05-14,4,"Perfect fit, fast delivery!",0.42,Positive
REV02321,UrbanOutwear,Apparel,2026-05-18,5,"Perfect fit, fast delivery!",0.49,Positive
REV02322,UrbanOutwear,Apparel,2026-05-15,5,"Perfect fit, fast delivery!",0.49,Positive
REV02323,UrbanOutwear,Apparel,2026-05-23,4,Great style and comfortable to wear all day.,0.35,Positive
REV02324,UrbanOutwear,Apparel,2026-05-24,5,"Perfect fit, fast delivery!",0.82,Positive
REV02325,UrbanOutwear,Apparel,2026-05-21,4,"Very soft material, fits perfectly!",0.72,Positive
REV02326,UrbanOutwear,Apparel,2026-05-28,5,"Excellent quality jeans, very durable.",0.4,Positive
REV02327,UrbanOutwear,Apparel,2026-05-27,5,"Very soft material, fits perfectly!",0.69,Positive
REV02328,UrbanOutwear,Apparel,2026-05-31,4,"Absolutely love the color, exactly as pictured.",0.42,Positive
REV02329,UrbanOutwear,Apparel,2026-06-04,4,"Excellent quality jeans, very durable.",0.64,Positive
REV02330,UrbanOutwear,Apparel,2026-06-03,5,"Perfect fit, fast delivery!",0.72,Positive
REV02331,UrbanOutwear,Apparel,2026-06-06,5,"Absolutely love the color, exactly as pictured.",0.51,Positive
REV02332,UrbanOutwear,Apparel,2026-06-10,5,"Perfect fit, fast delivery!",0.67,Positive
REV02333,UrbanOutwear,Apparel,2026-06-14,5,"Perfect fit, fast delivery!",0.82,Positive
REV02334,UrbanOutwear,Apparel,2026-06-10,5,"Very soft material, fits perfectly!",0.52,Positive
REV02335,UrbanOutwear,Apparel,2026-06-21,4,"Absolutely love the color, exactly as pictured.",0.87,Positive
REV02336,UrbanOutwear,Apparel,2026-06-17,4,"Perfect fit, fast delivery!",0.68,Positive
REV02337,UrbanOutwear,Apparel,2026-06-21,5,"Excellent quality jeans, very durable.",0.51,Positive
REV02338,UrbanOutwear,Apparel,2026-06-24,5,Great style and comfortable to wear all day.,0.86,Positive
REV02339,UrbanOutwear,Apparel,2026-06-27,5,"Perfect fit, fast delivery!",0.72,Positive
REV02340,UrbanOutwear,Apparel,2026-06-27,5,"Absolutely love the color, exactly as pictured.",0.33,Positive
REV02341,DrapeStyle,Apparel,2025-07-04,5,"Excellent quality jeans, very durable.",0.87,Positive
REV02342,DrapeStyle,Apparel,2025-07-07,5,"Perfect fit, fast delivery!",0.67,Positive
REV02343,DrapeStyle,Apparel,2025-07-02,5,"Perfect fit, fast delivery!",0.77,Positive
REV02344,DrapeStyle,Apparel,2025-07-11,4,"Absolutely love the color, exactly as pictured.",0.53,Positive
REV02345,DrapeStyle,Apparel,2025-07-10,4,"Excellent quality jeans, very durable.",0.31,Positive
REV02346,DrapeStyle,Apparel,2025-07-11,4,"Very soft material, fits perfectly!",0.38,Positive
REV02347,DrapeStyle,Apparel,2025-07-19,5,"Perfect fit, fast delivery!",0.35,Positive
REV02348,DrapeStyle,Apparel,2025-07-17,5,Great style and comfortable to wear all day.,0.82,Positive
REV02349,DrapeStyle,Apparel,2025-07-21,5,"Very soft material, fits perfectly!",0.62,Positive
REV02350,DrapeStyle,Apparel,2025-07-27,3,"Product is okay, nothing special.",0.01,Neutral
REV02351,DrapeStyle,Apparel,2025-07-23,5,"Perfect fit, fast delivery!",0.9,Positive
REV02352,DrapeStyle,Apparel,2025-07-23,4,"Perfect fit, fast delivery!",0.5,Positive
REV02353,DrapeStyle,Apparel,2025-08-04,5,"Absolutely love the color, exactly as pictured.",0.78,Positive
REV02354,DrapeStyle,Apparel,2025-08-02,5,Great style and comfortable to wear all day.,0.32,Positive
REV02355,DrapeStyle,Apparel,2025-07-30,5,Great style and comfortable to wear all day.,0.49,Positive
REV02356,DrapeStyle,Apparel,2025-08-11,3,"Decent item, fits reasonably well.",0.04,Neutral
REV02357,DrapeStyle,Apparel,2025-08-08,4,"Perfect fit, fast delivery!",0.77,Positive
REV02358,DrapeStyle,Apparel,2025-08-10,5,Great style and comfortable to wear all day.,0.62,Positive
REV02359,DrapeStyle,Apparel,2025-08-15,5,"Perfect fit, fast delivery!",0.56,Positive
REV02360,DrapeStyle,Apparel,2025-08-15,4,"Perfect fit, fast delivery!",0.75,Positive
REV02361,DrapeStyle,Apparel,2025-08-14,4,"Excellent quality jeans, very durable.",0.68,Positive
REV02362,DrapeStyle,Apparel,2025-08-24,4,"Perfect fit, fast delivery!",0.47,Positive
REV02363,DrapeStyle,Apparel,2025-08-21,5,"Excellent quality jeans, very durable.",0.64,Positive
REV02364,DrapeStyle,Apparel,2025-08-24,4,Great style and comfortable to wear all day.,0.4,Positive
REV02365,DrapeStyle,Apparel,2025-08-29,4,"Excellent quality jeans, very durable.",0.51,Positive
REV02366,DrapeStyle,Apparel,2025-08-31,5,Great style and comfortable to wear all day.,0.82,Positive
REV02367,DrapeStyle,Apparel,2025-09-01,4,Great style and comfortable to wear all day.,0.55,Positive
REV02368,DrapeStyle,Apparel,2025-09-08,5,"Absolutely love the color, exactly as pictured.",0.49,Positive
REV02369,DrapeStyle,Apparel,2025-09-08,5,"Very soft material, fits perfectly!",0.5,Positive
REV02370,DrapeStyle,Apparel,2025-09-06,5,"Absolutely love the color, exactly as pictured.",0.62,Positive
REV02371,DrapeStyle,Apparel,2025-09-10,5,"Absolutely love the color, exactly as pictured.",0.63,Positive
REV02372,DrapeStyle,Apparel,2025-09-14,5,"Absolutely love the color, exactly as pictured.",0.66,Positive
REV02373,DrapeStyle,Apparel,2025-09-12,5,"Excellent quality jeans, very durable.",0.32,Positive
REV02374,DrapeStyle,Apparel,2025-09-22,5,"Perfect fit, fast delivery!",0.7,Positive
REV02375,DrapeStyle,Apparel,2025-09-18,5,"Very soft material, fits perfectly!",0.66,Positive
REV02376,DrapeStyle,Apparel,2025-09-22,4,"Excellent quality jeans, very durable.",0.39,Positive
REV02377,DrapeStyle,Apparel,2025-09-25,5,"Very soft material, fits perfectly!",0.75,Positive
REV02378,DrapeStyle,Apparel,2025-09-28,4,"Excellent quality jeans, very durable.",0.84,Positive
REV02379,DrapeStyle,Apparel,2025-09-24,5,"Excellent quality jeans, very durable.",0.44,Positive
REV02380,DrapeStyle,Apparel,2025-10-02,5,Great style and comfortable to wear all day.,0.45,Positive
REV02381,DrapeStyle,Apparel,2025-10-01,5,Great style and comfortable to wear all day.,0.56,Positive
REV02382,DrapeStyle,Apparel,2025-10-01,4,"Perfect fit, fast delivery!",0.56,Positive
REV02383,DrapeStyle,Apparel,2025-10-11,5,"Excellent quality jeans, very durable.",0.67,Positive
REV02384,DrapeStyle,Apparel,2025-10-13,4,"Perfect fit, fast delivery!",0.37,Positive
REV02385,DrapeStyle,Apparel,2025-10-10,4,"Perfect fit, fast delivery!",0.61,Positive
REV02386,DrapeStyle,Apparel,2025-10-15,5,"Perfect fit, fast delivery!",0.56,Positive
REV02387,DrapeStyle,Apparel,2025-10-20,5,"Absolutely love the color, exactly as pictured.",0.58,Positive
REV02388,DrapeStyle,Apparel,2025-10-18,4,"Excellent quality jeans, very durable.",0.51,Positive
REV02389,DrapeStyle,Apparel,2025-10-27,5,"Absolutely love the color, exactly as pictured.",0.46,Positive
REV02390,DrapeStyle,Apparel,2025-10-24,5,"Perfect fit, fast delivery!",0.46,Positive
REV02391,DrapeStyle,Apparel,2025-10-22,5,"Absolutely love the color, exactly as pictured.",0.56,Positive
REV02392,DrapeStyle,Apparel,2025-11-02,4,"Perfect fit, fast delivery!",0.35,Positive
REV02393,DrapeStyle,Apparel,2025-11-03,4,"Perfect fit, fast delivery!",0.38,Positive
REV02394,DrapeStyle,Apparel,2025-11-02,5,"Absolutely love the color, exactly as pictured.",0.48,Positive
REV02395,DrapeStyle,Apparel,2025-11-07,4,"Very soft material, fits perfectly!",0.72,Positive
REV02396,DrapeStyle,Apparel,2025-11-10,3,Average quality for the price.,0.14,Neutral
REV02397,DrapeStyle,Apparel,2025-11-06,5,"Very soft material, fits perfectly!",0.74,Positive
REV02398,DrapeStyle,Apparel,2025-11-15,3,"Took a bit long to ship, but works fine.",-0.02,Neutral
REV02399,DrapeStyle,Apparel,2025-11-17,4,Great style and comfortable to wear all day.,0.31,Positive
REV02400,DrapeStyle,Apparel,2025-11-15,5,"Excellent quality jeans, very durable.",0.33,Positive
REV02401,DrapeStyle,Apparel,2025-11-23,5,"Absolutely love the color, exactly as pictured.",0.57,Positive
REV02402,DrapeStyle,Apparel,2025-11-24,5,"Very soft material, fits perfectly!",0.51,Positive
REV02403,DrapeStyle,Apparel,2025-11-19,4,"Very soft material, fits perfectly!",0.65,Positive
REV02404,DrapeStyle,Apparel,2025-12-01,5,Great style and comfortable to wear all day.,0.32,Positive
REV02405,DrapeStyle,Apparel,2025-11-30,4,"Perfect fit, fast delivery!",0.83,Positive
REV02406,DrapeStyle,Apparel,2025-11-28,5,Great style and comfortable to wear all day.,0.74,Positive
REV02407,DrapeStyle,Apparel,2025-12-07,4,"Absolutely love the color, exactly as pictured.",0.82,Positive
REV02408,DrapeStyle,Apparel,2025-12-06,4,"Absolutely love the color, exactly as pictured.",0.52,Positive
REV02409,DrapeStyle,Apparel,2025-12-07,5,"Excellent quality jeans, very durable.",0.82,Positive
REV02410,DrapeStyle,Apparel,2025-12-11,4,Great style and comfortable to wear all day.,0.85,Positive
REV02411,DrapeStyle,Apparel,2025-12-14,5,"Excellent quality jeans, very durable.",0.76,Positive
REV02412,DrapeStyle,Apparel,2025-12-14,5,"Very soft material, fits perfectly!",0.56,Positive
REV02413,DrapeStyle,Apparel,2025-12-19,5,"Perfect fit, fast delivery!",0.56,Positive
REV02414,DrapeStyle,Apparel,2025-12-17,4,Great style and comfortable to wear all day.,0.85,Positive
REV02415,DrapeStyle,Apparel,2025-12-19,5,"Perfect fit, fast delivery!",0.58,Positive
REV02416,DrapeStyle,Apparel,2025-12-26,4,"Perfect fit, fast delivery!",0.59,Positive
REV02417,DrapeStyle,Apparel,2025-12-27,5,"Excellent quality jeans, very durable.",0.31,Positive
REV02418,DrapeStyle,Apparel,2025-12-27,5,"Perfect fit, fast delivery!",0.4,Positive
REV02419,DrapeStyle,Apparel,2026-01-02,4,"Absolutely love the color, exactly as pictured.",0.57,Positive
REV02420,DrapeStyle,Apparel,2026-01-05,5,"Excellent quality jeans, very durable.",0.83,Positive
REV02421,DrapeStyle,Apparel,2026-01-04,5,"Excellent quality jeans, very durable.",0.65,Positive
REV02422,DrapeStyle,Apparel,2026-01-07,4,"Excellent quality jeans, very durable.",0.36,Positive
REV02423,DrapeStyle,Apparel,2026-01-07,3,"Took a bit long to ship, but works fine.",0.27,Neutral
REV02424,DrapeStyle,Apparel,2026-01-12,4,"Excellent quality jeans, very durable.",0.53,Positive
REV02425,DrapeStyle,Apparel,2026-01-16,4,"Absolutely love the color, exactly as pictured.",0.7,Positive
REV02426,DrapeStyle,Apparel,2026-01-16,5,"Excellent quality jeans, very durable.",0.3,Positive
REV02427,DrapeStyle,Apparel,2026-01-18,4,"Perfect fit, fast delivery!",0.68,Positive
REV02428,DrapeStyle,Apparel,2026-01-22,4,Great style and comfortable to wear all day.,0.77,Positive
REV02429,DrapeStyle,Apparel,2026-01-21,5,Great style and comfortable to wear all day.,0.43,Positive
REV02430,DrapeStyle,Apparel,2026-01-26,3,"Decent item, fits reasonably well.",0.08,Neutral
REV02431,DrapeStyle,Apparel,2026-01-28,4,Great style and comfortable to wear all day.,0.54,Positive
REV02432,DrapeStyle,Apparel,2026-01-29,4,"Perfect fit, fast delivery!",0.89,Positive
REV02433,DrapeStyle,Apparel,2026-01-30,4,"Excellent quality jeans, very durable.",0.48,Positive
REV02434,DrapeStyle,Apparel,2026-02-08,4,"Absolutely love the color, exactly as pictured.",0.32,Positive
REV02435,DrapeStyle,Apparel,2026-02-05,5,Great style and comfortable to wear all day.,0.43,Positive
REV02436,DrapeStyle,Apparel,2026-02-07,4,"Absolutely love the color, exactly as pictured.",0.81,Positive
REV02437,DrapeStyle,Apparel,2026-02-12,4,"Absolutely love the color, exactly as pictured.",0.8,Positive
REV02438,DrapeStyle,Apparel,2026-02-13,5,"Absolutely love the color, exactly as pictured.",0.66,Positive
REV02439,DrapeStyle,Apparel,2026-02-12,5,"Absolutely love the color, exactly as pictured.",0.65,Positive
REV02440,DrapeStyle,Apparel,2026-02-22,3,Average quality for the price.,0.02,Neutral
REV02441,DrapeStyle,Apparel,2026-02-19,5,Great style and comfortable to wear all day.,0.63,Positive
REV02442,DrapeStyle,Apparel,2026-02-18,4,"Very soft material, fits perfectly!",0.63,Positive
REV02443,DrapeStyle,Apparel,2026-03-01,5,"Excellent quality jeans, very durable.",0.8,Positive
REV02444,DrapeStyle,Apparel,2026-03-01,3,"Product is okay, nothing special.",0.25,Neutral
REV02445,DrapeStyle,Apparel,2026-02-28,4,"Very soft material, fits perfectly!",0.5,Positive
REV02446,DrapeStyle,Apparel,2026-03-06,4,"Perfect fit, fast delivery!",0.38,Positive
REV02447,DrapeStyle,Apparel,2026-03-08,5,"Excellent quality jeans, very durable.",0.71,Positive
REV02448,DrapeStyle,Apparel,2026-03-07,5,Great style and comfortable to wear all day.,0.31,Positive
REV02449,DrapeStyle,Apparel,2026-03-13,4,"Perfect fit, fast delivery!",0.81,Positive
REV02450,DrapeStyle,Apparel,2026-03-12,4,"Excellent quality jeans, very durable.",0.84,Positive
REV02451,DrapeStyle,Apparel,2026-03-12,5,"Perfect fit, fast delivery!",0.72,Positive
REV02452,DrapeStyle,Apparel,2026-03-21,5,"Perfect fit, fast delivery!",0.87,Positive
REV02453,DrapeStyle,Apparel,2026-03-22,5,"Excellent quality jeans, very durable.",0.41,Positive
REV02454,DrapeStyle,Apparel,2026-03-22,5,"Very soft material, fits perfectly!",0.73,Positive
REV02455,DrapeStyle,Apparel,2026-03-30,5,"Excellent quality jeans, very durable.",0.45,Positive
REV02456,DrapeStyle,Apparel,2026-03-28,5,"Absolutely love the color, exactly as pictured.",0.82,Positive
REV02457,DrapeStyle,Apparel,2026-03-30,5,"Very soft material, fits perfectly!",0.46,Positive
REV02458,DrapeStyle,Apparel,2026-04-03,4,"Excellent quality jeans, very durable.",0.47,Positive
REV02459,DrapeStyle,Apparel,2026-04-01,4,"Very soft material, fits perfectly!",0.69,Positive
REV02460,DrapeStyle,Apparel,2026-04-04,5,"Absolutely love the color, exactly as pictured.",0.85,Positive
REV02461,DrapeStyle,Apparel,2026-04-10,4,"Very soft material, fits perfectly!",0.33,Positive
REV02462,DrapeStyle,Apparel,2026-04-12,5,Great style and comfortable to wear all day.,0.77,Positive
REV02463,DrapeStyle,Apparel,2026-04-09,5,Great style and comfortable to wear all day.,0.84,Positive
REV02464,DrapeStyle,Apparel,2026-04-16,5,Great style and comfortable to wear all day.,0.69,Positive
REV02465,DrapeStyle,Apparel,2026-04-18,5,Great style and comfortable to wear all day.,0.87,Positive
REV02466,DrapeStyle,Apparel,2026-04-17,4,"Perfect fit, fast delivery!",0.78,Positive
REV02467,DrapeStyle,Apparel,2026-04-25,4,"Absolutely love the color, exactly as pictured.",0.88,Positive
REV02468,DrapeStyle,Apparel,2026-04-23,4,"Excellent quality jeans, very durable.",0.32,Positive
REV02469,DrapeStyle,Apparel,2026-04-27,4,"Excellent quality jeans, very durable.",0.32,Positive
REV02470,DrapeStyle,Apparel,2026-05-01,5,Great style and comfortable to wear all day.,0.34,Positive
REV02471,DrapeStyle,Apparel,2026-05-01,4,"Excellent quality jeans, very durable.",0.51,Positive
REV02472,DrapeStyle,Apparel,2026-04-30,5,"Excellent quality jeans, very durable.",0.55,Positive
REV02473,DrapeStyle,Apparel,2026-05-10,4,"Absolutely love the color, exactly as pictured.",0.54,Positive
REV02474,DrapeStyle,Apparel,2026-05-06,5,"Absolutely love the color, exactly as pictured.",0.89,Positive
REV02475,DrapeStyle,Apparel,2026-05-07,4,Great style and comfortable to wear all day.,0.74,Positive
REV02476,DrapeStyle,Apparel,2026-05-16,5,"Excellent quality jeans, very durable.",0.65,Positive
REV02477,DrapeStyle,Apparel,2026-05-14,4,"Absolutely love the color, exactly as pictured.",0.87,Positive
REV02478,DrapeStyle,Apparel,2026-05-16,5,"Absolutely love the color, exactly as pictured.",0.9,Positive
REV02479,DrapeStyle,Apparel,2026-05-23,5,"Absolutely love the color, exactly as pictured.",0.8,Positive
REV02480,DrapeStyle,Apparel,2026-05-21,3,"Decent item, fits reasonably well.",0.18,Neutral
REV02481,DrapeStyle,Apparel,2026-05-24,4,"Perfect fit, fast delivery!",0.84,Positive
REV02482,DrapeStyle,Apparel,2026-05-30,4,Great style and comfortable to wear all day.,0.44,Positive
REV02483,DrapeStyle,Apparel,2026-05-29,3,"Took a bit long to ship, but works fine.",0.28,Neutral
REV02484,DrapeStyle,Apparel,2026-05-31,5,"Perfect fit, fast delivery!",0.58,Positive
REV02485,DrapeStyle,Apparel,2026-06-03,4,"Excellent quality jeans, very durable.",0.5,Positive
REV02486,DrapeStyle,Apparel,2026-06-03,5,"Absolutely love the color, exactly as pictured.",0.58,Positive
REV02487,DrapeStyle,Apparel,2026-06-05,4,"Absolutely love the color, exactly as pictured.",0.51,Positive
REV02488,DrapeStyle,Apparel,2026-06-13,4,"Very soft material, fits perfectly!",0.37,Positive
REV02489,DrapeStyle,Apparel,2026-06-12,4,Great style and comfortable to wear all day.,0.42,Positive
REV02490,DrapeStyle,Apparel,2026-06-12,5,Great style and comfortable to wear all day.,0.54,Positive
REV02491,DrapeStyle,Apparel,2026-06-19,5,"Perfect fit, fast delivery!",0.55,Positive
REV02492,DrapeStyle,Apparel,2026-06-17,5,Great style and comfortable to wear all day.,0.42,Positive
REV02493,DrapeStyle,Apparel,2026-06-17,4,"Excellent quality jeans, very durable.",0.36,Positive
REV02494,DrapeStyle,Apparel,2026-06-25,5,"Perfect fit, fast delivery!",0.69,Positive
REV02495,DrapeStyle,Apparel,2026-06-28,4,"Perfect fit, fast delivery!",0.49,Positive
REV02496,DrapeStyle,Apparel,2026-06-25,5,"Perfect fit, fast delivery!",0.56,Positive
REV02497,SilkRoad,Apparel,2025-07-04,4,Great style and comfortable to wear all day.,0.81,Positive
REV02498,SilkRoad,Apparel,2025-07-07,4,Great style and comfortable to wear all day.,0.74,Positive
REV02499,SilkRoad,Apparel,2025-07-05,4,"Perfect fit, fast delivery!",0.6,Positive
REV02500,SilkRoad,Apparel,2025-07-09,4,"Excellent quality jeans, very durable.",0.45,Positive
REV02501,SilkRoad,Apparel,2025-07-13,5,"Excellent quality jeans, very durable.",0.45,Positive
REV02502,SilkRoad,Apparel,2025-07-12,4,Great style and comfortable to wear all day.,0.33,Positive
REV02503,SilkRoad,Apparel,2025-07-17,4,"Absolutely love the color, exactly as pictured.",0.63,Positive
REV02504,SilkRoad,Apparel,2025-07-19,4,Great style and comfortable to wear all day.,0.81,Positive
REV02505,SilkRoad,Apparel,2025-07-20,4,"Perfect fit, fast delivery!",0.64,Positive
REV02506,SilkRoad,Apparel,2025-07-23,5,"Very soft material, fits perfectly!",0.68,Positive
REV02507,SilkRoad,Apparel,2025-07-25,5,"Absolutely love the color, exactly as pictured.",0.44,Positive
REV02508,SilkRoad,Apparel,2025-07-25,5,"Absolutely love the color, exactly as pictured.",0.59,Positive
REV02509,SilkRoad,Apparel,2025-08-04,5,Great style and comfortable to wear all day.,0.33,Positive
REV02510,SilkRoad,Apparel,2025-08-03,4,Great style and comfortable to wear all day.,0.32,Positive
REV02511,SilkRoad,Apparel,2025-08-01,4,"Excellent quality jeans, very durable.",0.61,Positive
REV02512,SilkRoad,Apparel,2025-08-11,4,Great style and comfortable to wear all day.,0.77,Positive
REV02513,SilkRoad,Apparel,2025-08-10,4,"Perfect fit, fast delivery!",0.5,Positive
REV02514,SilkRoad,Apparel,2025-08-09,5,"Excellent quality jeans, very durable.",0.86,Positive
REV02515,SilkRoad,Apparel,2025-08-13,5,"Absolutely love the color, exactly as pictured.",0.77,Positive
REV02516,SilkRoad,Apparel,2025-08-18,4,"Absolutely love the color, exactly as pictured.",0.36,Positive
REV02517,SilkRoad,Apparel,2025-08-18,5,"Absolutely love the color, exactly as pictured.",0.7,Positive
REV02518,SilkRoad,Apparel,2025-08-21,5,"Very soft material, fits perfectly!",0.83,Positive
REV02519,SilkRoad,Apparel,2025-08-23,5,"Absolutely love the color, exactly as pictured.",0.64,Positive
REV02520,SilkRoad,Apparel,2025-08-20,5,"Very soft material, fits perfectly!",0.37,Positive
REV02521,SilkRoad,Apparel,2025-08-31,5,"Excellent quality jeans, very durable.",0.68,Positive
REV02522,SilkRoad,Apparel,2025-08-27,5,"Very soft material, fits perfectly!",0.89,Positive
REV02523,SilkRoad,Apparel,2025-08-31,4,"Excellent quality jeans, very durable.",0.67,Positive
REV02524,SilkRoad,Apparel,2025-09-03,4,"Very soft material, fits perfectly!",0.43,Positive
REV02525,SilkRoad,Apparel,2025-09-07,4,Great style and comfortable to wear all day.,0.45,Positive
REV02526,SilkRoad,Apparel,2025-09-03,5,"Absolutely love the color, exactly as pictured.",0.48,Positive
REV02527,SilkRoad,Apparel,2025-09-12,4,"Excellent quality jeans, very durable.",0.84,Positive
REV02528,SilkRoad,Apparel,2025-09-11,4,"Absolutely love the color, exactly as pictured.",0.72,Positive
REV02529,SilkRoad,Apparel,2025-09-13,5,Great style and comfortable to wear all day.,0.75,Positive
REV02530,SilkRoad,Apparel,2025-09-18,4,"Absolutely love the color, exactly as pictured.",0.85,Positive
REV02531,SilkRoad,Apparel,2025-09-18,5,"Perfect fit, fast delivery!",0.79,Positive
REV02532,SilkRoad,Apparel,2025-09-17,4,"Very soft material, fits perfectly!",0.44,Positive
REV02533,SilkRoad,Apparel,2025-09-26,5,Great style and comfortable to wear all day.,0.64,Positive
REV02534,SilkRoad,Apparel,2025-09-27,4,"Excellent quality jeans, very durable.",0.35,Positive
REV02535,SilkRoad,Apparel,2025-09-26,4,"Perfect fit, fast delivery!",0.41,Positive
REV02536,SilkRoad,Apparel,2025-10-02,4,"Excellent quality jeans, very durable.",0.82,Positive
REV02537,SilkRoad,Apparel,2025-10-02,3,"It does what it says, but feels a bit lightweight.",0.12,Neutral
REV02538,SilkRoad,Apparel,2025-10-05,4,"Perfect fit, fast delivery!",0.73,Positive
REV02539,SilkRoad,Apparel,2025-10-11,5,"Perfect fit, fast delivery!",0.85,Positive
REV02540,SilkRoad,Apparel,2025-10-13,5,"Perfect fit, fast delivery!",0.88,Positive
REV02541,SilkRoad,Apparel,2025-10-10,4,"Perfect fit, fast delivery!",0.42,Positive
REV02542,SilkRoad,Apparel,2025-10-19,5,"Excellent quality jeans, very durable.",0.49,Positive
REV02543,SilkRoad,Apparel,2025-10-15,5,"Absolutely love the color, exactly as pictured.",0.39,Positive
REV02544,SilkRoad,Apparel,2025-10-17,3,"Decent item, fits reasonably well.",0.24,Neutral
REV02545,SilkRoad,Apparel,2025-10-24,4,"Excellent quality jeans, very durable.",0.65,Positive
REV02546,SilkRoad,Apparel,2025-10-24,4,"Absolutely love the color, exactly as pictured.",0.47,Positive
REV02547,SilkRoad,Apparel,2025-10-22,5,"Very soft material, fits perfectly!",0.87,Positive
REV02548,SilkRoad,Apparel,2025-10-31,4,"Absolutely love the color, exactly as pictured.",0.48,Positive
REV02549,SilkRoad,Apparel,2025-11-01,5,Great style and comfortable to wear all day.,0.69,Positive
REV02550,SilkRoad,Apparel,2025-10-29,5,"Perfect fit, fast delivery!",0.35,Positive
REV02551,SilkRoad,Apparel,2025-11-08,5,"Excellent quality jeans, very durable.",0.81,Positive
REV02552,SilkRoad,Apparel,2025-11-05,4,Great style and comfortable to wear all day.,0.43,Positive
REV02553,SilkRoad,Apparel,2025-11-07,4,"Excellent quality jeans, very durable.",0.8,Positive
REV02554,SilkRoad,Apparel,2025-11-12,5,"Absolutely love the color, exactly as pictured.",0.34,Positive
REV02555,SilkRoad,Apparel,2025-11-14,5,"Perfect fit, fast delivery!",0.57,Positive
REV02556,SilkRoad,Apparel,2025-11-15,5,"Absolutely love the color, exactly as pictured.",0.49,Positive
REV02557,SilkRoad,Apparel,2025-11-22,5,"Excellent quality jeans, very durable.",0.42,Positive
REV02558,SilkRoad,Apparel,2025-11-20,5,"Absolutely love the color, exactly as pictured.",0.67,Positive
REV02559,SilkRoad,Apparel,2025-11-22,5,"Excellent quality jeans, very durable.",0.57,Positive
REV02560,SilkRoad,Apparel,2025-11-26,4,Great style and comfortable to wear all day.,0.5,Positive
REV02561,SilkRoad,Apparel,2025-12-01,5,"Excellent quality jeans, very durable.",0.75,Positive
REV02562,SilkRoad,Apparel,2025-11-30,5,"Absolutely love the color, exactly as pictured.",0.61,Positive
REV02563,SilkRoad,Apparel,2025-12-08,5,"Perfect fit, fast delivery!",0.56,Positive
REV02564,SilkRoad,Apparel,2025-12-05,5,Great style and comfortable to wear all day.,0.5,Positive
REV02565,SilkRoad,Apparel,2025-12-05,4,"Perfect fit, fast delivery!",0.55,Positive
REV02566,SilkRoad,Apparel,2025-12-10,3,Average quality for the price.,0.21,Neutral
REV02567,SilkRoad,Apparel,2025-12-11,5,"Absolutely love the color, exactly as pictured.",0.33,Positive
REV02568,SilkRoad,Apparel,2025-12-10,5,Great style and comfortable to wear all day.,0.43,Positive
REV02569,SilkRoad,Apparel,2025-12-21,4,"Excellent quality jeans, very durable.",0.81,Positive
REV02570,SilkRoad,Apparel,2025-12-19,4,"Excellent quality jeans, very durable.",0.67,Positive
REV02571,SilkRoad,Apparel,2025-12-20,4,"Perfect fit, fast delivery!",0.82,Positive
REV02572,SilkRoad,Apparel,2025-12-24,4,Great style and comfortable to wear all day.,0.81,Positive
REV02573,SilkRoad,Apparel,2025-12-24,4,"Absolutely love the color, exactly as pictured.",0.56,Positive
REV02574,SilkRoad,Apparel,2025-12-24,5,"Perfect fit, fast delivery!",0.41,Positive
REV02575,SilkRoad,Apparel,2026-01-02,5,"Very soft material, fits perfectly!",0.76,Positive
REV02576,SilkRoad,Apparel,2026-01-01,5,Great style and comfortable to wear all day.,0.51,Positive
REV02577,SilkRoad,Apparel,2026-01-05,5,"Excellent quality jeans, very durable.",0.88,Positive
REV02578,SilkRoad,Apparel,2026-01-07,4,"Absolutely love the color, exactly as pictured.",0.46,Positive
REV02579,SilkRoad,Apparel,2026-01-07,4,"Absolutely love the color, exactly as pictured.",0.37,Positive
REV02580,SilkRoad,Apparel,2026-01-08,4,"Excellent quality jeans, very durable.",0.51,Positive
REV02581,SilkRoad,Apparel,2026-01-16,5,"Excellent quality jeans, very durable.",0.69,Positive
REV02582,SilkRoad,Apparel,2026-01-16,4,"Excellent quality jeans, very durable.",0.32,Positive
REV02583,SilkRoad,Apparel,2026-01-19,4,"Excellent quality jeans, very durable.",0.59,Positive
REV02584,SilkRoad,Apparel,2026-01-21,3,"Took a bit long to ship, but works fine.",-0.04,Neutral
REV02585,SilkRoad,Apparel,2026-01-21,5,"Absolutely love the color, exactly as pictured.",0.63,Positive
REV02586,SilkRoad,Apparel,2026-01-24,3,"Took a bit long to ship, but works fine.",-0.01,Neutral
REV02587,SilkRoad,Apparel,2026-01-31,4,"Perfect fit, fast delivery!",0.66,Positive
REV02588,SilkRoad,Apparel,2026-01-29,5,"Absolutely love the color, exactly as pictured.",0.59,Positive
REV02589,SilkRoad,Apparel,2026-01-31,4,Great style and comfortable to wear all day.,0.83,Positive
REV02590,SilkRoad,Apparel,2026-02-09,4,"Very soft material, fits perfectly!",0.56,Positive
REV02591,SilkRoad,Apparel,2026-02-07,4,"Absolutely love the color, exactly as pictured.",0.86,Positive
REV02592,SilkRoad,Apparel,2026-02-05,5,"Excellent quality jeans, very durable.",0.65,Positive
REV02593,SilkRoad,Apparel,2026-02-12,4,"Very soft material, fits perfectly!",0.76,Positive
REV02594,SilkRoad,Apparel,2026-02-16,5,"Excellent quality jeans, very durable.",0.34,Positive
REV02595,SilkRoad,Apparel,2026-02-15,3,"Product is okay, nothing special.",-0.01,Neutral
REV02596,SilkRoad,Apparel,2026-02-21,5,"Absolutely love the color, exactly as pictured.",0.71,Positive
REV02597,SilkRoad,Apparel,2026-02-23,4,"Excellent quality jeans, very durable.",0.35,Positive
REV02598,SilkRoad,Apparel,2026-02-20,4,Great style and comfortable to wear all day.,0.34,Positive
REV02599,SilkRoad,Apparel,2026-03-02,5,"Very soft material, fits perfectly!",0.89,Positive
REV02600,SilkRoad,Apparel,2026-03-01,3,"It does what it says, but feels a bit lightweight.",-0.06,Neutral
REV02601,SilkRoad,Apparel,2026-02-27,4,"Very soft material, fits perfectly!",0.88,Positive
REV02602,SilkRoad,Apparel,2026-03-05,3,"Took a bit long to ship, but works fine.",0.27,Neutral
REV02603,SilkRoad,Apparel,2026-03-04,5,Great style and comfortable to wear all day.,0.77,Positive
REV02604,SilkRoad,Apparel,2026-03-04,5,"Absolutely love the color, exactly as pictured.",0.62,Positive
REV02605,SilkRoad,Apparel,2026-03-13,5,"Excellent quality jeans, very durable.",0.36,Positive
REV02606,SilkRoad,Apparel,2026-03-12,4,"Very soft material, fits perfectly!",0.77,Positive
REV02607,SilkRoad,Apparel,2026-03-15,4,Great style and comfortable to wear all day.,0.52,Positive
REV02608,SilkRoad,Apparel,2026-03-19,5,"Excellent quality jeans, very durable.",0.53,Positive
REV02609,SilkRoad,Apparel,2026-03-18,5,"Very soft material, fits perfectly!",0.7,Positive
REV02610,SilkRoad,Apparel,2026-03-23,5,"Perfect fit, fast delivery!",0.53,Positive
REV02611,SilkRoad,Apparel,2026-03-26,4,"Perfect fit, fast delivery!",0.31,Positive
REV02612,SilkRoad,Apparel,2026-03-25,4,Great style and comfortable to wear all day.,0.56,Positive
REV02613,SilkRoad,Apparel,2026-03-26,5,"Absolutely love the color, exactly as pictured.",0.58,Positive
REV02614,SilkRoad,Apparel,2026-04-06,4,"Very soft material, fits perfectly!",0.65,Positive
REV02615,SilkRoad,Apparel,2026-04-03,5,"Perfect fit, fast delivery!",0.85,Positive
REV02616,SilkRoad,Apparel,2026-04-01,3,"Product is okay, nothing special.",0.01,Neutral
REV02617,SilkRoad,Apparel,2026-04-13,5,"Absolutely love the color, exactly as pictured.",0.43,Positive
REV02618,SilkRoad,Apparel,2026-04-08,4,"Perfect fit, fast delivery!",0.55,Positive
REV02619,SilkRoad,Apparel,2026-04-11,5,"Absolutely love the color, exactly as pictured.",0.88,Positive
REV02620,SilkRoad,Apparel,2026-04-19,5,Great style and comfortable to wear all day.,0.42,Positive
REV02621,SilkRoad,Apparel,2026-04-18,5,Great style and comfortable to wear all day.,0.83,Positive
REV02622,SilkRoad,Apparel,2026-04-15,5,"Absolutely love the color, exactly as pictured.",0.87,Positive
REV02623,SilkRoad,Apparel,2026-04-24,4,"Excellent quality jeans, very durable.",0.7,Positive
REV02624,SilkRoad,Apparel,2026-04-24,4,"Absolutely love the color, exactly as pictured.",0.58,Positive
REV02625,SilkRoad,Apparel,2026-04-25,4,"Very soft material, fits perfectly!",0.77,Positive
REV02626,SilkRoad,Apparel,2026-05-03,5,"Excellent quality jeans, very durable.",0.43,Positive
REV02627,SilkRoad,Apparel,2026-05-03,5,Great style and comfortable to wear all day.,0.39,Positive
REV02628,SilkRoad,Apparel,2026-04-30,5,"Excellent quality jeans, very durable.",0.58,Positive
REV02629,SilkRoad,Apparel,2026-05-10,4,"Absolutely love the color, exactly as pictured.",0.8,Positive
REV02630,SilkRoad,Apparel,2026-05-08,4,Great style and comfortable to wear all day.,0.33,Positive
REV02631,SilkRoad,Apparel,2026-05-08,3,"Decent item, fits reasonably well.",0.01,Neutral
REV02632,SilkRoad,Apparel,2026-05-14,4,"Perfect fit, fast delivery!",0.64,Positive
REV02633,SilkRoad,Apparel,2026-05-14,2,Do not buy. Very poor construction and cheap build.,-0.58,Negative
REV02634,SilkRoad,Apparel,2026-05-15,5,"Excellent quality jeans, very durable.",0.42,Positive
REV02635,SilkRoad,Apparel,2026-05-22,5,"Perfect fit, fast delivery!",0.52,Positive
REV02636,SilkRoad,Apparel,2026-05-20,5,"Excellent quality jeans, very durable.",0.66,Positive
REV02637,SilkRoad,Apparel,2026-05-23,5,"Perfect fit, fast delivery!",0.44,Positive
REV02638,SilkRoad,Apparel,2026-05-27,4,"Absolutely love the color, exactly as pictured.",0.43,Positive
REV02639,SilkRoad,Apparel,2026-05-29,5,"Perfect fit, fast delivery!",0.43,Positive
REV02640,SilkRoad,Apparel,2026-05-28,5,"Perfect fit, fast delivery!",0.88,Positive
REV02641,SilkRoad,Apparel,2026-06-08,4,"Very soft material, fits perfectly!",0.58,Positive
REV02642,SilkRoad,Apparel,2026-06-06,5,"Perfect fit, fast delivery!",0.71,Positive
REV02643,SilkRoad,Apparel,2026-06-07,5,"Absolutely love the color, exactly as pictured.",0.66,Positive
REV02644,SilkRoad,Apparel,2026-06-14,5,"Excellent quality jeans, very durable.",0.87,Positive
REV02645,SilkRoad,Apparel,2026-06-14,3,Average quality for the price.,-0.03,Neutral
REV02646,SilkRoad,Apparel,2026-06-12,5,Great style and comfortable to wear all day.,0.45,Positive
REV02647,SilkRoad,Apparel,2026-06-17,5,Great style and comfortable to wear all day.,0.77,Positive
REV02648,SilkRoad,Apparel,2026-06-21,4,"Very soft material, fits perfectly!",0.31,Positive
REV02649,SilkRoad,Apparel,2026-06-17,4,"Very soft material, fits perfectly!",0.39,Positive
REV02650,SilkRoad,Apparel,2026-06-24,5,"Absolutely love the color, exactly as pictured.",0.77,Positive
REV02651,SilkRoad,Apparel,2026-06-24,4,"Absolutely love the color, exactly as pictured.",0.43,Positive
REV02652,SilkRoad,Apparel,2026-06-25,4,"Excellent quality jeans, very durable.",0.38,Positive
REV02653,VelvetLoom,Apparel,2025-07-06,4,"Very soft material, fits perfectly!",0.52,Positive
REV02654,VelvetLoom,Apparel,2025-07-07,4,"Excellent quality jeans, very durable.",0.46,Positive
REV02655,VelvetLoom,Apparel,2025-07-06,4,"Excellent quality jeans, very durable.",0.34,Positive
REV02656,VelvetLoom,Apparel,2025-07-11,5,"Perfect fit, fast delivery!",0.42,Positive
REV02657,VelvetLoom,Apparel,2025-07-11,4,"Very soft material, fits perfectly!",0.34,Positive
REV02658,VelvetLoom,Apparel,2025-07-13,4,"Absolutely love the color, exactly as pictured.",0.9,Positive
REV02659,VelvetLoom,Apparel,2025-07-16,4,"Very soft material, fits perfectly!",0.89,Positive
REV02660,VelvetLoom,Apparel,2025-07-21,5,"Absolutely love the color, exactly as pictured.",0.7,Positive
REV02661,VelvetLoom,Apparel,2025-07-16,4,"Excellent quality jeans, very durable.",0.89,Positive
REV02662,VelvetLoom,Apparel,2025-07-25,5,"Very soft material, fits perfectly!",0.66,Positive
REV02663,VelvetLoom,Apparel,2025-07-28,4,"Perfect fit, fast delivery!",0.31,Positive
REV02664,VelvetLoom,Apparel,2025-07-25,5,"Excellent quality jeans, very durable.",0.66,Positive
REV02665,VelvetLoom,Apparel,2025-08-03,4,"Very soft material, fits perfectly!",0.65,Positive
REV02666,VelvetLoom,Apparel,2025-08-03,4,Great style and comfortable to wear all day.,0.7,Positive
REV02667,VelvetLoom,Apparel,2025-08-04,4,"Very soft material, fits perfectly!",0.35,Positive
REV02668,VelvetLoom,Apparel,2025-08-06,5,Great style and comfortable to wear all day.,0.71,Positive
REV02669,VelvetLoom,Apparel,2025-08-10,5,"Absolutely love the color, exactly as pictured.",0.59,Positive
REV02670,VelvetLoom,Apparel,2025-08-06,5,"Very soft material, fits perfectly!",0.38,Positive
REV02671,VelvetLoom,Apparel,2025-08-17,5,"Absolutely love the color, exactly as pictured.",0.45,Positive
REV02672,VelvetLoom,Apparel,2025-08-14,5,"Excellent quality jeans, very durable.",0.71,Positive
REV02673,VelvetLoom,Apparel,2025-08-17,4,"Absolutely love the color, exactly as pictured.",0.77,Positive
REV02674,VelvetLoom,Apparel,2025-08-24,5,"Absolutely love the color, exactly as pictured.",0.37,Positive
REV02675,VelvetLoom,Apparel,2025-08-24,4,"Absolutely love the color, exactly as pictured.",0.32,Positive
REV02676,VelvetLoom,Apparel,2025-08-23,5,"Perfect fit, fast delivery!",0.62,Positive
REV02677,VelvetLoom,Apparel,2025-09-01,4,"Very soft material, fits perfectly!",0.76,Positive
REV02678,VelvetLoom,Apparel,2025-08-29,4,"Perfect fit, fast delivery!",0.87,Positive
REV02679,VelvetLoom,Apparel,2025-09-01,5,"Excellent quality jeans, very durable.",0.68,Positive
REV02680,VelvetLoom,Apparel,2025-09-03,5,"Excellent quality jeans, very durable.",0.63,Positive
REV02681,VelvetLoom,Apparel,2025-09-04,5,"Absolutely love the color, exactly as pictured.",0.58,Positive
REV02682,VelvetLoom,Apparel,2025-09-06,3,"It does what it says, but feels a bit lightweight.",0.06,Neutral
REV02683,VelvetLoom,Apparel,2025-09-15,5,Great style and comfortable to wear all day.,0.69,Positive
REV02684,VelvetLoom,Apparel,2025-09-14,5,"Absolutely love the color, exactly as pictured.",0.35,Positive
REV02685,VelvetLoom,Apparel,2025-09-13,5,"Perfect fit, fast delivery!",0.82,Positive
REV02686,VelvetLoom,Apparel,2025-09-21,5,Great style and comfortable to wear all day.,0.74,Positive
REV02687,VelvetLoom,Apparel,2025-09-19,4,Great style and comfortable to wear all day.,0.34,Positive
REV02688,VelvetLoom,Apparel,2025-09-22,4,"Excellent quality jeans, very durable.",0.62,Positive
REV02689,VelvetLoom,Apparel,2025-09-28,5,Great style and comfortable to wear all day.,0.9,Positive
REV02690,VelvetLoom,Apparel,2025-09-28,5,"Absolutely love the color, exactly as pictured.",0.51,Positive
REV02691,VelvetLoom,Apparel,2025-09-25,4,"Perfect fit, fast delivery!",0.42,Positive
REV02692,VelvetLoom,Apparel,2025-10-06,4,"Perfect fit, fast delivery!",0.44,Positive
REV02693,VelvetLoom,Apparel,2025-10-03,5,Great style and comfortable to wear all day.,0.46,Positive
REV02694,VelvetLoom,Apparel,2025-10-04,5,"Excellent quality jeans, very durable.",0.66,Positive
REV02695,VelvetLoom,Apparel,2025-10-13,5,"Very soft material, fits perfectly!",0.33,Positive
REV02696,VelvetLoom,Apparel,2025-10-10,4,"Very soft material, fits perfectly!",0.5,Positive
REV02697,VelvetLoom,Apparel,2025-10-08,4,"Perfect fit, fast delivery!",0.76,Positive
REV02698,VelvetLoom,Apparel,2025-10-17,5,"Absolutely love the color, exactly as pictured.",0.85,Positive
REV02699,VelvetLoom,Apparel,2025-10-17,4,"Very soft material, fits perfectly!",0.71,Positive
REV02700,VelvetLoom,Apparel,2025-10-16,5,"Absolutely love the color, exactly as pictured.",0.56,Positive
REV02701,VelvetLoom,Apparel,2025-10-27,5,"Very soft material, fits perfectly!",0.46,Positive
REV02702,VelvetLoom,Apparel,2025-10-26,4,Great style and comfortable to wear all day.,0.75,Positive
REV02703,VelvetLoom,Apparel,2025-10-26,4,"Perfect fit, fast delivery!",0.83,Positive
REV02704,VelvetLoom,Apparel,2025-10-30,5,"Perfect fit, fast delivery!",0.63,Positive
REV02705,VelvetLoom,Apparel,2025-10-29,4,"Very soft material, fits perfectly!",0.73,Positive
REV02706,VelvetLoom,Apparel,2025-10-31,4,"Excellent quality jeans, very durable.",0.34,Positive
REV02707,VelvetLoom,Apparel,2025-11-07,5,"Absolutely love the color, exactly as pictured.",0.48,Positive
REV02708,VelvetLoom,Apparel,2025-11-09,5,Great style and comfortable to wear all day.,0.43,Positive
REV02709,VelvetLoom,Apparel,2025-11-06,5,"Absolutely love the color, exactly as pictured.",0.4,Positive
REV02710,VelvetLoom,Apparel,2025-11-12,4,Great style and comfortable to wear all day.,0.65,Positive
REV02711,VelvetLoom,Apparel,2025-11-15,4,"Perfect fit, fast delivery!",0.84,Positive
REV02712,VelvetLoom,Apparel,2025-11-13,5,"Perfect fit, fast delivery!",0.45,Positive
REV02713,VelvetLoom,Apparel,2025-11-24,4,"Very soft material, fits perfectly!",0.8,Positive
REV02714,VelvetLoom,Apparel,2025-11-22,4,Great style and comfortable to wear all day.,0.52,Positive
REV02715,VelvetLoom,Apparel,2025-11-22,4,"Absolutely love the color, exactly as pictured.",0.5,Positive
REV02716,VelvetLoom,Apparel,2025-11-26,5,"Perfect fit, fast delivery!",0.86,Positive
REV02717,VelvetLoom,Apparel,2025-12-01,4,"Perfect fit, fast delivery!",0.73,Positive
REV02718,VelvetLoom,Apparel,2025-11-26,4,Great style and comfortable to wear all day.,0.67,Positive
REV02719,VelvetLoom,Apparel,2025-12-06,5,"Perfect fit, fast delivery!",0.84,Positive
REV02720,VelvetLoom,Apparel,2025-12-03,4,"Very soft material, fits perfectly!",0.38,Positive
REV02721,VelvetLoom,Apparel,2025-12-05,5,Great style and comfortable to wear all day.,0.78,Positive
REV02722,VelvetLoom,Apparel,2025-12-10,3,"Decent item, fits reasonably well.",0.28,Neutral
REV02723,VelvetLoom,Apparel,2025-12-15,5,"Absolutely love the color, exactly as pictured.",0.79,Positive
REV02724,VelvetLoom,Apparel,2025-12-10,4,"Perfect fit, fast delivery!",0.59,Positive
REV02725,VelvetLoom,Apparel,2025-12-17,4,"Excellent quality jeans, very durable.",0.49,Positive
REV02726,VelvetLoom,Apparel,2025-12-21,5,Great style and comfortable to wear all day.,0.59,Positive
REV02727,VelvetLoom,Apparel,2025-12-19,4,"Very soft material, fits perfectly!",0.66,Positive
REV02728,VelvetLoom,Apparel,2025-12-25,5,"Perfect fit, fast delivery!",0.61,Positive
REV02729,VelvetLoom,Apparel,2025-12-28,5,Great style and comfortable to wear all day.,0.39,Positive
REV02730,VelvetLoom,Apparel,2025-12-25,4,"Absolutely love the color, exactly as pictured.",0.67,Positive
REV02731,VelvetLoom,Apparel,2026-01-03,4,"Excellent quality jeans, very durable.",0.55,Positive
REV02732,VelvetLoom,Apparel,2026-01-04,4,"Perfect fit, fast delivery!",0.48,Positive
REV02733,VelvetLoom,Apparel,2025-12-31,5,"Perfect fit, fast delivery!",0.54,Positive
REV02734,VelvetLoom,Apparel,2026-01-09,5,"Excellent quality jeans, very durable.",0.47,Positive
REV02735,VelvetLoom,Apparel,2026-01-08,5,"Excellent quality jeans, very durable.",0.44,Positive
REV02736,VelvetLoom,Apparel,2026-01-09,4,"Absolutely love the color, exactly as pictured.",0.55,Positive
REV02737,VelvetLoom,Apparel,2026-01-18,4,"Excellent quality jeans, very durable.",0.88,Positive
REV02738,VelvetLoom,Apparel,2026-01-18,4,"Very soft material, fits perfectly!",0.61,Positive
REV02739,VelvetLoom,Apparel,2026-01-16,5,"Excellent quality jeans, very durable.",0.77,Positive
REV02740,VelvetLoom,Apparel,2026-01-25,3,"Decent item, fits reasonably well.",-0.07,Neutral
REV02741,VelvetLoom,Apparel,2026-01-26,5,"Excellent quality jeans, very durable.",0.67,Positive
REV02742,VelvetLoom,Apparel,2026-01-22,5,"Absolutely love the color, exactly as pictured.",0.7,Positive
REV02743,VelvetLoom,Apparel,2026-01-29,4,"Perfect fit, fast delivery!",0.49,Positive
REV02744,VelvetLoom,Apparel,2026-01-31,4,"Excellent quality jeans, very durable.",0.87,Positive
REV02745,VelvetLoom,Apparel,2026-01-29,5,"Perfect fit, fast delivery!",0.61,Positive
REV02746,VelvetLoom,Apparel,2026-02-09,5,"Perfect fit, fast delivery!",0.31,Positive
REV02747,VelvetLoom,Apparel,2026-02-05,4,"Perfect fit, fast delivery!",0.32,Positive
REV02748,VelvetLoom,Apparel,2026-02-04,5,"Absolutely love the color, exactly as pictured.",0.81,Positive
REV02749,VelvetLoom,Apparel,2026-02-13,3,"Decent item, fits reasonably well.",0.15,Neutral
REV02750,VelvetLoom,Apparel,2026-02-11,5,"Perfect fit, fast delivery!",0.33,Positive
REV02751,VelvetLoom,Apparel,2026-02-16,5,"Very soft material, fits perfectly!",0.43,Positive
REV02752,VelvetLoom,Apparel,2026-02-20,5,"Excellent quality jeans, very durable.",0.78,Positive
REV02753,VelvetLoom,Apparel,2026-02-19,5,Great style and comfortable to wear all day.,0.62,Positive
REV02754,VelvetLoom,Apparel,2026-02-20,4,Great style and comfortable to wear all day.,0.5,Positive
REV02755,VelvetLoom,Apparel,2026-02-27,4,"Very soft material, fits perfectly!",0.49,Positive
REV02756,VelvetLoom,Apparel,2026-02-27,5,"Absolutely love the color, exactly as pictured.",0.62,Positive
REV02757,VelvetLoom,Apparel,2026-02-28,5,"Perfect fit, fast delivery!",0.35,Positive
REV02758,VelvetLoom,Apparel,2026-03-07,4,"Absolutely love the color, exactly as pictured.",0.84,Positive
REV02759,VelvetLoom,Apparel,2026-03-05,4,"Very soft material, fits perfectly!",0.34,Positive
REV02760,VelvetLoom,Apparel,2026-03-09,5,"Absolutely love the color, exactly as pictured.",0.44,Positive
REV02761,VelvetLoom,Apparel,2026-03-16,4,"Absolutely love the color, exactly as pictured.",0.32,Positive
REV02762,VelvetLoom,Apparel,2026-03-11,5,"Very soft material, fits perfectly!",0.4,Positive
REV02763,VelvetLoom,Apparel,2026-03-12,4,"Very soft material, fits perfectly!",0.61,Positive
REV02764,VelvetLoom,Apparel,2026-03-20,5,"Absolutely love the color, exactly as pictured.",0.31,Positive
REV02765,VelvetLoom,Apparel,2026-03-20,5,"Very soft material, fits perfectly!",0.34,Positive
REV02766,VelvetLoom,Apparel,2026-03-20,5,"Very soft material, fits perfectly!",0.37,Positive
REV02767,VelvetLoom,Apparel,2026-03-25,5,"Excellent quality jeans, very durable.",0.68,Positive
REV02768,VelvetLoom,Apparel,2026-03-26,4,Great style and comfortable to wear all day.,0.74,Positive
REV02769,VelvetLoom,Apparel,2026-03-26,5,"Perfect fit, fast delivery!",0.62,Positive
REV02770,VelvetLoom,Apparel,2026-04-05,5,"Perfect fit, fast delivery!",0.3,Positive
REV02771,VelvetLoom,Apparel,2026-04-05,4,Great style and comfortable to wear all day.,0.48,Positive
REV02772,VelvetLoom,Apparel,2026-04-05,4,"Excellent quality jeans, very durable.",0.52,Positive
REV02773,VelvetLoom,Apparel,2026-04-13,4,"Absolutely love the color, exactly as pictured.",0.68,Positive
REV02774,VelvetLoom,Apparel,2026-04-11,5,"Very soft material, fits perfectly!",0.87,Positive
REV02775,VelvetLoom,Apparel,2026-04-13,4,"Perfect fit, fast delivery!",0.69,Positive
REV02776,VelvetLoom,Apparel,2026-04-17,5,"Very soft material, fits perfectly!",0.65,Positive
REV02777,VelvetLoom,Apparel,2026-04-15,5,"Absolutely love the color, exactly as pictured.",0.46,Positive
REV02778,VelvetLoom,Apparel,2026-04-16,4,Great style and comfortable to wear all day.,0.32,Positive
REV02779,VelvetLoom,Apparel,2026-04-24,5,"Perfect fit, fast delivery!",0.64,Positive
REV02780,VelvetLoom,Apparel,2026-04-25,5,"Very soft material, fits perfectly!",0.85,Positive
REV02781,VelvetLoom,Apparel,2026-04-22,4,"Very soft material, fits perfectly!",0.82,Positive
REV02782,VelvetLoom,Apparel,2026-05-04,5,Great style and comfortable to wear all day.,0.87,Positive
REV02783,VelvetLoom,Apparel,2026-04-29,4,Great style and comfortable to wear all day.,0.59,Positive
REV02784,VelvetLoom,Apparel,2026-05-01,4,"Very soft material, fits perfectly!",0.72,Positive
REV02785,VelvetLoom,Apparel,2026-05-07,4,"Excellent quality jeans, very durable.",0.36,Positive
REV02786,VelvetLoom,Apparel,2026-05-10,4,"Excellent quality jeans, very durable.",0.84,Positive
REV02787,VelvetLoom,Apparel,2026-05-08,5,"Very soft material, fits perfectly!",0.58,Positive
REV02788,VelvetLoom,Apparel,2026-05-17,4,"Perfect fit, fast delivery!",0.85,Positive
REV02789,VelvetLoom,Apparel,2026-05-14,5,"Very soft material, fits perfectly!",0.35,Positive
REV02790,VelvetLoom,Apparel,2026-05-17,4,"Absolutely love the color, exactly as pictured.",0.56,Positive
REV02791,VelvetLoom,Apparel,2026-05-25,4,"Perfect fit, fast delivery!",0.31,Positive
REV02792,VelvetLoom,Apparel,2026-05-20,5,"Very soft material, fits perfectly!",0.4,Positive
REV02793,VelvetLoom,Apparel,2026-05-24,5,"Absolutely love the color, exactly as pictured.",0.42,Positive
REV02794,VelvetLoom,Apparel,2026-05-30,5,Great style and comfortable to wear all day.,0.3,Positive
REV02795,VelvetLoom,Apparel,2026-06-01,4,"Excellent quality jeans, very durable.",0.37,Positive
REV02796,VelvetLoom,Apparel,2026-05-27,4,"Absolutely love the color, exactly as pictured.",0.74,Positive
REV02797,VelvetLoom,Apparel,2026-06-05,4,Great style and comfortable to wear all day.,0.34,Positive
REV02798,VelvetLoom,Apparel,2026-06-04,4,Great style and comfortable to wear all day.,0.41,Positive
REV02799,VelvetLoom,Apparel,2026-06-05,5,"Perfect fit, fast delivery!",0.66,Positive
REV02800,VelvetLoom,Apparel,2026-06-13,4,Great style and comfortable to wear all day.,0.72,Positive
REV02801,VelvetLoom,Apparel,2026-06-14,3,"Product is okay, nothing special.",0.05,Neutral
REV02802,VelvetLoom,Apparel,2026-06-11,5,Great style and comfortable to wear all day.,0.81,Positive
REV02803,VelvetLoom,Apparel,2026-06-20,4,Great style and comfortable to wear all day.,0.81,Positive
REV02804,VelvetLoom,Apparel,2026-06-17,3,Average quality for the price.,-0.01,Neutral
REV02805,VelvetLoom,Apparel,2026-06-21,4,"Excellent quality jeans, very durable.",0.64,Positive
REV02806,VelvetLoom,Apparel,2026-06-29,4,"Perfect fit, fast delivery!",0.61,Positive
REV02807,VelvetLoom,Apparel,2026-06-27,5,"Absolutely love the color, exactly as pictured.",0.6,Positive
REV02808,VelvetLoom,Apparel,2026-06-28,5,"Absolutely love the color, exactly as pictured.",0.85,Positive
REV02809,DenimCo,Apparel,2025-07-04,3,"Decent item, fits reasonably well.",0.17,Neutral
REV02810,DenimCo,Apparel,2025-07-04,4,"Perfect fit, fast delivery!",0.8,Positive
REV02811,DenimCo,Apparel,2025-07-06,4,"Excellent quality jeans, very durable.",0.89,Positive
REV02812,DenimCo,Apparel,2025-07-14,3,Average quality for the price.,0.01,Neutral
REV02813,DenimCo,Apparel,2025-07-13,4,"Absolutely love the color, exactly as pictured.",0.8,Positive
REV02814,DenimCo,Apparel,2025-07-14,4,"Perfect fit, fast delivery!",0.31,Positive
REV02815,DenimCo,Apparel,2025-07-18,5,"Absolutely love the color, exactly as pictured.",0.7,Positive
REV02816,DenimCo,Apparel,2025-07-17,5,"Perfect fit, fast delivery!",0.5,Positive
REV02817,DenimCo,Apparel,2025-07-17,5,"Excellent quality jeans, very durable.",0.59,Positive
REV02818,DenimCo,Apparel,2025-07-24,4,"Perfect fit, fast delivery!",0.51,Positive
REV02819,DenimCo,Apparel,2025-07-23,4,Great style and comfortable to wear all day.,0.7,Positive
REV02820,DenimCo,Apparel,2025-07-27,5,"Perfect fit, fast delivery!",0.73,Positive
REV02821,DenimCo,Apparel,2025-07-31,4,"Very soft material, fits perfectly!",0.66,Positive
REV02822,DenimCo,Apparel,2025-07-31,4,Great style and comfortable to wear all day.,0.73,Positive
REV02823,DenimCo,Apparel,2025-08-01,5,"Very soft material, fits perfectly!",0.71,Positive
REV02824,DenimCo,Apparel,2025-08-08,3,"Decent item, fits reasonably well.",0.28,Neutral
REV02825,DenimCo,Apparel,2025-08-11,4,"Excellent quality jeans, very durable.",0.47,Positive
REV02826,DenimCo,Apparel,2025-08-07,5,Great style and comfortable to wear all day.,0.44,Positive
REV02827,DenimCo,Apparel,2025-08-13,4,"Absolutely love the color, exactly as pictured.",0.36,Positive
REV02828,DenimCo,Apparel,2025-08-14,5,"Absolutely love the color, exactly as pictured.",0.61,Positive
REV02829,DenimCo,Apparel,2025-08-17,5,"Very soft material, fits perfectly!",0.8,Positive
REV02830,DenimCo,Apparel,2025-08-24,4,Great style and comfortable to wear all day.,0.58,Positive
REV02831,DenimCo,Apparel,2025-08-24,5,"Perfect fit, fast delivery!",0.6,Positive
REV02832,DenimCo,Apparel,2025-08-24,4,"Absolutely love the color, exactly as pictured.",0.36,Positive
REV02833,DenimCo,Apparel,2025-09-01,5,"Absolutely love the color, exactly as pictured.",0.33,Positive
REV02834,DenimCo,Apparel,2025-08-29,4,"Very soft material, fits perfectly!",0.6,Positive
REV02835,DenimCo,Apparel,2025-09-01,4,"Very soft material, fits perfectly!",0.88,Positive
REV02836,DenimCo,Apparel,2025-09-04,4,"Excellent quality jeans, very durable.",0.49,Positive
REV02837,DenimCo,Apparel,2025-09-07,3,"It does what it says, but feels a bit lightweight.",0.23,Neutral
REV02838,DenimCo,Apparel,2025-09-08,4,"Excellent quality jeans, very durable.",0.33,Positive
REV02839,DenimCo,Apparel,2025-09-11,5,Great style and comfortable to wear all day.,0.46,Positive
REV02840,DenimCo,Apparel,2025-09-13,5,"Excellent quality jeans, very durable.",0.82,Positive
REV02841,DenimCo,Apparel,2025-09-11,4,"Excellent quality jeans, very durable.",0.53,Positive
REV02842,DenimCo,Apparel,2025-09-18,4,"Absolutely love the color, exactly as pictured.",0.59,Positive
REV02843,DenimCo,Apparel,2025-09-20,4,"Very soft material, fits perfectly!",0.31,Positive
REV02844,DenimCo,Apparel,2025-09-19,5,"Very soft material, fits perfectly!",0.67,Positive
REV02845,DenimCo,Apparel,2025-09-29,5,"Absolutely love the color, exactly as pictured.",0.56,Positive
REV02846,DenimCo,Apparel,2025-09-25,4,"Absolutely love the color, exactly as pictured.",0.57,Positive
REV02847,DenimCo,Apparel,2025-09-25,5,"Very soft material, fits perfectly!",0.41,Positive
REV02848,DenimCo,Apparel,2025-10-04,3,"It does what it says, but feels a bit lightweight.",-0.03,Neutral
REV02849,DenimCo,Apparel,2025-10-04,4,Great style and comfortable to wear all day.,0.33,Positive
REV02850,DenimCo,Apparel,2025-10-04,5,"Absolutely love the color, exactly as pictured.",0.3,Positive
REV02851,DenimCo,Apparel,2025-10-12,4,"Very soft material, fits perfectly!",0.8,Positive
REV02852,DenimCo,Apparel,2025-10-13,5,"Excellent quality jeans, very durable.",0.37,Positive
REV02853,DenimCo,Apparel,2025-10-11,4,Great style and comfortable to wear all day.,0.88,Positive
REV02854,DenimCo,Apparel,2025-10-19,5,"Perfect fit, fast delivery!",0.78,Positive
REV02855,DenimCo,Apparel,2025-10-19,5,"Perfect fit, fast delivery!",0.46,Positive
REV02856,DenimCo,Apparel,2025-10-19,4,"Very soft material, fits perfectly!",0.5,Positive
REV02857,DenimCo,Apparel,2025-10-25,5,"Excellent quality jeans, very durable.",0.56,Positive
REV02858,DenimCo,Apparel,2025-10-23,5,"Very soft material, fits perfectly!",0.53,Positive
REV02859,DenimCo,Apparel,2025-10-26,5,"Perfect fit, fast delivery!",0.75,Positive
REV02860,DenimCo,Apparel,2025-11-02,5,"Very soft material, fits perfectly!",0.66,Positive
REV02861,DenimCo,Apparel,2025-11-02,5,"Excellent quality jeans, very durable.",0.31,Positive
REV02862,DenimCo,Apparel,2025-10-30,5,"Very soft material, fits perfectly!",0.37,Positive
REV02863,DenimCo,Apparel,2025-11-08,5,"Excellent quality jeans, very durable.",0.81,Positive
REV02864,DenimCo,Apparel,2025-11-07,5,Great style and comfortable to wear all day.,0.44,Positive
REV02865,DenimCo,Apparel,2025-11-06,4,"Excellent quality jeans, very durable.",0.66,Positive
REV02866,DenimCo,Apparel,2025-11-16,4,Great style and comfortable to wear all day.,0.82,Positive
REV02867,DenimCo,Apparel,2025-11-17,4,"Very soft material, fits perfectly!",0.77,Positive
REV02868,DenimCo,Apparel,2025-11-13,5,"Perfect fit, fast delivery!",0.89,Positive
REV02869,DenimCo,Apparel,2025-11-19,5,"Excellent quality jeans, very durable.",0.53,Positive
REV02870,DenimCo,Apparel,2025-11-19,4,"Perfect fit, fast delivery!",0.86,Positive
REV02871,DenimCo,Apparel,2025-11-23,5,"Absolutely love the color, exactly as pictured.",0.73,Positive
REV02872,DenimCo,Apparel,2025-11-27,4,"Perfect fit, fast delivery!",0.78,Positive
REV02873,DenimCo,Apparel,2025-11-29,5,"Excellent quality jeans, very durable.",0.6,Positive
REV02874,DenimCo,Apparel,2025-11-29,3,"Took a bit long to ship, but works fine.",0.28,Neutral
REV02875,DenimCo,Apparel,2025-12-06,4,"Absolutely love the color, exactly as pictured.",0.45,Positive
REV02876,DenimCo,Apparel,2025-12-08,3,"It does what it says, but feels a bit lightweight.",-0.05,Neutral
REV02877,DenimCo,Apparel,2025-12-06,5,"Absolutely love the color, exactly as pictured.",0.82,Positive
REV02878,DenimCo,Apparel,2025-12-12,5,Great style and comfortable to wear all day.,0.48,Positive
REV02879,DenimCo,Apparel,2025-12-15,4,"Absolutely love the color, exactly as pictured.",0.52,Positive
REV02880,DenimCo,Apparel,2025-12-10,5,"Very soft material, fits perfectly!",0.78,Positive
REV02881,DenimCo,Apparel,2025-12-22,5,"Excellent quality jeans, very durable.",0.63,Positive
REV02882,DenimCo,Apparel,2025-12-17,5,Great style and comfortable to wear all day.,0.82,Positive
REV02883,DenimCo,Apparel,2025-12-22,4,"Perfect fit, fast delivery!",0.62,Positive
REV02884,DenimCo,Apparel,2025-12-28,4,"Perfect fit, fast delivery!",0.61,Positive
REV02885,DenimCo,Apparel,2025-12-27,4,"Absolutely love the color, exactly as pictured.",0.66,Positive
REV02886,DenimCo,Apparel,2025-12-27,4,"Perfect fit, fast delivery!",0.63,Positive
REV02887,DenimCo,Apparel,2026-01-02,5,"Absolutely love the color, exactly as pictured.",0.77,Positive
REV02888,DenimCo,Apparel,2026-01-05,5,"Perfect fit, fast delivery!",0.49,Positive
REV02889,DenimCo,Apparel,2026-01-01,5,"Absolutely love the color, exactly as pictured.",0.7,Positive
REV02890,DenimCo,Apparel,2026-01-12,4,"Absolutely love the color, exactly as pictured.",0.4,Positive
REV02891,DenimCo,Apparel,2026-01-10,4,"Very soft material, fits perfectly!",0.85,Positive
REV02892,DenimCo,Apparel,2026-01-09,3,"Took a bit long to ship, but works fine.",0.25,Neutral
REV02893,DenimCo,Apparel,2026-01-16,4,"Excellent quality jeans, very durable.",0.59,Positive
REV02894,DenimCo,Apparel,2026-01-14,3,Average quality for the price.,-0.09,Neutral
REV02895,DenimCo,Apparel,2026-01-15,4,"Absolutely love the color, exactly as pictured.",0.71,Positive
REV02896,DenimCo,Apparel,2026-01-23,4,"Perfect fit, fast delivery!",0.75,Positive
REV02897,DenimCo,Apparel,2026-01-24,4,"Very soft material, fits perfectly!",0.31,Positive
REV02898,DenimCo,Apparel,2026-01-24,4,"Excellent quality jeans, very durable.",0.32,Positive
REV02899,DenimCo,Apparel,2026-02-01,5,"Very soft material, fits perfectly!",0.81,Positive
REV02900,DenimCo,Apparel,2026-01-29,5,"Excellent quality jeans, very durable.",0.75,Positive
REV02901,DenimCo,Apparel,2026-02-01,5,"Absolutely love the color, exactly as pictured.",0.71,Positive
REV02902,DenimCo,Apparel,2026-02-07,4,"Excellent quality jeans, very durable.",0.69,Positive
REV02903,DenimCo,Apparel,2026-02-07,5,"Excellent quality jeans, very durable.",0.57,Positive
REV02904,DenimCo,Apparel,2026-02-08,5,"Very soft material, fits perfectly!",0.45,Positive
REV02905,DenimCo,Apparel,2026-02-12,5,"Very soft material, fits perfectly!",0.71,Positive
REV02906,DenimCo,Apparel,2026-02-13,3,"It does what it says, but feels a bit lightweight.",0.09,Neutral
REV02907,DenimCo,Apparel,2026-02-16,4,"Perfect fit, fast delivery!",0.47,Positive
REV02908,DenimCo,Apparel,2026-02-18,5,"Absolutely love the color, exactly as pictured.",0.64,Positive
REV02909,DenimCo,Apparel,2026-02-19,5,"Absolutely love the color, exactly as pictured.",0.57,Positive
REV02910,DenimCo,Apparel,2026-02-23,4,"Very soft material, fits perfectly!",0.49,Positive
REV02911,DenimCo,Apparel,2026-02-26,5,"Very soft material, fits perfectly!",0.32,Positive
REV02912,DenimCo,Apparel,2026-03-02,5,"Very soft material, fits perfectly!",0.76,Positive
REV02913,DenimCo,Apparel,2026-03-01,5,"Perfect fit, fast delivery!",0.35,Positive
REV02914,DenimCo,Apparel,2026-03-04,4,Great style and comfortable to wear all day.,0.6,Positive
REV02915,DenimCo,Apparel,2026-03-04,4,"Very soft material, fits perfectly!",0.64,Positive
REV02916,DenimCo,Apparel,2026-03-05,5,"Excellent quality jeans, very durable.",0.45,Positive
REV02917,DenimCo,Apparel,2026-03-15,5,Great style and comfortable to wear all day.,0.77,Positive
REV02918,DenimCo,Apparel,2026-03-15,4,"Perfect fit, fast delivery!",0.49,Positive
REV02919,DenimCo,Apparel,2026-03-12,5,"Perfect fit, fast delivery!",0.75,Positive
REV02920,DenimCo,Apparel,2026-03-20,4,"Perfect fit, fast delivery!",0.43,Positive
REV02921,DenimCo,Apparel,2026-03-18,4,"Very soft material, fits perfectly!",0.87,Positive
REV02922,DenimCo,Apparel,2026-03-20,4,Great style and comfortable to wear all day.,0.77,Positive
REV02923,DenimCo,Apparel,2026-03-25,5,"Excellent quality jeans, very durable.",0.69,Positive
REV02924,DenimCo,Apparel,2026-03-29,4,"Excellent quality jeans, very durable.",0.36,Positive
REV02925,DenimCo,Apparel,2026-03-27,5,"Very soft material, fits perfectly!",0.43,Positive
REV02926,DenimCo,Apparel,2026-04-01,5,"Absolutely love the color, exactly as pictured.",0.79,Positive
REV02927,DenimCo,Apparel,2026-04-03,4,Great style and comfortable to wear all day.,0.31,Positive
REV02928,DenimCo,Apparel,2026-04-04,3,"It does what it says, but feels a bit lightweight.",0.09,Neutral
REV02929,DenimCo,Apparel,2026-04-13,5,"Absolutely love the color, exactly as pictured.",0.79,Positive
REV02930,DenimCo,Apparel,2026-04-12,3,Average quality for the price.,0.21,Neutral
REV02931,DenimCo,Apparel,2026-04-08,5,"Very soft material, fits perfectly!",0.86,Positive
REV02932,DenimCo,Apparel,2026-04-15,5,"Perfect fit, fast delivery!",0.47,Positive
REV02933,DenimCo,Apparel,2026-04-20,4,"Excellent quality jeans, very durable.",0.73,Positive
REV02934,DenimCo,Apparel,2026-04-20,4,"Perfect fit, fast delivery!",0.35,Positive
REV02935,DenimCo,Apparel,2026-04-26,5,"Excellent quality jeans, very durable.",0.79,Positive
REV02936,DenimCo,Apparel,2026-04-24,5,Great style and comfortable to wear all day.,0.84,Positive
REV02937,DenimCo,Apparel,2026-04-26,5,"Perfect fit, fast delivery!",0.38,Positive
REV02938,DenimCo,Apparel,2026-04-30,5,Great style and comfortable to wear all day.,0.4,Positive
REV02939,DenimCo,Apparel,2026-05-03,4,"Perfect fit, fast delivery!",0.46,Positive
REV02940,DenimCo,Apparel,2026-05-03,5,"Excellent quality jeans, very durable.",0.59,Positive
REV02941,DenimCo,Apparel,2026-05-09,5,"Excellent quality jeans, very durable.",0.34,Positive
REV02942,DenimCo,Apparel,2026-05-10,4,"Absolutely love the color, exactly as pictured.",0.32,Positive
REV02943,DenimCo,Apparel,2026-05-11,3,Average quality for the price.,-0.05,Neutral
REV02944,DenimCo,Apparel,2026-05-13,4,"Absolutely love the color, exactly as pictured.",0.74,Positive
REV02945,DenimCo,Apparel,2026-05-13,5,"Very soft material, fits perfectly!",0.47,Positive
REV02946,DenimCo,Apparel,2026-05-18,4,"Excellent quality jeans, very durable.",0.4,Positive
REV02947,DenimCo,Apparel,2026-05-24,5,"Absolutely love the color, exactly as pictured.",0.36,Positive
REV02948,DenimCo,Apparel,2026-05-23,5,"Excellent quality jeans, very durable.",0.47,Positive
REV02949,DenimCo,Apparel,2026-05-22,5,"Very soft material, fits perfectly!",0.54,Positive
REV02950,DenimCo,Apparel,2026-06-01,5,"Perfect fit, fast delivery!",0.45,Positive
REV02951,DenimCo,Apparel,2026-05-27,4,"Absolutely love the color, exactly as pictured.",0.77,Positive
REV02952,DenimCo,Apparel,2026-06-01,5,"Absolutely love the color, exactly as pictured.",0.49,Positive
REV02953,DenimCo,Apparel,2026-06-03,5,Great style and comfortable to wear all day.,0.58,Positive
REV02954,DenimCo,Apparel,2026-06-05,5,Great style and comfortable to wear all day.,0.69,Positive
REV02955,DenimCo,Apparel,2026-06-07,4,"Perfect fit, fast delivery!",0.85,Positive
REV02956,DenimCo,Apparel,2026-06-10,4,"Very soft material, fits perfectly!",0.86,Positive
REV02957,DenimCo,Apparel,2026-06-12,5,Great style and comfortable to wear all day.,0.66,Positive
REV02958,DenimCo,Apparel,2026-06-15,5,"Excellent quality jeans, very durable.",0.37,Positive
REV02959,DenimCo,Apparel,2026-06-17,5,"Perfect fit, fast delivery!",0.32,Positive
REV02960,DenimCo,Apparel,2026-06-18,4,"Absolutely love the color, exactly as pictured.",0.81,Positive
REV02961,DenimCo,Apparel,2026-06-19,5,Great style and comfortable to wear all day.,0.38,Positive
REV02962,DenimCo,Apparel,2026-06-27,4,"Excellent quality jeans, very durable.",0.57,Positive
REV02963,DenimCo,Apparel,2026-06-29,4,"Very soft material, fits perfectly!",0.63,Positive
REV02964,DenimCo,Apparel,2026-06-27,4,"Absolutely love the color, exactly as pictured.",0.41,Positive
REV02965,ChicBoutique,Apparel,2025-07-06,5,"Excellent quality jeans, very durable.",0.41,Positive
REV02966,ChicBoutique,Apparel,2025-07-05,5,Great style and comfortable to wear all day.,0.71,Positive
REV02967,ChicBoutique,Apparel,2025-07-07,4,"Excellent quality jeans, very durable.",0.82,Positive
REV02968,ChicBoutique,Apparel,2025-07-11,5,"Perfect fit, fast delivery!",0.56,Positive
REV02969,ChicBoutique,Apparel,2025-07-14,5,"Perfect fit, fast delivery!",0.9,Positive
REV02970,ChicBoutique,Apparel,2025-07-13,4,Great style and comfortable to wear all day.,0.75,Positive
REV02971,ChicBoutique,Apparel,2025-07-17,3,"Product is okay, nothing special.",0.13,Neutral
REV02972,ChicBoutique,Apparel,2025-07-21,4,"Perfect fit, fast delivery!",0.86,Positive
REV02973,ChicBoutique,Apparel,2025-07-18,3,"Took a bit long to ship, but works fine.",0.12,Neutral
REV02974,ChicBoutique,Apparel,2025-07-25,5,"Absolutely love the color, exactly as pictured.",0.42,Positive
REV02975,ChicBoutique,Apparel,2025-07-25,4,"Very soft material, fits perfectly!",0.88,Positive
REV02976,ChicBoutique,Apparel,2025-07-28,4,"Excellent quality jeans, very durable.",0.53,Positive
REV02977,ChicBoutique,Apparel,2025-08-03,5,"Absolutely love the color, exactly as pictured.",0.55,Positive
REV02978,ChicBoutique,Apparel,2025-08-02,4,"Perfect fit, fast delivery!",0.85,Positive
REV02979,ChicBoutique,Apparel,2025-08-03,3,Average quality for the price.,0.2,Neutral
REV02980,ChicBoutique,Apparel,2025-08-11,5,Great style and comfortable to wear all day.,0.66,Positive
REV02981,ChicBoutique,Apparel,2025-08-11,5,Great style and comfortable to wear all day.,0.8,Positive
REV02982,ChicBoutique,Apparel,2025-08-08,5,"Very soft material, fits perfectly!",0.85,Positive
REV02983,ChicBoutique,Apparel,2025-08-16,5,"Very soft material, fits perfectly!",0.47,Positive
REV02984,ChicBoutique,Apparel,2025-08-15,5,"Absolutely love the color, exactly as pictured.",0.51,Positive
REV02985,ChicBoutique,Apparel,2025-08-15,5,"Excellent quality jeans, very durable.",0.51,Positive
REV02986,ChicBoutique,Apparel,2025-08-22,4,"Perfect fit, fast delivery!",0.45,Positive
REV02987,ChicBoutique,Apparel,2025-08-20,5,"Absolutely love the color, exactly as pictured.",0.47,Positive
REV02988,ChicBoutique,Apparel,2025-08-20,5,Great style and comfortable to wear all day.,0.55,Positive
REV02989,ChicBoutique,Apparel,2025-08-27,4,"Absolutely love the color, exactly as pictured.",0.42,Positive
REV02990,ChicBoutique,Apparel,2025-08-31,4,"Excellent quality jeans, very durable.",0.85,Positive
REV02991,ChicBoutique,Apparel,2025-08-30,5,"Very soft material, fits perfectly!",0.65,Positive
REV02992,ChicBoutique,Apparel,2025-09-04,4,"Absolutely love the color, exactly as pictured.",0.88,Positive
REV02993,ChicBoutique,Apparel,2025-09-08,2,Item doesn't work at all. Completely dead on arrival.,-0.37,Negative
REV02994,ChicBoutique,Apparel,2025-09-05,5,"Perfect fit, fast delivery!",0.83,Positive
REV02995,ChicBoutique,Apparel,2025-09-11,5,Great style and comfortable to wear all day.,0.37,Positive
REV02996,ChicBoutique,Apparel,2025-09-14,5,"Very soft material, fits perfectly!",0.5,Positive
REV02997,ChicBoutique,Apparel,2025-09-11,4,"Absolutely love the color, exactly as pictured.",0.78,Positive
REV02998,ChicBoutique,Apparel,2025-09-20,5,"Very soft material, fits perfectly!",0.62,Positive
REV02999,ChicBoutique,Apparel,2025-09-22,5,"Excellent quality jeans, very durable.",0.55,Positive
REV03000,ChicBoutique,Apparel,2025-09-17,5,"Perfect fit, fast delivery!",0.88,Positive
REV03001,ChicBoutique,Apparel,2025-09-24,4,Great style and comfortable to wear all day.,0.48,Positive
REV03002,ChicBoutique,Apparel,2025-09-24,5,"Perfect fit, fast delivery!",0.77,Positive
REV03003,ChicBoutique,Apparel,2025-09-27,5,Great style and comfortable to wear all day.,0.45,Positive
REV03004,ChicBoutique,Apparel,2025-10-05,3,"Product is okay, nothing special.",0.03,Neutral
REV03005,ChicBoutique,Apparel,2025-10-01,4,Great style and comfortable to wear all day.,0.89,Positive
REV03006,ChicBoutique,Apparel,2025-10-03,4,"Perfect fit, fast delivery!",0.32,Positive
REV03007,ChicBoutique,Apparel,2025-10-10,5,"Absolutely love the color, exactly as pictured.",0.47,Positive
REV03008,ChicBoutique,Apparel,2025-10-09,4,"Absolutely love the color, exactly as pictured.",0.32,Positive
REV03009,ChicBoutique,Apparel,2025-10-10,4,Great style and comfortable to wear all day.,0.58,Positive
REV03010,ChicBoutique,Apparel,2025-10-18,3,"Took a bit long to ship, but works fine.",0.18,Neutral
REV03011,ChicBoutique,Apparel,2025-10-17,3,"Product is okay, nothing special.",0.1,Neutral
REV03012,ChicBoutique,Apparel,2025-10-16,5,"Absolutely love the color, exactly as pictured.",0.68,Positive
REV03013,ChicBoutique,Apparel,2025-10-22,5,"Very soft material, fits perfectly!",0.8,Positive
REV03014,ChicBoutique,Apparel,2025-10-26,4,"Perfect fit, fast delivery!",0.83,Positive
REV03015,ChicBoutique,Apparel,2025-10-22,5,"Perfect fit, fast delivery!",0.31,Positive
REV03016,ChicBoutique,Apparel,2025-10-31,5,"Perfect fit, fast delivery!",0.82,Positive
REV03017,ChicBoutique,Apparel,2025-10-31,4,"Perfect fit, fast delivery!",0.76,Positive
REV03018,ChicBoutique,Apparel,2025-10-30,4,Great style and comfortable to wear all day.,0.32,Positive
REV03019,ChicBoutique,Apparel,2025-11-09,4,Great style and comfortable to wear all day.,0.49,Positive
REV03020,ChicBoutique,Apparel,2025-11-06,4,"Absolutely love the color, exactly as pictured.",0.83,Positive
REV03021,ChicBoutique,Apparel,2025-11-07,5,"Very soft material, fits perfectly!",0.56,Positive
REV03022,ChicBoutique,Apparel,2025-11-16,3,"Took a bit long to ship, but works fine.",0.23,Neutral
REV03023,ChicBoutique,Apparel,2025-11-12,5,"Excellent quality jeans, very durable.",0.73,Positive
REV03024,ChicBoutique,Apparel,2025-11-12,4,"Absolutely love the color, exactly as pictured.",0.64,Positive
REV03025,ChicBoutique,Apparel,2025-11-19,5,"Very soft material, fits perfectly!",0.37,Positive
REV03026,ChicBoutique,Apparel,2025-11-19,5,"Excellent quality jeans, very durable.",0.35,Positive
REV03027,ChicBoutique,Apparel,2025-11-22,4,"Very soft material, fits perfectly!",0.59,Positive
REV03028,ChicBoutique,Apparel,2025-12-01,4,"Absolutely love the color, exactly as pictured.",0.31,Positive
REV03029,ChicBoutique,Apparel,2025-11-30,5,"Perfect fit, fast delivery!",0.42,Positive
REV03030,ChicBoutique,Apparel,2025-11-30,4,"Excellent quality jeans, very durable.",0.84,Positive
REV03031,ChicBoutique,Apparel,2025-12-05,5,Great style and comfortable to wear all day.,0.36,Positive
REV03032,ChicBoutique,Apparel,2025-12-08,4,"Absolutely love the color, exactly as pictured.",0.32,Positive
REV03033,ChicBoutique,Apparel,2025-12-03,4,"Perfect fit, fast delivery!",0.9,Positive
REV03034,ChicBoutique,Apparel,2025-12-14,5,"Excellent quality jeans, very durable.",0.87,Positive
REV03035,ChicBoutique,Apparel,2025-12-10,5,"Absolutely love the color, exactly as pictured.",0.58,Positive
REV03036,ChicBoutique,Apparel,2025-12-10,5,"Excellent quality jeans, very durable.",0.8,Positive
REV03037,ChicBoutique,Apparel,2025-12-22,4,Great style and comfortable to wear all day.,0.51,Positive
REV03038,ChicBoutique,Apparel,2025-12-20,5,"Excellent quality jeans, very durable.",0.42,Positive
REV03039,ChicBoutique,Apparel,2025-12-18,4,"Absolutely love the color, exactly as pictured.",0.59,Positive
REV03040,ChicBoutique,Apparel,2025-12-26,4,"Perfect fit, fast delivery!",0.71,Positive
REV03041,ChicBoutique,Apparel,2025-12-27,4,Great style and comfortable to wear all day.,0.76,Positive
REV03042,ChicBoutique,Apparel,2025-12-29,5,"Absolutely love the color, exactly as pictured.",0.31,Positive
REV03043,ChicBoutique,Apparel,2026-01-02,4,Great style and comfortable to wear all day.,0.69,Positive
REV03044,ChicBoutique,Apparel,2026-01-03,5,"Excellent quality jeans, very durable.",0.35,Positive
REV03045,ChicBoutique,Apparel,2025-12-31,5,"Very soft material, fits perfectly!",0.69,Positive
REV03046,ChicBoutique,Apparel,2026-01-09,3,"Product is okay, nothing special.",0.08,Neutral
REV03047,ChicBoutique,Apparel,2026-01-10,5,"Excellent quality jeans, very durable.",0.38,Positive
REV03048,ChicBoutique,Apparel,2026-01-09,5,"Absolutely love the color, exactly as pictured.",0.33,Positive
REV03049,ChicBoutique,Apparel,2026-01-18,4,Great style and comfortable to wear all day.,0.52,Positive
REV03050,ChicBoutique,Apparel,2026-01-15,5,"Perfect fit, fast delivery!",0.48,Positive
REV03051,ChicBoutique,Apparel,2026-01-14,4,"Perfect fit, fast delivery!",0.88,Positive
REV03052,ChicBoutique,Apparel,2026-01-23,4,"Very soft material, fits perfectly!",0.87,Positive
REV03053,ChicBoutique,Apparel,2026-01-26,4,"Perfect fit, fast delivery!",0.41,Positive
REV03054,ChicBoutique,Apparel,2026-01-23,4,"Very soft material, fits perfectly!",0.52,Positive
REV03055,ChicBoutique,Apparel,2026-01-31,5,"Excellent quality jeans, very durable.",0.81,Positive
REV03056,ChicBoutique,Apparel,2026-01-31,4,"Perfect fit, fast delivery!",0.87,Positive
REV03057,ChicBoutique,Apparel,2026-02-01,5,"Absolutely love the color, exactly as pictured.",0.81,Positive
REV03058,ChicBoutique,Apparel,2026-02-05,5,"Perfect fit, fast delivery!",0.72,Positive
REV03059,ChicBoutique,Apparel,2026-02-07,5,"Excellent quality jeans, very durable.",0.85,Positive
REV03060,ChicBoutique,Apparel,2026-02-06,5,"Very soft material, fits perfectly!",0.8,Positive
REV03061,ChicBoutique,Apparel,2026-02-14,5,"Perfect fit, fast delivery!",0.8,Positive
REV03062,ChicBoutique,Apparel,2026-02-15,5,"Excellent quality jeans, very durable.",0.79,Positive
REV03063,ChicBoutique,Apparel,2026-02-15,4,Great style and comfortable to wear all day.,0.48,Positive
REV03064,ChicBoutique,Apparel,2026-02-19,5,"Absolutely love the color, exactly as pictured.",0.32,Positive
REV03065,ChicBoutique,Apparel,2026-02-23,4,"Very soft material, fits perfectly!",0.34,Positive
REV03066,ChicBoutique,Apparel,2026-02-21,4,"Perfect fit, fast delivery!",0.77,Positive
REV03067,ChicBoutique,Apparel,2026-03-01,5,"Perfect fit, fast delivery!",0.43,Positive
REV03068,ChicBoutique,Apparel,2026-02-27,5,"Excellent quality jeans, very durable.",0.67,Positive
REV03069,ChicBoutique,Apparel,2026-02-25,5,"Perfect fit, fast delivery!",0.67,Positive
REV03070,ChicBoutique,Apparel,2026-03-06,5,"Absolutely love the color, exactly as pictured.",0.76,Positive
REV03071,ChicBoutique,Apparel,2026-03-04,4,"Excellent quality jeans, very durable.",0.9,Positive
REV03072,ChicBoutique,Apparel,2026-03-04,5,"Perfect fit, fast delivery!",0.84,Positive
REV03073,ChicBoutique,Apparel,2026-03-14,4,"Perfect fit, fast delivery!",0.55,Positive
REV03074,ChicBoutique,Apparel,2026-03-14,4,Great style and comfortable to wear all day.,0.39,Positive
REV03075,ChicBoutique,Apparel,2026-03-11,4,"Very soft material, fits perfectly!",0.54,Positive
REV03076,ChicBoutique,Apparel,2026-03-22,5,"Absolutely love the color, exactly as pictured.",0.88,Positive
REV03077,ChicBoutique,Apparel,2026-03-19,4,"Very soft material, fits perfectly!",0.42,Positive
REV03078,ChicBoutique,Apparel,2026-03-21,4,"Absolutely love the color, exactly as pictured.",0.37,Positive
REV03079,ChicBoutique,Apparel,2026-03-28,4,Great style and comfortable to wear all day.,0.84,Positive
REV03080,ChicBoutique,Apparel,2026-03-29,4,"Perfect fit, fast delivery!",0.65,Positive
REV03081,ChicBoutique,Apparel,2026-03-26,5,"Excellent quality jeans, very durable.",0.9,Positive
REV03082,ChicBoutique,Apparel,2026-04-03,5,Great style and comfortable to wear all day.,0.43,Positive
REV03083,ChicBoutique,Apparel,2026-04-06,5,"Perfect fit, fast delivery!",0.31,Positive
REV03084,ChicBoutique,Apparel,2026-04-04,4,Great style and comfortable to wear all day.,0.55,Positive
REV03085,ChicBoutique,Apparel,2026-04-08,4,Great style and comfortable to wear all day.,0.34,Positive
REV03086,ChicBoutique,Apparel,2026-04-08,5,"Perfect fit, fast delivery!",0.73,Positive
REV03087,ChicBoutique,Apparel,2026-04-12,5,"Perfect fit, fast delivery!",0.57,Positive
REV03088,ChicBoutique,Apparel,2026-04-17,4,"Absolutely love the color, exactly as pictured.",0.58,Positive
REV03089,ChicBoutique,Apparel,2026-04-17,4,"Very soft material, fits perfectly!",0.86,Positive
REV03090,ChicBoutique,Apparel,2026-04-15,5,"Perfect fit, fast delivery!",0.68,Positive
REV03091,ChicBoutique,Apparel,2026-04-24,5,"Perfect fit, fast delivery!",0.56,Positive
REV03092,ChicBoutique,Apparel,2026-04-24,4,"Very soft material, fits perfectly!",0.77,Positive
REV03093,ChicBoutique,Apparel,2026-04-23,4,"Very soft material, fits perfectly!",0.51,Positive
REV03094,ChicBoutique,Apparel,2026-05-02,4,"Perfect fit, fast delivery!",0.59,Positive
REV03095,ChicBoutique,Apparel,2026-05-04,4,Great style and comfortable to wear all day.,0.67,Positive
REV03096,ChicBoutique,Apparel,2026-05-02,5,"Excellent quality jeans, very durable.",0.44,Positive
REV03097,ChicBoutique,Apparel,2026-05-10,5,"Excellent quality jeans, very durable.",0.66,Positive
REV03098,ChicBoutique,Apparel,2026-05-11,3,Average quality for the price.,0.13,Neutral
REV03099,ChicBoutique,Apparel,2026-05-09,3,Average quality for the price.,-0.05,Neutral
REV03100,ChicBoutique,Apparel,2026-05-17,5,"Absolutely love the color, exactly as pictured.",0.32,Positive
REV03101,ChicBoutique,Apparel,2026-05-15,4,"Excellent quality jeans, very durable.",0.58,Positive
REV03102,ChicBoutique,Apparel,2026-05-14,5,"Excellent quality jeans, very durable.",0.8,Positive
REV03103,ChicBoutique,Apparel,2026-05-21,5,"Absolutely love the color, exactly as pictured.",0.81,Positive
REV03104,ChicBoutique,Apparel,2026-05-20,5,"Very soft material, fits perfectly!",0.51,Positive
REV03105,ChicBoutique,Apparel,2026-05-21,4,"Very soft material, fits perfectly!",0.43,Positive
REV03106,ChicBoutique,Apparel,2026-06-01,5,"Excellent quality jeans, very durable.",0.41,Positive
REV03107,ChicBoutique,Apparel,2026-05-28,4,"Excellent quality jeans, very durable.",0.74,Positive
REV03108,ChicBoutique,Apparel,2026-05-28,5,"Very soft material, fits perfectly!",0.9,Positive
REV03109,ChicBoutique,Apparel,2026-06-06,5,"Excellent quality jeans, very durable.",0.46,Positive
REV03110,ChicBoutique,Apparel,2026-06-06,5,"Perfect fit, fast delivery!",0.76,Positive
REV03111,ChicBoutique,Apparel,2026-06-04,5,"Perfect fit, fast delivery!",0.68,Positive
REV03112,ChicBoutique,Apparel,2026-06-13,5,"Perfect fit, fast delivery!",0.83,Positive
REV03113,ChicBoutique,Apparel,2026-06-13,4,"Perfect fit, fast delivery!",0.77,Positive
REV03114,ChicBoutique,Apparel,2026-06-12,4,"Excellent quality jeans, very durable.",0.6,Positive
REV03115,ChicBoutique,Apparel,2026-06-20,5,"Absolutely love the color, exactly as pictured.",0.37,Positive
REV03116,ChicBoutique,Apparel,2026-06-17,4,"Perfect fit, fast delivery!",0.83,Positive
REV03117,ChicBoutique,Apparel,2026-06-20,4,"Perfect fit, fast delivery!",0.72,Positive
REV03118,ChicBoutique,Apparel,2026-06-29,5,"Absolutely love the color, exactly as pictured.",0.76,Positive
REV03119,ChicBoutique,Apparel,2026-06-26,5,"Perfect fit, fast delivery!",0.77,Positive
REV03120,ChicBoutique,Apparel,2026-06-28,5,"Excellent quality jeans, very durable.",0.5,Positive
REV03121,DecoSpace,Home & Kitchen,2025-07-02,4,"Blender is super powerful, handles frozen fruit easily.",0.8,Positive
REV03122,DecoSpace,Home & Kitchen,2025-07-06,5,"Extremely sharp knives, cooks like a chef.",0.71,Positive
REV03123,DecoSpace,Home & Kitchen,2025-07-07,4,"Beautiful design, fits perfectly on my counter.",0.89,Positive
REV03124,DecoSpace,Home & Kitchen,2025-07-13,5,"Extremely sharp knives, cooks like a chef.",0.63,Positive
REV03125,DecoSpace,Home & Kitchen,2025-07-14,4,"Beautiful design, fits perfectly on my counter.",0.6,Positive
REV03126,DecoSpace,Home & Kitchen,2025-07-10,5,"Extremely sharp knives, cooks like a chef.",0.83,Positive
REV03127,DecoSpace,Home & Kitchen,2025-07-18,4,"Highly durable pan, non-stick works perfectly.",0.31,Positive
REV03128,DecoSpace,Home & Kitchen,2025-07-20,5,"Beautiful design, fits perfectly on my counter.",0.73,Positive
REV03129,DecoSpace,Home & Kitchen,2025-07-20,5,"Extremely sharp knives, cooks like a chef.",0.4,Positive
REV03130,DecoSpace,Home & Kitchen,2025-07-24,5,"Extremely sharp knives, cooks like a chef.",0.69,Positive
REV03131,DecoSpace,Home & Kitchen,2025-07-28,4,"Beautiful design, fits perfectly on my counter.",0.38,Positive
REV03132,DecoSpace,Home & Kitchen,2025-07-28,4,"Extremely sharp knives, cooks like a chef.",0.53,Positive
REV03133,DecoSpace,Home & Kitchen,2025-08-03,5,"Highly durable pan, non-stick works perfectly.",0.58,Positive
REV03134,DecoSpace,Home & Kitchen,2025-08-03,5,"Blender is super powerful, handles frozen fruit easily.",0.46,Positive
REV03135,DecoSpace,Home & Kitchen,2025-08-01,4,"Extremely sharp knives, cooks like a chef.",0.33,Positive
REV03136,DecoSpace,Home & Kitchen,2025-08-09,4,"Extremely sharp knives, cooks like a chef.",0.51,Positive
REV03137,DecoSpace,Home & Kitchen,2025-08-10,4,"Beautiful design, fits perfectly on my counter.",0.51,Positive
REV03138,DecoSpace,Home & Kitchen,2025-08-10,5,"Beautiful design, fits perfectly on my counter.",0.45,Positive
REV03139,DecoSpace,Home & Kitchen,2025-08-16,5,"Blender is super powerful, handles frozen fruit easily.",0.31,Positive
REV03140,DecoSpace,Home & Kitchen,2025-08-15,5,"Blender is super powerful, handles frozen fruit easily.",0.34,Positive
REV03141,DecoSpace,Home & Kitchen,2025-08-14,5,"Blender is super powerful, handles frozen fruit easily.",0.66,Positive
REV03142,DecoSpace,Home & Kitchen,2025-08-25,4,"Highly durable pan, non-stick works perfectly.",0.89,Positive
REV03143,DecoSpace,Home & Kitchen,2025-08-25,4,"Blender is super powerful, handles frozen fruit easily.",0.62,Positive
REV03144,DecoSpace,Home & Kitchen,2025-08-22,4,"Highly durable pan, non-stick works perfectly.",0.62,Positive
REV03145,DecoSpace,Home & Kitchen,2025-08-31,5,"Beautiful design, fits perfectly on my counter.",0.51,Positive
REV03146,DecoSpace,Home & Kitchen,2025-08-31,5,"Very cozy bedsheets, very soft fabric.",0.58,Positive
REV03147,DecoSpace,Home & Kitchen,2025-09-01,5,"Extremely sharp knives, cooks like a chef.",0.61,Positive
REV03148,DecoSpace,Home & Kitchen,2025-09-03,5,"Highly durable pan, non-stick works perfectly.",0.87,Positive
REV03149,DecoSpace,Home & Kitchen,2025-09-06,5,"Blender is super powerful, handles frozen fruit easily.",0.57,Positive
REV03150,DecoSpace,Home & Kitchen,2025-09-04,5,"Extremely sharp knives, cooks like a chef.",0.76,Positive
REV03151,DecoSpace,Home & Kitchen,2025-09-12,4,"Extremely sharp knives, cooks like a chef.",0.8,Positive
REV03152,DecoSpace,Home & Kitchen,2025-09-11,5,"Blender is super powerful, handles frozen fruit easily.",0.47,Positive
REV03153,DecoSpace,Home & Kitchen,2025-09-12,4,"Highly durable pan, non-stick works perfectly.",0.74,Positive
REV03154,DecoSpace,Home & Kitchen,2025-09-17,3,"Took a bit long to ship, but works fine.",0.23,Neutral
REV03155,DecoSpace,Home & Kitchen,2025-09-21,4,"Extremely sharp knives, cooks like a chef.",0.6,Positive
REV03156,DecoSpace,Home & Kitchen,2025-09-21,3,Average quality for the price.,-0.0,Neutral
REV03157,DecoSpace,Home & Kitchen,2025-09-29,4,"Very cozy bedsheets, very soft fabric.",0.38,Positive
REV03158,DecoSpace,Home & Kitchen,2025-09-26,3,"Decent item, fits reasonably well.",0.1,Neutral
REV03159,DecoSpace,Home & Kitchen,2025-09-26,5,"Very cozy bedsheets, very soft fabric.",0.78,Positive
REV03160,DecoSpace,Home & Kitchen,2025-10-04,5,"Very cozy bedsheets, very soft fabric.",0.76,Positive
REV03161,DecoSpace,Home & Kitchen,2025-10-05,4,"Very cozy bedsheets, very soft fabric.",0.43,Positive
REV03162,DecoSpace,Home & Kitchen,2025-10-03,4,"Extremely sharp knives, cooks like a chef.",0.52,Positive
REV03163,DecoSpace,Home & Kitchen,2025-10-12,5,"Very cozy bedsheets, very soft fabric.",0.74,Positive
REV03164,DecoSpace,Home & Kitchen,2025-10-11,4,"Very cozy bedsheets, very soft fabric.",0.75,Positive
REV03165,DecoSpace,Home & Kitchen,2025-10-11,4,"Beautiful design, fits perfectly on my counter.",0.82,Positive
REV03166,DecoSpace,Home & Kitchen,2025-10-20,3,"Decent item, fits reasonably well.",0.18,Neutral
REV03167,DecoSpace,Home & Kitchen,2025-10-16,4,"Very cozy bedsheets, very soft fabric.",0.37,Positive
REV03168,DecoSpace,Home & Kitchen,2025-10-20,5,"Highly durable pan, non-stick works perfectly.",0.55,Positive
REV03169,DecoSpace,Home & Kitchen,2025-10-27,5,"Extremely sharp knives, cooks like a chef.",0.32,Positive
REV03170,DecoSpace,Home & Kitchen,2025-10-22,5,"Blender is super powerful, handles frozen fruit easily.",0.79,Positive
REV03171,DecoSpace,Home & Kitchen,2025-10-23,5,"Extremely sharp knives, cooks like a chef.",0.58,Positive
REV03172,DecoSpace,Home & Kitchen,2025-11-01,4,"Beautiful design, fits perfectly on my counter.",0.58,Positive
REV03173,DecoSpace,Home & Kitchen,2025-11-01,4,"Blender is super powerful, handles frozen fruit easily.",0.3,Positive
REV03174,DecoSpace,Home & Kitchen,2025-10-30,5,"Highly durable pan, non-stick works perfectly.",0.55,Positive
REV03175,DecoSpace,Home & Kitchen,2025-11-08,4,"Beautiful design, fits perfectly on my counter.",0.34,Positive
REV03176,DecoSpace,Home & Kitchen,2025-11-06,5,"Blender is super powerful, handles frozen fruit easily.",0.45,Positive
REV03177,DecoSpace,Home & Kitchen,2025-11-08,5,"Highly durable pan, non-stick works perfectly.",0.66,Positive
REV03178,DecoSpace,Home & Kitchen,2025-11-15,5,"Blender is super powerful, handles frozen fruit easily.",0.84,Positive
REV03179,DecoSpace,Home & Kitchen,2025-11-17,5,"Beautiful design, fits perfectly on my counter.",0.61,Positive
REV03180,DecoSpace,Home & Kitchen,2025-11-16,5,"Blender is super powerful, handles frozen fruit easily.",0.46,Positive
REV03181,DecoSpace,Home & Kitchen,2025-11-19,4,"Extremely sharp knives, cooks like a chef.",0.87,Positive
REV03182,DecoSpace,Home & Kitchen,2025-11-24,4,"Highly durable pan, non-stick works perfectly.",0.76,Positive
REV03183,DecoSpace,Home & Kitchen,2025-11-22,4,"Blender is super powerful, handles frozen fruit easily.",0.76,Positive
REV03184,DecoSpace,Home & Kitchen,2025-11-28,5,"Blender is super powerful, handles frozen fruit easily.",0.56,Positive
REV03185,DecoSpace,Home & Kitchen,2025-11-28,3,"Took a bit long to ship, but works fine.",0.13,Neutral
REV03186,DecoSpace,Home & Kitchen,2025-11-28,4,"Extremely sharp knives, cooks like a chef.",0.39,Positive
REV03187,DecoSpace,Home & Kitchen,2025-12-06,5,"Highly durable pan, non-stick works perfectly.",0.76,Positive
REV03188,DecoSpace,Home & Kitchen,2025-12-08,3,"Decent item, fits reasonably well.",0.25,Neutral
REV03189,DecoSpace,Home & Kitchen,2025-12-08,5,"Very cozy bedsheets, very soft fabric.",0.77,Positive
REV03190,DecoSpace,Home & Kitchen,2025-12-11,4,"Highly durable pan, non-stick works perfectly.",0.4,Positive
REV03191,DecoSpace,Home & Kitchen,2025-12-12,5,"Highly durable pan, non-stick works perfectly.",0.63,Positive
REV03192,DecoSpace,Home & Kitchen,2025-12-12,4,"Very cozy bedsheets, very soft fabric.",0.42,Positive
REV03193,DecoSpace,Home & Kitchen,2025-12-22,5,"Extremely sharp knives, cooks like a chef.",0.76,Positive
REV03194,DecoSpace,Home & Kitchen,2025-12-17,5,"Extremely sharp knives, cooks like a chef.",0.7,Positive
REV03195,DecoSpace,Home & Kitchen,2025-12-20,4,"Extremely sharp knives, cooks like a chef.",0.54,Positive
REV03196,DecoSpace,Home & Kitchen,2025-12-24,5,"Highly durable pan, non-stick works perfectly.",0.75,Positive
REV03197,DecoSpace,Home & Kitchen,2025-12-26,4,"Beautiful design, fits perfectly on my counter.",0.41,Positive
REV03198,DecoSpace,Home & Kitchen,2025-12-29,5,"Very cozy bedsheets, very soft fabric.",0.43,Positive
REV03199,DecoSpace,Home & Kitchen,2026-01-01,5,"Blender is super powerful, handles frozen fruit easily.",0.81,Positive
REV03200,DecoSpace,Home & Kitchen,2025-12-31,4,"Extremely sharp knives, cooks like a chef.",0.61,Positive
REV03201,DecoSpace,Home & Kitchen,2025-12-31,4,"Highly durable pan, non-stick works perfectly.",0.71,Positive
REV03202,DecoSpace,Home & Kitchen,2026-01-12,5,"Highly durable pan, non-stick works perfectly.",0.69,Positive
REV03203,DecoSpace,Home & Kitchen,2026-01-11,3,Average quality for the price.,0.16,Neutral
REV03204,DecoSpace,Home & Kitchen,2026-01-12,4,"Extremely sharp knives, cooks like a chef.",0.87,Positive
REV03205,DecoSpace,Home & Kitchen,2026-01-18,5,"Extremely sharp knives, cooks like a chef.",0.31,Positive
REV03206,DecoSpace,Home & Kitchen,2026-01-17,3,Average quality for the price.,-0.04,Neutral
REV03207,DecoSpace,Home & Kitchen,2026-01-15,5,"Highly durable pan, non-stick works perfectly.",0.65,Positive
REV03208,DecoSpace,Home & Kitchen,2026-01-23,5,"Very cozy bedsheets, very soft fabric.",0.83,Positive
REV03209,DecoSpace,Home & Kitchen,2026-01-24,5,"Blender is super powerful, handles frozen fruit easily.",0.38,Positive
REV03210,DecoSpace,Home & Kitchen,2026-01-26,5,"Extremely sharp knives, cooks like a chef.",0.7,Positive
REV03211,DecoSpace,Home & Kitchen,2026-01-31,4,"Blender is super powerful, handles frozen fruit easily.",0.87,Positive
REV03212,DecoSpace,Home & Kitchen,2026-01-30,5,"Blender is super powerful, handles frozen fruit easily.",0.86,Positive
REV03213,DecoSpace,Home & Kitchen,2026-01-28,5,"Very cozy bedsheets, very soft fabric.",0.32,Positive
REV03214,DecoSpace,Home & Kitchen,2026-02-07,3,"Product is okay, nothing special.",0.09,Neutral
REV03215,DecoSpace,Home & Kitchen,2026-02-06,4,"Beautiful design, fits perfectly on my counter.",0.45,Positive
REV03216,DecoSpace,Home & Kitchen,2026-02-06,4,"Extremely sharp knives, cooks like a chef.",0.36,Positive
REV03217,DecoSpace,Home & Kitchen,2026-02-14,5,"Very cozy bedsheets, very soft fabric.",0.59,Positive
REV03218,DecoSpace,Home & Kitchen,2026-02-14,3,"Product is okay, nothing special.",0.02,Neutral
REV03219,DecoSpace,Home & Kitchen,2026-02-15,5,"Very cozy bedsheets, very soft fabric.",0.32,Positive
REV03220,DecoSpace,Home & Kitchen,2026-02-23,5,"Very cozy bedsheets, very soft fabric.",0.55,Positive
REV03221,DecoSpace,Home & Kitchen,2026-02-18,4,"Beautiful design, fits perfectly on my counter.",0.76,Positive
REV03222,DecoSpace,Home & Kitchen,2026-02-22,5,"Very cozy bedsheets, very soft fabric.",0.75,Positive
REV03223,DecoSpace,Home & Kitchen,2026-02-26,5,"Beautiful design, fits perfectly on my counter.",0.32,Positive
REV03224,DecoSpace,Home & Kitchen,2026-03-02,5,"Highly durable pan, non-stick works perfectly.",0.61,Positive
REV03225,DecoSpace,Home & Kitchen,2026-02-28,4,"Extremely sharp knives, cooks like a chef.",0.46,Positive
REV03226,DecoSpace,Home & Kitchen,2026-03-04,5,"Blender is super powerful, handles frozen fruit easily.",0.32,Positive
REV03227,DecoSpace,Home & Kitchen,2026-03-04,4,"Extremely sharp knives, cooks like a chef.",0.32,Positive
REV03228,DecoSpace,Home & Kitchen,2026-03-08,5,"Extremely sharp knives, cooks like a chef.",0.46,Positive
REV03229,DecoSpace,Home & Kitchen,2026-03-14,5,"Blender is super powerful, handles frozen fruit easily.",0.81,Positive
REV03230,DecoSpace,Home & Kitchen,2026-03-14,4,"Extremely sharp knives, cooks like a chef.",0.87,Positive
REV03231,DecoSpace,Home & Kitchen,2026-03-16,5,"Very cozy bedsheets, very soft fabric.",0.71,Positive
REV03232,DecoSpace,Home & Kitchen,2026-03-18,3,"Product is okay, nothing special.",0.1,Neutral
REV03233,DecoSpace,Home & Kitchen,2026-03-20,4,"Beautiful design, fits perfectly on my counter.",0.33,Positive
REV03234,DecoSpace,Home & Kitchen,2026-03-23,4,"Very cozy bedsheets, very soft fabric.",0.42,Positive
REV03235,DecoSpace,Home & Kitchen,2026-03-29,4,"Beautiful design, fits perfectly on my counter.",0.47,Positive
REV03236,DecoSpace,Home & Kitchen,2026-03-29,5,"Extremely sharp knives, cooks like a chef.",0.61,Positive
REV03237,DecoSpace,Home & Kitchen,2026-03-28,5,"Beautiful design, fits perfectly on my counter.",0.61,Positive
REV03238,DecoSpace,Home & Kitchen,2026-04-06,4,"Beautiful design, fits perfectly on my counter.",0.34,Positive
REV03239,DecoSpace,Home & Kitchen,2026-04-05,4,"Extremely sharp knives, cooks like a chef.",0.45,Positive
REV03240,DecoSpace,Home & Kitchen,2026-04-01,4,"Very cozy bedsheets, very soft fabric.",0.53,Positive
REV03241,DecoSpace,Home & Kitchen,2026-04-08,5,"Beautiful design, fits perfectly on my counter.",0.54,Positive
REV03242,DecoSpace,Home & Kitchen,2026-04-12,4,"Highly durable pan, non-stick works perfectly.",0.78,Positive
REV03243,DecoSpace,Home & Kitchen,2026-04-10,4,"Blender is super powerful, handles frozen fruit easily.",0.35,Positive
REV03244,DecoSpace,Home & Kitchen,2026-04-18,5,"Blender is super powerful, handles frozen fruit easily.",0.36,Positive
REV03245,DecoSpace,Home & Kitchen,2026-04-20,4,"Extremely sharp knives, cooks like a chef.",0.82,Positive
REV03246,DecoSpace,Home & Kitchen,2026-04-17,4,"Extremely sharp knives, cooks like a chef.",0.86,Positive
REV03247,DecoSpace,Home & Kitchen,2026-04-22,5,"Blender is super powerful, handles frozen fruit easily.",0.58,Positive
REV03248,DecoSpace,Home & Kitchen,2026-04-24,5,"Beautiful design, fits perfectly on my counter.",0.36,Positive
REV03249,DecoSpace,Home & Kitchen,2026-04-23,3,Average quality for the price.,0.13,Neutral
REV03250,DecoSpace,Home & Kitchen,2026-05-02,4,"Extremely sharp knives, cooks like a chef.",0.41,Positive
REV03251,DecoSpace,Home & Kitchen,2026-05-01,4,"Very cozy bedsheets, very soft fabric.",0.78,Positive
REV03252,DecoSpace,Home & Kitchen,2026-04-29,5,"Beautiful design, fits perfectly on my counter.",0.46,Positive
REV03253,DecoSpace,Home & Kitchen,2026-05-09,5,"Blender is super powerful, handles frozen fruit easily.",0.69,Positive
REV03254,DecoSpace,Home & Kitchen,2026-05-11,4,"Extremely sharp knives, cooks like a chef.",0.7,Positive
REV03255,DecoSpace,Home & Kitchen,2026-05-11,5,"Beautiful design, fits perfectly on my counter.",0.58,Positive
REV03256,DecoSpace,Home & Kitchen,2026-05-13,5,"Very cozy bedsheets, very soft fabric.",0.66,Positive
REV03257,DecoSpace,Home & Kitchen,2026-05-13,5,"Very cozy bedsheets, very soft fabric.",0.53,Positive
REV03258,DecoSpace,Home & Kitchen,2026-05-14,4,"Highly durable pan, non-stick works perfectly.",0.59,Positive
REV03259,DecoSpace,Home & Kitchen,2026-05-20,5,"Beautiful design, fits perfectly on my counter.",0.75,Positive
REV03260,DecoSpace,Home & Kitchen,2026-05-25,3,"It does what it says, but feels a bit lightweight.",0.18,Neutral
REV03261,DecoSpace,Home & Kitchen,2026-05-23,5,"Blender is super powerful, handles frozen fruit easily.",0.9,Positive
REV03262,DecoSpace,Home & Kitchen,2026-05-27,5,"Beautiful design, fits perfectly on my counter.",0.43,Positive
REV03263,DecoSpace,Home & Kitchen,2026-05-29,4,"Extremely sharp knives, cooks like a chef.",0.89,Positive
REV03264,DecoSpace,Home & Kitchen,2026-05-29,5,"Extremely sharp knives, cooks like a chef.",0.59,Positive
REV03265,DecoSpace,Home & Kitchen,2026-06-06,4,"Extremely sharp knives, cooks like a chef.",0.31,Positive
REV03266,DecoSpace,Home & Kitchen,2026-06-04,5,"Extremely sharp knives, cooks like a chef.",0.4,Positive
REV03267,DecoSpace,Home & Kitchen,2026-06-06,5,"Highly durable pan, non-stick works perfectly.",0.65,Positive
REV03268,DecoSpace,Home & Kitchen,2026-06-11,4,"Highly durable pan, non-stick works perfectly.",0.4,Positive
REV03269,DecoSpace,Home & Kitchen,2026-06-11,4,"Highly durable pan, non-stick works perfectly.",0.33,Positive
REV03270,DecoSpace,Home & Kitchen,2026-06-10,5,"Extremely sharp knives, cooks like a chef.",0.86,Positive
REV03271,DecoSpace,Home & Kitchen,2026-06-20,4,"Very cozy bedsheets, very soft fabric.",0.54,Positive
REV03272,DecoSpace,Home & Kitchen,2026-06-20,4,"Extremely sharp knives, cooks like a chef.",0.46,Positive
REV03273,DecoSpace,Home & Kitchen,2026-06-17,4,"Highly durable pan, non-stick works perfectly.",0.64,Positive
REV03274,DecoSpace,Home & Kitchen,2026-06-24,5,"Very cozy bedsheets, very soft fabric.",0.76,Positive
REV03275,DecoSpace,Home & Kitchen,2026-06-29,5,"Very cozy bedsheets, very soft fabric.",0.54,Positive
REV03276,DecoSpace,Home & Kitchen,2026-06-26,5,"Extremely sharp knives, cooks like a chef.",0.49,Positive
REV03277,KitchenPro,Home & Kitchen,2025-07-06,5,"Beautiful design, fits perfectly on my counter.",0.71,Positive
REV03278,KitchenPro,Home & Kitchen,2025-07-06,3,Average quality for the price.,0.1,Neutral
REV03279,KitchenPro,Home & Kitchen,2025-07-02,4,"Extremely sharp knives, cooks like a chef.",0.81,Positive
REV03280,KitchenPro,Home & Kitchen,2025-07-13,4,"Beautiful design, fits perfectly on my counter.",0.69,Positive
REV03281,KitchenPro,Home & Kitchen,2025-07-10,4,"Highly durable pan, non-stick works perfectly.",0.58,Positive
REV03282,KitchenPro,Home & Kitchen,2025-07-10,4,"Extremely sharp knives, cooks like a chef.",0.84,Positive
REV03283,KitchenPro,Home & Kitchen,2025-07-21,5,"Blender is super powerful, handles frozen fruit easily.",0.67,Positive
REV03284,KitchenPro,Home & Kitchen,2025-07-18,5,"Beautiful design, fits perfectly on my counter.",0.39,Positive
REV03285,KitchenPro,Home & Kitchen,2025-07-21,4,"Extremely sharp knives, cooks like a chef.",0.86,Positive
REV03286,KitchenPro,Home & Kitchen,2025-07-24,5,"Highly durable pan, non-stick works perfectly.",0.48,Positive
REV03287,KitchenPro,Home & Kitchen,2025-07-24,5,"Blender is super powerful, handles frozen fruit easily.",0.39,Positive
REV03288,KitchenPro,Home & Kitchen,2025-07-27,5,"Extremely sharp knives, cooks like a chef.",0.54,Positive
REV03289,KitchenPro,Home & Kitchen,2025-07-30,4,"Blender is super powerful, handles frozen fruit easily.",0.82,Positive
REV03290,KitchenPro,Home & Kitchen,2025-08-01,5,"Extremely sharp knives, cooks like a chef.",0.47,Positive
REV03291,KitchenPro,Home & Kitchen,2025-08-02,5,"Very cozy bedsheets, very soft fabric.",0.66,Positive
REV03292,KitchenPro,Home & Kitchen,2025-08-10,5,"Blender is super powerful, handles frozen fruit easily.",0.39,Positive
REV03293,KitchenPro,Home & Kitchen,2025-08-09,5,"Very cozy bedsheets, very soft fabric.",0.57,Positive
REV03294,KitchenPro,Home & Kitchen,2025-08-10,5,"Very cozy bedsheets, very soft fabric.",0.5,Positive
REV03295,KitchenPro,Home & Kitchen,2025-08-13,4,"Very cozy bedsheets, very soft fabric.",0.82,Positive
REV03296,KitchenPro,Home & Kitchen,2025-08-16,3,"It does what it says, but feels a bit lightweight.",-0.09,Neutral
REV03297,KitchenPro,Home & Kitchen,2025-08-13,5,"Very cozy bedsheets, very soft fabric.",0.4,Positive
REV03298,KitchenPro,Home & Kitchen,2025-08-20,5,"Extremely sharp knives, cooks like a chef.",0.8,Positive
REV03299,KitchenPro,Home & Kitchen,2025-08-21,4,"Extremely sharp knives, cooks like a chef.",0.61,Positive
REV03300,KitchenPro,Home & Kitchen,2025-08-25,5,"Extremely sharp knives, cooks like a chef.",0.35,Positive
REV03301,KitchenPro,Home & Kitchen,2025-08-29,5,"Highly durable pan, non-stick works perfectly.",0.81,Positive
REV03302,KitchenPro,Home & Kitchen,2025-09-01,5,"Beautiful design, fits perfectly on my counter.",0.35,Positive
REV03303,KitchenPro,Home & Kitchen,2025-09-01,5,"Beautiful design, fits perfectly on my counter.",0.6,Positive
REV03304,KitchenPro,Home & Kitchen,2025-09-04,4,"Very cozy bedsheets, very soft fabric.",0.81,Positive
REV03305,KitchenPro,Home & Kitchen,2025-09-07,4,"Blender is super powerful, handles frozen fruit easily.",0.52,Positive
REV03306,KitchenPro,Home & Kitchen,2025-09-06,4,"Beautiful design, fits perfectly on my counter.",0.86,Positive
REV03307,KitchenPro,Home & Kitchen,2025-09-14,4,"Very cozy bedsheets, very soft fabric.",0.58,Positive
REV03308,KitchenPro,Home & Kitchen,2025-09-14,5,"Extremely sharp knives, cooks like a chef.",0.35,Positive
REV03309,KitchenPro,Home & Kitchen,2025-09-15,4,"Very cozy bedsheets, very soft fabric.",0.58,Positive
REV03310,KitchenPro,Home & Kitchen,2025-09-17,4,"Highly durable pan, non-stick works perfectly.",0.73,Positive
REV03311,KitchenPro,Home & Kitchen,2025-09-19,5,"Blender is super powerful, handles frozen fruit easily.",0.35,Positive
REV03312,KitchenPro,Home & Kitchen,2025-09-17,5,"Beautiful design, fits perfectly on my counter.",0.69,Positive
REV03313,KitchenPro,Home & Kitchen,2025-09-25,3,Average quality for the price.,-0.08,Neutral
REV03314,KitchenPro,Home & Kitchen,2025-09-28,4,"Extremely sharp knives, cooks like a chef.",0.75,Positive
REV03315,KitchenPro,Home & Kitchen,2025-09-28,5,"Extremely sharp knives, cooks like a chef.",0.69,Positive
REV03316,KitchenPro,Home & Kitchen,2025-10-05,5,"Highly durable pan, non-stick works perfectly.",0.78,Positive
REV03317,KitchenPro,Home & Kitchen,2025-10-04,3,Average quality for the price.,0.22,Neutral
REV03318,KitchenPro,Home & Kitchen,2025-10-03,4,"Very cozy bedsheets, very soft fabric.",0.43,Positive
REV03319,KitchenPro,Home & Kitchen,2025-10-08,4,"Very cozy bedsheets, very soft fabric.",0.4,Positive
REV03320,KitchenPro,Home & Kitchen,2025-10-13,5,"Very cozy bedsheets, very soft fabric.",0.65,Positive
REV03321,KitchenPro,Home & Kitchen,2025-10-11,5,"Beautiful design, fits perfectly on my counter.",0.78,Positive
REV03322,KitchenPro,Home & Kitchen,2025-10-20,3,Average quality for the price.,0.16,Neutral
REV03323,KitchenPro,Home & Kitchen,2025-10-15,4,"Extremely sharp knives, cooks like a chef.",0.7,Positive
REV03324,KitchenPro,Home & Kitchen,2025-10-17,3,"Took a bit long to ship, but works fine.",-0.05,Neutral
REV03325,KitchenPro,Home & Kitchen,2025-10-24,4,"Beautiful design, fits perfectly on my counter.",0.71,Positive
REV03326,KitchenPro,Home & Kitchen,2025-10-26,4,"Blender is super powerful, handles frozen fruit easily.",0.63,Positive
REV03327,KitchenPro,Home & Kitchen,2025-10-22,4,"Beautiful design, fits perfectly on my counter.",0.46,Positive
REV03328,KitchenPro,Home & Kitchen,2025-11-02,3,"Product is okay, nothing special.",0.09,Neutral
REV03329,KitchenPro,Home & Kitchen,2025-10-30,4,"Very cozy bedsheets, very soft fabric.",0.83,Positive
REV03330,KitchenPro,Home & Kitchen,2025-11-02,2,Delivery kept getting pushed back. Frustrating experience.,-0.28,Negative
REV03331,KitchenPro,Home & Kitchen,2025-11-10,1,Shipping was extremely delayed. No update from seller.,-0.27,Negative
REV03332,KitchenPro,Home & Kitchen,2025-11-09,2,Terrible customer service. Order was randomly cancelled by seller.,-0.7,Negative
REV03333,KitchenPro,Home & Kitchen,2025-11-08,3,"Took a bit long to ship, but works fine.",-0.02,Neutral
REV03334,KitchenPro,Home & Kitchen,2025-11-13,4,"Blender is super powerful, handles frozen fruit easily.",0.48,Positive
REV03335,KitchenPro,Home & Kitchen,2025-11-14,3,"Product is okay, nothing special.",0.05,Neutral
REV03336,KitchenPro,Home & Kitchen,2025-11-13,2,Took weeks to arrive. Arrived way past delivery window.,-0.41,Negative
REV03337,KitchenPro,Home & Kitchen,2025-11-20,4,"Beautiful design, fits perfectly on my counter.",0.85,Positive
REV03338,KitchenPro,Home & Kitchen,2025-11-19,2,Order cancelled after 5 days of waiting. Stock issue?,-0.68,Negative
REV03339,KitchenPro,Home & Kitchen,2025-11-23,4,"Beautiful design, fits perfectly on my counter.",0.86,Positive
REV03340,KitchenPro,Home & Kitchen,2025-11-29,3,"Product is okay, nothing special.",0.15,Neutral
REV03341,KitchenPro,Home & Kitchen,2025-11-30,2,Shipping was extremely delayed. No update from seller.,-0.82,Negative
REV03342,KitchenPro,Home & Kitchen,2025-11-27,3,"Decent item, fits reasonably well.",0.06,Neutral
REV03343,KitchenPro,Home & Kitchen,2025-12-04,4,"Blender is super powerful, handles frozen fruit easily.",0.54,Positive
REV03344,KitchenPro,Home & Kitchen,2025-12-08,3,"Decent item, fits reasonably well.",-0.07,Neutral
REV03345,KitchenPro,Home & Kitchen,2025-12-08,4,"Very cozy bedsheets, very soft fabric.",0.54,Positive
REV03346,KitchenPro,Home & Kitchen,2025-12-11,3,"Took a bit long to ship, but works fine.",0.06,Neutral
REV03347,KitchenPro,Home & Kitchen,2025-12-11,3,"Took a bit long to ship, but works fine.",0.17,Neutral
REV03348,KitchenPro,Home & Kitchen,2025-12-15,3,"Product is okay, nothing special.",0.09,Neutral
REV03349,KitchenPro,Home & Kitchen,2025-12-18,2,"Took forever to ship. Needed it for a birthday, arrived too late.",-0.82,Negative
REV03350,KitchenPro,Home & Kitchen,2025-12-20,3,"Product is okay, nothing special.",-0.09,Neutral
REV03351,KitchenPro,Home & Kitchen,2025-12-20,3,"Decent item, fits reasonably well.",0.12,Neutral
REV03352,KitchenPro,Home & Kitchen,2025-12-26,2,Order cancelled after 5 days of waiting. Stock issue?,-0.21,Negative
REV03353,KitchenPro,Home & Kitchen,2025-12-25,3,"It does what it says, but feels a bit lightweight.",0.16,Neutral
REV03354,KitchenPro,Home & Kitchen,2025-12-25,3,"It does what it says, but feels a bit lightweight.",-0.09,Neutral
REV03355,KitchenPro,Home & Kitchen,2026-01-01,3,"It does what it says, but feels a bit lightweight.",-0.02,Neutral
REV03356,KitchenPro,Home & Kitchen,2026-01-03,4,"Extremely sharp knives, cooks like a chef.",0.79,Positive
REV03357,KitchenPro,Home & Kitchen,2026-01-03,3,"It does what it says, but feels a bit lightweight.",0.05,Neutral
REV03358,KitchenPro,Home & Kitchen,2026-01-09,2,"They took my money, waited a week, then cancelled the order.",-0.28,Negative
REV03359,KitchenPro,Home & Kitchen,2026-01-12,2,Delivery kept getting pushed back. Frustrating experience.,-0.86,Negative
REV03360,KitchenPro,Home & Kitchen,2026-01-09,2,Shipping was extremely delayed. No update from seller.,-0.47,Negative
REV03361,KitchenPro,Home & Kitchen,2026-01-15,3,"It does what it says, but feels a bit lightweight.",0.02,Neutral
REV03362,KitchenPro,Home & Kitchen,2026-01-15,3,"It does what it says, but feels a bit lightweight.",0.12,Neutral
REV03363,KitchenPro,Home & Kitchen,2026-01-14,3,"It does what it says, but feels a bit lightweight.",0.19,Neutral
REV03364,KitchenPro,Home & Kitchen,2026-01-21,3,"Product is okay, nothing special.",0.03,Neutral
REV03365,KitchenPro,Home & Kitchen,2026-01-26,3,"Decent item, fits reasonably well.",0.14,Neutral
REV03366,KitchenPro,Home & Kitchen,2026-01-21,3,"It does what it says, but feels a bit lightweight.",0.19,Neutral
REV03367,KitchenPro,Home & Kitchen,2026-01-31,3,"It does what it says, but feels a bit lightweight.",-0.07,Neutral
REV03368,KitchenPro,Home & Kitchen,2026-01-31,2,Seller cancelled my order with no explanation. Very unprofessional.,-0.21,Negative
REV03369,KitchenPro,Home & Kitchen,2026-01-28,2,Order cancelled after 5 days of waiting. Stock issue?,-0.51,Negative
REV03370,KitchenPro,Home & Kitchen,2026-02-09,3,"Product is okay, nothing special.",-0.03,Neutral
REV03371,KitchenPro,Home & Kitchen,2026-02-05,2,Order cancelled after 5 days of waiting. Stock issue?,-0.77,Negative
REV03372,KitchenPro,Home & Kitchen,2026-02-06,3,"Took a bit long to ship, but works fine.",0.2,Neutral
REV03373,KitchenPro,Home & Kitchen,2026-02-11,3,"Product is okay, nothing special.",-0.08,Neutral
REV03374,KitchenPro,Home & Kitchen,2026-02-16,3,"Decent item, fits reasonably well.",-0.07,Neutral
REV03375,KitchenPro,Home & Kitchen,2026-02-16,2,Order cancelled after 5 days of waiting. Stock issue?,-0.71,Negative
REV03376,KitchenPro,Home & Kitchen,2026-02-23,3,"It does what it says, but feels a bit lightweight.",0.23,Neutral
REV03377,KitchenPro,Home & Kitchen,2026-02-21,2,Delivery kept getting pushed back. Frustrating experience.,-0.5,Negative
REV03378,KitchenPro,Home & Kitchen,2026-02-23,3,Average quality for the price.,0.23,Neutral
REV03379,KitchenPro,Home & Kitchen,2026-02-27,3,Average quality for the price.,0.26,Neutral
REV03380,KitchenPro,Home & Kitchen,2026-03-02,3,"Decent item, fits reasonably well.",-0.09,Neutral
REV03381,KitchenPro,Home & Kitchen,2026-03-02,3,"Product is okay, nothing special.",0.05,Neutral
REV03382,KitchenPro,Home & Kitchen,2026-03-09,3,"Decent item, fits reasonably well.",0.1,Neutral
REV03383,KitchenPro,Home & Kitchen,2026-03-08,3,"Took a bit long to ship, but works fine.",0.03,Neutral
REV03384,KitchenPro,Home & Kitchen,2026-03-07,2,"Took forever to ship. Needed it for a birthday, arrived too late.",-0.79,Negative
REV03385,KitchenPro,Home & Kitchen,2026-03-15,2,Terrible customer service. Order was randomly cancelled by seller.,-0.63,Negative
REV03386,KitchenPro,Home & Kitchen,2026-03-12,5,"Highly durable pan, non-stick works perfectly.",0.73,Positive
REV03387,KitchenPro,Home & Kitchen,2026-03-15,3,"Product is okay, nothing special.",0.18,Neutral
REV03388,KitchenPro,Home & Kitchen,2026-03-22,4,"Extremely sharp knives, cooks like a chef.",0.89,Positive
REV03389,KitchenPro,Home & Kitchen,2026-03-18,4,"Blender is super powerful, handles frozen fruit easily.",0.62,Positive
REV03390,KitchenPro,Home & Kitchen,2026-03-20,2,Delivery kept getting pushed back. Frustrating experience.,-0.47,Negative
REV03391,KitchenPro,Home & Kitchen,2026-03-25,3,"It does what it says, but feels a bit lightweight.",0.29,Neutral
REV03392,KitchenPro,Home & Kitchen,2026-03-27,3,"Took a bit long to ship, but works fine.",-0.01,Neutral
REV03393,KitchenPro,Home & Kitchen,2026-03-30,3,Average quality for the price.,0.11,Neutral
REV03394,KitchenPro,Home & Kitchen,2026-04-05,3,"Product is okay, nothing special.",0.1,Neutral
REV03395,KitchenPro,Home & Kitchen,2026-04-02,3,Average quality for the price.,0.08,Neutral
REV03396,KitchenPro,Home & Kitchen,2026-04-02,3,"Took a bit long to ship, but works fine.",0.22,Neutral
REV03397,KitchenPro,Home & Kitchen,2026-04-13,4,"Extremely sharp knives, cooks like a chef.",0.65,Positive
REV03398,KitchenPro,Home & Kitchen,2026-04-13,3,"Decent item, fits reasonably well.",0.06,Neutral
REV03399,KitchenPro,Home & Kitchen,2026-04-13,4,"Highly durable pan, non-stick works perfectly.",0.85,Positive
REV03400,KitchenPro,Home & Kitchen,2026-04-17,2,"Took forever to ship. Needed it for a birthday, arrived too late.",-0.6,Negative
REV03401,KitchenPro,Home & Kitchen,2026-04-19,3,"Took a bit long to ship, but works fine.",-0.05,Neutral
REV03402,KitchenPro,Home & Kitchen,2026-04-17,3,"Decent item, fits reasonably well.",-0.05,Neutral
REV03403,KitchenPro,Home & Kitchen,2026-04-24,3,"Product is okay, nothing special.",0.01,Neutral
REV03404,KitchenPro,Home & Kitchen,2026-04-25,3,"Took a bit long to ship, but works fine.",-0.07,Neutral
REV03405,KitchenPro,Home & Kitchen,2026-04-26,2,Terrible customer service. Order was randomly cancelled by seller.,-0.73,Negative
REV03406,KitchenPro,Home & Kitchen,2026-05-04,3,"Decent item, fits reasonably well.",0.25,Neutral
REV03407,KitchenPro,Home & Kitchen,2026-05-04,3,"It does what it says, but feels a bit lightweight.",0.06,Neutral
REV03408,KitchenPro,Home & Kitchen,2026-05-01,3,"It does what it says, but feels a bit lightweight.",0.09,Neutral
REV03409,KitchenPro,Home & Kitchen,2026-05-07,2,Seller cancelled my order with no explanation. Very unprofessional.,-0.66,Negative
REV03410,KitchenPro,Home & Kitchen,2026-05-06,3,"Decent item, fits reasonably well.",0.3,Neutral
REV03411,KitchenPro,Home & Kitchen,2026-05-09,3,"Product is okay, nothing special.",0.02,Neutral
REV03412,KitchenPro,Home & Kitchen,2026-05-13,3,"Took a bit long to ship, but works fine.",0.2,Neutral
REV03413,KitchenPro,Home & Kitchen,2026-05-15,1,Shipping was extremely delayed. No update from seller.,-0.45,Negative
REV03414,KitchenPro,Home & Kitchen,2026-05-16,2,Shipping was extremely delayed. No update from seller.,-0.24,Negative
REV03415,KitchenPro,Home & Kitchen,2026-05-24,3,Average quality for the price.,0.13,Neutral
REV03416,KitchenPro,Home & Kitchen,2026-05-22,3,"Product is okay, nothing special.",0.02,Neutral
REV03417,KitchenPro,Home & Kitchen,2026-05-21,2,Terrible customer service. Order was randomly cancelled by seller.,-0.69,Negative
REV03418,KitchenPro,Home & Kitchen,2026-05-30,5,"Blender is super powerful, handles frozen fruit easily.",0.56,Positive
REV03419,KitchenPro,Home & Kitchen,2026-06-01,3,"Decent item, fits reasonably well.",0.16,Neutral
REV03420,KitchenPro,Home & Kitchen,2026-05-29,3,"Product is okay, nothing special.",0.24,Neutral
REV03421,KitchenPro,Home & Kitchen,2026-06-03,3,"Product is okay, nothing special.",0.02,Neutral
REV03422,KitchenPro,Home & Kitchen,2026-06-07,3,Average quality for the price.,0.26,Neutral
REV03423,KitchenPro,Home & Kitchen,2026-06-06,4,"Blender is super powerful, handles frozen fruit easily.",0.64,Positive
REV03424,KitchenPro,Home & Kitchen,2026-06-15,4,"Blender is super powerful, handles frozen fruit easily.",0.44,Positive
REV03425,KitchenPro,Home & Kitchen,2026-06-13,4,"Blender is super powerful, handles frozen fruit easily.",0.5,Positive
REV03426,KitchenPro,Home & Kitchen,2026-06-12,2,"They took my money, waited a week, then cancelled the order.",-0.22,Negative
REV03427,KitchenPro,Home & Kitchen,2026-06-19,3,Average quality for the price.,-0.08,Neutral
REV03428,KitchenPro,Home & Kitchen,2026-06-18,2,"Took forever to ship. Needed it for a birthday, arrived too late.",-0.24,Negative
REV03429,KitchenPro,Home & Kitchen,2026-06-19,2,"Extremely disappointed, seller cancelled order. Out of stock.",-0.4,Negative
REV03430,KitchenPro,Home & Kitchen,2026-06-25,3,"Product is okay, nothing special.",0.06,Neutral
REV03431,KitchenPro,Home & Kitchen,2026-06-26,4,"Blender is super powerful, handles frozen fruit easily.",0.33,Positive
REV03432,KitchenPro,Home & Kitchen,2026-06-25,3,"Decent item, fits reasonably well.",0.04,Neutral
REV03433,ComfyHome,Home & Kitchen,2025-07-07,5,"Very cozy bedsheets, very soft fabric.",0.85,Positive
REV03434,ComfyHome,Home & Kitchen,2025-07-04,5,"Highly durable pan, non-stick works perfectly.",0.66,Positive
REV03435,ComfyHome,Home & Kitchen,2025-07-03,5,"Very cozy bedsheets, very soft fabric.",0.87,Positive
REV03436,ComfyHome,Home & Kitchen,2025-07-10,4,"Very cozy bedsheets, very soft fabric.",0.77,Positive
REV03437,ComfyHome,Home & Kitchen,2025-07-09,4,"Very cozy bedsheets, very soft fabric.",0.62,Positive
REV03438,ComfyHome,Home & Kitchen,2025-07-11,4,"Extremely sharp knives, cooks like a chef.",0.41,Positive
REV03439,ComfyHome,Home & Kitchen,2025-07-19,4,"Very cozy bedsheets, very soft fabric.",0.79,Positive
REV03440,ComfyHome,Home & Kitchen,2025-07-18,4,"Blender is super powerful, handles frozen fruit easily.",0.81,Positive
REV03441,ComfyHome,Home & Kitchen,2025-07-17,4,"Very cozy bedsheets, very soft fabric.",0.44,Positive
REV03442,ComfyHome,Home & Kitchen,2025-07-28,4,"Extremely sharp knives, cooks like a chef.",0.68,Positive
REV03443,ComfyHome,Home & Kitchen,2025-07-25,3,"Took a bit long to ship, but works fine.",-0.04,Neutral
REV03444,ComfyHome,Home & Kitchen,2025-07-25,5,"Very cozy bedsheets, very soft fabric.",0.52,Positive
REV03445,ComfyHome,Home & Kitchen,2025-07-31,5,"Highly durable pan, non-stick works perfectly.",0.45,Positive
REV03446,ComfyHome,Home & Kitchen,2025-08-01,4,"Highly durable pan, non-stick works perfectly.",0.66,Positive
REV03447,ComfyHome,Home & Kitchen,2025-07-30,4,"Extremely sharp knives, cooks like a chef.",0.42,Positive
REV03448,ComfyHome,Home & Kitchen,2025-08-07,5,"Beautiful design, fits perfectly on my counter.",0.69,Positive
REV03449,ComfyHome,Home & Kitchen,2025-08-08,5,"Beautiful design, fits perfectly on my counter.",0.51,Positive
REV03450,ComfyHome,Home & Kitchen,2025-08-06,5,"Very cozy bedsheets, very soft fabric.",0.63,Positive
REV03451,ComfyHome,Home & Kitchen,2025-08-17,4,"Highly durable pan, non-stick works perfectly.",0.35,Positive
REV03452,ComfyHome,Home & Kitchen,2025-08-18,5,"Blender is super powerful, handles frozen fruit easily.",0.75,Positive
REV03453,ComfyHome,Home & Kitchen,2025-08-16,5,"Blender is super powerful, handles frozen fruit easily.",0.33,Positive
REV03454,ComfyHome,Home & Kitchen,2025-08-25,4,"Highly durable pan, non-stick works perfectly.",0.31,Positive
REV03455,ComfyHome,Home & Kitchen,2025-08-24,5,"Very cozy bedsheets, very soft fabric.",0.45,Positive
REV03456,ComfyHome,Home & Kitchen,2025-08-22,4,"Beautiful design, fits perfectly on my counter.",0.56,Positive
REV03457,ComfyHome,Home & Kitchen,2025-09-01,4,"Extremely sharp knives, cooks like a chef.",0.62,Positive
REV03458,ComfyHome,Home & Kitchen,2025-08-27,4,"Beautiful design, fits perfectly on my counter.",0.87,Positive
REV03459,ComfyHome,Home & Kitchen,2025-09-01,5,"Very cozy bedsheets, very soft fabric.",0.62,Positive
REV03460,ComfyHome,Home & Kitchen,2025-09-05,4,"Extremely sharp knives, cooks like a chef.",0.45,Positive
REV03461,ComfyHome,Home & Kitchen,2025-09-06,5,"Extremely sharp knives, cooks like a chef.",0.4,Positive
REV03462,ComfyHome,Home & Kitchen,2025-09-04,4,"Highly durable pan, non-stick works perfectly.",0.55,Positive
REV03463,ComfyHome,Home & Kitchen,2025-09-10,4,"Blender is super powerful, handles frozen fruit easily.",0.83,Positive
REV03464,ComfyHome,Home & Kitchen,2025-09-10,3,"Took a bit long to ship, but works fine.",0.26,Neutral
REV03465,ComfyHome,Home & Kitchen,2025-09-15,4,"Highly durable pan, non-stick works perfectly.",0.6,Positive
REV03466,ComfyHome,Home & Kitchen,2025-09-21,4,"Highly durable pan, non-stick works perfectly.",0.88,Positive
REV03467,ComfyHome,Home & Kitchen,2025-09-19,5,"Very cozy bedsheets, very soft fabric.",0.51,Positive
REV03468,ComfyHome,Home & Kitchen,2025-09-17,5,"Very cozy bedsheets, very soft fabric.",0.7,Positive
REV03469,ComfyHome,Home & Kitchen,2025-09-27,5,"Highly durable pan, non-stick works perfectly.",0.47,Positive
REV03470,ComfyHome,Home & Kitchen,2025-09-28,4,"Extremely sharp knives, cooks like a chef.",0.73,Positive
REV03471,ComfyHome,Home & Kitchen,2025-09-25,4,"Beautiful design, fits perfectly on my counter.",0.48,Positive
REV03472,ComfyHome,Home & Kitchen,2025-10-05,5,"Blender is super powerful, handles frozen fruit easily.",0.39,Positive
REV03473,ComfyHome,Home & Kitchen,2025-10-05,4,"Highly durable pan, non-stick works perfectly.",0.86,Positive
REV03474,ComfyHome,Home & Kitchen,2025-10-06,5,"Extremely sharp knives, cooks like a chef.",0.8,Positive
REV03475,ComfyHome,Home & Kitchen,2025-10-09,5,"Beautiful design, fits perfectly on my counter.",0.45,Positive
REV03476,ComfyHome,Home & Kitchen,2025-10-10,5,"Beautiful design, fits perfectly on my counter.",0.7,Positive
REV03477,ComfyHome,Home & Kitchen,2025-10-10,5,"Beautiful design, fits perfectly on my counter.",0.43,Positive
REV03478,ComfyHome,Home & Kitchen,2025-10-17,4,"Blender is super powerful, handles frozen fruit easily.",0.47,Positive
REV03479,ComfyHome,Home & Kitchen,2025-10-17,5,"Blender is super powerful, handles frozen fruit easily.",0.41,Positive
REV03480,ComfyHome,Home & Kitchen,2025-10-19,4,"Beautiful design, fits perfectly on my counter.",0.35,Positive
REV03481,ComfyHome,Home & Kitchen,2025-10-27,5,"Very cozy bedsheets, very soft fabric.",0.88,Positive
REV03482,ComfyHome,Home & Kitchen,2025-10-27,4,"Beautiful design, fits perfectly on my counter.",0.61,Positive
REV03483,ComfyHome,Home & Kitchen,2025-10-25,4,"Beautiful design, fits perfectly on my counter.",0.36,Positive
REV03484,ComfyHome,Home & Kitchen,2025-11-03,4,"Very cozy bedsheets, very soft fabric.",0.67,Positive
REV03485,ComfyHome,Home & Kitchen,2025-11-03,4,"Beautiful design, fits perfectly on my counter.",0.52,Positive
REV03486,ComfyHome,Home & Kitchen,2025-10-30,4,"Beautiful design, fits perfectly on my counter.",0.66,Positive
REV03487,ComfyHome,Home & Kitchen,2025-11-05,5,"Highly durable pan, non-stick works perfectly.",0.59,Positive
REV03488,ComfyHome,Home & Kitchen,2025-11-06,5,"Very cozy bedsheets, very soft fabric.",0.85,Positive
REV03489,ComfyHome,Home & Kitchen,2025-11-08,4,"Blender is super powerful, handles frozen fruit easily.",0.41,Positive
REV03490,ComfyHome,Home & Kitchen,2025-11-12,5,"Blender is super powerful, handles frozen fruit easily.",0.37,Positive
REV03491,ComfyHome,Home & Kitchen,2025-11-15,4,"Highly durable pan, non-stick works perfectly.",0.4,Positive
REV03492,ComfyHome,Home & Kitchen,2025-11-12,5,"Extremely sharp knives, cooks like a chef.",0.55,Positive
REV03493,ComfyHome,Home & Kitchen,2025-11-22,5,"Blender is super powerful, handles frozen fruit easily.",0.69,Positive
REV03494,ComfyHome,Home & Kitchen,2025-11-23,5,"Very cozy bedsheets, very soft fabric.",0.61,Positive
REV03495,ComfyHome,Home & Kitchen,2025-11-24,4,"Beautiful design, fits perfectly on my counter.",0.4,Positive
REV03496,ComfyHome,Home & Kitchen,2025-11-27,4,"Very cozy bedsheets, very soft fabric.",0.79,Positive
REV03497,ComfyHome,Home & Kitchen,2025-11-29,5,"Very cozy bedsheets, very soft fabric.",0.61,Positive
REV03498,ComfyHome,Home & Kitchen,2025-11-30,5,"Blender is super powerful, handles frozen fruit easily.",0.84,Positive
REV03499,ComfyHome,Home & Kitchen,2025-12-05,5,"Extremely sharp knives, cooks like a chef.",0.36,Positive
REV03500,ComfyHome,Home & Kitchen,2025-12-05,5,"Highly durable pan, non-stick works perfectly.",0.89,Positive
REV03501,ComfyHome,Home & Kitchen,2025-12-07,5,"Beautiful design, fits perfectly on my counter.",0.33,Positive
REV03502,ComfyHome,Home & Kitchen,2025-12-11,5,"Beautiful design, fits perfectly on my counter.",0.4,Positive
REV03503,ComfyHome,Home & Kitchen,2025-12-10,4,"Extremely sharp knives, cooks like a chef.",0.78,Positive
REV03504,ComfyHome,Home & Kitchen,2025-12-12,4,"Very cozy bedsheets, very soft fabric.",0.69,Positive
REV03505,ComfyHome,Home & Kitchen,2025-12-17,5,"Beautiful design, fits perfectly on my counter.",0.71,Positive
REV03506,ComfyHome,Home & Kitchen,2025-12-20,4,"Blender is super powerful, handles frozen fruit easily.",0.88,Positive
REV03507,ComfyHome,Home & Kitchen,2025-12-20,5,"Very cozy bedsheets, very soft fabric.",0.66,Positive
REV03508,ComfyHome,Home & Kitchen,2025-12-24,4,"Very cozy bedsheets, very soft fabric.",0.64,Positive
REV03509,ComfyHome,Home & Kitchen,2025-12-26,4,"Extremely sharp knives, cooks like a chef.",0.49,Positive
REV03510,ComfyHome,Home & Kitchen,2025-12-24,4,"Beautiful design, fits perfectly on my counter.",0.33,Positive
REV03511,ComfyHome,Home & Kitchen,2026-01-04,5,"Blender is super powerful, handles frozen fruit easily.",0.64,Positive
REV03512,ComfyHome,Home & Kitchen,2026-01-04,5,"Beautiful design, fits perfectly on my counter.",0.46,Positive
REV03513,ComfyHome,Home & Kitchen,2026-01-02,5,"Beautiful design, fits perfectly on my counter.",0.59,Positive
REV03514,ComfyHome,Home & Kitchen,2026-01-12,4,"Beautiful design, fits perfectly on my counter.",0.69,Positive
REV03515,ComfyHome,Home & Kitchen,2026-01-09,5,"Extremely sharp knives, cooks like a chef.",0.6,Positive
REV03516,ComfyHome,Home & Kitchen,2026-01-12,4,"Highly durable pan, non-stick works perfectly.",0.6,Positive
REV03517,ComfyHome,Home & Kitchen,2026-01-16,5,"Extremely sharp knives, cooks like a chef.",0.82,Positive
REV03518,ComfyHome,Home & Kitchen,2026-01-18,4,"Very cozy bedsheets, very soft fabric.",0.61,Positive
REV03519,ComfyHome,Home & Kitchen,2026-01-15,4,"Extremely sharp knives, cooks like a chef.",0.43,Positive
REV03520,ComfyHome,Home & Kitchen,2026-01-26,5,"Beautiful design, fits perfectly on my counter.",0.68,Positive
REV03521,ComfyHome,Home & Kitchen,2026-01-23,5,"Very cozy bedsheets, very soft fabric.",0.51,Positive
REV03522,ComfyHome,Home & Kitchen,2026-01-21,5,"Very cozy bedsheets, very soft fabric.",0.65,Positive
REV03523,ComfyHome,Home & Kitchen,2026-01-31,4,"Blender is super powerful, handles frozen fruit easily.",0.86,Positive
REV03524,ComfyHome,Home & Kitchen,2026-01-28,4,"Blender is super powerful, handles frozen fruit easily.",0.68,Positive
REV03525,ComfyHome,Home & Kitchen,2026-01-30,4,"Blender is super powerful, handles frozen fruit easily.",0.48,Positive
REV03526,ComfyHome,Home & Kitchen,2026-02-08,4,"Extremely sharp knives, cooks like a chef.",0.77,Positive
REV03527,ComfyHome,Home & Kitchen,2026-02-09,5,"Very cozy bedsheets, very soft fabric.",0.59,Positive
REV03528,ComfyHome,Home & Kitchen,2026-02-04,5,"Very cozy bedsheets, very soft fabric.",0.7,Positive
REV03529,ComfyHome,Home & Kitchen,2026-02-15,4,"Very cozy bedsheets, very soft fabric.",0.74,Positive
REV03530,ComfyHome,Home & Kitchen,2026-02-13,5,"Blender is super powerful, handles frozen fruit easily.",0.5,Positive
REV03531,ComfyHome,Home & Kitchen,2026-02-13,5,"Blender is super powerful, handles frozen fruit easily.",0.87,Positive
REV03532,ComfyHome,Home & Kitchen,2026-02-18,5,"Blender is super powerful, handles frozen fruit easily.",0.67,Positive
REV03533,ComfyHome,Home & Kitchen,2026-02-22,5,"Highly durable pan, non-stick works perfectly.",0.79,Positive
REV03534,ComfyHome,Home & Kitchen,2026-02-19,5,"Blender is super powerful, handles frozen fruit easily.",0.32,Positive
REV03535,ComfyHome,Home & Kitchen,2026-03-01,5,"Very cozy bedsheets, very soft fabric.",0.8,Positive
REV03536,ComfyHome,Home & Kitchen,2026-02-27,4,"Blender is super powerful, handles frozen fruit easily.",0.62,Positive
REV03537,ComfyHome,Home & Kitchen,2026-02-28,5,"Beautiful design, fits perfectly on my counter.",0.77,Positive
REV03538,ComfyHome,Home & Kitchen,2026-03-04,4,"Very cozy bedsheets, very soft fabric.",0.78,Positive
REV03539,ComfyHome,Home & Kitchen,2026-03-05,3,Average quality for the price.,0.09,Neutral
REV03540,ComfyHome,Home & Kitchen,2026-03-05,5,"Highly durable pan, non-stick works perfectly.",0.71,Positive
REV03541,ComfyHome,Home & Kitchen,2026-03-15,5,"Highly durable pan, non-stick works perfectly.",0.78,Positive
REV03542,ComfyHome,Home & Kitchen,2026-03-15,4,"Highly durable pan, non-stick works perfectly.",0.43,Positive
REV03543,ComfyHome,Home & Kitchen,2026-03-16,3,"It does what it says, but feels a bit lightweight.",0.2,Neutral
REV03544,ComfyHome,Home & Kitchen,2026-03-21,5,"Extremely sharp knives, cooks like a chef.",0.69,Positive
REV03545,ComfyHome,Home & Kitchen,2026-03-18,5,"Beautiful design, fits perfectly on my counter.",0.49,Positive
REV03546,ComfyHome,Home & Kitchen,2026-03-19,5,"Extremely sharp knives, cooks like a chef.",0.53,Positive
REV03547,ComfyHome,Home & Kitchen,2026-03-27,4,"Beautiful design, fits perfectly on my counter.",0.88,Positive
REV03548,ComfyHome,Home & Kitchen,2026-03-30,5,"Blender is super powerful, handles frozen fruit easily.",0.72,Positive
REV03549,ComfyHome,Home & Kitchen,2026-03-26,4,"Blender is super powerful, handles frozen fruit easily.",0.39,Positive
REV03550,ComfyHome,Home & Kitchen,2026-04-05,4,"Highly durable pan, non-stick works perfectly.",0.83,Positive
REV03551,ComfyHome,Home & Kitchen,2026-04-02,5,"Blender is super powerful, handles frozen fruit easily.",0.87,Positive
REV03552,ComfyHome,Home & Kitchen,2026-04-01,5,"Blender is super powerful, handles frozen fruit easily.",0.73,Positive
REV03553,ComfyHome,Home & Kitchen,2026-04-09,4,"Extremely sharp knives, cooks like a chef.",0.61,Positive
REV03554,ComfyHome,Home & Kitchen,2026-04-13,4,"Very cozy bedsheets, very soft fabric.",0.79,Positive
REV03555,ComfyHome,Home & Kitchen,2026-04-13,5,"Very cozy bedsheets, very soft fabric.",0.42,Positive
REV03556,ComfyHome,Home & Kitchen,2026-04-16,3,"Took a bit long to ship, but works fine.",0.14,Neutral
REV03557,ComfyHome,Home & Kitchen,2026-04-16,4,"Very cozy bedsheets, very soft fabric.",0.8,Positive
REV03558,ComfyHome,Home & Kitchen,2026-04-18,4,"Extremely sharp knives, cooks like a chef.",0.73,Positive
REV03559,ComfyHome,Home & Kitchen,2026-04-22,5,"Extremely sharp knives, cooks like a chef.",0.68,Positive
REV03560,ComfyHome,Home & Kitchen,2026-04-25,5,"Extremely sharp knives, cooks like a chef.",0.71,Positive
REV03561,ComfyHome,Home & Kitchen,2026-04-22,5,"Beautiful design, fits perfectly on my counter.",0.5,Positive
REV03562,ComfyHome,Home & Kitchen,2026-04-29,5,"Extremely sharp knives, cooks like a chef.",0.71,Positive
REV03563,ComfyHome,Home & Kitchen,2026-05-03,4,"Highly durable pan, non-stick works perfectly.",0.49,Positive
REV03564,ComfyHome,Home & Kitchen,2026-05-02,4,"Extremely sharp knives, cooks like a chef.",0.46,Positive
REV03565,ComfyHome,Home & Kitchen,2026-05-06,5,"Blender is super powerful, handles frozen fruit easily.",0.31,Positive
REV03566,ComfyHome,Home & Kitchen,2026-05-08,5,"Extremely sharp knives, cooks like a chef.",0.81,Positive
REV03567,ComfyHome,Home & Kitchen,2026-05-06,5,"Extremely sharp knives, cooks like a chef.",0.35,Positive
REV03568,ComfyHome,Home & Kitchen,2026-05-17,5,"Extremely sharp knives, cooks like a chef.",0.62,Positive
REV03569,ComfyHome,Home & Kitchen,2026-05-17,5,"Very cozy bedsheets, very soft fabric.",0.64,Positive
REV03570,ComfyHome,Home & Kitchen,2026-05-14,5,"Very cozy bedsheets, very soft fabric.",0.45,Positive
REV03571,ComfyHome,Home & Kitchen,2026-05-20,5,"Blender is super powerful, handles frozen fruit easily.",0.86,Positive
REV03572,ComfyHome,Home & Kitchen,2026-05-21,4,"Extremely sharp knives, cooks like a chef.",0.82,Positive
REV03573,ComfyHome,Home & Kitchen,2026-05-24,4,"Blender is super powerful, handles frozen fruit easily.",0.57,Positive
REV03574,ComfyHome,Home & Kitchen,2026-05-28,4,"Blender is super powerful, handles frozen fruit easily.",0.87,Positive
REV03575,ComfyHome,Home & Kitchen,2026-06-01,5,"Highly durable pan, non-stick works perfectly.",0.42,Positive
REV03576,ComfyHome,Home & Kitchen,2026-05-28,4,"Highly durable pan, non-stick works perfectly.",0.32,Positive
REV03577,ComfyHome,Home & Kitchen,2026-06-03,5,"Highly durable pan, non-stick works perfectly.",0.56,Positive
REV03578,ComfyHome,Home & Kitchen,2026-06-07,5,"Extremely sharp knives, cooks like a chef.",0.85,Positive
REV03579,ComfyHome,Home & Kitchen,2026-06-07,4,"Extremely sharp knives, cooks like a chef.",0.34,Positive
REV03580,ComfyHome,Home & Kitchen,2026-06-12,4,"Very cozy bedsheets, very soft fabric.",0.45,Positive
REV03581,ComfyHome,Home & Kitchen,2026-06-14,5,"Very cozy bedsheets, very soft fabric.",0.61,Positive
REV03582,ComfyHome,Home & Kitchen,2026-06-15,4,"Extremely sharp knives, cooks like a chef.",0.74,Positive
REV03583,ComfyHome,Home & Kitchen,2026-06-21,4,"Very cozy bedsheets, very soft fabric.",0.87,Positive
REV03584,ComfyHome,Home & Kitchen,2026-06-19,4,"Beautiful design, fits perfectly on my counter.",0.35,Positive
REV03585,ComfyHome,Home & Kitchen,2026-06-18,5,"Highly durable pan, non-stick works perfectly.",0.89,Positive
REV03586,ComfyHome,Home & Kitchen,2026-06-25,5,"Extremely sharp knives, cooks like a chef.",0.74,Positive
REV03587,ComfyHome,Home & Kitchen,2026-06-27,5,"Blender is super powerful, handles frozen fruit easily.",0.71,Positive
REV03588,ComfyHome,Home & Kitchen,2026-06-25,5,"Beautiful design, fits perfectly on my counter.",0.62,Positive
REV03589,SmartLiving,Home & Kitchen,2025-07-05,5,"Very cozy bedsheets, very soft fabric.",0.45,Positive
REV03590,SmartLiving,Home & Kitchen,2025-07-04,4,"Extremely sharp knives, cooks like a chef.",0.84,Positive
REV03591,SmartLiving,Home & Kitchen,2025-07-05,5,"Extremely sharp knives, cooks like a chef.",0.77,Positive
REV03592,SmartLiving,Home & Kitchen,2025-07-10,4,"Highly durable pan, non-stick works perfectly.",0.83,Positive
REV03593,SmartLiving,Home & Kitchen,2025-07-11,5,"Beautiful design, fits perfectly on my counter.",0.36,Positive
REV03594,SmartLiving,Home & Kitchen,2025-07-13,3,"Took a bit long to ship, but works fine.",0.05,Neutral
REV03595,SmartLiving,Home & Kitchen,2025-07-16,4,"Extremely sharp knives, cooks like a chef.",0.84,Positive
REV03596,SmartLiving,Home & Kitchen,2025-07-19,5,"Blender is super powerful, handles frozen fruit easily.",0.82,Positive
REV03597,SmartLiving,Home & Kitchen,2025-07-19,3,"Product is okay, nothing special.",0.27,Neutral
REV03598,SmartLiving,Home & Kitchen,2025-07-27,4,"Beautiful design, fits perfectly on my counter.",0.49,Positive
REV03599,SmartLiving,Home & Kitchen,2025-07-28,5,"Blender is super powerful, handles frozen fruit easily.",0.74,Positive
REV03600,SmartLiving,Home & Kitchen,2025-07-24,4,"Beautiful design, fits perfectly on my counter.",0.47,Positive
REV03601,SmartLiving,Home & Kitchen,2025-08-01,4,"Beautiful design, fits perfectly on my counter.",0.61,Positive
REV03602,SmartLiving,Home & Kitchen,2025-07-31,5,"Beautiful design, fits perfectly on my counter.",0.57,Positive
REV03603,SmartLiving,Home & Kitchen,2025-08-02,5,"Extremely sharp knives, cooks like a chef.",0.59,Positive
REV03604,SmartLiving,Home & Kitchen,2025-08-07,4,"Blender is super powerful, handles frozen fruit easily.",0.43,Positive
REV03605,SmartLiving,Home & Kitchen,2025-08-11,4,"Extremely sharp knives, cooks like a chef.",0.64,Positive
REV03606,SmartLiving,Home & Kitchen,2025-08-11,5,"Beautiful design, fits perfectly on my counter.",0.64,Positive
REV03607,SmartLiving,Home & Kitchen,2025-08-16,4,"Beautiful design, fits perfectly on my counter.",0.58,Positive
REV03608,SmartLiving,Home & Kitchen,2025-08-18,4,"Highly durable pan, non-stick works perfectly.",0.86,Positive
REV03609,SmartLiving,Home & Kitchen,2025-08-13,4,"Extremely sharp knives, cooks like a chef.",0.43,Positive
REV03610,SmartLiving,Home & Kitchen,2025-08-23,5,"Beautiful design, fits perfectly on my counter.",0.75,Positive
REV03611,SmartLiving,Home & Kitchen,2025-08-20,4,"Highly durable pan, non-stick works perfectly.",0.63,Positive
REV03612,SmartLiving,Home & Kitchen,2025-08-20,5,"Very cozy bedsheets, very soft fabric.",0.67,Positive
REV03613,SmartLiving,Home & Kitchen,2025-08-29,5,"Very cozy bedsheets, very soft fabric.",0.36,Positive
REV03614,SmartLiving,Home & Kitchen,2025-08-31,4,"Very cozy bedsheets, very soft fabric.",0.84,Positive
REV03615,SmartLiving,Home & Kitchen,2025-08-27,5,"Beautiful design, fits perfectly on my counter.",0.78,Positive
REV03616,SmartLiving,Home & Kitchen,2025-09-08,5,"Beautiful design, fits perfectly on my counter.",0.82,Positive
REV03617,SmartLiving,Home & Kitchen,2025-09-05,5,"Beautiful design, fits perfectly on my counter.",0.44,Positive
REV03618,SmartLiving,Home & Kitchen,2025-09-07,5,"Highly durable pan, non-stick works perfectly.",0.5,Positive
REV03619,SmartLiving,Home & Kitchen,2025-09-12,5,"Beautiful design, fits perfectly on my counter.",0.74,Positive
REV03620,SmartLiving,Home & Kitchen,2025-09-15,5,"Beautiful design, fits perfectly on my counter.",0.8,Positive
REV03621,SmartLiving,Home & Kitchen,2025-09-13,5,"Highly durable pan, non-stick works perfectly.",0.56,Positive
REV03622,SmartLiving,Home & Kitchen,2025-09-19,5,"Highly durable pan, non-stick works perfectly.",0.43,Positive
REV03623,SmartLiving,Home & Kitchen,2025-09-20,4,"Very cozy bedsheets, very soft fabric.",0.78,Positive
REV03624,SmartLiving,Home & Kitchen,2025-09-17,5,"Extremely sharp knives, cooks like a chef.",0.59,Positive
REV03625,SmartLiving,Home & Kitchen,2025-09-27,4,"Beautiful design, fits perfectly on my counter.",0.89,Positive
REV03626,SmartLiving,Home & Kitchen,2025-09-29,5,"Very cozy bedsheets, very soft fabric.",0.87,Positive
REV03627,SmartLiving,Home & Kitchen,2025-09-24,5,"Very cozy bedsheets, very soft fabric.",0.78,Positive
REV03628,SmartLiving,Home & Kitchen,2025-10-01,5,"Extremely sharp knives, cooks like a chef.",0.74,Positive
REV03629,SmartLiving,Home & Kitchen,2025-10-06,4,"Beautiful design, fits perfectly on my counter.",0.39,Positive
REV03630,SmartLiving,Home & Kitchen,2025-10-02,4,"Extremely sharp knives, cooks like a chef.",0.6,Positive
REV03631,SmartLiving,Home & Kitchen,2025-10-13,4,"Highly durable pan, non-stick works perfectly.",0.63,Positive
REV03632,SmartLiving,Home & Kitchen,2025-10-09,5,"Blender is super powerful, handles frozen fruit easily.",0.68,Positive
REV03633,SmartLiving,Home & Kitchen,2025-10-12,5,"Blender is super powerful, handles frozen fruit easily.",0.84,Positive
REV03634,SmartLiving,Home & Kitchen,2025-10-15,5,"Extremely sharp knives, cooks like a chef.",0.3,Positive
REV03635,SmartLiving,Home & Kitchen,2025-10-18,4,"Highly durable pan, non-stick works perfectly.",0.49,Positive
REV03636,SmartLiving,Home & Kitchen,2025-10-16,5,"Beautiful design, fits perfectly on my counter.",0.76,Positive
REV03637,SmartLiving,Home & Kitchen,2025-10-25,5,"Beautiful design, fits perfectly on my counter.",0.51,Positive
REV03638,SmartLiving,Home & Kitchen,2025-10-24,4,"Highly durable pan, non-stick works perfectly.",0.57,Positive
REV03639,SmartLiving,Home & Kitchen,2025-10-24,4,"Highly durable pan, non-stick works perfectly.",0.36,Positive
REV03640,SmartLiving,Home & Kitchen,2025-10-29,4,"Highly durable pan, non-stick works perfectly.",0.36,Positive
REV03641,SmartLiving,Home & Kitchen,2025-11-01,5,"Extremely sharp knives, cooks like a chef.",0.58,Positive
REV03642,SmartLiving,Home & Kitchen,2025-11-01,5,"Extremely sharp knives, cooks like a chef.",0.74,Positive
REV03643,SmartLiving,Home & Kitchen,2025-11-08,3,"Took a bit long to ship, but works fine.",-0.09,Neutral
REV03644,SmartLiving,Home & Kitchen,2025-11-08,5,"Beautiful design, fits perfectly on my counter.",0.62,Positive
REV03645,SmartLiving,Home & Kitchen,2025-11-05,4,"Extremely sharp knives, cooks like a chef.",0.88,Positive
REV03646,SmartLiving,Home & Kitchen,2025-11-17,5,"Highly durable pan, non-stick works perfectly.",0.74,Positive
REV03647,SmartLiving,Home & Kitchen,2025-11-17,5,"Blender is super powerful, handles frozen fruit easily.",0.7,Positive
REV03648,SmartLiving,Home & Kitchen,2025-11-15,5,"Very cozy bedsheets, very soft fabric.",0.43,Positive
REV03649,SmartLiving,Home & Kitchen,2025-11-21,5,"Very cozy bedsheets, very soft fabric.",0.31,Positive
REV03650,SmartLiving,Home & Kitchen,2025-11-22,5,"Beautiful design, fits perfectly on my counter.",0.77,Positive
REV03651,SmartLiving,Home & Kitchen,2025-11-23,5,"Extremely sharp knives, cooks like a chef.",0.56,Positive
REV03652,SmartLiving,Home & Kitchen,2025-12-01,4,"Beautiful design, fits perfectly on my counter.",0.76,Positive
REV03653,SmartLiving,Home & Kitchen,2025-12-01,5,"Highly durable pan, non-stick works perfectly.",0.53,Positive
REV03654,SmartLiving,Home & Kitchen,2025-11-30,4,"Highly durable pan, non-stick works perfectly.",0.84,Positive
REV03655,SmartLiving,Home & Kitchen,2025-12-07,3,"Decent item, fits reasonably well.",-0.0,Neutral
REV03656,SmartLiving,Home & Kitchen,2025-12-07,5,"Very cozy bedsheets, very soft fabric.",0.55,Positive
REV03657,SmartLiving,Home & Kitchen,2025-12-06,5,"Extremely sharp knives, cooks like a chef.",0.37,Positive
REV03658,SmartLiving,Home & Kitchen,2025-12-14,5,"Beautiful design, fits perfectly on my counter.",0.67,Positive
REV03659,SmartLiving,Home & Kitchen,2025-12-14,5,"Beautiful design, fits perfectly on my counter.",0.63,Positive
REV03660,SmartLiving,Home & Kitchen,2025-12-12,4,"Blender is super powerful, handles frozen fruit easily.",0.57,Positive
REV03661,SmartLiving,Home & Kitchen,2025-12-17,5,"Extremely sharp knives, cooks like a chef.",0.56,Positive
REV03662,SmartLiving,Home & Kitchen,2025-12-17,5,"Highly durable pan, non-stick works perfectly.",0.63,Positive
REV03663,SmartLiving,Home & Kitchen,2025-12-19,5,"Very cozy bedsheets, very soft fabric.",0.3,Positive
REV03664,SmartLiving,Home & Kitchen,2025-12-24,4,"Highly durable pan, non-stick works perfectly.",0.6,Positive
REV03665,SmartLiving,Home & Kitchen,2025-12-27,5,"Blender is super powerful, handles frozen fruit easily.",0.54,Positive
REV03666,SmartLiving,Home & Kitchen,2025-12-27,5,"Extremely sharp knives, cooks like a chef.",0.53,Positive
REV03667,SmartLiving,Home & Kitchen,2026-01-03,4,"Blender is super powerful, handles frozen fruit easily.",0.74,Positive
REV03668,SmartLiving,Home & Kitchen,2025-12-31,5,"Blender is super powerful, handles frozen fruit easily.",0.67,Positive
REV03669,SmartLiving,Home & Kitchen,2026-01-01,5,"Very cozy bedsheets, very soft fabric.",0.78,Positive
REV03670,SmartLiving,Home & Kitchen,2026-01-11,5,"Blender is super powerful, handles frozen fruit easily.",0.77,Positive
REV03671,SmartLiving,Home & Kitchen,2026-01-12,5,"Extremely sharp knives, cooks like a chef.",0.39,Positive
REV03672,SmartLiving,Home & Kitchen,2026-01-09,5,"Extremely sharp knives, cooks like a chef.",0.46,Positive
REV03673,SmartLiving,Home & Kitchen,2026-01-15,4,"Blender is super powerful, handles frozen fruit easily.",0.42,Positive
REV03674,SmartLiving,Home & Kitchen,2026-01-18,5,"Extremely sharp knives, cooks like a chef.",0.49,Positive
REV03675,SmartLiving,Home & Kitchen,2026-01-14,5,"Blender is super powerful, handles frozen fruit easily.",0.52,Positive
REV03676,SmartLiving,Home & Kitchen,2026-01-25,4,"Beautiful design, fits perfectly on my counter.",0.51,Positive
REV03677,SmartLiving,Home & Kitchen,2026-01-24,5,"Highly durable pan, non-stick works perfectly.",0.59,Positive
REV03678,SmartLiving,Home & Kitchen,2026-01-21,5,"Blender is super powerful, handles frozen fruit easily.",0.77,Positive
REV03679,SmartLiving,Home & Kitchen,2026-02-01,5,"Beautiful design, fits perfectly on my counter.",0.4,Positive
REV03680,SmartLiving,Home & Kitchen,2026-01-30,4,"Extremely sharp knives, cooks like a chef.",0.89,Positive
REV03681,SmartLiving,Home & Kitchen,2026-02-01,5,"Beautiful design, fits perfectly on my counter.",0.34,Positive
REV03682,SmartLiving,Home & Kitchen,2026-02-08,5,"Blender is super powerful, handles frozen fruit easily.",0.45,Positive
REV03683,SmartLiving,Home & Kitchen,2026-02-07,4,"Extremely sharp knives, cooks like a chef.",0.44,Positive
REV03684,SmartLiving,Home & Kitchen,2026-02-09,4,"Extremely sharp knives, cooks like a chef.",0.35,Positive
REV03685,SmartLiving,Home & Kitchen,2026-02-13,4,"Very cozy bedsheets, very soft fabric.",0.39,Positive
REV03686,SmartLiving,Home & Kitchen,2026-02-15,5,"Beautiful design, fits perfectly on my counter.",0.32,Positive
REV03687,SmartLiving,Home & Kitchen,2026-02-12,4,"Blender is super powerful, handles frozen fruit easily.",0.35,Positive
REV03688,SmartLiving,Home & Kitchen,2026-02-20,5,"Blender is super powerful, handles frozen fruit easily.",0.84,Positive
REV03689,SmartLiving,Home & Kitchen,2026-02-19,4,"Beautiful design, fits perfectly on my counter.",0.36,Positive
REV03690,SmartLiving,Home & Kitchen,2026-02-23,4,"Beautiful design, fits perfectly on my counter.",0.38,Positive
REV03691,SmartLiving,Home & Kitchen,2026-02-26,5,"Highly durable pan, non-stick works perfectly.",0.87,Positive
REV03692,SmartLiving,Home & Kitchen,2026-02-27,3,"Took a bit long to ship, but works fine.",0.06,Neutral
REV03693,SmartLiving,Home & Kitchen,2026-02-27,4,"Extremely sharp knives, cooks like a chef.",0.39,Positive
REV03694,SmartLiving,Home & Kitchen,2026-03-05,4,"Beautiful design, fits perfectly on my counter.",0.89,Positive
REV03695,SmartLiving,Home & Kitchen,2026-03-09,5,"Highly durable pan, non-stick works perfectly.",0.5,Positive
REV03696,SmartLiving,Home & Kitchen,2026-03-09,4,"Extremely sharp knives, cooks like a chef.",0.59,Positive
REV03697,SmartLiving,Home & Kitchen,2026-03-15,5,"Extremely sharp knives, cooks like a chef.",0.72,Positive
REV03698,SmartLiving,Home & Kitchen,2026-03-13,5,"Blender is super powerful, handles frozen fruit easily.",0.39,Positive
REV03699,SmartLiving,Home & Kitchen,2026-03-15,4,"Extremely sharp knives, cooks like a chef.",0.57,Positive
REV03700,SmartLiving,Home & Kitchen,2026-03-21,5,"Beautiful design, fits perfectly on my counter.",0.46,Positive
REV03701,SmartLiving,Home & Kitchen,2026-03-18,2,"Looks cheap and plasticky, completely different from pictures.",-0.48,Negative
REV03702,SmartLiving,Home & Kitchen,2026-03-22,5,"Blender is super powerful, handles frozen fruit easily.",0.59,Positive
REV03703,SmartLiving,Home & Kitchen,2026-03-30,5,"Beautiful design, fits perfectly on my counter.",0.4,Positive
REV03704,SmartLiving,Home & Kitchen,2026-03-27,4,"Highly durable pan, non-stick works perfectly.",0.81,Positive
REV03705,SmartLiving,Home & Kitchen,2026-03-28,4,"Very cozy bedsheets, very soft fabric.",0.35,Positive
REV03706,SmartLiving,Home & Kitchen,2026-04-05,4,"Blender is super powerful, handles frozen fruit easily.",0.64,Positive
REV03707,SmartLiving,Home & Kitchen,2026-04-04,3,"It does what it says, but feels a bit lightweight.",0.24,Neutral
REV03708,SmartLiving,Home & Kitchen,2026-04-02,5,"Highly durable pan, non-stick works perfectly.",0.41,Positive
REV03709,SmartLiving,Home & Kitchen,2026-04-09,5,"Highly durable pan, non-stick works perfectly.",0.86,Positive
REV03710,SmartLiving,Home & Kitchen,2026-04-11,5,"Highly durable pan, non-stick works perfectly.",0.84,Positive
REV03711,SmartLiving,Home & Kitchen,2026-04-13,4,"Very cozy bedsheets, very soft fabric.",0.61,Positive
REV03712,SmartLiving,Home & Kitchen,2026-04-17,5,"Beautiful design, fits perfectly on my counter.",0.81,Positive
REV03713,SmartLiving,Home & Kitchen,2026-04-19,3,"It does what it says, but feels a bit lightweight.",-0.06,Neutral
REV03714,SmartLiving,Home & Kitchen,2026-04-19,5,"Beautiful design, fits perfectly on my counter.",0.54,Positive
REV03715,SmartLiving,Home & Kitchen,2026-04-26,5,"Extremely sharp knives, cooks like a chef.",0.63,Positive
REV03716,SmartLiving,Home & Kitchen,2026-04-24,5,"Very cozy bedsheets, very soft fabric.",0.35,Positive
REV03717,SmartLiving,Home & Kitchen,2026-04-23,5,"Beautiful design, fits perfectly on my counter.",0.7,Positive
REV03718,SmartLiving,Home & Kitchen,2026-05-04,5,"Very cozy bedsheets, very soft fabric.",0.58,Positive
REV03719,SmartLiving,Home & Kitchen,2026-05-02,5,"Blender is super powerful, handles frozen fruit easily.",0.52,Positive
REV03720,SmartLiving,Home & Kitchen,2026-05-01,5,"Beautiful design, fits perfectly on my counter.",0.36,Positive
REV03721,SmartLiving,Home & Kitchen,2026-05-09,5,"Very cozy bedsheets, very soft fabric.",0.44,Positive
REV03722,SmartLiving,Home & Kitchen,2026-05-08,4,"Blender is super powerful, handles frozen fruit easily.",0.4,Positive
REV03723,SmartLiving,Home & Kitchen,2026-05-08,5,"Very cozy bedsheets, very soft fabric.",0.41,Positive
REV03724,SmartLiving,Home & Kitchen,2026-05-14,5,"Highly durable pan, non-stick works perfectly.",0.31,Positive
REV03725,SmartLiving,Home & Kitchen,2026-05-14,4,"Beautiful design, fits perfectly on my counter.",0.59,Positive
REV03726,SmartLiving,Home & Kitchen,2026-05-14,5,"Extremely sharp knives, cooks like a chef.",0.55,Positive
REV03727,SmartLiving,Home & Kitchen,2026-05-21,5,"Extremely sharp knives, cooks like a chef.",0.87,Positive
REV03728,SmartLiving,Home & Kitchen,2026-05-23,3,"Took a bit long to ship, but works fine.",-0.06,Neutral
REV03729,SmartLiving,Home & Kitchen,2026-05-24,5,"Beautiful design, fits perfectly on my counter.",0.87,Positive
REV03730,SmartLiving,Home & Kitchen,2026-06-01,4,"Beautiful design, fits perfectly on my counter.",0.75,Positive
REV03731,SmartLiving,Home & Kitchen,2026-05-28,2,Poor quality product. Broke within five minutes of use.,-0.45,Negative
REV03732,SmartLiving,Home & Kitchen,2026-05-28,4,"Blender is super powerful, handles frozen fruit easily.",0.57,Positive
REV03733,SmartLiving,Home & Kitchen,2026-06-05,4,"Blender is super powerful, handles frozen fruit easily.",0.87,Positive
REV03734,SmartLiving,Home & Kitchen,2026-06-04,5,"Highly durable pan, non-stick works perfectly.",0.81,Positive
REV03735,SmartLiving,Home & Kitchen,2026-06-08,5,"Extremely sharp knives, cooks like a chef.",0.51,Positive
REV03736,SmartLiving,Home & Kitchen,2026-06-10,4,"Extremely sharp knives, cooks like a chef.",0.34,Positive
REV03737,SmartLiving,Home & Kitchen,2026-06-12,5,"Extremely sharp knives, cooks like a chef.",0.57,Positive
REV03738,SmartLiving,Home & Kitchen,2026-06-12,5,"Highly durable pan, non-stick works perfectly.",0.88,Positive
REV03739,SmartLiving,Home & Kitchen,2026-06-19,4,"Beautiful design, fits perfectly on my counter.",0.64,Positive
REV03740,SmartLiving,Home & Kitchen,2026-06-20,5,"Extremely sharp knives, cooks like a chef.",0.64,Positive
REV03741,SmartLiving,Home & Kitchen,2026-06-18,4,"Very cozy bedsheets, very soft fabric.",0.68,Positive
REV03742,SmartLiving,Home & Kitchen,2026-06-29,5,"Highly durable pan, non-stick works perfectly.",0.39,Positive
REV03743,SmartLiving,Home & Kitchen,2026-06-24,5,"Highly durable pan, non-stick works perfectly.",0.76,Positive
REV03744,SmartLiving,Home & Kitchen,2026-06-29,5,"Highly durable pan, non-stick works perfectly.",0.47,Positive
REV03745,CookMaster,Home & Kitchen,2025-07-04,5,"Highly durable pan, non-stick works perfectly.",0.77,Positive
REV03746,CookMaster,Home & Kitchen,2025-07-02,5,"Beautiful design, fits perfectly on my counter.",0.37,Positive
REV03747,CookMaster,Home & Kitchen,2025-07-06,5,"Very cozy bedsheets, very soft fabric.",0.55,Positive
REV03748,CookMaster,Home & Kitchen,2025-07-11,4,"Blender is super powerful, handles frozen fruit easily.",0.82,Positive
REV03749,CookMaster,Home & Kitchen,2025-07-14,3,"It does what it says, but feels a bit lightweight.",0.04,Neutral
REV03750,CookMaster,Home & Kitchen,2025-07-14,5,"Beautiful design, fits perfectly on my counter.",0.51,Positive
REV03751,CookMaster,Home & Kitchen,2025-07-19,5,"Very cozy bedsheets, very soft fabric.",0.4,Positive
REV03752,CookMaster,Home & Kitchen,2025-07-17,5,"Very cozy bedsheets, very soft fabric.",0.39,Positive
REV03753,CookMaster,Home & Kitchen,2025-07-17,5,"Extremely sharp knives, cooks like a chef.",0.59,Positive
REV03754,CookMaster,Home & Kitchen,2025-07-26,5,"Blender is super powerful, handles frozen fruit easily.",0.5,Positive
REV03755,CookMaster,Home & Kitchen,2025-07-25,4,"Beautiful design, fits perfectly on my counter.",0.31,Positive
REV03756,CookMaster,Home & Kitchen,2025-07-23,3,"It does what it says, but feels a bit lightweight.",0.17,Neutral
REV03757,CookMaster,Home & Kitchen,2025-08-01,4,"Highly durable pan, non-stick works perfectly.",0.64,Positive
REV03758,CookMaster,Home & Kitchen,2025-08-01,5,"Extremely sharp knives, cooks like a chef.",0.55,Positive
REV03759,CookMaster,Home & Kitchen,2025-08-02,4,"Highly durable pan, non-stick works perfectly.",0.73,Positive
REV03760,CookMaster,Home & Kitchen,2025-08-08,4,"Very cozy bedsheets, very soft fabric.",0.4,Positive
REV03761,CookMaster,Home & Kitchen,2025-08-08,4,"Very cozy bedsheets, very soft fabric.",0.79,Positive
REV03762,CookMaster,Home & Kitchen,2025-08-11,5,"Beautiful design, fits perfectly on my counter.",0.73,Positive
REV03763,CookMaster,Home & Kitchen,2025-08-13,5,"Blender is super powerful, handles frozen fruit easily.",0.35,Positive
REV03764,CookMaster,Home & Kitchen,2025-08-13,4,"Highly durable pan, non-stick works perfectly.",0.64,Positive
REV03765,CookMaster,Home & Kitchen,2025-08-18,4,"Extremely sharp knives, cooks like a chef.",0.44,Positive
REV03766,CookMaster,Home & Kitchen,2025-08-22,4,"Very cozy bedsheets, very soft fabric.",0.54,Positive
REV03767,CookMaster,Home & Kitchen,2025-08-23,5,"Highly durable pan, non-stick works perfectly.",0.32,Positive
REV03768,CookMaster,Home & Kitchen,2025-08-25,5,"Blender is super powerful, handles frozen fruit easily.",0.57,Positive
REV03769,CookMaster,Home & Kitchen,2025-09-01,5,"Blender is super powerful, handles frozen fruit easily.",0.42,Positive
REV03770,CookMaster,Home & Kitchen,2025-08-31,5,"Extremely sharp knives, cooks like a chef.",0.72,Positive
REV03771,CookMaster,Home & Kitchen,2025-08-30,4,"Very cozy bedsheets, very soft fabric.",0.83,Positive
REV03772,CookMaster,Home & Kitchen,2025-09-06,4,"Extremely sharp knives, cooks like a chef.",0.81,Positive
REV03773,CookMaster,Home & Kitchen,2025-09-05,5,"Blender is super powerful, handles frozen fruit easily.",0.44,Positive
REV03774,CookMaster,Home & Kitchen,2025-09-04,4,"Extremely sharp knives, cooks like a chef.",0.71,Positive
REV03775,CookMaster,Home & Kitchen,2025-09-11,4,"Very cozy bedsheets, very soft fabric.",0.31,Positive
REV03776,CookMaster,Home & Kitchen,2025-09-15,4,"Beautiful design, fits perfectly on my counter.",0.58,Positive
REV03777,CookMaster,Home & Kitchen,2025-09-15,3,"Took a bit long to ship, but works fine.",-0.08,Neutral
REV03778,CookMaster,Home & Kitchen,2025-09-19,4,"Extremely sharp knives, cooks like a chef.",0.89,Positive
REV03779,CookMaster,Home & Kitchen,2025-09-20,4,"Extremely sharp knives, cooks like a chef.",0.51,Positive
REV03780,CookMaster,Home & Kitchen,2025-09-22,3,"Decent item, fits reasonably well.",0.04,Neutral
REV03781,CookMaster,Home & Kitchen,2025-09-29,5,"Blender is super powerful, handles frozen fruit easily.",0.54,Positive
REV03782,CookMaster,Home & Kitchen,2025-09-24,5,"Beautiful design, fits perfectly on my counter.",0.63,Positive
REV03783,CookMaster,Home & Kitchen,2025-09-29,4,"Very cozy bedsheets, very soft fabric.",0.78,Positive
REV03784,CookMaster,Home & Kitchen,2025-10-01,4,"Highly durable pan, non-stick works perfectly.",0.87,Positive
REV03785,CookMaster,Home & Kitchen,2025-10-04,5,"Blender is super powerful, handles frozen fruit easily.",0.65,Positive
REV03786,CookMaster,Home & Kitchen,2025-10-06,4,"Highly durable pan, non-stick works perfectly.",0.44,Positive
REV03787,CookMaster,Home & Kitchen,2025-10-11,5,"Blender is super powerful, handles frozen fruit easily.",0.49,Positive
REV03788,CookMaster,Home & Kitchen,2025-10-08,4,"Extremely sharp knives, cooks like a chef.",0.62,Positive
REV03789,CookMaster,Home & Kitchen,2025-10-13,5,"Very cozy bedsheets, very soft fabric.",0.51,Positive
REV03790,CookMaster,Home & Kitchen,2025-10-15,5,"Very cozy bedsheets, very soft fabric.",0.61,Positive
REV03791,CookMaster,Home & Kitchen,2025-10-16,4,"Beautiful design, fits perfectly on my counter.",0.53,Positive
REV03792,CookMaster,Home & Kitchen,2025-10-17,5,"Blender is super powerful, handles frozen fruit easily.",0.84,Positive
REV03793,CookMaster,Home & Kitchen,2025-10-22,5,"Extremely sharp knives, cooks like a chef.",0.36,Positive
REV03794,CookMaster,Home & Kitchen,2025-10-23,5,"Very cozy bedsheets, very soft fabric.",0.43,Positive
REV03795,CookMaster,Home & Kitchen,2025-10-27,5,"Highly durable pan, non-stick works perfectly.",0.46,Positive
REV03796,CookMaster,Home & Kitchen,2025-11-02,4,"Very cozy bedsheets, very soft fabric.",0.4,Positive
REV03797,CookMaster,Home & Kitchen,2025-10-31,5,"Beautiful design, fits perfectly on my counter.",0.81,Positive
REV03798,CookMaster,Home & Kitchen,2025-11-01,4,"Beautiful design, fits perfectly on my counter.",0.75,Positive
REV03799,CookMaster,Home & Kitchen,2025-11-07,4,"Very cozy bedsheets, very soft fabric.",0.67,Positive
REV03800,CookMaster,Home & Kitchen,2025-11-10,5,"Very cozy bedsheets, very soft fabric.",0.65,Positive
REV03801,CookMaster,Home & Kitchen,2025-11-07,4,"Highly durable pan, non-stick works perfectly.",0.54,Positive
REV03802,CookMaster,Home & Kitchen,2025-11-12,4,"Very cozy bedsheets, very soft fabric.",0.83,Positive
REV03803,CookMaster,Home & Kitchen,2025-11-14,4,"Beautiful design, fits perfectly on my counter.",0.86,Positive
REV03804,CookMaster,Home & Kitchen,2025-11-15,5,"Very cozy bedsheets, very soft fabric.",0.35,Positive
REV03805,CookMaster,Home & Kitchen,2025-11-20,4,"Highly durable pan, non-stick works perfectly.",0.56,Positive
REV03806,CookMaster,Home & Kitchen,2025-11-19,5,"Extremely sharp knives, cooks like a chef.",0.39,Positive
REV03807,CookMaster,Home & Kitchen,2025-11-24,5,"Highly durable pan, non-stick works perfectly.",0.34,Positive
REV03808,CookMaster,Home & Kitchen,2025-11-26,4,"Very cozy bedsheets, very soft fabric.",0.58,Positive
REV03809,CookMaster,Home & Kitchen,2025-11-27,5,"Beautiful design, fits perfectly on my counter.",0.41,Positive
REV03810,CookMaster,Home & Kitchen,2025-12-01,4,"Blender is super powerful, handles frozen fruit easily.",0.74,Positive
REV03811,CookMaster,Home & Kitchen,2025-12-06,4,"Extremely sharp knives, cooks like a chef.",0.74,Positive
REV03812,CookMaster,Home & Kitchen,2025-12-06,4,"Highly durable pan, non-stick works perfectly.",0.67,Positive
REV03813,CookMaster,Home & Kitchen,2025-12-05,5,"Highly durable pan, non-stick works perfectly.",0.72,Positive
REV03814,CookMaster,Home & Kitchen,2025-12-12,5,"Extremely sharp knives, cooks like a chef.",0.51,Positive
REV03815,CookMaster,Home & Kitchen,2025-12-14,5,"Very cozy bedsheets, very soft fabric.",0.41,Positive
REV03816,CookMaster,Home & Kitchen,2025-12-10,5,"Extremely sharp knives, cooks like a chef.",0.7,Positive
REV03817,CookMaster,Home & Kitchen,2025-12-20,4,"Highly durable pan, non-stick works perfectly.",0.59,Positive
REV03818,CookMaster,Home & Kitchen,2025-12-22,5,"Beautiful design, fits perfectly on my counter.",0.46,Positive
REV03819,CookMaster,Home & Kitchen,2025-12-17,5,"Beautiful design, fits perfectly on my counter.",0.57,Positive
REV03820,CookMaster,Home & Kitchen,2025-12-25,5,"Very cozy bedsheets, very soft fabric.",0.79,Positive
REV03821,CookMaster,Home & Kitchen,2025-12-26,5,"Blender is super powerful, handles frozen fruit easily.",0.72,Positive
REV03822,CookMaster,Home & Kitchen,2025-12-27,5,"Beautiful design, fits perfectly on my counter.",0.74,Positive
REV03823,CookMaster,Home & Kitchen,2026-01-01,5,"Beautiful design, fits perfectly on my counter.",0.79,Positive
REV03824,CookMaster,Home & Kitchen,2026-01-01,4,"Highly durable pan, non-stick works perfectly.",0.73,Positive
REV03825,CookMaster,Home & Kitchen,2026-01-05,5,"Blender is super powerful, handles frozen fruit easily.",0.83,Positive
REV03826,CookMaster,Home & Kitchen,2026-01-10,4,"Very cozy bedsheets, very soft fabric.",0.65,Positive
REV03827,CookMaster,Home & Kitchen,2026-01-10,4,"Very cozy bedsheets, very soft fabric.",0.7,Positive
REV03828,CookMaster,Home & Kitchen,2026-01-07,5,"Very cozy bedsheets, very soft fabric.",0.69,Positive
REV03829,CookMaster,Home & Kitchen,2026-01-15,4,"Blender is super powerful, handles frozen fruit easily.",0.33,Positive
REV03830,CookMaster,Home & Kitchen,2026-01-17,5,"Highly durable pan, non-stick works perfectly.",0.71,Positive
REV03831,CookMaster,Home & Kitchen,2026-01-16,4,"Very cozy bedsheets, very soft fabric.",0.71,Positive
REV03832,CookMaster,Home & Kitchen,2026-01-21,3,"Decent item, fits reasonably well.",0.29,Neutral
REV03833,CookMaster,Home & Kitchen,2026-01-24,4,"Extremely sharp knives, cooks like a chef.",0.51,Positive
REV03834,CookMaster,Home & Kitchen,2026-01-23,5,"Very cozy bedsheets, very soft fabric.",0.63,Positive
REV03835,CookMaster,Home & Kitchen,2026-02-02,5,"Beautiful design, fits perfectly on my counter.",0.37,Positive
REV03836,CookMaster,Home & Kitchen,2026-02-02,3,Average quality for the price.,0.03,Neutral
REV03837,CookMaster,Home & Kitchen,2026-02-02,3,"Decent item, fits reasonably well.",0.1,Neutral
REV03838,CookMaster,Home & Kitchen,2026-02-06,4,"Highly durable pan, non-stick works perfectly.",0.73,Positive
REV03839,CookMaster,Home & Kitchen,2026-02-04,5,"Extremely sharp knives, cooks like a chef.",0.88,Positive
REV03840,CookMaster,Home & Kitchen,2026-02-04,4,"Highly durable pan, non-stick works perfectly.",0.76,Positive
REV03841,CookMaster,Home & Kitchen,2026-02-12,3,"Took a bit long to ship, but works fine.",0.06,Neutral
REV03842,CookMaster,Home & Kitchen,2026-02-13,5,"Beautiful design, fits perfectly on my counter.",0.6,Positive
REV03843,CookMaster,Home & Kitchen,2026-02-16,5,"Highly durable pan, non-stick works perfectly.",0.82,Positive
REV03844,CookMaster,Home & Kitchen,2026-02-18,4,"Extremely sharp knives, cooks like a chef.",0.33,Positive
REV03845,CookMaster,Home & Kitchen,2026-02-22,5,"Blender is super powerful, handles frozen fruit easily.",0.5,Positive
REV03846,CookMaster,Home & Kitchen,2026-02-21,4,"Highly durable pan, non-stick works perfectly.",0.68,Positive
REV03847,CookMaster,Home & Kitchen,2026-03-02,5,"Beautiful design, fits perfectly on my counter.",0.7,Positive
REV03848,CookMaster,Home & Kitchen,2026-02-26,4,"Blender is super powerful, handles frozen fruit easily.",0.74,Positive
REV03849,CookMaster,Home & Kitchen,2026-02-25,5,"Highly durable pan, non-stick works perfectly.",0.71,Positive
REV03850,CookMaster,Home & Kitchen,2026-03-06,5,"Very cozy bedsheets, very soft fabric.",0.41,Positive
REV03851,CookMaster,Home & Kitchen,2026-03-08,4,"Very cozy bedsheets, very soft fabric.",0.53,Positive
REV03852,CookMaster,Home & Kitchen,2026-03-06,5,"Beautiful design, fits perfectly on my counter.",0.7,Positive
REV03853,CookMaster,Home & Kitchen,2026-03-11,5,"Very cozy bedsheets, very soft fabric.",0.44,Positive
REV03854,CookMaster,Home & Kitchen,2026-03-16,4,"Blender is super powerful, handles frozen fruit easily.",0.44,Positive
REV03855,CookMaster,Home & Kitchen,2026-03-14,5,"Highly durable pan, non-stick works perfectly.",0.76,Positive
REV03856,CookMaster,Home & Kitchen,2026-03-18,5,"Blender is super powerful, handles frozen fruit easily.",0.33,Positive
REV03857,CookMaster,Home & Kitchen,2026-03-18,5,"Blender is super powerful, handles frozen fruit easily.",0.73,Positive
REV03858,CookMaster,Home & Kitchen,2026-03-21,3,Average quality for the price.,0.12,Neutral
REV03859,CookMaster,Home & Kitchen,2026-03-28,4,"Blender is super powerful, handles frozen fruit easily.",0.36,Positive
REV03860,CookMaster,Home & Kitchen,2026-03-27,5,"Blender is super powerful, handles frozen fruit easily.",0.72,Positive
REV03861,CookMaster,Home & Kitchen,2026-03-27,5,"Highly durable pan, non-stick works perfectly.",0.8,Positive
REV03862,CookMaster,Home & Kitchen,2026-04-04,4,"Blender is super powerful, handles frozen fruit easily.",0.42,Positive
REV03863,CookMaster,Home & Kitchen,2026-04-03,5,"Very cozy bedsheets, very soft fabric.",0.49,Positive
REV03864,CookMaster,Home & Kitchen,2026-04-02,5,"Beautiful design, fits perfectly on my counter.",0.36,Positive
REV03865,CookMaster,Home & Kitchen,2026-04-08,5,"Beautiful design, fits perfectly on my counter.",0.36,Positive
REV03866,CookMaster,Home & Kitchen,2026-04-09,4,"Very cozy bedsheets, very soft fabric.",0.64,Positive
REV03867,CookMaster,Home & Kitchen,2026-04-09,4,"Extremely sharp knives, cooks like a chef.",0.4,Positive
REV03868,CookMaster,Home & Kitchen,2026-04-18,4,"Extremely sharp knives, cooks like a chef.",0.76,Positive
REV03869,CookMaster,Home & Kitchen,2026-04-16,4,"Blender is super powerful, handles frozen fruit easily.",0.48,Positive
REV03870,CookMaster,Home & Kitchen,2026-04-18,3,"Decent item, fits reasonably well.",-0.07,Neutral
REV03871,CookMaster,Home & Kitchen,2026-04-22,4,"Beautiful design, fits perfectly on my counter.",0.68,Positive
REV03872,CookMaster,Home & Kitchen,2026-04-24,4,"Beautiful design, fits perfectly on my counter.",0.77,Positive
REV03873,CookMaster,Home & Kitchen,2026-04-25,5,"Highly durable pan, non-stick works perfectly.",0.39,Positive
REV03874,CookMaster,Home & Kitchen,2026-04-29,5,"Beautiful design, fits perfectly on my counter.",0.81,Positive
REV03875,CookMaster,Home & Kitchen,2026-04-29,4,"Very cozy bedsheets, very soft fabric.",0.88,Positive
REV03876,CookMaster,Home & Kitchen,2026-04-29,4,"Blender is super powerful, handles frozen fruit easily.",0.8,Positive
REV03877,CookMaster,Home & Kitchen,2026-05-07,5,"Blender is super powerful, handles frozen fruit easily.",0.68,Positive
REV03878,CookMaster,Home & Kitchen,2026-05-11,4,"Very cozy bedsheets, very soft fabric.",0.41,Positive
REV03879,CookMaster,Home & Kitchen,2026-05-08,5,"Highly durable pan, non-stick works perfectly.",0.55,Positive
REV03880,CookMaster,Home & Kitchen,2026-05-14,4,"Highly durable pan, non-stick works perfectly.",0.58,Positive
REV03881,CookMaster,Home & Kitchen,2026-05-13,4,"Highly durable pan, non-stick works perfectly.",0.72,Positive
REV03882,CookMaster,Home & Kitchen,2026-05-17,4,"Highly durable pan, non-stick works perfectly.",0.77,Positive
REV03883,CookMaster,Home & Kitchen,2026-05-20,4,"Beautiful design, fits perfectly on my counter.",0.52,Positive
REV03884,CookMaster,Home & Kitchen,2026-05-23,5,"Very cozy bedsheets, very soft fabric.",0.56,Positive
REV03885,CookMaster,Home & Kitchen,2026-05-22,5,"Extremely sharp knives, cooks like a chef.",0.76,Positive
REV03886,CookMaster,Home & Kitchen,2026-06-01,4,"Blender is super powerful, handles frozen fruit easily.",0.6,Positive
REV03887,CookMaster,Home & Kitchen,2026-05-30,5,"Extremely sharp knives, cooks like a chef.",0.77,Positive
REV03888,CookMaster,Home & Kitchen,2026-05-31,5,"Blender is super powerful, handles frozen fruit easily.",0.87,Positive
REV03889,CookMaster,Home & Kitchen,2026-06-04,5,"Blender is super powerful, handles frozen fruit easily.",0.39,Positive
REV03890,CookMaster,Home & Kitchen,2026-06-03,4,"Extremely sharp knives, cooks like a chef.",0.38,Positive
REV03891,CookMaster,Home & Kitchen,2026-06-08,4,"Beautiful design, fits perfectly on my counter.",0.49,Positive
REV03892,CookMaster,Home & Kitchen,2026-06-13,5,"Beautiful design, fits perfectly on my counter.",0.68,Positive
REV03893,CookMaster,Home & Kitchen,2026-06-14,5,"Blender is super powerful, handles frozen fruit easily.",0.69,Positive
REV03894,CookMaster,Home & Kitchen,2026-06-12,5,"Extremely sharp knives, cooks like a chef.",0.34,Positive
REV03895,CookMaster,Home & Kitchen,2026-06-20,5,"Highly durable pan, non-stick works perfectly.",0.4,Positive
REV03896,CookMaster,Home & Kitchen,2026-06-22,5,"Blender is super powerful, handles frozen fruit easily.",0.87,Positive
REV03897,CookMaster,Home & Kitchen,2026-06-18,5,"Highly durable pan, non-stick works perfectly.",0.37,Positive
REV03898,CookMaster,Home & Kitchen,2026-06-29,3,"Product is okay, nothing special.",0.29,Neutral
REV03899,CookMaster,Home & Kitchen,2026-06-26,4,"Blender is super powerful, handles frozen fruit easily.",0.33,Positive
REV03900,CookMaster,Home & Kitchen,2026-06-29,4,"Extremely sharp knives, cooks like a chef.",0.83,Positive
REV03901,Cozydwell,Home & Kitchen,2025-07-06,5,"Highly durable pan, non-stick works perfectly.",0.73,Positive
REV03902,Cozydwell,Home & Kitchen,2025-07-02,4,"Beautiful design, fits perfectly on my counter.",0.88,Positive
REV03903,Cozydwell,Home & Kitchen,2025-07-04,4,"Beautiful design, fits perfectly on my counter.",0.66,Positive
REV03904,Cozydwell,Home & Kitchen,2025-07-12,5,"Very cozy bedsheets, very soft fabric.",0.86,Positive
REV03905,Cozydwell,Home & Kitchen,2025-07-09,5,"Extremely sharp knives, cooks like a chef.",0.31,Positive
REV03906,Cozydwell,Home & Kitchen,2025-07-10,5,"Very cozy bedsheets, very soft fabric.",0.52,Positive
REV03907,Cozydwell,Home & Kitchen,2025-07-18,4,"Beautiful design, fits perfectly on my counter.",0.5,Positive
REV03908,Cozydwell,Home & Kitchen,2025-07-16,5,"Very cozy bedsheets, very soft fabric.",0.57,Positive
REV03909,Cozydwell,Home & Kitchen,2025-07-19,4,"Blender is super powerful, handles frozen fruit easily.",0.39,Positive
REV03910,Cozydwell,Home & Kitchen,2025-07-28,3,"Took a bit long to ship, but works fine.",0.09,Neutral
REV03911,Cozydwell,Home & Kitchen,2025-07-24,4,"Highly durable pan, non-stick works perfectly.",0.78,Positive
REV03912,Cozydwell,Home & Kitchen,2025-07-28,4,"Blender is super powerful, handles frozen fruit easily.",0.67,Positive
REV03913,Cozydwell,Home & Kitchen,2025-08-03,5,"Blender is super powerful, handles frozen fruit easily.",0.56,Positive
REV03914,Cozydwell,Home & Kitchen,2025-08-02,4,"Very cozy bedsheets, very soft fabric.",0.56,Positive
REV03915,Cozydwell,Home & Kitchen,2025-08-02,4,"Beautiful design, fits perfectly on my counter.",0.64,Positive
REV03916,Cozydwell,Home & Kitchen,2025-08-10,5,"Blender is super powerful, handles frozen fruit easily.",0.62,Positive
REV03917,Cozydwell,Home & Kitchen,2025-08-09,4,"Highly durable pan, non-stick works perfectly.",0.48,Positive
REV03918,Cozydwell,Home & Kitchen,2025-08-09,5,"Extremely sharp knives, cooks like a chef.",0.76,Positive
REV03919,Cozydwell,Home & Kitchen,2025-08-14,4,"Highly durable pan, non-stick works perfectly.",0.74,Positive
REV03920,Cozydwell,Home & Kitchen,2025-08-18,5,"Beautiful design, fits perfectly on my counter.",0.54,Positive
REV03921,Cozydwell,Home & Kitchen,2025-08-13,5,"Beautiful design, fits perfectly on my counter.",0.63,Positive
REV03922,Cozydwell,Home & Kitchen,2025-08-22,5,"Highly durable pan, non-stick works perfectly.",0.79,Positive
REV03923,Cozydwell,Home & Kitchen,2025-08-25,5,"Beautiful design, fits perfectly on my counter.",0.54,Positive
REV03924,Cozydwell,Home & Kitchen,2025-08-25,4,"Very cozy bedsheets, very soft fabric.",0.44,Positive
REV03925,Cozydwell,Home & Kitchen,2025-08-30,4,"Very cozy bedsheets, very soft fabric.",0.61,Positive
REV03926,Cozydwell,Home & Kitchen,2025-09-01,4,"Highly durable pan, non-stick works perfectly.",0.7,Positive
REV03927,Cozydwell,Home & Kitchen,2025-08-27,3,"It does what it says, but feels a bit lightweight.",0.19,Neutral
REV03928,Cozydwell,Home & Kitchen,2025-09-06,4,"Beautiful design, fits perfectly on my counter.",0.6,Positive
REV03929,Cozydwell,Home & Kitchen,2025-09-06,4,"Extremely sharp knives, cooks like a chef.",0.71,Positive
REV03930,Cozydwell,Home & Kitchen,2025-09-04,5,"Blender is super powerful, handles frozen fruit easily.",0.58,Positive
REV03931,Cozydwell,Home & Kitchen,2025-09-11,5,"Blender is super powerful, handles frozen fruit easily.",0.71,Positive
REV03932,Cozydwell,Home & Kitchen,2025-09-13,4,"Highly durable pan, non-stick works perfectly.",0.86,Positive
REV03933,Cozydwell,Home & Kitchen,2025-09-14,5,"Blender is super powerful, handles frozen fruit easily.",0.37,Positive
REV03934,Cozydwell,Home & Kitchen,2025-09-17,5,"Highly durable pan, non-stick works perfectly.",0.39,Positive
REV03935,Cozydwell,Home & Kitchen,2025-09-21,4,"Extremely sharp knives, cooks like a chef.",0.73,Positive
REV03936,Cozydwell,Home & Kitchen,2025-09-21,4,"Extremely sharp knives, cooks like a chef.",0.4,Positive
REV03937,Cozydwell,Home & Kitchen,2025-09-24,4,"Beautiful design, fits perfectly on my counter.",0.73,Positive
REV03938,Cozydwell,Home & Kitchen,2025-09-29,5,"Beautiful design, fits perfectly on my counter.",0.7,Positive
REV03939,Cozydwell,Home & Kitchen,2025-09-26,4,"Highly durable pan, non-stick works perfectly.",0.39,Positive
REV03940,Cozydwell,Home & Kitchen,2025-10-05,5,"Blender is super powerful, handles frozen fruit easily.",0.72,Positive
REV03941,Cozydwell,Home & Kitchen,2025-10-05,4,"Extremely sharp knives, cooks like a chef.",0.63,Positive
REV03942,Cozydwell,Home & Kitchen,2025-10-01,4,"Extremely sharp knives, cooks like a chef.",0.36,Positive
REV03943,Cozydwell,Home & Kitchen,2025-10-09,3,"Decent item, fits reasonably well.",0.21,Neutral
REV03944,Cozydwell,Home & Kitchen,2025-10-11,5,"Very cozy bedsheets, very soft fabric.",0.66,Positive
REV03945,Cozydwell,Home & Kitchen,2025-10-08,5,"Extremely sharp knives, cooks like a chef.",0.53,Positive
REV03946,Cozydwell,Home & Kitchen,2025-10-17,5,"Blender is super powerful, handles frozen fruit easily.",0.37,Positive
REV03947,Cozydwell,Home & Kitchen,2025-10-20,5,"Highly durable pan, non-stick works perfectly.",0.48,Positive
REV03948,Cozydwell,Home & Kitchen,2025-10-20,5,"Beautiful design, fits perfectly on my counter.",0.75,Positive
REV03949,Cozydwell,Home & Kitchen,2025-10-24,5,"Highly durable pan, non-stick works perfectly.",0.59,Positive
REV03950,Cozydwell,Home & Kitchen,2025-10-23,5,"Blender is super powerful, handles frozen fruit easily.",0.53,Positive
REV03951,Cozydwell,Home & Kitchen,2025-10-23,5,"Very cozy bedsheets, very soft fabric.",0.45,Positive
REV03952,Cozydwell,Home & Kitchen,2025-10-31,5,"Highly durable pan, non-stick works perfectly.",0.77,Positive
REV03953,Cozydwell,Home & Kitchen,2025-11-01,5,"Extremely sharp knives, cooks like a chef.",0.76,Positive
REV03954,Cozydwell,Home & Kitchen,2025-10-29,5,"Highly durable pan, non-stick works perfectly.",0.66,Positive
REV03955,Cozydwell,Home & Kitchen,2025-11-05,5,"Beautiful design, fits perfectly on my counter.",0.43,Positive
REV03956,Cozydwell,Home & Kitchen,2025-11-06,4,"Extremely sharp knives, cooks like a chef.",0.6,Positive
REV03957,Cozydwell,Home & Kitchen,2025-11-08,5,"Beautiful design, fits perfectly on my counter.",0.41,Positive
REV03958,Cozydwell,Home & Kitchen,2025-11-17,5,"Beautiful design, fits perfectly on my counter.",0.58,Positive
REV03959,Cozydwell,Home & Kitchen,2025-11-17,5,"Highly durable pan, non-stick works perfectly.",0.72,Positive
REV03960,Cozydwell,Home & Kitchen,2025-11-14,3,"Decent item, fits reasonably well.",0.17,Neutral
REV03961,Cozydwell,Home & Kitchen,2025-11-21,5,"Highly durable pan, non-stick works perfectly.",0.5,Positive
REV03962,Cozydwell,Home & Kitchen,2025-11-21,4,"Beautiful design, fits perfectly on my counter.",0.72,Positive
REV03963,Cozydwell,Home & Kitchen,2025-11-20,4,"Extremely sharp knives, cooks like a chef.",0.51,Positive
REV03964,Cozydwell,Home & Kitchen,2025-11-27,4,"Extremely sharp knives, cooks like a chef.",0.35,Positive
REV03965,Cozydwell,Home & Kitchen,2025-11-26,5,"Extremely sharp knives, cooks like a chef.",0.31,Positive
REV03966,Cozydwell,Home & Kitchen,2025-11-26,5,"Very cozy bedsheets, very soft fabric.",0.45,Positive
REV03967,Cozydwell,Home & Kitchen,2025-12-08,5,"Beautiful design, fits perfectly on my counter.",0.81,Positive
REV03968,Cozydwell,Home & Kitchen,2025-12-08,4,"Very cozy bedsheets, very soft fabric.",0.82,Positive
REV03969,Cozydwell,Home & Kitchen,2025-12-06,5,"Very cozy bedsheets, very soft fabric.",0.6,Positive
REV03970,Cozydwell,Home & Kitchen,2025-12-11,5,"Highly durable pan, non-stick works perfectly.",0.7,Positive
REV03971,Cozydwell,Home & Kitchen,2025-12-12,4,"Extremely sharp knives, cooks like a chef.",0.75,Positive
REV03972,Cozydwell,Home & Kitchen,2025-12-11,4,"Beautiful design, fits perfectly on my counter.",0.33,Positive
REV03973,Cozydwell,Home & Kitchen,2025-12-17,5,"Beautiful design, fits perfectly on my counter.",0.31,Positive
REV03974,Cozydwell,Home & Kitchen,2025-12-18,5,"Extremely sharp knives, cooks like a chef.",0.45,Positive
REV03975,Cozydwell,Home & Kitchen,2025-12-22,3,Average quality for the price.,0.25,Neutral
REV03976,Cozydwell,Home & Kitchen,2025-12-27,4,"Beautiful design, fits perfectly on my counter.",0.75,Positive
REV03977,Cozydwell,Home & Kitchen,2025-12-24,3,"Decent item, fits reasonably well.",0.2,Neutral
REV03978,Cozydwell,Home & Kitchen,2025-12-28,5,"Beautiful design, fits perfectly on my counter.",0.42,Positive
REV03979,Cozydwell,Home & Kitchen,2026-01-02,5,"Very cozy bedsheets, very soft fabric.",0.39,Positive
REV03980,Cozydwell,Home & Kitchen,2026-01-03,5,"Highly durable pan, non-stick works perfectly.",0.86,Positive
REV03981,Cozydwell,Home & Kitchen,2026-01-02,4,"Extremely sharp knives, cooks like a chef.",0.66,Positive
REV03982,Cozydwell,Home & Kitchen,2026-01-12,5,"Extremely sharp knives, cooks like a chef.",0.82,Positive
REV03983,Cozydwell,Home & Kitchen,2026-01-10,5,"Beautiful design, fits perfectly on my counter.",0.8,Positive
REV03984,Cozydwell,Home & Kitchen,2026-01-12,5,"Beautiful design, fits perfectly on my counter.",0.56,Positive
REV03985,Cozydwell,Home & Kitchen,2026-01-19,5,"Highly durable pan, non-stick works perfectly.",0.45,Positive
REV03986,Cozydwell,Home & Kitchen,2026-01-16,5,"Highly durable pan, non-stick works perfectly.",0.34,Positive
REV03987,Cozydwell,Home & Kitchen,2026-01-17,4,"Extremely sharp knives, cooks like a chef.",0.46,Positive
REV03988,Cozydwell,Home & Kitchen,2026-01-25,4,"Beautiful design, fits perfectly on my counter.",0.71,Positive
REV03989,Cozydwell,Home & Kitchen,2026-01-26,5,"Highly durable pan, non-stick works perfectly.",0.8,Positive
REV03990,Cozydwell,Home & Kitchen,2026-01-26,5,"Highly durable pan, non-stick works perfectly.",0.83,Positive
REV03991,Cozydwell,Home & Kitchen,2026-02-02,5,"Very cozy bedsheets, very soft fabric.",0.87,Positive
REV03992,Cozydwell,Home & Kitchen,2026-02-01,4,"Extremely sharp knives, cooks like a chef.",0.45,Positive
REV03993,Cozydwell,Home & Kitchen,2026-01-31,5,"Extremely sharp knives, cooks like a chef.",0.69,Positive
REV03994,Cozydwell,Home & Kitchen,2026-02-08,5,"Blender is super powerful, handles frozen fruit easily.",0.38,Positive
REV03995,Cozydwell,Home & Kitchen,2026-02-06,3,"Product is okay, nothing special.",0.21,Neutral
REV03996,Cozydwell,Home & Kitchen,2026-02-07,4,"Beautiful design, fits perfectly on my counter.",0.4,Positive
REV03997,Cozydwell,Home & Kitchen,2026-02-15,4,"Beautiful design, fits perfectly on my counter.",0.44,Positive
REV03998,Cozydwell,Home & Kitchen,2026-02-14,5,"Blender is super powerful, handles frozen fruit easily.",0.78,Positive
REV03999,Cozydwell,Home & Kitchen,2026-02-11,4,"Beautiful design, fits perfectly on my counter.",0.31,Positive
REV04000,Cozydwell,Home & Kitchen,2026-02-23,4,"Blender is super powerful, handles frozen fruit easily.",0.48,Positive
REV04001,Cozydwell,Home & Kitchen,2026-02-21,5,"Very cozy bedsheets, very soft fabric.",0.5,Positive
REV04002,Cozydwell,Home & Kitchen,2026-02-21,4,"Blender is super powerful, handles frozen fruit easily.",0.8,Positive
REV04003,Cozydwell,Home & Kitchen,2026-02-26,5,"Highly durable pan, non-stick works perfectly.",0.48,Positive
REV04004,Cozydwell,Home & Kitchen,2026-03-02,4,"Highly durable pan, non-stick works perfectly.",0.7,Positive
REV04005,Cozydwell,Home & Kitchen,2026-03-01,5,"Blender is super powerful, handles frozen fruit easily.",0.37,Positive
REV04006,Cozydwell,Home & Kitchen,2026-03-05,5,"Beautiful design, fits perfectly on my counter.",0.79,Positive
REV04007,Cozydwell,Home & Kitchen,2026-03-09,5,"Blender is super powerful, handles frozen fruit easily.",0.45,Positive
REV04008,Cozydwell,Home & Kitchen,2026-03-07,5,"Beautiful design, fits perfectly on my counter.",0.58,Positive
REV04009,Cozydwell,Home & Kitchen,2026-03-14,5,"Blender is super powerful, handles frozen fruit easily.",0.57,Positive
REV04010,Cozydwell,Home & Kitchen,2026-03-15,5,"Very cozy bedsheets, very soft fabric.",0.34,Positive
REV04011,Cozydwell,Home & Kitchen,2026-03-13,4,"Very cozy bedsheets, very soft fabric.",0.45,Positive
REV04012,Cozydwell,Home & Kitchen,2026-03-23,5,"Extremely sharp knives, cooks like a chef.",0.6,Positive
REV04013,Cozydwell,Home & Kitchen,2026-03-19,4,"Beautiful design, fits perfectly on my counter.",0.76,Positive
REV04014,Cozydwell,Home & Kitchen,2026-03-19,5,"Very cozy bedsheets, very soft fabric.",0.73,Positive
REV04015,Cozydwell,Home & Kitchen,2026-03-28,5,"Highly durable pan, non-stick works perfectly.",0.33,Positive
REV04016,Cozydwell,Home & Kitchen,2026-03-28,4,"Extremely sharp knives, cooks like a chef.",0.73,Positive
REV04017,Cozydwell,Home & Kitchen,2026-03-27,4,"Beautiful design, fits perfectly on my counter.",0.88,Positive
REV04018,Cozydwell,Home & Kitchen,2026-04-05,5,"Very cozy bedsheets, very soft fabric.",0.53,Positive
REV04019,Cozydwell,Home & Kitchen,2026-04-01,5,"Extremely sharp knives, cooks like a chef.",0.38,Positive
REV04020,Cozydwell,Home & Kitchen,2026-04-03,5,"Blender is super powerful, handles frozen fruit easily.",0.69,Positive
REV04021,Cozydwell,Home & Kitchen,2026-04-09,3,Average quality for the price.,0.17,Neutral
REV04022,Cozydwell,Home & Kitchen,2026-04-08,4,"Highly durable pan, non-stick works perfectly.",0.72,Positive
REV04023,Cozydwell,Home & Kitchen,2026-04-10,5,"Extremely sharp knives, cooks like a chef.",0.69,Positive
REV04024,Cozydwell,Home & Kitchen,2026-04-19,4,"Extremely sharp knives, cooks like a chef.",0.7,Positive
REV04025,Cozydwell,Home & Kitchen,2026-04-15,5,"Very cozy bedsheets, very soft fabric.",0.38,Positive
REV04026,Cozydwell,Home & Kitchen,2026-04-16,5,"Highly durable pan, non-stick works perfectly.",0.56,Positive
REV04027,Cozydwell,Home & Kitchen,2026-04-24,4,"Blender is super powerful, handles frozen fruit easily.",0.53,Positive
REV04028,Cozydwell,Home & Kitchen,2026-04-22,4,"Blender is super powerful, handles frozen fruit easily.",0.78,Positive
REV04029,Cozydwell,Home & Kitchen,2026-04-24,4,"Highly durable pan, non-stick works perfectly.",0.34,Positive
REV04030,Cozydwell,Home & Kitchen,2026-05-03,4,"Highly durable pan, non-stick works perfectly.",0.75,Positive
REV04031,Cozydwell,Home & Kitchen,2026-05-04,4,"Extremely sharp knives, cooks like a chef.",0.35,Positive
REV04032,Cozydwell,Home & Kitchen,2026-05-02,5,"Extremely sharp knives, cooks like a chef.",0.31,Positive
REV04033,Cozydwell,Home & Kitchen,2026-05-06,5,"Extremely sharp knives, cooks like a chef.",0.51,Positive
REV04034,Cozydwell,Home & Kitchen,2026-05-10,4,"Highly durable pan, non-stick works perfectly.",0.71,Positive
REV04035,Cozydwell,Home & Kitchen,2026-05-10,5,"Extremely sharp knives, cooks like a chef.",0.38,Positive
REV04036,Cozydwell,Home & Kitchen,2026-05-13,4,"Highly durable pan, non-stick works perfectly.",0.72,Positive
REV04037,Cozydwell,Home & Kitchen,2026-05-18,5,"Very cozy bedsheets, very soft fabric.",0.32,Positive
REV04038,Cozydwell,Home & Kitchen,2026-05-14,5,"Extremely sharp knives, cooks like a chef.",0.72,Positive
REV04039,Cozydwell,Home & Kitchen,2026-05-25,3,Average quality for the price.,-0.04,Neutral
REV04040,Cozydwell,Home & Kitchen,2026-05-25,4,"Blender is super powerful, handles frozen fruit easily.",0.3,Positive
REV04041,Cozydwell,Home & Kitchen,2026-05-24,5,"Beautiful design, fits perfectly on my counter.",0.7,Positive
REV04042,Cozydwell,Home & Kitchen,2026-05-28,5,"Extremely sharp knives, cooks like a chef.",0.33,Positive
REV04043,Cozydwell,Home & Kitchen,2026-05-29,4,"Blender is super powerful, handles frozen fruit easily.",0.37,Positive
REV04044,Cozydwell,Home & Kitchen,2026-05-27,4,"Very cozy bedsheets, very soft fabric.",0.4,Positive
REV04045,Cozydwell,Home & Kitchen,2026-06-06,5,"Beautiful design, fits perfectly on my counter.",0.43,Positive
REV04046,Cozydwell,Home & Kitchen,2026-06-04,5,"Extremely sharp knives, cooks like a chef.",0.8,Positive
REV04047,Cozydwell,Home & Kitchen,2026-06-05,5,"Beautiful design, fits perfectly on my counter.",0.36,Positive
REV04048,Cozydwell,Home & Kitchen,2026-06-11,5,"Highly durable pan, non-stick works perfectly.",0.65,Positive
REV04049,Cozydwell,Home & Kitchen,2026-06-12,5,"Extremely sharp knives, cooks like a chef.",0.66,Positive
REV04050,Cozydwell,Home & Kitchen,2026-06-15,4,"Blender is super powerful, handles frozen fruit easily.",0.36,Positive
REV04051,Cozydwell,Home & Kitchen,2026-06-19,4,"Beautiful design, fits perfectly on my counter.",0.89,Positive
REV04052,Cozydwell,Home & Kitchen,2026-06-18,4,"Very cozy bedsheets, very soft fabric.",0.67,Positive
REV04053,Cozydwell,Home & Kitchen,2026-06-20,3,"It does what it says, but feels a bit lightweight.",0.12,Neutral
REV04054,Cozydwell,Home & Kitchen,2026-06-27,4,"Very cozy bedsheets, very soft fabric.",0.39,Positive
REV04055,Cozydwell,Home & Kitchen,2026-06-27,5,"Beautiful design, fits perfectly on my counter.",0.57,Positive
REV04056,Cozydwell,Home & Kitchen,2026-06-28,4,"Beautiful design, fits perfectly on my counter.",0.89,Positive
REV04057,WoodCraft,Home & Kitchen,2025-07-02,5,"Blender is super powerful, handles frozen fruit easily.",0.38,Positive
REV04058,WoodCraft,Home & Kitchen,2025-07-03,5,"Beautiful design, fits perfectly on my counter.",0.41,Positive
REV04059,WoodCraft,Home & Kitchen,2025-07-07,5,"Extremely sharp knives, cooks like a chef.",0.4,Positive
REV04060,WoodCraft,Home & Kitchen,2025-07-09,4,"Extremely sharp knives, cooks like a chef.",0.48,Positive
REV04061,WoodCraft,Home & Kitchen,2025-07-11,4,"Blender is super powerful, handles frozen fruit easily.",0.44,Positive
REV04062,WoodCraft,Home & Kitchen,2025-07-10,4,"Beautiful design, fits perfectly on my counter.",0.69,Positive
REV04063,WoodCraft,Home & Kitchen,2025-07-19,5,"Extremely sharp knives, cooks like a chef.",0.44,Positive
REV04064,WoodCraft,Home & Kitchen,2025-07-21,5,"Extremely sharp knives, cooks like a chef.",0.57,Positive
REV04065,WoodCraft,Home & Kitchen,2025-07-20,4,"Very cozy bedsheets, very soft fabric.",0.61,Positive
REV04066,WoodCraft,Home & Kitchen,2025-07-25,4,"Highly durable pan, non-stick works perfectly.",0.85,Positive
REV04067,WoodCraft,Home & Kitchen,2025-07-26,5,"Beautiful design, fits perfectly on my counter.",0.64,Positive
REV04068,WoodCraft,Home & Kitchen,2025-07-25,5,"Highly durable pan, non-stick works perfectly.",0.41,Positive
REV04069,WoodCraft,Home & Kitchen,2025-08-01,4,"Blender is super powerful, handles frozen fruit easily.",0.63,Positive
REV04070,WoodCraft,Home & Kitchen,2025-08-01,4,"Extremely sharp knives, cooks like a chef.",0.4,Positive
REV04071,WoodCraft,Home & Kitchen,2025-08-03,5,"Highly durable pan, non-stick works perfectly.",0.87,Positive
REV04072,WoodCraft,Home & Kitchen,2025-08-09,4,"Beautiful design, fits perfectly on my counter.",0.6,Positive
REV04073,WoodCraft,Home & Kitchen,2025-08-10,5,"Very cozy bedsheets, very soft fabric.",0.4,Positive
REV04074,WoodCraft,Home & Kitchen,2025-08-10,4,"Highly durable pan, non-stick works perfectly.",0.42,Positive
REV04075,WoodCraft,Home & Kitchen,2025-08-18,5,"Beautiful design, fits perfectly on my counter.",0.52,Positive
REV04076,WoodCraft,Home & Kitchen,2025-08-18,4,"Blender is super powerful, handles frozen fruit easily.",0.41,Positive
REV04077,WoodCraft,Home & Kitchen,2025-08-14,5,"Beautiful design, fits perfectly on my counter.",0.74,Positive
REV04078,WoodCraft,Home & Kitchen,2025-08-20,3,"Product is okay, nothing special.",0.11,Neutral
REV04079,WoodCraft,Home & Kitchen,2025-08-22,5,"Highly durable pan, non-stick works perfectly.",0.54,Positive
REV04080,WoodCraft,Home & Kitchen,2025-08-25,5,"Beautiful design, fits perfectly on my counter.",0.49,Positive
REV04081,WoodCraft,Home & Kitchen,2025-08-31,4,"Very cozy bedsheets, very soft fabric.",0.85,Positive
REV04082,WoodCraft,Home & Kitchen,2025-08-29,4,"Highly durable pan, non-stick works perfectly.",0.83,Positive
REV04083,WoodCraft,Home & Kitchen,2025-08-27,5,"Very cozy bedsheets, very soft fabric.",0.6,Positive
REV04084,WoodCraft,Home & Kitchen,2025-09-05,5,"Highly durable pan, non-stick works perfectly.",0.33,Positive
REV04085,WoodCraft,Home & Kitchen,2025-09-05,3,"It does what it says, but feels a bit lightweight.",0.29,Neutral
REV04086,WoodCraft,Home & Kitchen,2025-09-03,3,Average quality for the price.,0.14,Neutral
REV04087,WoodCraft,Home & Kitchen,2025-09-14,5,"Highly durable pan, non-stick works perfectly.",0.87,Positive
REV04088,WoodCraft,Home & Kitchen,2025-09-11,5,"Blender is super powerful, handles frozen fruit easily.",0.39,Positive
REV04089,WoodCraft,Home & Kitchen,2025-09-15,5,"Blender is super powerful, handles frozen fruit easily.",0.5,Positive
REV04090,WoodCraft,Home & Kitchen,2025-09-17,4,"Highly durable pan, non-stick works perfectly.",0.49,Positive
REV04091,WoodCraft,Home & Kitchen,2025-09-19,5,"Extremely sharp knives, cooks like a chef.",0.63,Positive
REV04092,WoodCraft,Home & Kitchen,2025-09-22,5,"Blender is super powerful, handles frozen fruit easily.",0.43,Positive
REV04093,WoodCraft,Home & Kitchen,2025-09-24,5,"Blender is super powerful, handles frozen fruit easily.",0.54,Positive
REV04094,WoodCraft,Home & Kitchen,2025-09-29,5,"Extremely sharp knives, cooks like a chef.",0.32,Positive
REV04095,WoodCraft,Home & Kitchen,2025-09-27,5,"Extremely sharp knives, cooks like a chef.",0.35,Positive
REV04096,WoodCraft,Home & Kitchen,2025-10-06,5,"Highly durable pan, non-stick works perfectly.",0.61,Positive
REV04097,WoodCraft,Home & Kitchen,2025-10-04,5,"Extremely sharp knives, cooks like a chef.",0.59,Positive
REV04098,WoodCraft,Home & Kitchen,2025-10-02,5,"Blender is super powerful, handles frozen fruit easily.",0.81,Positive
REV04099,WoodCraft,Home & Kitchen,2025-10-12,5,"Highly durable pan, non-stick works perfectly.",0.79,Positive
REV04100,WoodCraft,Home & Kitchen,2025-10-12,4,"Highly durable pan, non-stick works perfectly.",0.81,Positive
REV04101,WoodCraft,Home & Kitchen,2025-10-10,5,"Very cozy bedsheets, very soft fabric.",0.49,Positive
REV04102,WoodCraft,Home & Kitchen,2025-10-20,5,"Blender is super powerful, handles frozen fruit easily.",0.87,Positive
REV04103,WoodCraft,Home & Kitchen,2025-10-20,5,"Highly durable pan, non-stick works perfectly.",0.75,Positive
REV04104,WoodCraft,Home & Kitchen,2025-10-20,5,"Very cozy bedsheets, very soft fabric.",0.5,Positive
REV04105,WoodCraft,Home & Kitchen,2025-10-27,4,"Highly durable pan, non-stick works perfectly.",0.84,Positive
REV04106,WoodCraft,Home & Kitchen,2025-10-22,5,"Very cozy bedsheets, very soft fabric.",0.63,Positive
REV04107,WoodCraft,Home & Kitchen,2025-10-26,5,"Blender is super powerful, handles frozen fruit easily.",0.55,Positive
REV04108,WoodCraft,Home & Kitchen,2025-10-31,3,Average quality for the price.,0.21,Neutral
REV04109,WoodCraft,Home & Kitchen,2025-10-29,4,"Beautiful design, fits perfectly on my counter.",0.52,Positive
REV04110,WoodCraft,Home & Kitchen,2025-11-03,5,"Very cozy bedsheets, very soft fabric.",0.73,Positive
REV04111,WoodCraft,Home & Kitchen,2025-11-05,3,"Decent item, fits reasonably well.",0.13,Neutral
REV04112,WoodCraft,Home & Kitchen,2025-11-05,5,"Extremely sharp knives, cooks like a chef.",0.33,Positive
REV04113,WoodCraft,Home & Kitchen,2025-11-06,3,"Decent item, fits reasonably well.",0.11,Neutral
REV04114,WoodCraft,Home & Kitchen,2025-11-15,5,"Very cozy bedsheets, very soft fabric.",0.83,Positive
REV04115,WoodCraft,Home & Kitchen,2025-11-14,5,"Extremely sharp knives, cooks like a chef.",0.57,Positive
REV04116,WoodCraft,Home & Kitchen,2025-11-15,4,"Highly durable pan, non-stick works perfectly.",0.3,Positive
REV04117,WoodCraft,Home & Kitchen,2025-11-23,5,"Highly durable pan, non-stick works perfectly.",0.57,Positive
REV04118,WoodCraft,Home & Kitchen,2025-11-21,4,"Beautiful design, fits perfectly on my counter.",0.32,Positive
REV04119,WoodCraft,Home & Kitchen,2025-11-22,5,"Highly durable pan, non-stick works perfectly.",0.61,Positive
REV04120,WoodCraft,Home & Kitchen,2025-11-29,5,"Beautiful design, fits perfectly on my counter.",0.42,Positive
REV04121,WoodCraft,Home & Kitchen,2025-12-01,4,"Beautiful design, fits perfectly on my counter.",0.67,Positive
REV04122,WoodCraft,Home & Kitchen,2025-11-27,4,"Beautiful design, fits perfectly on my counter.",0.56,Positive
REV04123,WoodCraft,Home & Kitchen,2025-12-04,5,"Highly durable pan, non-stick works perfectly.",0.73,Positive
REV04124,WoodCraft,Home & Kitchen,2025-12-08,4,"Beautiful design, fits perfectly on my counter.",0.67,Positive
REV04125,WoodCraft,Home & Kitchen,2025-12-04,4,"Beautiful design, fits perfectly on my counter.",0.83,Positive
REV04126,WoodCraft,Home & Kitchen,2025-12-14,5,"Highly durable pan, non-stick works perfectly.",0.49,Positive
REV04127,WoodCraft,Home & Kitchen,2025-12-15,5,"Extremely sharp knives, cooks like a chef.",0.37,Positive
REV04128,WoodCraft,Home & Kitchen,2025-12-13,5,"Very cozy bedsheets, very soft fabric.",0.69,Positive
REV04129,WoodCraft,Home & Kitchen,2025-12-22,4,"Extremely sharp knives, cooks like a chef.",0.54,Positive
REV04130,WoodCraft,Home & Kitchen,2025-12-21,5,"Very cozy bedsheets, very soft fabric.",0.45,Positive
REV04131,WoodCraft,Home & Kitchen,2025-12-17,5,"Blender is super powerful, handles frozen fruit easily.",0.4,Positive
REV04132,WoodCraft,Home & Kitchen,2025-12-24,4,"Beautiful design, fits perfectly on my counter.",0.88,Positive
REV04133,WoodCraft,Home & Kitchen,2025-12-26,5,"Extremely sharp knives, cooks like a chef.",0.46,Positive
REV04134,WoodCraft,Home & Kitchen,2025-12-26,5,"Highly durable pan, non-stick works perfectly.",0.9,Positive
REV04135,WoodCraft,Home & Kitchen,2026-01-01,5,"Highly durable pan, non-stick works perfectly.",0.55,Positive
REV04136,WoodCraft,Home & Kitchen,2026-01-02,5,"Extremely sharp knives, cooks like a chef.",0.52,Positive
REV04137,WoodCraft,Home & Kitchen,2026-01-02,5,"Blender is super powerful, handles frozen fruit easily.",0.66,Positive
REV04138,WoodCraft,Home & Kitchen,2026-01-10,5,"Blender is super powerful, handles frozen fruit easily.",0.33,Positive
REV04139,WoodCraft,Home & Kitchen,2026-01-08,2,Poor quality product. Broke within five minutes of use.,-0.37,Negative
REV04140,WoodCraft,Home & Kitchen,2026-01-10,5,"Highly durable pan, non-stick works perfectly.",0.47,Positive
REV04141,WoodCraft,Home & Kitchen,2026-01-16,3,"Took a bit long to ship, but works fine.",0.25,Neutral
REV04142,WoodCraft,Home & Kitchen,2026-01-15,5,"Very cozy bedsheets, very soft fabric.",0.75,Positive
REV04143,WoodCraft,Home & Kitchen,2026-01-14,4,"Beautiful design, fits perfectly on my counter.",0.83,Positive
REV04144,WoodCraft,Home & Kitchen,2026-01-23,4,"Highly durable pan, non-stick works perfectly.",0.51,Positive
REV04145,WoodCraft,Home & Kitchen,2026-01-21,4,"Extremely sharp knives, cooks like a chef.",0.84,Positive
REV04146,WoodCraft,Home & Kitchen,2026-01-24,4,"Beautiful design, fits perfectly on my counter.",0.52,Positive
REV04147,WoodCraft,Home & Kitchen,2026-02-01,4,"Blender is super powerful, handles frozen fruit easily.",0.64,Positive
REV04148,WoodCraft,Home & Kitchen,2026-01-30,5,"Beautiful design, fits perfectly on my counter.",0.34,Positive
REV04149,WoodCraft,Home & Kitchen,2026-01-31,4,"Beautiful design, fits perfectly on my counter.",0.73,Positive
REV04150,WoodCraft,Home & Kitchen,2026-02-05,4,"Highly durable pan, non-stick works perfectly.",0.64,Positive
REV04151,WoodCraft,Home & Kitchen,2026-02-08,5,"Very cozy bedsheets, very soft fabric.",0.39,Positive
REV04152,WoodCraft,Home & Kitchen,2026-02-07,5,"Beautiful design, fits perfectly on my counter.",0.4,Positive
REV04153,WoodCraft,Home & Kitchen,2026-02-12,5,"Beautiful design, fits perfectly on my counter.",0.9,Positive
REV04154,WoodCraft,Home & Kitchen,2026-02-11,5,"Blender is super powerful, handles frozen fruit easily.",0.52,Positive
REV04155,WoodCraft,Home & Kitchen,2026-02-16,4,"Highly durable pan, non-stick works perfectly.",0.71,Positive
REV04156,WoodCraft,Home & Kitchen,2026-02-21,5,"Beautiful design, fits perfectly on my counter.",0.66,Positive
REV04157,WoodCraft,Home & Kitchen,2026-02-21,5,"Very cozy bedsheets, very soft fabric.",0.78,Positive
REV04158,WoodCraft,Home & Kitchen,2026-02-22,4,"Blender is super powerful, handles frozen fruit easily.",0.77,Positive
REV04159,WoodCraft,Home & Kitchen,2026-03-02,5,"Beautiful design, fits perfectly on my counter.",0.55,Positive
REV04160,WoodCraft,Home & Kitchen,2026-03-02,5,"Blender is super powerful, handles frozen fruit easily.",0.36,Positive
REV04161,WoodCraft,Home & Kitchen,2026-02-26,4,"Extremely sharp knives, cooks like a chef.",0.54,Positive
REV04162,WoodCraft,Home & Kitchen,2026-03-08,5,"Extremely sharp knives, cooks like a chef.",0.62,Positive
REV04163,WoodCraft,Home & Kitchen,2026-03-08,5,"Blender is super powerful, handles frozen fruit easily.",0.87,Positive
REV04164,WoodCraft,Home & Kitchen,2026-03-09,4,"Extremely sharp knives, cooks like a chef.",0.37,Positive
REV04165,WoodCraft,Home & Kitchen,2026-03-12,5,"Extremely sharp knives, cooks like a chef.",0.57,Positive
REV04166,WoodCraft,Home & Kitchen,2026-03-15,5,"Highly durable pan, non-stick works perfectly.",0.82,Positive
REV04167,WoodCraft,Home & Kitchen,2026-03-11,4,"Highly durable pan, non-stick works perfectly.",0.88,Positive
REV04168,WoodCraft,Home & Kitchen,2026-03-19,5,"Highly durable pan, non-stick works perfectly.",0.4,Positive
REV04169,WoodCraft,Home & Kitchen,2026-03-22,5,"Beautiful design, fits perfectly on my counter.",0.66,Positive
REV04170,WoodCraft,Home & Kitchen,2026-03-18,5,"Extremely sharp knives, cooks like a chef.",0.42,Positive
REV04171,WoodCraft,Home & Kitchen,2026-03-26,5,"Highly durable pan, non-stick works perfectly.",0.36,Positive
REV04172,WoodCraft,Home & Kitchen,2026-03-27,5,"Extremely sharp knives, cooks like a chef.",0.6,Positive
REV04173,WoodCraft,Home & Kitchen,2026-03-26,3,Average quality for the price.,0.23,Neutral
REV04174,WoodCraft,Home & Kitchen,2026-04-04,4,"Highly durable pan, non-stick works perfectly.",0.69,Positive
REV04175,WoodCraft,Home & Kitchen,2026-04-05,4,"Extremely sharp knives, cooks like a chef.",0.66,Positive
REV04176,WoodCraft,Home & Kitchen,2026-04-03,5,"Highly durable pan, non-stick works perfectly.",0.71,Positive
REV04177,WoodCraft,Home & Kitchen,2026-04-08,5,"Highly durable pan, non-stick works perfectly.",0.5,Positive
REV04178,WoodCraft,Home & Kitchen,2026-04-08,4,"Beautiful design, fits perfectly on my counter.",0.37,Positive
REV04179,WoodCraft,Home & Kitchen,2026-04-11,4,"Blender is super powerful, handles frozen fruit easily.",0.54,Positive
REV04180,WoodCraft,Home & Kitchen,2026-04-15,4,"Beautiful design, fits perfectly on my counter.",0.6,Positive
REV04181,WoodCraft,Home & Kitchen,2026-04-17,3,"It does what it says, but feels a bit lightweight.",0.18,Neutral
REV04182,WoodCraft,Home & Kitchen,2026-04-17,4,"Beautiful design, fits perfectly on my counter.",0.38,Positive
REV04183,WoodCraft,Home & Kitchen,2026-04-22,5,"Extremely sharp knives, cooks like a chef.",0.62,Positive
REV04184,WoodCraft,Home & Kitchen,2026-04-23,3,"It does what it says, but feels a bit lightweight.",0.18,Neutral
REV04185,WoodCraft,Home & Kitchen,2026-04-23,4,"Blender is super powerful, handles frozen fruit easily.",0.55,Positive
REV04186,WoodCraft,Home & Kitchen,2026-04-29,5,"Blender is super powerful, handles frozen fruit easily.",0.88,Positive
REV04187,WoodCraft,Home & Kitchen,2026-05-01,5,"Very cozy bedsheets, very soft fabric.",0.39,Positive
REV04188,WoodCraft,Home & Kitchen,2026-05-04,5,"Beautiful design, fits perfectly on my counter.",0.33,Positive
REV04189,WoodCraft,Home & Kitchen,2026-05-10,4,"Extremely sharp knives, cooks like a chef.",0.5,Positive
REV04190,WoodCraft,Home & Kitchen,2026-05-07,5,"Blender is super powerful, handles frozen fruit easily.",0.52,Positive
REV04191,WoodCraft,Home & Kitchen,2026-05-11,4,"Extremely sharp knives, cooks like a chef.",0.76,Positive
REV04192,WoodCraft,Home & Kitchen,2026-05-16,5,"Blender is super powerful, handles frozen fruit easily.",0.53,Positive
REV04193,WoodCraft,Home & Kitchen,2026-05-15,3,"Product is okay, nothing special.",0.15,Neutral
REV04194,WoodCraft,Home & Kitchen,2026-05-16,5,"Very cozy bedsheets, very soft fabric.",0.36,Positive
REV04195,WoodCraft,Home & Kitchen,2026-05-23,5,"Blender is super powerful, handles frozen fruit easily.",0.37,Positive
REV04196,WoodCraft,Home & Kitchen,2026-05-20,5,"Extremely sharp knives, cooks like a chef.",0.61,Positive
REV04197,WoodCraft,Home & Kitchen,2026-05-21,4,"Very cozy bedsheets, very soft fabric.",0.66,Positive
REV04198,WoodCraft,Home & Kitchen,2026-05-31,4,"Highly durable pan, non-stick works perfectly.",0.59,Positive
REV04199,WoodCraft,Home & Kitchen,2026-05-30,3,Average quality for the price.,0.21,Neutral
REV04200,WoodCraft,Home & Kitchen,2026-05-31,5,"Highly durable pan, non-stick works perfectly.",0.68,Positive
REV04201,WoodCraft,Home & Kitchen,2026-06-05,3,"Product is okay, nothing special.",0.21,Neutral
REV04202,WoodCraft,Home & Kitchen,2026-06-05,5,"Extremely sharp knives, cooks like a chef.",0.86,Positive
REV04203,WoodCraft,Home & Kitchen,2026-06-07,5,"Beautiful design, fits perfectly on my counter.",0.6,Positive
REV04204,WoodCraft,Home & Kitchen,2026-06-13,4,"Extremely sharp knives, cooks like a chef.",0.86,Positive
REV04205,WoodCraft,Home & Kitchen,2026-06-13,5,"Extremely sharp knives, cooks like a chef.",0.46,Positive
REV04206,WoodCraft,Home & Kitchen,2026-06-10,5,"Very cozy bedsheets, very soft fabric.",0.63,Positive
REV04207,WoodCraft,Home & Kitchen,2026-06-21,5,"Highly durable pan, non-stick works perfectly.",0.76,Positive
REV04208,WoodCraft,Home & Kitchen,2026-06-18,5,"Extremely sharp knives, cooks like a chef.",0.82,Positive
REV04209,WoodCraft,Home & Kitchen,2026-06-22,4,"Highly durable pan, non-stick works perfectly.",0.39,Positive
REV04210,WoodCraft,Home & Kitchen,2026-06-28,4,"Blender is super powerful, handles frozen fruit easily.",0.46,Positive
REV04211,WoodCraft,Home & Kitchen,2026-06-27,5,"Beautiful design, fits perfectly on my counter.",0.86,Positive
REV04212,WoodCraft,Home & Kitchen,2026-06-29,5,"Extremely sharp knives, cooks like a chef.",0.43,Positive
REV04213,UrbanNest,Home & Kitchen,2025-07-03,4,"Very cozy bedsheets, very soft fabric.",0.51,Positive
REV04214,UrbanNest,Home & Kitchen,2025-07-06,5,"Blender is super powerful, handles frozen fruit easily.",0.56,Positive
REV04215,UrbanNest,Home & Kitchen,2025-07-03,4,"Very cozy bedsheets, very soft fabric.",0.38,Positive
REV04216,UrbanNest,Home & Kitchen,2025-07-13,4,"Beautiful design, fits perfectly on my counter.",0.66,Positive
REV04217,UrbanNest,Home & Kitchen,2025-07-09,5,"Beautiful design, fits perfectly on my counter.",0.75,Positive
REV04218,UrbanNest,Home & Kitchen,2025-07-12,5,"Extremely sharp knives, cooks like a chef.",0.65,Positive
REV04219,UrbanNest,Home & Kitchen,2025-07-21,5,"Blender is super powerful, handles frozen fruit easily.",0.85,Positive
REV04220,UrbanNest,Home & Kitchen,2025-07-16,3,Average quality for the price.,0.03,Neutral
REV04221,UrbanNest,Home & Kitchen,2025-07-19,4,"Extremely sharp knives, cooks like a chef.",0.38,Positive
REV04222,UrbanNest,Home & Kitchen,2025-07-25,5,"Highly durable pan, non-stick works perfectly.",0.62,Positive
REV04223,UrbanNest,Home & Kitchen,2025-07-25,5,"Beautiful design, fits perfectly on my counter.",0.52,Positive
REV04224,UrbanNest,Home & Kitchen,2025-07-27,4,"Very cozy bedsheets, very soft fabric.",0.35,Positive
REV04225,UrbanNest,Home & Kitchen,2025-07-30,5,"Blender is super powerful, handles frozen fruit easily.",0.34,Positive
REV04226,UrbanNest,Home & Kitchen,2025-08-04,5,"Very cozy bedsheets, very soft fabric.",0.66,Positive
REV04227,UrbanNest,Home & Kitchen,2025-08-03,5,"Highly durable pan, non-stick works perfectly.",0.44,Positive
REV04228,UrbanNest,Home & Kitchen,2025-08-06,4,"Blender is super powerful, handles frozen fruit easily.",0.36,Positive
REV04229,UrbanNest,Home & Kitchen,2025-08-11,5,"Beautiful design, fits perfectly on my counter.",0.79,Positive
REV04230,UrbanNest,Home & Kitchen,2025-08-07,5,"Extremely sharp knives, cooks like a chef.",0.56,Positive
REV04231,UrbanNest,Home & Kitchen,2025-08-15,5,"Highly durable pan, non-stick works perfectly.",0.38,Positive
REV04232,UrbanNest,Home & Kitchen,2025-08-14,5,"Beautiful design, fits perfectly on my counter.",0.9,Positive
REV04233,UrbanNest,Home & Kitchen,2025-08-17,5,"Highly durable pan, non-stick works perfectly.",0.55,Positive
REV04234,UrbanNest,Home & Kitchen,2025-08-25,5,"Blender is super powerful, handles frozen fruit easily.",0.74,Positive
REV04235,UrbanNest,Home & Kitchen,2025-08-25,5,"Blender is super powerful, handles frozen fruit easily.",0.72,Positive
REV04236,UrbanNest,Home & Kitchen,2025-08-22,4,"Beautiful design, fits perfectly on my counter.",0.49,Positive
REV04237,UrbanNest,Home & Kitchen,2025-08-29,5,"Blender is super powerful, handles frozen fruit easily.",0.83,Positive
REV04238,UrbanNest,Home & Kitchen,2025-08-30,4,"Very cozy bedsheets, very soft fabric.",0.58,Positive
REV04239,UrbanNest,Home & Kitchen,2025-08-29,4,"Highly durable pan, non-stick works perfectly.",0.5,Positive
REV04240,UrbanNest,Home & Kitchen,2025-09-08,5,"Very cozy bedsheets, very soft fabric.",0.35,Positive
REV04241,UrbanNest,Home & Kitchen,2025-09-07,5,"Extremely sharp knives, cooks like a chef.",0.83,Positive
REV04242,UrbanNest,Home & Kitchen,2025-09-03,5,"Beautiful design, fits perfectly on my counter.",0.33,Positive
REV04243,UrbanNest,Home & Kitchen,2025-09-13,5,"Very cozy bedsheets, very soft fabric.",0.88,Positive
REV04244,UrbanNest,Home & Kitchen,2025-09-15,4,"Highly durable pan, non-stick works perfectly.",0.37,Positive
REV04245,UrbanNest,Home & Kitchen,2025-09-13,4,"Beautiful design, fits perfectly on my counter.",0.55,Positive
REV04246,UrbanNest,Home & Kitchen,2025-09-22,5,"Extremely sharp knives, cooks like a chef.",0.66,Positive
REV04247,UrbanNest,Home & Kitchen,2025-09-21,4,"Extremely sharp knives, cooks like a chef.",0.49,Positive
REV04248,UrbanNest,Home & Kitchen,2025-09-22,4,"Extremely sharp knives, cooks like a chef.",0.5,Positive
REV04249,UrbanNest,Home & Kitchen,2025-09-26,4,"Extremely sharp knives, cooks like a chef.",0.73,Positive
REV04250,UrbanNest,Home & Kitchen,2025-09-28,4,"Beautiful design, fits perfectly on my counter.",0.53,Positive
REV04251,UrbanNest,Home & Kitchen,2025-09-27,3,"Took a bit long to ship, but works fine.",0.26,Neutral
REV04252,UrbanNest,Home & Kitchen,2025-10-01,5,"Extremely sharp knives, cooks like a chef.",0.49,Positive
REV04253,UrbanNest,Home & Kitchen,2025-10-03,4,"Beautiful design, fits perfectly on my counter.",0.85,Positive
REV04254,UrbanNest,Home & Kitchen,2025-10-04,3,Average quality for the price.,-0.08,Neutral
REV04255,UrbanNest,Home & Kitchen,2025-10-13,5,"Very cozy bedsheets, very soft fabric.",0.56,Positive
REV04256,UrbanNest,Home & Kitchen,2025-10-10,5,"Extremely sharp knives, cooks like a chef.",0.64,Positive
REV04257,UrbanNest,Home & Kitchen,2025-10-09,5,"Blender is super powerful, handles frozen fruit easily.",0.85,Positive
REV04258,UrbanNest,Home & Kitchen,2025-10-20,5,"Highly durable pan, non-stick works perfectly.",0.58,Positive
REV04259,UrbanNest,Home & Kitchen,2025-10-20,5,"Blender is super powerful, handles frozen fruit easily.",0.6,Positive
REV04260,UrbanNest,Home & Kitchen,2025-10-16,5,"Very cozy bedsheets, very soft fabric.",0.4,Positive
REV04261,UrbanNest,Home & Kitchen,2025-10-22,5,"Blender is super powerful, handles frozen fruit easily.",0.43,Positive
REV04262,UrbanNest,Home & Kitchen,2025-10-25,4,"Blender is super powerful, handles frozen fruit easily.",0.34,Positive
REV04263,UrbanNest,Home & Kitchen,2025-10-23,4,"Highly durable pan, non-stick works perfectly.",0.72,Positive
REV04264,UrbanNest,Home & Kitchen,2025-11-03,5,"Very cozy bedsheets, very soft fabric.",0.87,Positive
REV04265,UrbanNest,Home & Kitchen,2025-10-29,4,"Beautiful design, fits perfectly on my counter.",0.47,Positive
REV04266,UrbanNest,Home & Kitchen,2025-11-02,4,"Blender is super powerful, handles frozen fruit easily.",0.68,Positive
REV04267,UrbanNest,Home & Kitchen,2025-11-06,5,"Beautiful design, fits perfectly on my counter.",0.64,Positive
REV04268,UrbanNest,Home & Kitchen,2025-11-06,5,"Highly durable pan, non-stick works perfectly.",0.65,Positive
REV04269,UrbanNest,Home & Kitchen,2025-11-10,4,"Highly durable pan, non-stick works perfectly.",0.35,Positive
REV04270,UrbanNest,Home & Kitchen,2025-11-16,3,"It does what it says, but feels a bit lightweight.",0.18,Neutral
REV04271,UrbanNest,Home & Kitchen,2025-11-12,4,"Very cozy bedsheets, very soft fabric.",0.7,Positive
REV04272,UrbanNest,Home & Kitchen,2025-11-13,4,"Highly durable pan, non-stick works perfectly.",0.49,Positive
REV04273,UrbanNest,Home & Kitchen,2025-11-20,4,"Extremely sharp knives, cooks like a chef.",0.78,Positive
REV04274,UrbanNest,Home & Kitchen,2025-11-23,5,"Blender is super powerful, handles frozen fruit easily.",0.4,Positive
REV04275,UrbanNest,Home & Kitchen,2025-11-23,5,"Very cozy bedsheets, very soft fabric.",0.69,Positive
REV04276,UrbanNest,Home & Kitchen,2025-11-27,5,"Blender is super powerful, handles frozen fruit easily.",0.44,Positive
REV04277,UrbanNest,Home & Kitchen,2025-12-01,4,"Extremely sharp knives, cooks like a chef.",0.41,Positive
REV04278,UrbanNest,Home & Kitchen,2025-11-30,5,"Highly durable pan, non-stick works perfectly.",0.58,Positive
REV04279,UrbanNest,Home & Kitchen,2025-12-06,4,"Highly durable pan, non-stick works perfectly.",0.57,Positive
REV04280,UrbanNest,Home & Kitchen,2025-12-06,4,"Extremely sharp knives, cooks like a chef.",0.78,Positive
REV04281,UrbanNest,Home & Kitchen,2025-12-05,5,"Extremely sharp knives, cooks like a chef.",0.89,Positive
REV04282,UrbanNest,Home & Kitchen,2025-12-12,4,"Beautiful design, fits perfectly on my counter.",0.49,Positive
REV04283,UrbanNest,Home & Kitchen,2025-12-15,5,"Extremely sharp knives, cooks like a chef.",0.88,Positive
REV04284,UrbanNest,Home & Kitchen,2025-12-13,5,"Highly durable pan, non-stick works perfectly.",0.6,Positive
REV04285,UrbanNest,Home & Kitchen,2025-12-21,5,"Blender is super powerful, handles frozen fruit easily.",0.52,Positive
REV04286,UrbanNest,Home & Kitchen,2025-12-22,5,"Extremely sharp knives, cooks like a chef.",0.78,Positive
REV04287,UrbanNest,Home & Kitchen,2025-12-17,4,"Very cozy bedsheets, very soft fabric.",0.78,Positive
REV04288,UrbanNest,Home & Kitchen,2025-12-28,4,"Beautiful design, fits perfectly on my counter.",0.77,Positive
REV04289,UrbanNest,Home & Kitchen,2025-12-26,5,"Beautiful design, fits perfectly on my counter.",0.42,Positive
REV04290,UrbanNest,Home & Kitchen,2025-12-27,5,"Extremely sharp knives, cooks like a chef.",0.43,Positive
REV04291,UrbanNest,Home & Kitchen,2025-12-31,5,"Blender is super powerful, handles frozen fruit easily.",0.67,Positive
REV04292,UrbanNest,Home & Kitchen,2025-12-31,4,"Highly durable pan, non-stick works perfectly.",0.79,Positive
REV04293,UrbanNest,Home & Kitchen,2026-01-05,4,"Very cozy bedsheets, very soft fabric.",0.44,Positive
REV04294,UrbanNest,Home & Kitchen,2026-01-08,5,"Extremely sharp knives, cooks like a chef.",0.47,Positive
REV04295,UrbanNest,Home & Kitchen,2026-01-08,4,"Very cozy bedsheets, very soft fabric.",0.78,Positive
REV04296,UrbanNest,Home & Kitchen,2026-01-09,4,"Blender is super powerful, handles frozen fruit easily.",0.86,Positive
REV04297,UrbanNest,Home & Kitchen,2026-01-14,4,"Extremely sharp knives, cooks like a chef.",0.79,Positive
REV04298,UrbanNest,Home & Kitchen,2026-01-17,5,"Beautiful design, fits perfectly on my counter.",0.5,Positive
REV04299,UrbanNest,Home & Kitchen,2026-01-18,5,"Extremely sharp knives, cooks like a chef.",0.34,Positive
REV04300,UrbanNest,Home & Kitchen,2026-01-23,4,"Blender is super powerful, handles frozen fruit easily.",0.34,Positive
REV04301,UrbanNest,Home & Kitchen,2026-01-21,5,"Very cozy bedsheets, very soft fabric.",0.51,Positive
REV04302,UrbanNest,Home & Kitchen,2026-01-22,4,"Beautiful design, fits perfectly on my counter.",0.58,Positive
REV04303,UrbanNest,Home & Kitchen,2026-01-30,4,"Extremely sharp knives, cooks like a chef.",0.81,Positive
REV04304,UrbanNest,Home & Kitchen,2026-01-29,4,"Highly durable pan, non-stick works perfectly.",0.32,Positive
REV04305,UrbanNest,Home & Kitchen,2026-02-01,5,"Extremely sharp knives, cooks like a chef.",0.68,Positive
REV04306,UrbanNest,Home & Kitchen,2026-02-04,4,"Beautiful design, fits perfectly on my counter.",0.76,Positive
REV04307,UrbanNest,Home & Kitchen,2026-02-08,4,"Beautiful design, fits perfectly on my counter.",0.85,Positive
REV04308,UrbanNest,Home & Kitchen,2026-02-04,5,"Extremely sharp knives, cooks like a chef.",0.5,Positive
REV04309,UrbanNest,Home & Kitchen,2026-02-14,4,"Extremely sharp knives, cooks like a chef.",0.67,Positive
REV04310,UrbanNest,Home & Kitchen,2026-02-16,4,"Blender is super powerful, handles frozen fruit easily.",0.73,Positive
REV04311,UrbanNest,Home & Kitchen,2026-02-12,3,"Product is okay, nothing special.",0.12,Neutral
REV04312,UrbanNest,Home & Kitchen,2026-02-18,4,"Beautiful design, fits perfectly on my counter.",0.77,Positive
REV04313,UrbanNest,Home & Kitchen,2026-02-22,4,"Blender is super powerful, handles frozen fruit easily.",0.89,Positive
REV04314,UrbanNest,Home & Kitchen,2026-02-18,5,"Beautiful design, fits perfectly on my counter.",0.66,Positive
REV04315,UrbanNest,Home & Kitchen,2026-03-01,5,"Extremely sharp knives, cooks like a chef.",0.43,Positive
REV04316,UrbanNest,Home & Kitchen,2026-02-27,5,"Extremely sharp knives, cooks like a chef.",0.69,Positive
REV04317,UrbanNest,Home & Kitchen,2026-02-28,4,"Beautiful design, fits perfectly on my counter.",0.78,Positive
REV04318,UrbanNest,Home & Kitchen,2026-03-07,5,"Highly durable pan, non-stick works perfectly.",0.56,Positive
REV04319,UrbanNest,Home & Kitchen,2026-03-08,3,Average quality for the price.,-0.05,Neutral
REV04320,UrbanNest,Home & Kitchen,2026-03-04,5,"Highly durable pan, non-stick works perfectly.",0.87,Positive
REV04321,UrbanNest,Home & Kitchen,2026-03-14,5,"Beautiful design, fits perfectly on my counter.",0.55,Positive
REV04322,UrbanNest,Home & Kitchen,2026-03-15,4,"Beautiful design, fits perfectly on my counter.",0.45,Positive
REV04323,UrbanNest,Home & Kitchen,2026-03-11,5,"Highly durable pan, non-stick works perfectly.",0.86,Positive
REV04324,UrbanNest,Home & Kitchen,2026-03-21,4,"Extremely sharp knives, cooks like a chef.",0.56,Positive
REV04325,UrbanNest,Home & Kitchen,2026-03-20,5,"Highly durable pan, non-stick works perfectly.",0.81,Positive
REV04326,UrbanNest,Home & Kitchen,2026-03-19,5,"Highly durable pan, non-stick works perfectly.",0.49,Positive
REV04327,UrbanNest,Home & Kitchen,2026-03-25,5,"Extremely sharp knives, cooks like a chef.",0.85,Positive
REV04328,UrbanNest,Home & Kitchen,2026-03-30,5,"Highly durable pan, non-stick works perfectly.",0.33,Positive
REV04329,UrbanNest,Home & Kitchen,2026-03-29,5,"Extremely sharp knives, cooks like a chef.",0.32,Positive
REV04330,UrbanNest,Home & Kitchen,2026-04-02,4,"Highly durable pan, non-stick works perfectly.",0.87,Positive
REV04331,UrbanNest,Home & Kitchen,2026-04-03,4,"Highly durable pan, non-stick works perfectly.",0.56,Positive
REV04332,UrbanNest,Home & Kitchen,2026-04-04,5,"Blender is super powerful, handles frozen fruit easily.",0.85,Positive
REV04333,UrbanNest,Home & Kitchen,2026-04-11,4,"Highly durable pan, non-stick works perfectly.",0.78,Positive
REV04334,UrbanNest,Home & Kitchen,2026-04-09,5,"Very cozy bedsheets, very soft fabric.",0.87,Positive
REV04335,UrbanNest,Home & Kitchen,2026-04-08,4,"Very cozy bedsheets, very soft fabric.",0.54,Positive
REV04336,UrbanNest,Home & Kitchen,2026-04-17,5,"Very cozy bedsheets, very soft fabric.",0.34,Positive
REV04337,UrbanNest,Home & Kitchen,2026-04-18,4,"Highly durable pan, non-stick works perfectly.",0.81,Positive
REV04338,UrbanNest,Home & Kitchen,2026-04-20,3,"It does what it says, but feels a bit lightweight.",0.14,Neutral
REV04339,UrbanNest,Home & Kitchen,2026-04-24,5,"Blender is super powerful, handles frozen fruit easily.",0.43,Positive
REV04340,UrbanNest,Home & Kitchen,2026-04-26,3,"It does what it says, but feels a bit lightweight.",0.17,Neutral
REV04341,UrbanNest,Home & Kitchen,2026-04-23,5,"Very cozy bedsheets, very soft fabric.",0.82,Positive
REV04342,UrbanNest,Home & Kitchen,2026-05-03,5,"Blender is super powerful, handles frozen fruit easily.",0.53,Positive
REV04343,UrbanNest,Home & Kitchen,2026-05-01,5,"Blender is super powerful, handles frozen fruit easily.",0.38,Positive
REV04344,UrbanNest,Home & Kitchen,2026-04-29,3,"Took a bit long to ship, but works fine.",0.04,Neutral
REV04345,UrbanNest,Home & Kitchen,2026-05-11,4,"Highly durable pan, non-stick works perfectly.",0.42,Positive
REV04346,UrbanNest,Home & Kitchen,2026-05-06,5,"Very cozy bedsheets, very soft fabric.",0.33,Positive
REV04347,UrbanNest,Home & Kitchen,2026-05-10,5,"Very cozy bedsheets, very soft fabric.",0.65,Positive
REV04348,UrbanNest,Home & Kitchen,2026-05-16,4,"Extremely sharp knives, cooks like a chef.",0.8,Positive
REV04349,UrbanNest,Home & Kitchen,2026-05-14,4,"Blender is super powerful, handles frozen fruit easily.",0.75,Positive
REV04350,UrbanNest,Home & Kitchen,2026-05-18,3,Average quality for the price.,0.21,Neutral
REV04351,UrbanNest,Home & Kitchen,2026-05-22,4,"Extremely sharp knives, cooks like a chef.",0.66,Positive
REV04352,UrbanNest,Home & Kitchen,2026-05-25,5,"Very cozy bedsheets, very soft fabric.",0.47,Positive
REV04353,UrbanNest,Home & Kitchen,2026-05-25,4,"Beautiful design, fits perfectly on my counter.",0.34,Positive
REV04354,UrbanNest,Home & Kitchen,2026-06-01,2,"Damaged in transit, fluid was leaking everywhere.",-0.77,Negative
REV04355,UrbanNest,Home & Kitchen,2026-05-31,5,"Blender is super powerful, handles frozen fruit easily.",0.55,Positive
REV04356,UrbanNest,Home & Kitchen,2026-05-29,5,"Highly durable pan, non-stick works perfectly.",0.49,Positive
REV04357,UrbanNest,Home & Kitchen,2026-06-06,5,"Blender is super powerful, handles frozen fruit easily.",0.89,Positive
REV04358,UrbanNest,Home & Kitchen,2026-06-04,5,"Blender is super powerful, handles frozen fruit easily.",0.89,Positive
REV04359,UrbanNest,Home & Kitchen,2026-06-06,5,"Extremely sharp knives, cooks like a chef.",0.45,Positive
REV04360,UrbanNest,Home & Kitchen,2026-06-11,5,"Beautiful design, fits perfectly on my counter.",0.31,Positive
REV04361,UrbanNest,Home & Kitchen,2026-06-15,5,"Extremely sharp knives, cooks like a chef.",0.34,Positive
REV04362,UrbanNest,Home & Kitchen,2026-06-15,5,"Very cozy bedsheets, very soft fabric.",0.88,Positive
REV04363,UrbanNest,Home & Kitchen,2026-06-21,4,"Beautiful design, fits perfectly on my counter.",0.33,Positive
REV04364,UrbanNest,Home & Kitchen,2026-06-18,5,"Very cozy bedsheets, very soft fabric.",0.64,Positive
REV04365,UrbanNest,Home & Kitchen,2026-06-22,5,"Beautiful design, fits perfectly on my counter.",0.54,Positive
REV04366,UrbanNest,Home & Kitchen,2026-06-29,4,"Blender is super powerful, handles frozen fruit easily.",0.67,Positive
REV04367,UrbanNest,Home & Kitchen,2026-06-25,5,"Beautiful design, fits perfectly on my counter.",0.5,Positive
REV04368,UrbanNest,Home & Kitchen,2026-06-25,5,"Beautiful design, fits perfectly on my counter.",0.52,Positive
REV04369,TableWare,Home & Kitchen,2025-07-02,5,"Blender is super powerful, handles frozen fruit easily.",0.6,Positive
REV04370,TableWare,Home & Kitchen,2025-07-04,5,"Extremely sharp knives, cooks like a chef.",0.73,Positive
REV04371,TableWare,Home & Kitchen,2025-07-06,4,"Extremely sharp knives, cooks like a chef.",0.5,Positive
REV04372,TableWare,Home & Kitchen,2025-07-11,5,"Very cozy bedsheets, very soft fabric.",0.62,Positive
REV04373,TableWare,Home & Kitchen,2025-07-10,4,"Beautiful design, fits perfectly on my counter.",0.71,Positive
REV04374,TableWare,Home & Kitchen,2025-07-11,5,"Highly durable pan, non-stick works perfectly.",0.35,Positive
REV04375,TableWare,Home & Kitchen,2025-07-17,5,"Extremely sharp knives, cooks like a chef.",0.31,Positive
REV04376,TableWare,Home & Kitchen,2025-07-18,4,"Very cozy bedsheets, very soft fabric.",0.39,Positive
REV04377,TableWare,Home & Kitchen,2025-07-17,5,"Very cozy bedsheets, very soft fabric.",0.52,Positive
REV04378,TableWare,Home & Kitchen,2025-07-25,5,"Very cozy bedsheets, very soft fabric.",0.56,Positive
REV04379,TableWare,Home & Kitchen,2025-07-24,4,"Highly durable pan, non-stick works perfectly.",0.83,Positive
REV04380,TableWare,Home & Kitchen,2025-07-23,2,Poor quality product. Broke within five minutes of use.,-0.48,Negative
REV04381,TableWare,Home & Kitchen,2025-07-30,5,"Blender is super powerful, handles frozen fruit easily.",0.81,Positive
REV04382,TableWare,Home & Kitchen,2025-08-04,5,"Extremely sharp knives, cooks like a chef.",0.66,Positive
REV04383,TableWare,Home & Kitchen,2025-08-02,5,"Very cozy bedsheets, very soft fabric.",0.88,Positive
REV04384,TableWare,Home & Kitchen,2025-08-08,4,"Extremely sharp knives, cooks like a chef.",0.42,Positive
REV04385,TableWare,Home & Kitchen,2025-08-08,5,"Very cozy bedsheets, very soft fabric.",0.69,Positive
REV04386,TableWare,Home & Kitchen,2025-08-07,5,"Beautiful design, fits perfectly on my counter.",0.52,Positive
REV04387,TableWare,Home & Kitchen,2025-08-18,5,"Blender is super powerful, handles frozen fruit easily.",0.43,Positive
REV04388,TableWare,Home & Kitchen,2025-08-17,5,"Very cozy bedsheets, very soft fabric.",0.49,Positive
REV04389,TableWare,Home & Kitchen,2025-08-16,4,"Highly durable pan, non-stick works perfectly.",0.67,Positive
REV04390,TableWare,Home & Kitchen,2025-08-20,5,"Extremely sharp knives, cooks like a chef.",0.52,Positive
REV04391,TableWare,Home & Kitchen,2025-08-21,4,"Very cozy bedsheets, very soft fabric.",0.32,Positive
REV04392,TableWare,Home & Kitchen,2025-08-21,4,"Very cozy bedsheets, very soft fabric.",0.46,Positive
REV04393,TableWare,Home & Kitchen,2025-09-01,5,"Beautiful design, fits perfectly on my counter.",0.5,Positive
REV04394,TableWare,Home & Kitchen,2025-08-29,5,"Blender is super powerful, handles frozen fruit easily.",0.87,Positive
REV04395,TableWare,Home & Kitchen,2025-08-30,4,"Highly durable pan, non-stick works perfectly.",0.47,Positive
REV04396,TableWare,Home & Kitchen,2025-09-03,5,"Very cozy bedsheets, very soft fabric.",0.75,Positive
REV04397,TableWare,Home & Kitchen,2025-09-07,5,"Highly durable pan, non-stick works perfectly.",0.84,Positive
REV04398,TableWare,Home & Kitchen,2025-09-07,3,Average quality for the price.,0.12,Neutral
REV04399,TableWare,Home & Kitchen,2025-09-12,5,"Very cozy bedsheets, very soft fabric.",0.81,Positive
REV04400,TableWare,Home & Kitchen,2025-09-10,5,"Very cozy bedsheets, very soft fabric.",0.51,Positive
REV04401,TableWare,Home & Kitchen,2025-09-11,4,"Blender is super powerful, handles frozen fruit easily.",0.89,Positive
REV04402,TableWare,Home & Kitchen,2025-09-20,5,"Highly durable pan, non-stick works perfectly.",0.57,Positive
REV04403,TableWare,Home & Kitchen,2025-09-22,5,"Very cozy bedsheets, very soft fabric.",0.66,Positive
REV04404,TableWare,Home & Kitchen,2025-09-20,4,"Extremely sharp knives, cooks like a chef.",0.76,Positive
REV04405,TableWare,Home & Kitchen,2025-09-24,4,"Highly durable pan, non-stick works perfectly.",0.48,Positive
REV04406,TableWare,Home & Kitchen,2025-09-28,5,"Very cozy bedsheets, very soft fabric.",0.75,Positive
REV04407,TableWare,Home & Kitchen,2025-09-29,4,"Beautiful design, fits perfectly on my counter.",0.65,Positive
REV04408,TableWare,Home & Kitchen,2025-10-03,4,"Highly durable pan, non-stick works perfectly.",0.52,Positive
REV04409,TableWare,Home & Kitchen,2025-10-05,5,"Beautiful design, fits perfectly on my counter.",0.38,Positive
REV04410,TableWare,Home & Kitchen,2025-10-02,5,"Beautiful design, fits perfectly on my counter.",0.39,Positive
REV04411,TableWare,Home & Kitchen,2025-10-12,5,"Blender is super powerful, handles frozen fruit easily.",0.84,Positive
REV04412,TableWare,Home & Kitchen,2025-10-13,5,"Beautiful design, fits perfectly on my counter.",0.33,Positive
REV04413,TableWare,Home & Kitchen,2025-10-11,5,"Beautiful design, fits perfectly on my counter.",0.71,Positive
REV04414,TableWare,Home & Kitchen,2025-10-18,4,"Highly durable pan, non-stick works perfectly.",0.67,Positive
REV04415,TableWare,Home & Kitchen,2025-10-20,5,"Highly durable pan, non-stick works perfectly.",0.77,Positive
REV04416,TableWare,Home & Kitchen,2025-10-16,4,"Extremely sharp knives, cooks like a chef.",0.86,Positive
REV04417,TableWare,Home & Kitchen,2025-10-25,4,"Very cozy bedsheets, very soft fabric.",0.84,Positive
REV04418,TableWare,Home & Kitchen,2025-10-25,5,"Very cozy bedsheets, very soft fabric.",0.69,Positive
REV04419,TableWare,Home & Kitchen,2025-10-24,5,"Very cozy bedsheets, very soft fabric.",0.57,Positive
REV04420,TableWare,Home & Kitchen,2025-11-02,5,"Beautiful design, fits perfectly on my counter.",0.58,Positive
REV04421,TableWare,Home & Kitchen,2025-10-31,5,"Very cozy bedsheets, very soft fabric.",0.48,Positive
REV04422,TableWare,Home & Kitchen,2025-11-02,5,"Blender is super powerful, handles frozen fruit easily.",0.88,Positive
REV04423,TableWare,Home & Kitchen,2025-11-05,4,"Very cozy bedsheets, very soft fabric.",0.5,Positive
REV04424,TableWare,Home & Kitchen,2025-11-08,4,"Blender is super powerful, handles frozen fruit easily.",0.51,Positive
REV04425,TableWare,Home & Kitchen,2025-11-07,5,"Highly durable pan, non-stick works perfectly.",0.32,Positive
REV04426,TableWare,Home & Kitchen,2025-11-12,5,"Highly durable pan, non-stick works perfectly.",0.62,Positive
REV04427,TableWare,Home & Kitchen,2025-11-16,4,"Beautiful design, fits perfectly on my counter.",0.67,Positive
REV04428,TableWare,Home & Kitchen,2025-11-14,4,"Highly durable pan, non-stick works perfectly.",0.32,Positive
REV04429,TableWare,Home & Kitchen,2025-11-22,4,"Beautiful design, fits perfectly on my counter.",0.56,Positive
REV04430,TableWare,Home & Kitchen,2025-11-22,3,"Decent item, fits reasonably well.",0.28,Neutral
REV04431,TableWare,Home & Kitchen,2025-11-22,5,"Blender is super powerful, handles frozen fruit easily.",0.7,Positive
REV04432,TableWare,Home & Kitchen,2025-11-29,5,"Blender is super powerful, handles frozen fruit easily.",0.86,Positive
REV04433,TableWare,Home & Kitchen,2025-11-27,4,"Extremely sharp knives, cooks like a chef.",0.68,Positive
REV04434,TableWare,Home & Kitchen,2025-11-27,4,"Beautiful design, fits perfectly on my counter.",0.76,Positive
REV04435,TableWare,Home & Kitchen,2025-12-05,5,"Extremely sharp knives, cooks like a chef.",0.41,Positive
REV04436,TableWare,Home & Kitchen,2025-12-05,5,"Extremely sharp knives, cooks like a chef.",0.85,Positive
REV04437,TableWare,Home & Kitchen,2025-12-07,4,"Highly durable pan, non-stick works perfectly.",0.79,Positive
REV04438,TableWare,Home & Kitchen,2025-12-12,4,"Extremely sharp knives, cooks like a chef.",0.82,Positive
REV04439,TableWare,Home & Kitchen,2025-12-10,4,"Very cozy bedsheets, very soft fabric.",0.37,Positive
REV04440,TableWare,Home & Kitchen,2025-12-10,5,"Extremely sharp knives, cooks like a chef.",0.73,Positive
REV04441,TableWare,Home & Kitchen,2025-12-21,4,"Extremely sharp knives, cooks like a chef.",0.87,Positive
REV04442,TableWare,Home & Kitchen,2025-12-19,5,"Very cozy bedsheets, very soft fabric.",0.72,Positive
REV04443,TableWare,Home & Kitchen,2025-12-22,4,"Very cozy bedsheets, very soft fabric.",0.85,Positive
REV04444,TableWare,Home & Kitchen,2025-12-26,4,"Blender is super powerful, handles frozen fruit easily.",0.68,Positive
REV04445,TableWare,Home & Kitchen,2025-12-25,4,"Blender is super powerful, handles frozen fruit easily.",0.39,Positive
REV04446,TableWare,Home & Kitchen,2025-12-25,4,"Highly durable pan, non-stick works perfectly.",0.35,Positive
REV04447,TableWare,Home & Kitchen,2026-01-02,4,"Highly durable pan, non-stick works perfectly.",0.89,Positive
REV04448,TableWare,Home & Kitchen,2026-01-02,4,"Extremely sharp knives, cooks like a chef.",0.89,Positive
REV04449,TableWare,Home & Kitchen,2026-01-02,5,"Blender is super powerful, handles frozen fruit easily.",0.61,Positive
REV04450,TableWare,Home & Kitchen,2026-01-10,5,"Beautiful design, fits perfectly on my counter.",0.87,Positive
REV04451,TableWare,Home & Kitchen,2026-01-12,5,"Highly durable pan, non-stick works perfectly.",0.5,Positive
REV04452,TableWare,Home & Kitchen,2026-01-10,4,"Extremely sharp knives, cooks like a chef.",0.73,Positive
REV04453,TableWare,Home & Kitchen,2026-01-15,4,"Highly durable pan, non-stick works perfectly.",0.36,Positive
REV04454,TableWare,Home & Kitchen,2026-01-15,4,"Beautiful design, fits perfectly on my counter.",0.84,Positive
REV04455,TableWare,Home & Kitchen,2026-01-19,4,"Very cozy bedsheets, very soft fabric.",0.85,Positive
REV04456,TableWare,Home & Kitchen,2026-01-24,4,"Very cozy bedsheets, very soft fabric.",0.7,Positive
REV04457,TableWare,Home & Kitchen,2026-01-25,5,"Very cozy bedsheets, very soft fabric.",0.32,Positive
REV04458,TableWare,Home & Kitchen,2026-01-25,4,"Highly durable pan, non-stick works perfectly.",0.76,Positive
REV04459,TableWare,Home & Kitchen,2026-02-02,4,"Beautiful design, fits perfectly on my counter.",0.77,Positive
REV04460,TableWare,Home & Kitchen,2026-01-30,5,"Beautiful design, fits perfectly on my counter.",0.34,Positive
REV04461,TableWare,Home & Kitchen,2026-01-30,5,"Extremely sharp knives, cooks like a chef.",0.87,Positive
REV04462,TableWare,Home & Kitchen,2026-02-09,4,"Beautiful design, fits perfectly on my counter.",0.42,Positive
REV04463,TableWare,Home & Kitchen,2026-02-05,5,"Beautiful design, fits perfectly on my counter.",0.71,Positive
REV04464,TableWare,Home & Kitchen,2026-02-07,3,"Decent item, fits reasonably well.",-0.05,Neutral
REV04465,TableWare,Home & Kitchen,2026-02-13,5,"Extremely sharp knives, cooks like a chef.",0.45,Positive
REV04466,TableWare,Home & Kitchen,2026-02-15,3,Average quality for the price.,0.18,Neutral
REV04467,TableWare,Home & Kitchen,2026-02-13,5,"Very cozy bedsheets, very soft fabric.",0.43,Positive
REV04468,TableWare,Home & Kitchen,2026-02-21,4,"Extremely sharp knives, cooks like a chef.",0.72,Positive
REV04469,TableWare,Home & Kitchen,2026-02-20,5,"Blender is super powerful, handles frozen fruit easily.",0.9,Positive
REV04470,TableWare,Home & Kitchen,2026-02-21,4,"Very cozy bedsheets, very soft fabric.",0.82,Positive
REV04471,TableWare,Home & Kitchen,2026-03-02,3,"Decent item, fits reasonably well.",0.13,Neutral
REV04472,TableWare,Home & Kitchen,2026-02-27,5,"Highly durable pan, non-stick works perfectly.",0.63,Positive
REV04473,TableWare,Home & Kitchen,2026-03-01,4,"Blender is super powerful, handles frozen fruit easily.",0.81,Positive
REV04474,TableWare,Home & Kitchen,2026-03-04,5,"Highly durable pan, non-stick works perfectly.",0.68,Positive
REV04475,TableWare,Home & Kitchen,2026-03-05,4,"Very cozy bedsheets, very soft fabric.",0.67,Positive
REV04476,TableWare,Home & Kitchen,2026-03-08,4,"Blender is super powerful, handles frozen fruit easily.",0.38,Positive
REV04477,TableWare,Home & Kitchen,2026-03-15,4,"Highly durable pan, non-stick works perfectly.",0.85,Positive
REV04478,TableWare,Home & Kitchen,2026-03-14,4,"Highly durable pan, non-stick works perfectly.",0.77,Positive
REV04479,TableWare,Home & Kitchen,2026-03-12,5,"Beautiful design, fits perfectly on my counter.",0.5,Positive
REV04480,TableWare,Home & Kitchen,2026-03-22,4,"Extremely sharp knives, cooks like a chef.",0.42,Positive
REV04481,TableWare,Home & Kitchen,2026-03-19,5,"Beautiful design, fits perfectly on my counter.",0.31,Positive
REV04482,TableWare,Home & Kitchen,2026-03-18,5,"Beautiful design, fits perfectly on my counter.",0.77,Positive
REV04483,TableWare,Home & Kitchen,2026-03-28,5,"Highly durable pan, non-stick works perfectly.",0.4,Positive
REV04484,TableWare,Home & Kitchen,2026-03-25,5,"Blender is super powerful, handles frozen fruit easily.",0.62,Positive
REV04485,TableWare,Home & Kitchen,2026-03-25,4,"Very cozy bedsheets, very soft fabric.",0.3,Positive
REV04486,TableWare,Home & Kitchen,2026-04-02,5,"Highly durable pan, non-stick works perfectly.",0.61,Positive
REV04487,TableWare,Home & Kitchen,2026-04-06,5,"Extremely sharp knives, cooks like a chef.",0.81,Positive
REV04488,TableWare,Home & Kitchen,2026-04-04,5,"Highly durable pan, non-stick works perfectly.",0.5,Positive
REV04489,TableWare,Home & Kitchen,2026-04-09,4,"Very cozy bedsheets, very soft fabric.",0.88,Positive
REV04490,TableWare,Home & Kitchen,2026-04-11,5,"Extremely sharp knives, cooks like a chef.",0.67,Positive
REV04491,TableWare,Home & Kitchen,2026-04-09,4,"Blender is super powerful, handles frozen fruit easily.",0.66,Positive
REV04492,TableWare,Home & Kitchen,2026-04-20,4,"Blender is super powerful, handles frozen fruit easily.",0.71,Positive
REV04493,TableWare,Home & Kitchen,2026-04-15,4,"Highly durable pan, non-stick works perfectly.",0.62,Positive
REV04494,TableWare,Home & Kitchen,2026-04-15,5,"Beautiful design, fits perfectly on my counter.",0.64,Positive
REV04495,TableWare,Home & Kitchen,2026-04-22,3,"It does what it says, but feels a bit lightweight.",0.08,Neutral
REV04496,TableWare,Home & Kitchen,2026-04-24,5,"Very cozy bedsheets, very soft fabric.",0.43,Positive
REV04497,TableWare,Home & Kitchen,2026-04-25,5,"Beautiful design, fits perfectly on my counter.",0.87,Positive
REV04498,TableWare,Home & Kitchen,2026-04-30,5,"Extremely sharp knives, cooks like a chef.",0.55,Positive
REV04499,TableWare,Home & Kitchen,2026-05-02,4,"Highly durable pan, non-stick works perfectly.",0.8,Positive
REV04500,TableWare,Home & Kitchen,2026-05-04,4,"Beautiful design, fits perfectly on my counter.",0.34,Positive
REV04501,TableWare,Home & Kitchen,2026-05-07,4,"Beautiful design, fits perfectly on my counter.",0.58,Positive
REV04502,TableWare,Home & Kitchen,2026-05-07,3,Average quality for the price.,0.12,Neutral
REV04503,TableWare,Home & Kitchen,2026-05-09,4,"Blender is super powerful, handles frozen fruit easily.",0.82,Positive
REV04504,TableWare,Home & Kitchen,2026-05-14,5,"Beautiful design, fits perfectly on my counter.",0.43,Positive
REV04505,TableWare,Home & Kitchen,2026-05-17,5,"Highly durable pan, non-stick works perfectly.",0.73,Positive
REV04506,TableWare,Home & Kitchen,2026-05-17,4,"Blender is super powerful, handles frozen fruit easily.",0.4,Positive
REV04507,TableWare,Home & Kitchen,2026-05-25,5,"Highly durable pan, non-stick works perfectly.",0.81,Positive
REV04508,TableWare,Home & Kitchen,2026-05-22,4,"Beautiful design, fits perfectly on my counter.",0.71,Positive
REV04509,TableWare,Home & Kitchen,2026-05-20,4,"Very cozy bedsheets, very soft fabric.",0.37,Positive
REV04510,TableWare,Home & Kitchen,2026-05-27,5,"Beautiful design, fits perfectly on my counter.",0.71,Positive
REV04511,TableWare,Home & Kitchen,2026-05-31,5,"Beautiful design, fits perfectly on my counter.",0.53,Positive
REV04512,TableWare,Home & Kitchen,2026-05-31,4,"Very cozy bedsheets, very soft fabric.",0.31,Positive
REV04513,TableWare,Home & Kitchen,2026-06-06,4,"Highly durable pan, non-stick works perfectly.",0.45,Positive
REV04514,TableWare,Home & Kitchen,2026-06-06,4,"Beautiful design, fits perfectly on my counter.",0.36,Positive
REV04515,TableWare,Home & Kitchen,2026-06-03,3,"It does what it says, but feels a bit lightweight.",0.1,Neutral
REV04516,TableWare,Home & Kitchen,2026-06-12,4,"Extremely sharp knives, cooks like a chef.",0.35,Positive
REV04517,TableWare,Home & Kitchen,2026-06-12,5,"Beautiful design, fits perfectly on my counter.",0.41,Positive
REV04518,TableWare,Home & Kitchen,2026-06-13,5,"Blender is super powerful, handles frozen fruit easily.",0.68,Positive
REV04519,TableWare,Home & Kitchen,2026-06-20,5,"Very cozy bedsheets, very soft fabric.",0.66,Positive
REV04520,TableWare,Home & Kitchen,2026-06-18,4,"Very cozy bedsheets, very soft fabric.",0.81,Positive
REV04521,TableWare,Home & Kitchen,2026-06-22,5,"Highly durable pan, non-stick works perfectly.",0.75,Positive
REV04522,TableWare,Home & Kitchen,2026-06-27,4,"Beautiful design, fits perfectly on my counter.",0.78,Positive
REV04523,TableWare,Home & Kitchen,2026-06-29,4,"Very cozy bedsheets, very soft fabric.",0.55,Positive
REV04524,TableWare,Home & Kitchen,2026-06-24,4,"Highly durable pan, non-stick works perfectly.",0.56,Positive
REV04525,LuxeDecor,Home & Kitchen,2025-07-03,5,"Extremely sharp knives, cooks like a chef.",0.89,Positive
REV04526,LuxeDecor,Home & Kitchen,2025-07-04,5,"Very cozy bedsheets, very soft fabric.",0.67,Positive
REV04527,LuxeDecor,Home & Kitchen,2025-07-04,5,"Highly durable pan, non-stick works perfectly.",0.44,Positive
REV04528,LuxeDecor,Home & Kitchen,2025-07-14,5,"Extremely sharp knives, cooks like a chef.",0.72,Positive
REV04529,LuxeDecor,Home & Kitchen,2025-07-12,5,"Very cozy bedsheets, very soft fabric.",0.84,Positive
REV04530,LuxeDecor,Home & Kitchen,2025-07-13,4,"Beautiful design, fits perfectly on my counter.",0.61,Positive
REV04531,LuxeDecor,Home & Kitchen,2025-07-16,5,"Blender is super powerful, handles frozen fruit easily.",0.41,Positive
REV04532,LuxeDecor,Home & Kitchen,2025-07-20,4,"Extremely sharp knives, cooks like a chef.",0.68,Positive
REV04533,LuxeDecor,Home & Kitchen,2025-07-19,5,"Blender is super powerful, handles frozen fruit easily.",0.48,Positive
REV04534,LuxeDecor,Home & Kitchen,2025-07-25,5,"Very cozy bedsheets, very soft fabric.",0.86,Positive
REV04535,LuxeDecor,Home & Kitchen,2025-07-27,4,"Very cozy bedsheets, very soft fabric.",0.39,Positive
REV04536,LuxeDecor,Home & Kitchen,2025-07-26,4,"Extremely sharp knives, cooks like a chef.",0.74,Positive
REV04537,LuxeDecor,Home & Kitchen,2025-08-04,3,"Product is okay, nothing special.",0.12,Neutral
REV04538,LuxeDecor,Home & Kitchen,2025-08-02,4,"Beautiful design, fits perfectly on my counter.",0.76,Positive
REV04539,LuxeDecor,Home & Kitchen,2025-08-04,4,"Blender is super powerful, handles frozen fruit easily.",0.62,Positive
REV04540,LuxeDecor,Home & Kitchen,2025-08-09,5,"Very cozy bedsheets, very soft fabric.",0.69,Positive
REV04541,LuxeDecor,Home & Kitchen,2025-08-06,4,"Extremely sharp knives, cooks like a chef.",0.64,Positive
REV04542,LuxeDecor,Home & Kitchen,2025-08-06,5,"Blender is super powerful, handles frozen fruit easily.",0.63,Positive
REV04543,LuxeDecor,Home & Kitchen,2025-08-15,5,"Very cozy bedsheets, very soft fabric.",0.8,Positive
REV04544,LuxeDecor,Home & Kitchen,2025-08-16,5,"Beautiful design, fits perfectly on my counter.",0.39,Positive
REV04545,LuxeDecor,Home & Kitchen,2025-08-13,5,"Beautiful design, fits perfectly on my counter.",0.62,Positive
REV04546,LuxeDecor,Home & Kitchen,2025-08-25,5,"Highly durable pan, non-stick works perfectly.",0.86,Positive
REV04547,LuxeDecor,Home & Kitchen,2025-08-25,5,"Very cozy bedsheets, very soft fabric.",0.5,Positive
REV04548,LuxeDecor,Home & Kitchen,2025-08-21,5,"Beautiful design, fits perfectly on my counter.",0.74,Positive
REV04549,LuxeDecor,Home & Kitchen,2025-08-28,4,"Blender is super powerful, handles frozen fruit easily.",0.59,Positive
REV04550,LuxeDecor,Home & Kitchen,2025-08-27,5,"Very cozy bedsheets, very soft fabric.",0.66,Positive
REV04551,LuxeDecor,Home & Kitchen,2025-08-27,5,"Highly durable pan, non-stick works perfectly.",0.48,Positive
REV04552,LuxeDecor,Home & Kitchen,2025-09-03,4,"Blender is super powerful, handles frozen fruit easily.",0.5,Positive
REV04553,LuxeDecor,Home & Kitchen,2025-09-08,5,"Highly durable pan, non-stick works perfectly.",0.78,Positive
REV04554,LuxeDecor,Home & Kitchen,2025-09-04,4,"Beautiful design, fits perfectly on my counter.",0.49,Positive
REV04555,LuxeDecor,Home & Kitchen,2025-09-15,4,"Extremely sharp knives, cooks like a chef.",0.83,Positive
REV04556,LuxeDecor,Home & Kitchen,2025-09-11,5,"Blender is super powerful, handles frozen fruit easily.",0.74,Positive
REV04557,LuxeDecor,Home & Kitchen,2025-09-12,5,"Beautiful design, fits perfectly on my counter.",0.7,Positive
REV04558,LuxeDecor,Home & Kitchen,2025-09-22,4,"Very cozy bedsheets, very soft fabric.",0.31,Positive
REV04559,LuxeDecor,Home & Kitchen,2025-09-22,5,"Extremely sharp knives, cooks like a chef.",0.56,Positive
REV04560,LuxeDecor,Home & Kitchen,2025-09-18,4,"Highly durable pan, non-stick works perfectly.",0.31,Positive
REV04561,LuxeDecor,Home & Kitchen,2025-09-29,4,"Extremely sharp knives, cooks like a chef.",0.35,Positive
REV04562,LuxeDecor,Home & Kitchen,2025-09-29,4,"Highly durable pan, non-stick works perfectly.",0.73,Positive
REV04563,LuxeDecor,Home & Kitchen,2025-09-27,4,"Extremely sharp knives, cooks like a chef.",0.74,Positive
REV04564,LuxeDecor,Home & Kitchen,2025-10-04,5,"Blender is super powerful, handles frozen fruit easily.",0.46,Positive
REV04565,LuxeDecor,Home & Kitchen,2025-10-05,5,"Extremely sharp knives, cooks like a chef.",0.38,Positive
REV04566,LuxeDecor,Home & Kitchen,2025-10-01,5,"Extremely sharp knives, cooks like a chef.",0.8,Positive
REV04567,LuxeDecor,Home & Kitchen,2025-10-09,4,"Beautiful design, fits perfectly on my counter.",0.66,Positive
REV04568,LuxeDecor,Home & Kitchen,2025-10-10,4,"Very cozy bedsheets, very soft fabric.",0.59,Positive
REV04569,LuxeDecor,Home & Kitchen,2025-10-09,4,"Very cozy bedsheets, very soft fabric.",0.37,Positive
REV04570,LuxeDecor,Home & Kitchen,2025-10-18,4,"Extremely sharp knives, cooks like a chef.",0.66,Positive
REV04571,LuxeDecor,Home & Kitchen,2025-10-15,4,"Extremely sharp knives, cooks like a chef.",0.4,Positive
REV04572,LuxeDecor,Home & Kitchen,2025-10-16,5,"Blender is super powerful, handles frozen fruit easily.",0.41,Positive
REV04573,LuxeDecor,Home & Kitchen,2025-10-23,4,"Extremely sharp knives, cooks like a chef.",0.82,Positive
REV04574,LuxeDecor,Home & Kitchen,2025-10-27,5,"Extremely sharp knives, cooks like a chef.",0.37,Positive
REV04575,LuxeDecor,Home & Kitchen,2025-10-27,5,"Very cozy bedsheets, very soft fabric.",0.63,Positive
REV04576,LuxeDecor,Home & Kitchen,2025-11-01,5,"Extremely sharp knives, cooks like a chef.",0.37,Positive
REV04577,LuxeDecor,Home & Kitchen,2025-10-29,5,"Highly durable pan, non-stick works perfectly.",0.53,Positive
REV04578,LuxeDecor,Home & Kitchen,2025-10-31,4,"Blender is super powerful, handles frozen fruit easily.",0.75,Positive
REV04579,LuxeDecor,Home & Kitchen,2025-11-09,5,"Very cozy bedsheets, very soft fabric.",0.4,Positive
REV04580,LuxeDecor,Home & Kitchen,2025-11-09,5,"Very cozy bedsheets, very soft fabric.",0.31,Positive
REV04581,LuxeDecor,Home & Kitchen,2025-11-08,4,"Beautiful design, fits perfectly on my counter.",0.89,Positive
REV04582,LuxeDecor,Home & Kitchen,2025-11-13,4,"Very cozy bedsheets, very soft fabric.",0.41,Positive
REV04583,LuxeDecor,Home & Kitchen,2025-11-14,4,"Extremely sharp knives, cooks like a chef.",0.31,Positive
REV04584,LuxeDecor,Home & Kitchen,2025-11-13,4,"Blender is super powerful, handles frozen fruit easily.",0.68,Positive
REV04585,LuxeDecor,Home & Kitchen,2025-11-24,5,"Beautiful design, fits perfectly on my counter.",0.81,Positive
REV04586,LuxeDecor,Home & Kitchen,2025-11-19,5,"Blender is super powerful, handles frozen fruit easily.",0.89,Positive
REV04587,LuxeDecor,Home & Kitchen,2025-11-20,4,"Beautiful design, fits perfectly on my counter.",0.33,Positive
REV04588,LuxeDecor,Home & Kitchen,2025-11-26,5,"Very cozy bedsheets, very soft fabric.",0.35,Positive
REV04589,LuxeDecor,Home & Kitchen,2025-12-01,5,"Blender is super powerful, handles frozen fruit easily.",0.49,Positive
REV04590,LuxeDecor,Home & Kitchen,2025-11-28,5,"Highly durable pan, non-stick works perfectly.",0.51,Positive
REV04591,LuxeDecor,Home & Kitchen,2025-12-04,4,"Extremely sharp knives, cooks like a chef.",0.8,Positive
REV04592,LuxeDecor,Home & Kitchen,2025-12-05,5,"Beautiful design, fits perfectly on my counter.",0.82,Positive
REV04593,LuxeDecor,Home & Kitchen,2025-12-06,5,"Highly durable pan, non-stick works perfectly.",0.81,Positive
REV04594,LuxeDecor,Home & Kitchen,2025-12-14,4,"Highly durable pan, non-stick works perfectly.",0.83,Positive
REV04595,LuxeDecor,Home & Kitchen,2025-12-12,3,Average quality for the price.,0.1,Neutral
REV04596,LuxeDecor,Home & Kitchen,2025-12-14,5,"Extremely sharp knives, cooks like a chef.",0.43,Positive
REV04597,LuxeDecor,Home & Kitchen,2025-12-22,4,"Beautiful design, fits perfectly on my counter.",0.76,Positive
REV04598,LuxeDecor,Home & Kitchen,2025-12-19,5,"Very cozy bedsheets, very soft fabric.",0.35,Positive
REV04599,LuxeDecor,Home & Kitchen,2025-12-22,4,"Very cozy bedsheets, very soft fabric.",0.88,Positive
REV04600,LuxeDecor,Home & Kitchen,2025-12-29,5,"Blender is super powerful, handles frozen fruit easily.",0.87,Positive
REV04601,LuxeDecor,Home & Kitchen,2025-12-24,4,"Beautiful design, fits perfectly on my counter.",0.52,Positive
REV04602,LuxeDecor,Home & Kitchen,2025-12-24,5,"Blender is super powerful, handles frozen fruit easily.",0.59,Positive
REV04603,LuxeDecor,Home & Kitchen,2026-01-03,5,"Highly durable pan, non-stick works perfectly.",0.7,Positive
REV04604,LuxeDecor,Home & Kitchen,2026-01-04,5,"Beautiful design, fits perfectly on my counter.",0.31,Positive
REV04605,LuxeDecor,Home & Kitchen,2026-01-04,4,"Very cozy bedsheets, very soft fabric.",0.44,Positive
REV04606,LuxeDecor,Home & Kitchen,2026-01-08,4,"Extremely sharp knives, cooks like a chef.",0.42,Positive
REV04607,LuxeDecor,Home & Kitchen,2026-01-11,5,"Extremely sharp knives, cooks like a chef.",0.84,Positive
REV04608,LuxeDecor,Home & Kitchen,2026-01-09,5,"Extremely sharp knives, cooks like a chef.",0.51,Positive
REV04609,LuxeDecor,Home & Kitchen,2026-01-15,4,"Beautiful design, fits perfectly on my counter.",0.58,Positive
REV04610,LuxeDecor,Home & Kitchen,2026-01-14,5,"Highly durable pan, non-stick works perfectly.",0.82,Positive
REV04611,LuxeDecor,Home & Kitchen,2026-01-15,4,"Extremely sharp knives, cooks like a chef.",0.81,Positive
REV04612,LuxeDecor,Home & Kitchen,2026-01-23,5,"Beautiful design, fits perfectly on my counter.",0.63,Positive
REV04613,LuxeDecor,Home & Kitchen,2026-01-22,4,"Very cozy bedsheets, very soft fabric.",0.76,Positive
REV04614,LuxeDecor,Home & Kitchen,2026-01-22,4,"Beautiful design, fits perfectly on my counter.",0.54,Positive
REV04615,LuxeDecor,Home & Kitchen,2026-01-29,5,"Extremely sharp knives, cooks like a chef.",0.63,Positive
REV04616,LuxeDecor,Home & Kitchen,2026-01-31,4,"Highly durable pan, non-stick works perfectly.",0.58,Positive
REV04617,LuxeDecor,Home & Kitchen,2026-01-29,5,"Blender is super powerful, handles frozen fruit easily.",0.44,Positive
REV04618,LuxeDecor,Home & Kitchen,2026-02-09,4,"Blender is super powerful, handles frozen fruit easily.",0.48,Positive
REV04619,LuxeDecor,Home & Kitchen,2026-02-08,4,"Extremely sharp knives, cooks like a chef.",0.46,Positive
REV04620,LuxeDecor,Home & Kitchen,2026-02-09,4,"Beautiful design, fits perfectly on my counter.",0.33,Positive
REV04621,LuxeDecor,Home & Kitchen,2026-02-12,4,"Extremely sharp knives, cooks like a chef.",0.87,Positive
REV04622,LuxeDecor,Home & Kitchen,2026-02-13,4,"Blender is super powerful, handles frozen fruit easily.",0.54,Positive
REV04623,LuxeDecor,Home & Kitchen,2026-02-12,3,Average quality for the price.,0.14,Neutral
REV04624,LuxeDecor,Home & Kitchen,2026-02-23,5,"Extremely sharp knives, cooks like a chef.",0.72,Positive
REV04625,LuxeDecor,Home & Kitchen,2026-02-23,4,"Very cozy bedsheets, very soft fabric.",0.61,Positive
REV04626,LuxeDecor,Home & Kitchen,2026-02-22,5,"Very cozy bedsheets, very soft fabric.",0.89,Positive
REV04627,LuxeDecor,Home & Kitchen,2026-02-27,5,"Highly durable pan, non-stick works perfectly.",0.65,Positive
REV04628,LuxeDecor,Home & Kitchen,2026-02-28,5,"Very cozy bedsheets, very soft fabric.",0.62,Positive
REV04629,LuxeDecor,Home & Kitchen,2026-02-25,4,"Extremely sharp knives, cooks like a chef.",0.7,Positive
REV04630,LuxeDecor,Home & Kitchen,2026-03-05,5,"Extremely sharp knives, cooks like a chef.",0.72,Positive
REV04631,LuxeDecor,Home & Kitchen,2026-03-09,5,"Extremely sharp knives, cooks like a chef.",0.56,Positive
REV04632,LuxeDecor,Home & Kitchen,2026-03-05,4,"Very cozy bedsheets, very soft fabric.",0.58,Positive
REV04633,LuxeDecor,Home & Kitchen,2026-03-12,4,"Extremely sharp knives, cooks like a chef.",0.66,Positive
REV04634,LuxeDecor,Home & Kitchen,2026-03-15,4,"Highly durable pan, non-stick works perfectly.",0.64,Positive
REV04635,LuxeDecor,Home & Kitchen,2026-03-12,5,"Very cozy bedsheets, very soft fabric.",0.9,Positive
REV04636,LuxeDecor,Home & Kitchen,2026-03-21,4,"Extremely sharp knives, cooks like a chef.",0.61,Positive
REV04637,LuxeDecor,Home & Kitchen,2026-03-20,5,"Beautiful design, fits perfectly on my counter.",0.45,Positive
REV04638,LuxeDecor,Home & Kitchen,2026-03-23,5,"Very cozy bedsheets, very soft fabric.",0.49,Positive
REV04639,LuxeDecor,Home & Kitchen,2026-03-28,5,"Very cozy bedsheets, very soft fabric.",0.55,Positive
REV04640,LuxeDecor,Home & Kitchen,2026-03-29,3,Average quality for the price.,0.23,Neutral
REV04641,LuxeDecor,Home & Kitchen,2026-03-27,3,Average quality for the price.,0.21,Neutral
REV04642,LuxeDecor,Home & Kitchen,2026-04-04,4,"Highly durable pan, non-stick works perfectly.",0.67,Positive
REV04643,LuxeDecor,Home & Kitchen,2026-04-03,5,"Very cozy bedsheets, very soft fabric.",0.84,Positive
REV04644,LuxeDecor,Home & Kitchen,2026-04-01,4,"Beautiful design, fits perfectly on my counter.",0.38,Positive
REV04645,LuxeDecor,Home & Kitchen,2026-04-11,5,"Beautiful design, fits perfectly on my counter.",0.61,Positive
REV04646,LuxeDecor,Home & Kitchen,2026-04-11,5,"Very cozy bedsheets, very soft fabric.",0.37,Positive
REV04647,LuxeDecor,Home & Kitchen,2026-04-11,4,"Beautiful design, fits perfectly on my counter.",0.66,Positive
REV04648,LuxeDecor,Home & Kitchen,2026-04-20,4,"Highly durable pan, non-stick works perfectly.",0.88,Positive
REV04649,LuxeDecor,Home & Kitchen,2026-04-16,4,"Beautiful design, fits perfectly on my counter.",0.64,Positive
REV04650,LuxeDecor,Home & Kitchen,2026-04-15,4,"Beautiful design, fits perfectly on my counter.",0.85,Positive
REV04651,LuxeDecor,Home & Kitchen,2026-04-25,5,"Beautiful design, fits perfectly on my counter.",0.34,Positive
REV04652,LuxeDecor,Home & Kitchen,2026-04-24,5,"Extremely sharp knives, cooks like a chef.",0.32,Positive
REV04653,LuxeDecor,Home & Kitchen,2026-04-26,4,"Highly durable pan, non-stick works perfectly.",0.82,Positive
REV04654,LuxeDecor,Home & Kitchen,2026-05-04,5,"Highly durable pan, non-stick works perfectly.",0.65,Positive
REV04655,LuxeDecor,Home & Kitchen,2026-05-01,5,"Very cozy bedsheets, very soft fabric.",0.33,Positive
REV04656,LuxeDecor,Home & Kitchen,2026-05-02,4,"Beautiful design, fits perfectly on my counter.",0.72,Positive
REV04657,LuxeDecor,Home & Kitchen,2026-05-08,4,"Beautiful design, fits perfectly on my counter.",0.73,Positive
REV04658,LuxeDecor,Home & Kitchen,2026-05-10,4,"Beautiful design, fits perfectly on my counter.",0.48,Positive
REV04659,LuxeDecor,Home & Kitchen,2026-05-09,3,"It does what it says, but feels a bit lightweight.",0.19,Neutral
REV04660,LuxeDecor,Home & Kitchen,2026-05-14,4,"Blender is super powerful, handles frozen fruit easily.",0.75,Positive
REV04661,LuxeDecor,Home & Kitchen,2026-05-14,5,"Beautiful design, fits perfectly on my counter.",0.51,Positive
REV04662,LuxeDecor,Home & Kitchen,2026-05-14,5,"Very cozy bedsheets, very soft fabric.",0.71,Positive
REV04663,LuxeDecor,Home & Kitchen,2026-05-24,5,"Extremely sharp knives, cooks like a chef.",0.65,Positive
REV04664,LuxeDecor,Home & Kitchen,2026-05-23,5,"Blender is super powerful, handles frozen fruit easily.",0.4,Positive
REV04665,LuxeDecor,Home & Kitchen,2026-05-23,5,"Beautiful design, fits perfectly on my counter.",0.72,Positive
REV04666,LuxeDecor,Home & Kitchen,2026-05-30,5,"Blender is super powerful, handles frozen fruit easily.",0.57,Positive
REV04667,LuxeDecor,Home & Kitchen,2026-05-29,4,"Beautiful design, fits perfectly on my counter.",0.66,Positive
REV04668,LuxeDecor,Home & Kitchen,2026-05-27,5,"Highly durable pan, non-stick works perfectly.",0.88,Positive
REV04669,LuxeDecor,Home & Kitchen,2026-06-03,4,"Extremely sharp knives, cooks like a chef.",0.65,Positive
REV04670,LuxeDecor,Home & Kitchen,2026-06-07,4,"Beautiful design, fits perfectly on my counter.",0.66,Positive
REV04671,LuxeDecor,Home & Kitchen,2026-06-04,5,"Very cozy bedsheets, very soft fabric.",0.85,Positive
REV04672,LuxeDecor,Home & Kitchen,2026-06-12,4,"Beautiful design, fits perfectly on my counter.",0.44,Positive
REV04673,LuxeDecor,Home & Kitchen,2026-06-14,5,"Blender is super powerful, handles frozen fruit easily.",0.75,Positive
REV04674,LuxeDecor,Home & Kitchen,2026-06-15,4,"Beautiful design, fits perfectly on my counter.",0.77,Positive
REV04675,LuxeDecor,Home & Kitchen,2026-06-22,5,"Blender is super powerful, handles frozen fruit easily.",0.64,Positive
REV04676,LuxeDecor,Home & Kitchen,2026-06-22,5,"Extremely sharp knives, cooks like a chef.",0.78,Positive
REV04677,LuxeDecor,Home & Kitchen,2026-06-20,4,"Beautiful design, fits perfectly on my counter.",0.52,Positive
REV04678,LuxeDecor,Home & Kitchen,2026-06-25,4,"Very cozy bedsheets, very soft fabric.",0.59,Positive
REV04679,LuxeDecor,Home & Kitchen,2026-06-24,4,"Beautiful design, fits perfectly on my counter.",0.36,Positive
REV04680,LuxeDecor,Home & Kitchen,2026-06-29,5,"Blender is super powerful, handles frozen fruit easily.",0.61,Positive
REV04681,DailyGrocery,Grocery,2025-07-07,5,"Super fresh organic apples, delicious!",0.4,Positive
REV04682,DailyGrocery,Grocery,2025-07-04,5,"Excellent quality olive oil, great flavor.",0.53,Positive
REV04683,DailyGrocery,Grocery,2025-07-05,5,"Great coffee beans, wonderful aroma.",0.68,Positive
REV04684,DailyGrocery,Grocery,2025-07-11,5,"Excellent quality olive oil, great flavor.",0.78,Positive
REV04685,DailyGrocery,Grocery,2025-07-13,4,"Excellent quality olive oil, great flavor.",0.85,Positive
REV04686,DailyGrocery,Grocery,2025-07-14,3,"It does what it says, but feels a bit lightweight.",0.13,Neutral
REV04687,DailyGrocery,Grocery,2025-07-16,5,"Super fresh organic apples, delicious!",0.46,Positive
REV04688,DailyGrocery,Grocery,2025-07-21,5,"Super fresh organic apples, delicious!",0.77,Positive
REV04689,DailyGrocery,Grocery,2025-07-19,4,"Highly recommend these snacks, kids love them.",0.82,Positive
REV04690,DailyGrocery,Grocery,2025-07-23,4,"Great coffee beans, wonderful aroma.",0.84,Positive
REV04691,DailyGrocery,Grocery,2025-07-24,5,"Great coffee beans, wonderful aroma.",0.5,Positive
REV04692,DailyGrocery,Grocery,2025-07-24,5,"Highly recommend these snacks, kids love them.",0.45,Positive
REV04693,DailyGrocery,Grocery,2025-08-04,5,"Very fast shipping, eggs arrived undamaged and fresh.",0.66,Positive
REV04694,DailyGrocery,Grocery,2025-08-03,4,"Very fast shipping, eggs arrived undamaged and fresh.",0.65,Positive
REV04695,DailyGrocery,Grocery,2025-08-04,5,"Great coffee beans, wonderful aroma.",0.49,Positive
REV04696,DailyGrocery,Grocery,2025-08-08,5,"Great coffee beans, wonderful aroma.",0.69,Positive
REV04697,DailyGrocery,Grocery,2025-08-11,4,"Highly recommend these snacks, kids love them.",0.86,Positive
REV04698,DailyGrocery,Grocery,2025-08-06,4,"Super fresh organic apples, delicious!",0.57,Positive
REV04699,DailyGrocery,Grocery,2025-08-15,5,"Great coffee beans, wonderful aroma.",0.35,Positive
REV04700,DailyGrocery,Grocery,2025-08-15,5,"Excellent quality olive oil, great flavor.",0.44,Positive
REV04701,DailyGrocery,Grocery,2025-08-18,5,"Excellent quality olive oil, great flavor.",0.54,Positive
REV04702,DailyGrocery,Grocery,2025-08-20,5,"Very fast shipping, eggs arrived undamaged and fresh.",0.68,Positive
REV04703,DailyGrocery,Grocery,2025-08-23,4,"Excellent quality olive oil, great flavor.",0.48,Positive
REV04704,DailyGrocery,Grocery,2025-08-20,5,"Super fresh organic apples, delicious!",0.4,Positive
REV04705,DailyGrocery,Grocery,2025-08-31,5,"Highly recommend these snacks, kids love them.",0.64,Positive
REV04706,DailyGrocery,Grocery,2025-09-01,4,"Highly recommend these snacks, kids love them.",0.59,Positive
REV04707,DailyGrocery,Grocery,2025-09-01,4,"Very fast shipping, eggs arrived undamaged and fresh.",0.38,Positive
REV04708,DailyGrocery,Grocery,2025-09-04,5,"Excellent quality olive oil, great flavor.",0.48,Positive
REV04709,DailyGrocery,Grocery,2025-09-04,3,"Took a bit long to ship, but works fine.",-0.08,Neutral
REV04710,DailyGrocery,Grocery,2025-09-04,4,"Excellent quality olive oil, great flavor.",0.77,Positive
REV04711,DailyGrocery,Grocery,2025-09-14,5,"Excellent quality olive oil, great flavor.",0.52,Positive
REV04712,DailyGrocery,Grocery,2025-09-13,5,"Super fresh organic apples, delicious!",0.54,Positive
REV04713,DailyGrocery,Grocery,2025-09-11,5,"Great coffee beans, wonderful aroma.",0.72,Positive
REV04714,DailyGrocery,Grocery,2025-09-17,4,"Excellent quality olive oil, great flavor.",0.68,Positive
REV04715,DailyGrocery,Grocery,2025-09-18,4,"Excellent quality olive oil, great flavor.",0.35,Positive
REV04716,DailyGrocery,Grocery,2025-09-20,4,"Very fast shipping, eggs arrived undamaged and fresh.",0.38,Positive
REV04717,DailyGrocery,Grocery,2025-09-24,4,"Great coffee beans, wonderful aroma.",0.75,Positive
REV04718,DailyGrocery,Grocery,2025-09-24,4,"Excellent quality olive oil, great flavor.",0.83,Positive
REV04719,DailyGrocery,Grocery,2025-09-24,5,"Very fast shipping, eggs arrived undamaged and fresh.",0.87,Positive
REV04720,DailyGrocery,Grocery,2025-10-03,5,"Super fresh organic apples, delicious!",0.62,Positive
REV04721,DailyGrocery,Grocery,2025-10-03,4,"Super fresh organic apples, delicious!",0.52,Positive
REV04722,DailyGrocery,Grocery,2025-10-05,4,"Super fresh organic apples, delicious!",0.41,Positive
REV04723,DailyGrocery,Grocery,2025-10-11,5,"Highly recommend these snacks, kids love them.",0.73,Positive
REV04724,DailyGrocery,Grocery,2025-10-08,4,"Super fresh organic apples, delicious!",0.77,Positive
REV04725,DailyGrocery,Grocery,2025-10-10,5,"Super fresh organic apples, delicious!",0.79,Positive
REV04726,DailyGrocery,Grocery,2025-10-20,4,"Super fresh organic apples, delicious!",0.77,Positive
REV04727,DailyGrocery,Grocery,2025-10-15,4,"Great coffee beans, wonderful aroma.",0.76,Positive
REV04728,DailyGrocery,Grocery,2025-10-16,4,"Super fresh organic apples, delicious!",0.81,Positive
REV04729,DailyGrocery,Grocery,2025-10-25,5,"Super fresh organic apples, delicious!",0.86,Positive
REV04730,DailyGrocery,Grocery,2025-10-26,5,"Great coffee beans, wonderful aroma.",0.86,Positive
REV04731,DailyGrocery,Grocery,2025-10-25,3,"Took a bit long to ship, but works fine.",0.3,Neutral
REV04732,DailyGrocery,Grocery,2025-11-02,5,"Very fast shipping, eggs arrived undamaged and fresh.",0.79,Positive
REV04733,DailyGrocery,Grocery,2025-10-31,5,"Highly recommend these snacks, kids love them.",0.53,Positive
REV04734,DailyGrocery,Grocery,2025-11-03,5,"Very fast shipping, eggs arrived undamaged and fresh.",0.37,Positive
REV04735,DailyGrocery,Grocery,2025-11-06,4,"Very fast shipping, eggs arrived undamaged and fresh.",0.78,Positive
REV04736,DailyGrocery,Grocery,2025-11-10,5,"Very fast shipping, eggs arrived undamaged and fresh.",0.59,Positive
REV04737,DailyGrocery,Grocery,2025-11-08,4,"Highly recommend these snacks, kids love them.",0.51,Positive
REV04738,DailyGrocery,Grocery,2025-11-14,5,"Super fresh organic apples, delicious!",0.89,Positive
REV04739,DailyGrocery,Grocery,2025-11-12,5,"Very fast shipping, eggs arrived undamaged and fresh.",0.56,Positive
REV04740,DailyGrocery,Grocery,2025-11-15,4,"Super fresh organic apples, delicious!",0.69,Positive
REV04741,DailyGrocery,Grocery,2025-11-24,4,"Highly recommend these snacks, kids love them.",0.84,Positive
REV04742,DailyGrocery,Grocery,2025-11-19,5,"Excellent quality olive oil, great flavor.",0.8,Positive
REV04743,DailyGrocery,Grocery,2025-11-19,4,"Great coffee beans, wonderful aroma.",0.76,Positive
REV04744,DailyGrocery,Grocery,2025-12-01,4,"Very fast shipping, eggs arrived undamaged and fresh.",0.58,Positive
REV04745,DailyGrocery,Grocery,2025-11-28,4,"Excellent quality olive oil, great flavor.",0.31,Positive
REV04746,DailyGrocery,Grocery,2025-11-30,5,"Highly recommend these snacks, kids love them.",0.38,Positive
REV04747,DailyGrocery,Grocery,2025-12-07,5,"Highly recommend these snacks, kids love them.",0.38,Positive
REV04748,DailyGrocery,Grocery,2025-12-08,4,"Highly recommend these snacks, kids love them.",0.89,Positive
REV04749,DailyGrocery,Grocery,2025-12-03,5,"Excellent quality olive oil, great flavor.",0.77,Positive
REV04750,DailyGrocery,Grocery,2025-12-10,3,"Took a bit long to ship, but works fine.",-0.08,Neutral
REV04751,DailyGrocery,Grocery,2025-12-10,4,"Very fast shipping, eggs arrived undamaged and fresh.",0.82,Positive
REV04752,DailyGrocery,Grocery,2025-12-15,5,"Very fast shipping, eggs arrived undamaged and fresh.",0.81,Positive
REV04753,DailyGrocery,Grocery,2025-12-21,5,"Excellent quality olive oil, great flavor.",0.45,Positive
REV04754,DailyGrocery,Grocery,2025-12-20,4,"Highly recommend these snacks, kids love them.",0.86,Positive
REV04755,DailyGrocery,Grocery,2025-12-17,2,Worst delivery speed ever. Almost a month to ship out.,-0.79,Negative
REV04756,DailyGrocery,Grocery,2025-12-27,5,"Highly recommend these snacks, kids love them.",0.62,Positive
REV04757,DailyGrocery,Grocery,2025-12-29,4,"Super fresh organic apples, delicious!",0.45,Positive
REV04758,DailyGrocery,Grocery,2025-12-26,4,"Highly recommend these snacks, kids love them.",0.69,Positive
REV04759,DailyGrocery,Grocery,2026-01-05,5,"Excellent quality olive oil, great flavor.",0.61,Positive
REV04760,DailyGrocery,Grocery,2026-01-04,5,"Excellent quality olive oil, great flavor.",0.31,Positive
REV04761,DailyGrocery,Grocery,2026-01-05,5,"Great coffee beans, wonderful aroma.",0.35,Positive
REV04762,DailyGrocery,Grocery,2026-01-08,5,"Super fresh organic apples, delicious!",0.31,Positive
REV04763,DailyGrocery,Grocery,2026-01-07,4,"Highly recommend these snacks, kids love them.",0.84,Positive
REV04764,DailyGrocery,Grocery,2026-01-12,4,"Very fast shipping, eggs arrived undamaged and fresh.",0.74,Positive
REV04765,DailyGrocery,Grocery,2026-01-15,4,"Highly recommend these snacks, kids love them.",0.72,Positive
REV04766,DailyGrocery,Grocery,2026-01-14,4,"Highly recommend these snacks, kids love them.",0.89,Positive
REV04767,DailyGrocery,Grocery,2026-01-19,4,"Highly recommend these snacks, kids love them.",0.55,Positive
REV04768,DailyGrocery,Grocery,2026-01-22,5,"Excellent quality olive oil, great flavor.",0.65,Positive
REV04769,DailyGrocery,Grocery,2026-01-22,5,"Excellent quality olive oil, great flavor.",0.5,Positive
REV04770,DailyGrocery,Grocery,2026-01-21,5,"Super fresh organic apples, delicious!",0.88,Positive
REV04771,DailyGrocery,Grocery,2026-01-29,5,"Super fresh organic apples, delicious!",0.49,Positive
REV04772,DailyGrocery,Grocery,2026-01-31,5,"Very fast shipping, eggs arrived undamaged and fresh.",0.44,Positive
REV04773,DailyGrocery,Grocery,2026-01-29,5,"Very fast shipping, eggs arrived undamaged and fresh.",0.41,Positive
REV04774,DailyGrocery,Grocery,2026-02-09,4,"Very fast shipping, eggs arrived undamaged and fresh.",0.78,Positive
REV04775,DailyGrocery,Grocery,2026-02-09,5,"Highly recommend these snacks, kids love them.",0.47,Positive
REV04776,DailyGrocery,Grocery,2026-02-09,5,"Super fresh organic apples, delicious!",0.82,Positive
REV04777,DailyGrocery,Grocery,2026-02-16,4,"Great coffee beans, wonderful aroma.",0.83,Positive
REV04778,DailyGrocery,Grocery,2026-02-11,4,"Highly recommend these snacks, kids love them.",0.52,Positive
REV04779,DailyGrocery,Grocery,2026-02-12,5,"Very fast shipping, eggs arrived undamaged and fresh.",0.77,Positive
REV04780,DailyGrocery,Grocery,2026-02-18,5,"Great coffee beans, wonderful aroma.",0.51,Positive
REV04781,DailyGrocery,Grocery,2026-02-21,4,"Very fast shipping, eggs arrived undamaged and fresh.",0.76,Positive
REV04782,DailyGrocery,Grocery,2026-02-23,5,"Highly recommend these snacks, kids love them.",0.57,Positive
REV04783,DailyGrocery,Grocery,2026-02-28,4,"Great coffee beans, wonderful aroma.",0.65,Positive
REV04784,DailyGrocery,Grocery,2026-02-26,5,"Excellent quality olive oil, great flavor.",0.86,Positive
REV04785,DailyGrocery,Grocery,2026-02-25,5,"Very fast shipping, eggs arrived undamaged and fresh.",0.74,Positive
REV04786,DailyGrocery,Grocery,2026-03-04,5,"Super fresh organic apples, delicious!",0.79,Positive
REV04787,DailyGrocery,Grocery,2026-03-06,5,"Super fresh organic apples, delicious!",0.53,Positive
REV04788,DailyGrocery,Grocery,2026-03-05,4,"Great coffee beans, wonderful aroma.",0.51,Positive
REV04789,DailyGrocery,Grocery,2026-03-15,5,"Super fresh organic apples, delicious!",0.63,Positive
REV04790,DailyGrocery,Grocery,2026-03-12,4,"Very fast shipping, eggs arrived undamaged and fresh.",0.83,Positive
REV04791,DailyGrocery,Grocery,2026-03-14,5,"Very fast shipping, eggs arrived undamaged and fresh.",0.75,Positive
REV04792,DailyGrocery,Grocery,2026-03-20,5,"Super fresh organic apples, delicious!",0.47,Positive
REV04793,DailyGrocery,Grocery,2026-03-22,4,"Super fresh organic apples, delicious!",0.72,Positive
REV04794,DailyGrocery,Grocery,2026-03-19,4,"Great coffee beans, wonderful aroma.",0.58,Positive
REV04795,DailyGrocery,Grocery,2026-03-27,4,"Highly recommend these snacks, kids love them.",0.89,Positive
REV04796,DailyGrocery,Grocery,2026-03-30,4,"Very fast shipping, eggs arrived undamaged and fresh.",0.6,Positive
REV04797,DailyGrocery,Grocery,2026-03-29,5,"Excellent quality olive oil, great flavor.",0.43,Positive
REV04798,DailyGrocery,Grocery,2026-04-05,5,"Great coffee beans, wonderful aroma.",0.47,Positive
REV04799,DailyGrocery,Grocery,2026-04-01,5,"Excellent quality olive oil, great flavor.",0.89,Positive
REV04800,DailyGrocery,Grocery,2026-04-01,5,"Highly recommend these snacks, kids love them.",0.8,Positive
REV04801,DailyGrocery,Grocery,2026-04-09,1,Item expired 3 months ago! Unsafe.,-0.65,Negative
REV04802,DailyGrocery,Grocery,2026-04-09,3,"Took a bit long to ship, but works fine.",0.28,Neutral
REV04803,DailyGrocery,Grocery,2026-04-09,2,Warm and melted. Bad cooling during shipment.,-0.85,Negative
REV04804,DailyGrocery,Grocery,2026-04-16,3,"Took a bit long to ship, but works fine.",0.2,Neutral
REV04805,DailyGrocery,Grocery,2026-04-19,2,Arrived damaged and scratched. Packaging was terrible.,-0.82,Negative
REV04806,DailyGrocery,Grocery,2026-04-19,2,Item expired 3 months ago! Unsafe.,-0.58,Negative
REV04807,DailyGrocery,Grocery,2026-04-24,3,"Product is okay, nothing special.",0.19,Neutral
REV04808,DailyGrocery,Grocery,2026-04-25,2,"Damaged in transit, fluid was leaking everywhere.",-0.84,Negative
REV04809,DailyGrocery,Grocery,2026-04-25,2,Defective unit. Will not turn on. Returning immediately.,-0.82,Negative
REV04810,DailyGrocery,Grocery,2026-04-29,2,Item doesn't work at all. Completely dead on arrival.,-0.22,Negative
REV04811,DailyGrocery,Grocery,2026-05-04,2,Fruits were completely molded. Unusable.,-0.51,Negative
REV04812,DailyGrocery,Grocery,2026-05-04,3,Average quality for the price.,0.06,Neutral
REV04813,DailyGrocery,Grocery,2026-05-07,1,Arrived damaged and scratched. Packaging was terrible.,-0.79,Negative
REV04814,DailyGrocery,Grocery,2026-05-08,2,Warm and melted. Bad cooling during shipment.,-0.57,Negative
REV04815,DailyGrocery,Grocery,2026-05-06,2,Defective unit. Will not turn on. Returning immediately.,-0.38,Negative
REV04816,DailyGrocery,Grocery,2026-05-15,3,"Decent item, fits reasonably well.",0.12,Neutral
REV04817,DailyGrocery,Grocery,2026-05-15,2,Warm and melted. Bad cooling during shipment.,-0.73,Negative
REV04818,DailyGrocery,Grocery,2026-05-13,2,Warm and melted. Bad cooling during shipment.,-0.74,Negative
REV04819,DailyGrocery,Grocery,2026-05-22,1,Broke after 2 days. The charging port doesn't work.,-0.41,Negative
REV04820,DailyGrocery,Grocery,2026-05-25,3,Average quality for the price.,0.23,Neutral
REV04821,DailyGrocery,Grocery,2026-05-20,2,Item doesn't work at all. Completely dead on arrival.,-0.69,Negative
REV04822,DailyGrocery,Grocery,2026-05-27,2,Vegetables were mushy and rotten. Bad quality.,-0.43,Negative
REV04823,DailyGrocery,Grocery,2026-05-30,2,Broke after 2 days. The charging port doesn't work.,-0.47,Negative
REV04824,DailyGrocery,Grocery,2026-05-31,2,Defective unit. Will not turn on. Returning immediately.,-0.57,Negative
REV04825,DailyGrocery,Grocery,2026-06-08,3,"Decent item, fits reasonably well.",0.25,Neutral
REV04826,DailyGrocery,Grocery,2026-06-05,3,"Decent item, fits reasonably well.",0.24,Neutral
REV04827,DailyGrocery,Grocery,2026-06-04,3,Average quality for the price.,-0.1,Neutral
REV04828,DailyGrocery,Grocery,2026-06-15,3,Average quality for the price.,0.2,Neutral
REV04829,DailyGrocery,Grocery,2026-06-12,2,Arrived damaged and scratched. Packaging was terrible.,-0.83,Negative
REV04830,DailyGrocery,Grocery,2026-06-10,3,"It does what it says, but feels a bit lightweight.",0.01,Neutral
REV04831,DailyGrocery,Grocery,2026-06-20,2,Delivery kept getting pushed back. Frustrating experience.,-0.35,Negative
REV04832,DailyGrocery,Grocery,2026-06-17,2,Defective unit. Will not turn on. Returning immediately.,-0.7,Negative
REV04833,DailyGrocery,Grocery,2026-06-19,4,"Super fresh organic apples, delicious!",0.85,Positive
REV04834,DailyGrocery,Grocery,2026-06-24,2,Took weeks to arrive. Arrived way past delivery window.,-0.57,Negative
REV04835,DailyGrocery,Grocery,2026-06-28,2,Broke after 2 days. The charging port doesn't work.,-0.27,Negative
REV04836,DailyGrocery,Grocery,2026-06-29,2,Fruits were completely molded. Unusable.,-0.79,Negative
REV04837,FreshCart,Grocery,2025-07-03,5,"Highly recommend these snacks, kids love them.",0.77,Positive
REV04838,FreshCart,Grocery,2025-07-02,4,"Super fresh organic apples, delicious!",0.54,Positive
REV04839,FreshCart,Grocery,2025-07-05,5,"Excellent quality olive oil, great flavor.",0.36,Positive
REV04840,FreshCart,Grocery,2025-07-14,4,"Very fast shipping, eggs arrived undamaged and fresh.",0.68,Positive
REV04841,FreshCart,Grocery,2025-07-10,5,"Great coffee beans, wonderful aroma.",0.42,Positive
REV04842,FreshCart,Grocery,2025-07-14,4,"Highly recommend these snacks, kids love them.",0.55,Positive
REV04843,FreshCart,Grocery,2025-07-19,4,"Super fresh organic apples, delicious!",0.39,Positive
REV04844,FreshCart,Grocery,2025-07-18,5,"Highly recommend these snacks, kids love them.",0.68,Positive
REV04845,FreshCart,Grocery,2025-07-18,4,"Highly recommend these snacks, kids love them.",0.5,Positive
REV04846,FreshCart,Grocery,2025-07-23,4,"Super fresh organic apples, delicious!",0.56,Positive
REV04847,FreshCart,Grocery,2025-07-23,5,"Super fresh organic apples, delicious!",0.72,Positive
REV04848,FreshCart,Grocery,2025-07-28,5,"Highly recommend these snacks, kids love them.",0.74,Positive
REV04849,FreshCart,Grocery,2025-07-31,5,"Great coffee beans, wonderful aroma.",0.9,Positive
REV04850,FreshCart,Grocery,2025-08-03,5,"Super fresh organic apples, delicious!",0.77,Positive
REV04851,FreshCart,Grocery,2025-08-03,4,"Great coffee beans, wonderful aroma.",0.74,Positive
REV04852,FreshCart,Grocery,2025-08-11,5,"Very fast shipping, eggs arrived undamaged and fresh.",0.71,Positive
REV04853,FreshCart,Grocery,2025-08-10,4,"Super fresh organic apples, delicious!",0.7,Positive
REV04854,FreshCart,Grocery,2025-08-09,5,"Excellent quality olive oil, great flavor.",0.86,Positive
REV04855,FreshCart,Grocery,2025-08-15,4,"Highly recommend these snacks, kids love them.",0.77,Positive
REV04856,FreshCart,Grocery,2025-08-14,4,"Great coffee beans, wonderful aroma.",0.55,Positive
REV04857,FreshCart,Grocery,2025-08-15,5,"Super fresh organic apples, delicious!",0.89,Positive
REV04858,FreshCart,Grocery,2025-08-21,5,"Great coffee beans, wonderful aroma.",0.49,Positive
REV04859,FreshCart,Grocery,2025-08-25,4,"Highly recommend these snacks, kids love them.",0.6,Positive
REV04860,FreshCart,Grocery,2025-08-23,5,"Super fresh organic apples, delicious!",0.7,Positive
REV04861,FreshCart,Grocery,2025-08-31,5,"Great coffee beans, wonderful aroma.",0.37,Positive
REV04862,FreshCart,Grocery,2025-08-27,5,"Highly recommend these snacks, kids love them.",0.54,Positive
REV04863,FreshCart,Grocery,2025-08-31,5,"Great coffee beans, wonderful aroma.",0.48,Positive
REV04864,FreshCart,Grocery,2025-09-04,3,"Product is okay, nothing special.",0.05,Neutral
REV04865,FreshCart,Grocery,2025-09-04,5,"Super fresh organic apples, delicious!",0.51,Positive
REV04866,FreshCart,Grocery,2025-09-08,5,"Great coffee beans, wonderful aroma.",0.48,Positive
REV04867,FreshCart,Grocery,2025-09-14,5,"Super fresh organic apples, delicious!",0.33,Positive
REV04868,FreshCart,Grocery,2025-09-12,5,"Highly recommend these snacks, kids love them.",0.36,Positive
REV04869,FreshCart,Grocery,2025-09-10,5,"Super fresh organic apples, delicious!",0.41,Positive
REV04870,FreshCart,Grocery,2025-09-18,5,"Great coffee beans, wonderful aroma.",0.78,Positive
REV04871,FreshCart,Grocery,2025-09-17,5,"Excellent quality olive oil, great flavor.",0.76,Positive
REV04872,FreshCart,Grocery,2025-09-19,4,"Great coffee beans, wonderful aroma.",0.74,Positive
REV04873,FreshCart,Grocery,2025-09-24,5,"Super fresh organic apples, delicious!",0.38,Positive
REV04874,FreshCart,Grocery,2025-09-28,4,"Super fresh organic apples, delicious!",0.7,Positive
REV04875,FreshCart,Grocery,2025-09-26,4,"Very fast shipping, eggs arrived undamaged and fresh.",0.81,Positive
REV04876,FreshCart,Grocery,2025-10-04,4,"Excellent quality olive oil, great flavor.",0.74,Positive
REV04877,FreshCart,Grocery,2025-10-02,4,"Super fresh organic apples, delicious!",0.86,Positive
REV04878,FreshCart,Grocery,2025-10-01,4,"Very fast shipping, eggs arrived undamaged and fresh.",0.56,Positive
REV04879,FreshCart,Grocery,2025-10-13,4,"Very fast shipping, eggs arrived undamaged and fresh.",0.42,Positive
REV04880,FreshCart,Grocery,2025-10-11,5,"Great coffee beans, wonderful aroma.",0.69,Positive
REV04881,FreshCart,Grocery,2025-10-12,4,"Excellent quality olive oil, great flavor.",0.47,Positive
REV04882,FreshCart,Grocery,2025-10-19,5,"Very fast shipping, eggs arrived undamaged and fresh.",0.43,Positive
REV04883,FreshCart,Grocery,2025-10-19,4,"Very fast shipping, eggs arrived undamaged and fresh.",0.55,Positive
REV04884,FreshCart,Grocery,2025-10-19,4,"Great coffee beans, wonderful aroma.",0.35,Positive
REV04885,FreshCart,Grocery,2025-10-27,5,"Super fresh organic apples, delicious!",0.62,Positive
REV04886,FreshCart,Grocery,2025-10-23,5,"Super fresh organic apples, delicious!",0.49,Positive
REV04887,FreshCart,Grocery,2025-10-23,5,"Super fresh organic apples, delicious!",0.54,Positive
REV04888,FreshCart,Grocery,2025-10-30,3,"Took a bit long to ship, but works fine.",0.26,Neutral
REV04889,FreshCart,Grocery,2025-11-02,4,"Excellent quality olive oil, great flavor.",0.37,Positive
REV04890,FreshCart,Grocery,2025-10-30,5,"Great coffee beans, wonderful aroma.",0.61,Positive
REV04891,FreshCart,Grocery,2025-11-07,4,"Very fast shipping, eggs arrived undamaged and fresh.",0.54,Positive
REV04892,FreshCart,Grocery,2025-11-10,5,"Excellent quality olive oil, great flavor.",0.76,Positive
REV04893,FreshCart,Grocery,2025-11-08,5,"Great coffee beans, wonderful aroma.",0.6,Positive
REV04894,FreshCart,Grocery,2025-11-14,5,"Great coffee beans, wonderful aroma.",0.65,Positive
REV04895,FreshCart,Grocery,2025-11-15,5,"Very fast shipping, eggs arrived undamaged and fresh.",0.55,Positive
REV04896,FreshCart,Grocery,2025-11-15,4,"Excellent quality olive oil, great flavor.",0.8,Positive
REV04897,FreshCart,Grocery,2025-11-21,5,"Super fresh organic apples, delicious!",0.57,Positive
REV04898,FreshCart,Grocery,2025-11-24,4,"Highly recommend these snacks, kids love them.",0.58,Positive
REV04899,FreshCart,Grocery,2025-11-23,4,"Excellent quality olive oil, great flavor.",0.75,Positive
REV04900,FreshCart,Grocery,2025-12-01,5,"Super fresh organic apples, delicious!",0.37,Positive
REV04901,FreshCart,Grocery,2025-12-01,5,"Very fast shipping, eggs arrived undamaged and fresh.",0.81,Positive
REV04902,FreshCart,Grocery,2025-12-01,4,"Excellent quality olive oil, great flavor.",0.87,Positive
REV04903,FreshCart,Grocery,2025-12-08,4,"Great coffee beans, wonderful aroma.",0.31,Positive
REV04904,FreshCart,Grocery,2025-12-07,4,"Great coffee beans, wonderful aroma.",0.51,Positive
REV04905,FreshCart,Grocery,2025-12-06,4,"Excellent quality olive oil, great flavor.",0.68,Positive
REV04906,FreshCart,Grocery,2025-12-13,4,"Very fast shipping, eggs arrived undamaged and fresh.",0.41,Positive
REV04907,FreshCart,Grocery,2025-12-10,4,"Highly recommend these snacks, kids love them.",0.84,Positive
REV04908,FreshCart,Grocery,2025-12-11,5,"Great coffee beans, wonderful aroma.",0.46,Positive
REV04909,FreshCart,Grocery,2025-12-17,5,"Very fast shipping, eggs arrived undamaged and fresh.",0.77,Positive
REV04910,FreshCart,Grocery,2025-12-17,5,"Great coffee beans, wonderful aroma.",0.57,Positive
REV04911,FreshCart,Grocery,2025-12-20,3,"It does what it says, but feels a bit lightweight.",0.18,Neutral
REV04912,FreshCart,Grocery,2025-12-29,5,"Very fast shipping, eggs arrived undamaged and fresh.",0.78,Positive
REV04913,FreshCart,Grocery,2025-12-26,5,"Super fresh organic apples, delicious!",0.86,Positive
REV04914,FreshCart,Grocery,2025-12-26,5,"Very fast shipping, eggs arrived undamaged and fresh.",0.67,Positive
REV04915,FreshCart,Grocery,2026-01-02,4,"Excellent quality olive oil, great flavor.",0.71,Positive
REV04916,FreshCart,Grocery,2025-12-31,5,"Super fresh organic apples, delicious!",0.48,Positive
REV04917,FreshCart,Grocery,2026-01-01,4,"Highly recommend these snacks, kids love them.",0.66,Positive
REV04918,FreshCart,Grocery,2026-01-07,5,"Super fresh organic apples, delicious!",0.34,Positive
REV04919,FreshCart,Grocery,2026-01-11,5,"Excellent quality olive oil, great flavor.",0.39,Positive
REV04920,FreshCart,Grocery,2026-01-11,4,"Very fast shipping, eggs arrived undamaged and fresh.",0.46,Positive
REV04921,FreshCart,Grocery,2026-01-18,4,"Super fresh organic apples, delicious!",0.86,Positive
REV04922,FreshCart,Grocery,2026-01-19,5,"Very fast shipping, eggs arrived undamaged and fresh.",0.47,Positive
REV04923,FreshCart,Grocery,2026-01-16,5,"Great coffee beans, wonderful aroma.",0.43,Positive
REV04924,FreshCart,Grocery,2026-01-25,5,"Very fast shipping, eggs arrived undamaged and fresh.",0.6,Positive
REV04925,FreshCart,Grocery,2026-01-21,5,"Super fresh organic apples, delicious!",0.59,Positive
REV04926,FreshCart,Grocery,2026-01-23,4,"Excellent quality olive oil, great flavor.",0.3,Positive
REV04927,FreshCart,Grocery,2026-01-29,4,"Highly recommend these snacks, kids love them.",0.38,Positive
REV04928,FreshCart,Grocery,2026-02-02,4,"Very fast shipping, eggs arrived undamaged and fresh.",0.35,Positive
REV04929,FreshCart,Grocery,2026-02-01,4,"Great coffee beans, wonderful aroma.",0.6,Positive
REV04930,FreshCart,Grocery,2026-02-07,5,"Highly recommend these snacks, kids love them.",0.7,Positive
REV04931,FreshCart,Grocery,2026-02-05,5,"Great coffee beans, wonderful aroma.",0.88,Positive
REV04932,FreshCart,Grocery,2026-02-04,3,"Took a bit long to ship, but works fine.",0.16,Neutral
REV04933,FreshCart,Grocery,2026-02-16,4,"Great coffee beans, wonderful aroma.",0.34,Positive
REV04934,FreshCart,Grocery,2026-02-16,5,"Excellent quality olive oil, great flavor.",0.83,Positive
REV04935,FreshCart,Grocery,2026-02-12,5,"Excellent quality olive oil, great flavor.",0.89,Positive
REV04936,FreshCart,Grocery,2026-02-23,4,"Great coffee beans, wonderful aroma.",0.63,Positive
REV04937,FreshCart,Grocery,2026-02-18,4,"Very fast shipping, eggs arrived undamaged and fresh.",0.33,Positive
REV04938,FreshCart,Grocery,2026-02-23,5,"Very fast shipping, eggs arrived undamaged and fresh.",0.64,Positive
REV04939,FreshCart,Grocery,2026-03-02,4,"Excellent quality olive oil, great flavor.",0.88,Positive
REV04940,FreshCart,Grocery,2026-02-28,4,"Great coffee beans, wonderful aroma.",0.44,Positive
REV04941,FreshCart,Grocery,2026-02-26,5,"Highly recommend these snacks, kids love them.",0.37,Positive
REV04942,FreshCart,Grocery,2026-03-07,5,"Very fast shipping, eggs arrived undamaged and fresh.",0.85,Positive
REV04943,FreshCart,Grocery,2026-03-06,5,"Great coffee beans, wonderful aroma.",0.3,Positive
REV04944,FreshCart,Grocery,2026-03-07,4,"Very fast shipping, eggs arrived undamaged and fresh.",0.45,Positive
REV04945,FreshCart,Grocery,2026-03-13,5,"Excellent quality olive oil, great flavor.",0.33,Positive
REV04946,FreshCart,Grocery,2026-03-13,5,"Super fresh organic apples, delicious!",0.73,Positive
REV04947,FreshCart,Grocery,2026-03-13,5,"Highly recommend these snacks, kids love them.",0.63,Positive
REV04948,FreshCart,Grocery,2026-03-18,5,"Super fresh organic apples, delicious!",0.79,Positive
REV04949,FreshCart,Grocery,2026-03-18,5,"Excellent quality olive oil, great flavor.",0.55,Positive
REV04950,FreshCart,Grocery,2026-03-22,5,"Excellent quality olive oil, great flavor.",0.54,Positive
REV04951,FreshCart,Grocery,2026-03-30,5,"Super fresh organic apples, delicious!",0.33,Positive
REV04952,FreshCart,Grocery,2026-03-29,5,"Very fast shipping, eggs arrived undamaged and fresh.",0.64,Positive
REV04953,FreshCart,Grocery,2026-03-25,5,"Highly recommend these snacks, kids love them.",0.77,Positive
REV04954,FreshCart,Grocery,2026-04-06,5,"Great coffee beans, wonderful aroma.",0.56,Positive
REV04955,FreshCart,Grocery,2026-04-04,4,"Excellent quality olive oil, great flavor.",0.84,Positive
REV04956,FreshCart,Grocery,2026-04-05,4,"Highly recommend these snacks, kids love them.",0.31,Positive
REV04957,FreshCart,Grocery,2026-04-13,5,"Great coffee beans, wonderful aroma.",0.44,Positive
REV04958,FreshCart,Grocery,2026-04-11,5,"Super fresh organic apples, delicious!",0.31,Positive
REV04959,FreshCart,Grocery,2026-04-12,4,"Super fresh organic apples, delicious!",0.31,Positive
REV04960,FreshCart,Grocery,2026-04-20,4,"Super fresh organic apples, delicious!",0.65,Positive
REV04961,FreshCart,Grocery,2026-04-20,5,"Highly recommend these snacks, kids love them.",0.85,Positive
REV04962,FreshCart,Grocery,2026-04-20,5,"Great coffee beans, wonderful aroma.",0.85,Positive
REV04963,FreshCart,Grocery,2026-04-27,5,"Excellent quality olive oil, great flavor.",0.77,Positive
REV04964,FreshCart,Grocery,2026-04-27,5,"Great coffee beans, wonderful aroma.",0.46,Positive
REV04965,FreshCart,Grocery,2026-04-22,3,"It does what it says, but feels a bit lightweight.",0.1,Neutral
REV04966,FreshCart,Grocery,2026-04-30,3,"Decent item, fits reasonably well.",0.17,Neutral
REV04967,FreshCart,Grocery,2026-04-30,4,"Great coffee beans, wonderful aroma.",0.69,Positive
REV04968,FreshCart,Grocery,2026-04-29,5,"Excellent quality olive oil, great flavor.",0.39,Positive
REV04969,FreshCart,Grocery,2026-05-10,5,"Excellent quality olive oil, great flavor.",0.55,Positive
REV04970,FreshCart,Grocery,2026-05-06,4,"Very fast shipping, eggs arrived undamaged and fresh.",0.34,Positive
REV04971,FreshCart,Grocery,2026-05-09,5,"Highly recommend these snacks, kids love them.",0.78,Positive
REV04972,FreshCart,Grocery,2026-05-15,4,"Excellent quality olive oil, great flavor.",0.76,Positive
REV04973,FreshCart,Grocery,2026-05-15,4,"Super fresh organic apples, delicious!",0.7,Positive
REV04974,FreshCart,Grocery,2026-05-17,4,"Excellent quality olive oil, great flavor.",0.38,Positive
REV04975,FreshCart,Grocery,2026-05-22,5,"Super fresh organic apples, delicious!",0.61,Positive
REV04976,FreshCart,Grocery,2026-05-23,5,"Very fast shipping, eggs arrived undamaged and fresh.",0.54,Positive
REV04977,FreshCart,Grocery,2026-05-22,4,"Very fast shipping, eggs arrived undamaged and fresh.",0.33,Positive
REV04978,FreshCart,Grocery,2026-06-01,5,"Super fresh organic apples, delicious!",0.45,Positive
REV04979,FreshCart,Grocery,2026-05-30,5,"Great coffee beans, wonderful aroma.",0.45,Positive
REV04980,FreshCart,Grocery,2026-05-29,5,"Excellent quality olive oil, great flavor.",0.33,Positive
REV04981,FreshCart,Grocery,2026-06-03,5,"Great coffee beans, wonderful aroma.",0.83,Positive
REV04982,FreshCart,Grocery,2026-06-07,4,"Highly recommend these snacks, kids love them.",0.61,Positive
REV04983,FreshCart,Grocery,2026-06-03,5,"Highly recommend these snacks, kids love them.",0.49,Positive
REV04984,FreshCart,Grocery,2026-06-14,4,"Super fresh organic apples, delicious!",0.47,Positive
REV04985,FreshCart,Grocery,2026-06-12,4,"Highly recommend these snacks, kids love them.",0.51,Positive
REV04986,FreshCart,Grocery,2026-06-12,3,"Took a bit long to ship, but works fine.",0.19,Neutral
REV04987,FreshCart,Grocery,2026-06-19,5,"Super fresh organic apples, delicious!",0.79,Positive
REV04988,FreshCart,Grocery,2026-06-20,5,"Excellent quality olive oil, great flavor.",0.59,Positive
REV04989,FreshCart,Grocery,2026-06-17,5,"Very fast shipping, eggs arrived undamaged and fresh.",0.34,Positive
REV04990,FreshCart,Grocery,2026-06-27,5,"Highly recommend these snacks, kids love them.",0.6,Positive
REV04991,FreshCart,Grocery,2026-06-24,4,"Excellent quality olive oil, great flavor.",0.61,Positive
REV04992,FreshCart,Grocery,2026-06-28,4,"Great coffee beans, wonderful aroma.",0.65,Positive
REV04993,OrganicBite,Grocery,2025-07-02,5,"Highly recommend these snacks, kids love them.",0.65,Positive
REV04994,OrganicBite,Grocery,2025-07-02,4,"Highly recommend these snacks, kids love them.",0.56,Positive
REV04995,OrganicBite,Grocery,2025-07-07,5,"Excellent quality olive oil, great flavor.",0.3,Positive
REV04996,OrganicBite,Grocery,2025-07-12,3,Average quality for the price.,-0.1,Neutral
REV04997,OrganicBite,Grocery,2025-07-11,5,"Highly recommend these snacks, kids love them.",0.7,Positive
REV04998,OrganicBite,Grocery,2025-07-11,5,"Very fast shipping, eggs arrived undamaged and fresh.",0.52,Positive
REV04999,OrganicBite,Grocery,2025-07-20,4,"Excellent quality olive oil, great flavor.",0.52,Positive
REV05000,OrganicBite,Grocery,2025-07-16,5,"Very fast shipping, eggs arrived undamaged and fresh.",0.4,Positive
REV05001,OrganicBite,Grocery,2025-07-21,5,"Highly recommend these snacks, kids love them.",0.61,Positive
REV05002,OrganicBite,Grocery,2025-07-24,4,"Excellent quality olive oil, great flavor.",0.51,Positive
REV05003,OrganicBite,Grocery,2025-07-28,5,"Very fast shipping, eggs arrived undamaged and fresh.",0.53,Positive
REV05004,OrganicBite,Grocery,2025-07-23,5,"Highly recommend these snacks, kids love them.",0.71,Positive
REV05005,OrganicBite,Grocery,2025-07-30,4,"Excellent quality olive oil, great flavor.",0.69,Positive
REV05006,OrganicBite,Grocery,2025-08-01,3,Average quality for the price.,0.11,Neutral
REV05007,OrganicBite,Grocery,2025-07-31,4,"Super fresh organic apples, delicious!",0.67,Positive
REV05008,OrganicBite,Grocery,2025-08-11,5,"Highly recommend these snacks, kids love them.",0.5,Positive
REV05009,OrganicBite,Grocery,2025-08-06,4,"Very fast shipping, eggs arrived undamaged and fresh.",0.66,Positive
REV05010,OrganicBite,Grocery,2025-08-11,4,"Excellent quality olive oil, great flavor.",0.3,Positive
REV05011,OrganicBite,Grocery,2025-08-18,4,"Highly recommend these snacks, kids love them.",0.87,Positive
REV05012,OrganicBite,Grocery,2025-08-13,4,"Very fast shipping, eggs arrived undamaged and fresh.",0.68,Positive
REV05013,OrganicBite,Grocery,2025-08-16,4,"Highly recommend these snacks, kids love them.",0.31,Positive
REV05014,OrganicBite,Grocery,2025-08-25,5,"Highly recommend these snacks, kids love them.",0.58,Positive
REV05015,OrganicBite,Grocery,2025-08-22,5,"Excellent quality olive oil, great flavor.",0.76,Positive
REV05016,OrganicBite,Grocery,2025-08-24,5,"Highly recommend these snacks, kids love them.",0.52,Positive
REV05017,OrganicBite,Grocery,2025-08-28,4,"Highly recommend these snacks, kids love them.",0.58,Positive
REV05018,OrganicBite,Grocery,2025-08-27,5,"Super fresh organic apples, delicious!",0.63,Positive
REV05019,OrganicBite,Grocery,2025-08-28,5,"Super fresh organic apples, delicious!",0.89,Positive
REV05020,OrganicBite,Grocery,2025-09-07,5,"Very fast shipping, eggs arrived undamaged and fresh.",0.89,Positive
REV05021,OrganicBite,Grocery,2025-09-08,5,"Super fresh organic apples, delicious!",0.37,Positive
REV05022,OrganicBite,Grocery,2025-09-03,5,"Excellent quality olive oil, great flavor.",0.58,Positive
REV05023,OrganicBite,Grocery,2025-09-13,4,"Very fast shipping, eggs arrived undamaged and fresh.",0.78,Positive
REV05024,OrganicBite,Grocery,2025-09-15,4,"Great coffee beans, wonderful aroma.",0.62,Positive
REV05025,OrganicBite,Grocery,2025-09-13,4,"Super fresh organic apples, delicious!",0.75,Positive
REV05026,OrganicBite,Grocery,2025-09-19,4,"Very fast shipping, eggs arrived undamaged and fresh.",0.6,Positive
REV05027,OrganicBite,Grocery,2025-09-17,5,"Highly recommend these snacks, kids love them.",0.89,Positive
REV05028,OrganicBite,Grocery,2025-09-18,5,"Highly recommend these snacks, kids love them.",0.61,Positive
REV05029,OrganicBite,Grocery,2025-09-29,3,Average quality for the price.,-0.01,Neutral
REV05030,OrganicBite,Grocery,2025-09-25,5,"Great coffee beans, wonderful aroma.",0.47,Positive
REV05031,OrganicBite,Grocery,2025-09-26,4,"Excellent quality olive oil, great flavor.",0.33,Positive
REV05032,OrganicBite,Grocery,2025-10-03,4,"Super fresh organic apples, delicious!",0.77,Positive
REV05033,OrganicBite,Grocery,2025-10-06,5,"Excellent quality olive oil, great flavor.",0.42,Positive
REV05034,OrganicBite,Grocery,2025-10-02,5,"Highly recommend these snacks, kids love them.",0.82,Positive
REV05035,OrganicBite,Grocery,2025-10-13,5,"Super fresh organic apples, delicious!",0.59,Positive
REV05036,OrganicBite,Grocery,2025-10-12,5,"Great coffee beans, wonderful aroma.",0.63,Positive
REV05037,OrganicBite,Grocery,2025-10-09,4,"Excellent quality olive oil, great flavor.",0.48,Positive
REV05038,OrganicBite,Grocery,2025-10-16,5,"Excellent quality olive oil, great flavor.",0.54,Positive
REV05039,OrganicBite,Grocery,2025-10-16,5,"Super fresh organic apples, delicious!",0.54,Positive
REV05040,OrganicBite,Grocery,2025-10-15,4,"Highly recommend these snacks, kids love them.",0.84,Positive
REV05041,OrganicBite,Grocery,2025-10-23,5,"Excellent quality olive oil, great flavor.",0.61,Positive
REV05042,OrganicBite,Grocery,2025-10-22,4,"Highly recommend these snacks, kids love them.",0.47,Positive
REV05043,OrganicBite,Grocery,2025-10-23,4,"Great coffee beans, wonderful aroma.",0.39,Positive
REV05044,OrganicBite,Grocery,2025-11-01,4,"Super fresh organic apples, delicious!",0.84,Positive
REV05045,OrganicBite,Grocery,2025-11-02,4,"Highly recommend these snacks, kids love them.",0.38,Positive
REV05046,OrganicBite,Grocery,2025-11-03,5,"Very fast shipping, eggs arrived undamaged and fresh.",0.49,Positive
REV05047,OrganicBite,Grocery,2025-11-06,5,"Excellent quality olive oil, great flavor.",0.82,Positive
REV05048,OrganicBite,Grocery,2025-11-08,4,"Very fast shipping, eggs arrived undamaged and fresh.",0.53,Positive
REV05049,OrganicBite,Grocery,2025-11-05,4,"Highly recommend these snacks, kids love them.",0.42,Positive
REV05050,OrganicBite,Grocery,2025-11-17,5,"Highly recommend these snacks, kids love them.",0.57,Positive
REV05051,OrganicBite,Grocery,2025-11-14,5,"Super fresh organic apples, delicious!",0.44,Positive
REV05052,OrganicBite,Grocery,2025-11-14,5,"Super fresh organic apples, delicious!",0.8,Positive
REV05053,OrganicBite,Grocery,2025-11-21,4,"Very fast shipping, eggs arrived undamaged and fresh.",0.55,Positive
REV05054,OrganicBite,Grocery,2025-11-20,4,"Highly recommend these snacks, kids love them.",0.73,Positive
REV05055,OrganicBite,Grocery,2025-11-19,5,"Very fast shipping, eggs arrived undamaged and fresh.",0.5,Positive
REV05056,OrganicBite,Grocery,2025-11-26,4,"Super fresh organic apples, delicious!",0.5,Positive
REV05057,OrganicBite,Grocery,2025-12-01,5,"Super fresh organic apples, delicious!",0.39,Positive
REV05058,OrganicBite,Grocery,2025-11-27,5,"Very fast shipping, eggs arrived undamaged and fresh.",0.49,Positive
REV05059,OrganicBite,Grocery,2025-12-05,4,"Highly recommend these snacks, kids love them.",0.71,Positive
REV05060,OrganicBite,Grocery,2025-12-03,4,"Great coffee beans, wonderful aroma.",0.78,Positive
REV05061,OrganicBite,Grocery,2025-12-04,5,"Highly recommend these snacks, kids love them.",0.83,Positive
REV05062,OrganicBite,Grocery,2025-12-12,4,"Highly recommend these snacks, kids love them.",0.56,Positive
REV05063,OrganicBite,Grocery,2025-12-12,5,"Very fast shipping, eggs arrived undamaged and fresh.",0.33,Positive
REV05064,OrganicBite,Grocery,2025-12-10,4,"Super fresh organic apples, delicious!",0.48,Positive
REV05065,OrganicBite,Grocery,2025-12-22,5,"Super fresh organic apples, delicious!",0.49,Positive
REV05066,OrganicBite,Grocery,2025-12-18,5,"Great coffee beans, wonderful aroma.",0.48,Positive
REV05067,OrganicBite,Grocery,2025-12-19,5,"Very fast shipping, eggs arrived undamaged and fresh.",0.8,Positive
REV05068,OrganicBite,Grocery,2025-12-29,4,"Very fast shipping, eggs arrived undamaged and fresh.",0.79,Positive
REV05069,OrganicBite,Grocery,2025-12-28,5,"Great coffee beans, wonderful aroma.",0.41,Positive
REV05070,OrganicBite,Grocery,2025-12-26,5,"Great coffee beans, wonderful aroma.",0.77,Positive
REV05071,OrganicBite,Grocery,2026-01-01,4,"Very fast shipping, eggs arrived undamaged and fresh.",0.73,Positive
REV05072,OrganicBite,Grocery,2026-01-03,5,"Great coffee beans, wonderful aroma.",0.64,Positive
REV05073,OrganicBite,Grocery,2025-12-31,5,"Super fresh organic apples, delicious!",0.71,Positive
REV05074,OrganicBite,Grocery,2026-01-07,4,"Great coffee beans, wonderful aroma.",0.51,Positive
REV05075,OrganicBite,Grocery,2026-01-11,5,"Super fresh organic apples, delicious!",0.53,Positive
REV05076,OrganicBite,Grocery,2026-01-08,4,"Excellent quality olive oil, great flavor.",0.79,Positive
REV05077,OrganicBite,Grocery,2026-01-14,5,"Highly recommend these snacks, kids love them.",0.71,Positive
REV05078,OrganicBite,Grocery,2026-01-18,5,"Super fresh organic apples, delicious!",0.86,Positive
REV05079,OrganicBite,Grocery,2026-01-16,4,"Great coffee beans, wonderful aroma.",0.62,Positive
REV05080,OrganicBite,Grocery,2026-01-22,4,"Highly recommend these snacks, kids love them.",0.45,Positive
REV05081,OrganicBite,Grocery,2026-01-26,5,"Great coffee beans, wonderful aroma.",0.63,Positive
REV05082,OrganicBite,Grocery,2026-01-21,4,"Excellent quality olive oil, great flavor.",0.44,Positive
REV05083,OrganicBite,Grocery,2026-01-31,4,"Excellent quality olive oil, great flavor.",0.36,Positive
REV05084,OrganicBite,Grocery,2026-02-02,4,"Great coffee beans, wonderful aroma.",0.79,Positive
REV05085,OrganicBite,Grocery,2026-02-01,5,"Very fast shipping, eggs arrived undamaged and fresh.",0.33,Positive
REV05086,OrganicBite,Grocery,2026-02-07,4,"Very fast shipping, eggs arrived undamaged and fresh.",0.78,Positive
REV05087,OrganicBite,Grocery,2026-02-07,4,"Super fresh organic apples, delicious!",0.32,Positive
REV05088,OrganicBite,Grocery,2026-02-07,5,"Super fresh organic apples, delicious!",0.32,Positive
REV05089,OrganicBite,Grocery,2026-02-15,3,"It does what it says, but feels a bit lightweight.",0.1,Neutral
REV05090,OrganicBite,Grocery,2026-02-12,5,"Super fresh organic apples, delicious!",0.6,Positive
REV05091,OrganicBite,Grocery,2026-02-13,4,"Great coffee beans, wonderful aroma.",0.69,Positive
REV05092,OrganicBite,Grocery,2026-02-20,5,"Excellent quality olive oil, great flavor.",0.43,Positive
REV05093,OrganicBite,Grocery,2026-02-22,4,"Super fresh organic apples, delicious!",0.43,Positive
REV05094,OrganicBite,Grocery,2026-02-23,4,"Super fresh organic apples, delicious!",0.89,Positive
REV05095,OrganicBite,Grocery,2026-02-28,5,"Highly recommend these snacks, kids love them.",0.34,Positive
REV05096,OrganicBite,Grocery,2026-03-01,5,"Great coffee beans, wonderful aroma.",0.51,Positive
REV05097,OrganicBite,Grocery,2026-02-26,5,"Super fresh organic apples, delicious!",0.42,Positive
REV05098,OrganicBite,Grocery,2026-03-07,5,"Great coffee beans, wonderful aroma.",0.42,Positive
REV05099,OrganicBite,Grocery,2026-03-07,4,"Great coffee beans, wonderful aroma.",0.53,Positive
REV05100,OrganicBite,Grocery,2026-03-08,5,"Highly recommend these snacks, kids love them.",0.44,Positive
REV05101,OrganicBite,Grocery,2026-03-12,4,"Excellent quality olive oil, great flavor.",0.49,Positive
REV05102,OrganicBite,Grocery,2026-03-12,5,"Super fresh organic apples, delicious!",0.35,Positive
REV05103,OrganicBite,Grocery,2026-03-12,5,"Great coffee beans, wonderful aroma.",0.31,Positive
REV05104,OrganicBite,Grocery,2026-03-22,5,"Super fresh organic apples, delicious!",0.53,Positive
REV05105,OrganicBite,Grocery,2026-03-22,5,"Highly recommend these snacks, kids love them.",0.67,Positive
REV05106,OrganicBite,Grocery,2026-03-20,4,"Great coffee beans, wonderful aroma.",0.54,Positive
REV05107,OrganicBite,Grocery,2026-03-27,5,"Excellent quality olive oil, great flavor.",0.33,Positive
REV05108,OrganicBite,Grocery,2026-03-29,4,"Very fast shipping, eggs arrived undamaged and fresh.",0.69,Positive
REV05109,OrganicBite,Grocery,2026-03-26,5,"Super fresh organic apples, delicious!",0.56,Positive
REV05110,OrganicBite,Grocery,2026-04-05,4,"Super fresh organic apples, delicious!",0.56,Positive
REV05111,OrganicBite,Grocery,2026-04-03,4,"Excellent quality olive oil, great flavor.",0.49,Positive
REV05112,OrganicBite,Grocery,2026-04-06,4,"Super fresh organic apples, delicious!",0.61,Positive
REV05113,OrganicBite,Grocery,2026-04-09,5,"Very fast shipping, eggs arrived undamaged and fresh.",0.69,Positive
REV05114,OrganicBite,Grocery,2026-04-08,5,"Very fast shipping, eggs arrived undamaged and fresh.",0.74,Positive
REV05115,OrganicBite,Grocery,2026-04-09,4,"Excellent quality olive oil, great flavor.",0.38,Positive
REV05116,OrganicBite,Grocery,2026-04-15,4,"Super fresh organic apples, delicious!",0.68,Positive
REV05117,OrganicBite,Grocery,2026-04-20,5,"Very fast shipping, eggs arrived undamaged and fresh.",0.4,Positive
REV05118,OrganicBite,Grocery,2026-04-17,4,"Great coffee beans, wonderful aroma.",0.81,Positive
REV05119,OrganicBite,Grocery,2026-04-27,5,"Super fresh organic apples, delicious!",0.42,Positive
REV05120,OrganicBite,Grocery,2026-04-24,4,"Great coffee beans, wonderful aroma.",0.58,Positive
REV05121,OrganicBite,Grocery,2026-04-25,4,"Excellent quality olive oil, great flavor.",0.76,Positive
REV05122,OrganicBite,Grocery,2026-05-01,3,"Took a bit long to ship, but works fine.",-0.08,Neutral
REV05123,OrganicBite,Grocery,2026-05-04,3,"Product is okay, nothing special.",0.2,Neutral
REV05124,OrganicBite,Grocery,2026-05-01,5,"Super fresh organic apples, delicious!",0.78,Positive
REV05125,OrganicBite,Grocery,2026-05-07,4,"Very fast shipping, eggs arrived undamaged and fresh.",0.43,Positive
REV05126,OrganicBite,Grocery,2026-05-06,4,"Very fast shipping, eggs arrived undamaged and fresh.",0.64,Positive
REV05127,OrganicBite,Grocery,2026-05-11,5,"Great coffee beans, wonderful aroma.",0.48,Positive
REV05128,OrganicBite,Grocery,2026-05-13,5,"Great coffee beans, wonderful aroma.",0.62,Positive
REV05129,OrganicBite,Grocery,2026-05-18,4,"Highly recommend these snacks, kids love them.",0.46,Positive
REV05130,OrganicBite,Grocery,2026-05-18,5,"Very fast shipping, eggs arrived undamaged and fresh.",0.64,Positive
REV05131,OrganicBite,Grocery,2026-05-24,5,"Great coffee beans, wonderful aroma.",0.73,Positive
REV05132,OrganicBite,Grocery,2026-05-23,4,"Excellent quality olive oil, great flavor.",0.33,Positive
REV05133,OrganicBite,Grocery,2026-05-22,4,"Excellent quality olive oil, great flavor.",0.4,Positive
REV05134,OrganicBite,Grocery,2026-05-31,5,"Excellent quality olive oil, great flavor.",0.9,Positive
REV05135,OrganicBite,Grocery,2026-05-28,4,"Highly recommend these snacks, kids love them.",0.35,Positive
REV05136,OrganicBite,Grocery,2026-05-28,4,"Highly recommend these snacks, kids love them.",0.84,Positive
REV05137,OrganicBite,Grocery,2026-06-05,5,"Highly recommend these snacks, kids love them.",0.66,Positive
REV05138,OrganicBite,Grocery,2026-06-06,5,"Excellent quality olive oil, great flavor.",0.81,Positive
REV05139,OrganicBite,Grocery,2026-06-06,5,"Super fresh organic apples, delicious!",0.51,Positive
REV05140,OrganicBite,Grocery,2026-06-11,5,"Highly recommend these snacks, kids love them.",0.8,Positive
REV05141,OrganicBite,Grocery,2026-06-11,5,"Excellent quality olive oil, great flavor.",0.72,Positive
REV05142,OrganicBite,Grocery,2026-06-13,5,"Great coffee beans, wonderful aroma.",0.56,Positive
REV05143,OrganicBite,Grocery,2026-06-22,4,"Excellent quality olive oil, great flavor.",0.89,Positive
REV05144,OrganicBite,Grocery,2026-06-17,5,"Very fast shipping, eggs arrived undamaged and fresh.",0.74,Positive
REV05145,OrganicBite,Grocery,2026-06-18,5,"Very fast shipping, eggs arrived undamaged and fresh.",0.36,Positive
REV05146,OrganicBite,Grocery,2026-06-29,4,"Highly recommend these snacks, kids love them.",0.83,Positive
REV05147,OrganicBite,Grocery,2026-06-25,5,"Great coffee beans, wonderful aroma.",0.4,Positive
REV05148,OrganicBite,Grocery,2026-06-25,5,"Super fresh organic apples, delicious!",0.81,Positive
REV05149,PantryStop,Grocery,2025-07-03,5,"Highly recommend these snacks, kids love them.",0.47,Positive
REV05150,PantryStop,Grocery,2025-07-07,5,"Highly recommend these snacks, kids love them.",0.32,Positive
REV05151,PantryStop,Grocery,2025-07-02,4,"Highly recommend these snacks, kids love them.",0.4,Positive
REV05152,PantryStop,Grocery,2025-07-10,4,"Great coffee beans, wonderful aroma.",0.57,Positive
REV05153,PantryStop,Grocery,2025-07-13,3,"Product is okay, nothing special.",-0.01,Neutral
REV05154,PantryStop,Grocery,2025-07-12,4,"Super fresh organic apples, delicious!",0.53,Positive
REV05155,PantryStop,Grocery,2025-07-16,5,"Super fresh organic apples, delicious!",0.79,Positive
REV05156,PantryStop,Grocery,2025-07-21,4,"Super fresh organic apples, delicious!",0.68,Positive
REV05157,PantryStop,Grocery,2025-07-17,4,"Super fresh organic apples, delicious!",0.87,Positive
REV05158,PantryStop,Grocery,2025-07-25,5,"Super fresh organic apples, delicious!",0.89,Positive
REV05159,PantryStop,Grocery,2025-07-28,4,"Excellent quality olive oil, great flavor.",0.41,Positive
REV05160,PantryStop,Grocery,2025-07-23,5,"Great coffee beans, wonderful aroma.",0.73,Positive
REV05161,PantryStop,Grocery,2025-08-03,4,"Super fresh organic apples, delicious!",0.34,Positive
REV05162,PantryStop,Grocery,2025-08-04,4,"Very fast shipping, eggs arrived undamaged and fresh.",0.65,Positive
REV05163,PantryStop,Grocery,2025-07-31,4,"Super fresh organic apples, delicious!",0.54,Positive
REV05164,PantryStop,Grocery,2025-08-10,5,"Highly recommend these snacks, kids love them.",0.67,Positive
REV05165,PantryStop,Grocery,2025-08-07,3,"Decent item, fits reasonably well.",0.19,Neutral
REV05166,PantryStop,Grocery,2025-08-08,5,"Very fast shipping, eggs arrived undamaged and fresh.",0.63,Positive
REV05167,PantryStop,Grocery,2025-08-14,4,"Excellent quality olive oil, great flavor.",0.36,Positive
REV05168,PantryStop,Grocery,2025-08-17,5,"Super fresh organic apples, delicious!",0.62,Positive
REV05169,PantryStop,Grocery,2025-08-18,4,"Very fast shipping, eggs arrived undamaged and fresh.",0.7,Positive
REV05170,PantryStop,Grocery,2025-08-20,5,"Super fresh organic apples, delicious!",0.36,Positive
REV05171,PantryStop,Grocery,2025-08-20,5,"Super fresh organic apples, delicious!",0.56,Positive
REV05172,PantryStop,Grocery,2025-08-22,5,"Great coffee beans, wonderful aroma.",0.39,Positive
REV05173,PantryStop,Grocery,2025-08-30,4,"Great coffee beans, wonderful aroma.",0.77,Positive
REV05174,PantryStop,Grocery,2025-08-27,4,"Excellent quality olive oil, great flavor.",0.69,Positive
REV05175,PantryStop,Grocery,2025-08-27,5,"Excellent quality olive oil, great flavor.",0.44,Positive
REV05176,PantryStop,Grocery,2025-09-06,5,"Highly recommend these snacks, kids love them.",0.7,Positive
REV05177,PantryStop,Grocery,2025-09-05,5,"Excellent quality olive oil, great flavor.",0.41,Positive
REV05178,PantryStop,Grocery,2025-09-04,4,"Very fast shipping, eggs arrived undamaged and fresh.",0.71,Positive
REV05179,PantryStop,Grocery,2025-09-15,4,"Highly recommend these snacks, kids love them.",0.65,Positive
REV05180,PantryStop,Grocery,2025-09-13,5,"Super fresh organic apples, delicious!",0.62,Positive
REV05181,PantryStop,Grocery,2025-09-10,5,"Excellent quality olive oil, great flavor.",0.8,Positive
REV05182,PantryStop,Grocery,2025-09-19,5,"Super fresh organic apples, delicious!",0.8,Positive
REV05183,PantryStop,Grocery,2025-09-17,4,"Very fast shipping, eggs arrived undamaged and fresh.",0.73,Positive
REV05184,PantryStop,Grocery,2025-09-19,5,"Great coffee beans, wonderful aroma.",0.86,Positive
REV05185,PantryStop,Grocery,2025-09-24,5,"Very fast shipping, eggs arrived undamaged and fresh.",0.75,Positive
REV05186,PantryStop,Grocery,2025-09-28,3,"Product is okay, nothing special.",0.21,Neutral
REV05187,PantryStop,Grocery,2025-09-25,5,"Excellent quality olive oil, great flavor.",0.89,Positive
REV05188,PantryStop,Grocery,2025-10-03,4,"Great coffee beans, wonderful aroma.",0.38,Positive
REV05189,PantryStop,Grocery,2025-10-02,4,"Great coffee beans, wonderful aroma.",0.84,Positive
REV05190,PantryStop,Grocery,2025-10-02,4,"Highly recommend these snacks, kids love them.",0.78,Positive
REV05191,PantryStop,Grocery,2025-10-12,4,"Very fast shipping, eggs arrived undamaged and fresh.",0.76,Positive
REV05192,PantryStop,Grocery,2025-10-10,4,"Very fast shipping, eggs arrived undamaged and fresh.",0.48,Positive
REV05193,PantryStop,Grocery,2025-10-10,5,"Super fresh organic apples, delicious!",0.78,Positive
REV05194,PantryStop,Grocery,2025-10-17,5,"Very fast shipping, eggs arrived undamaged and fresh.",0.74,Positive
REV05195,PantryStop,Grocery,2025-10-15,5,"Super fresh organic apples, delicious!",0.45,Positive
REV05196,PantryStop,Grocery,2025-10-20,5,"Excellent quality olive oil, great flavor.",0.41,Positive
REV05197,PantryStop,Grocery,2025-10-23,4,"Very fast shipping, eggs arrived undamaged and fresh.",0.58,Positive
REV05198,PantryStop,Grocery,2025-10-25,4,"Highly recommend these snacks, kids love them.",0.65,Positive
REV05199,PantryStop,Grocery,2025-10-22,4,"Highly recommend these snacks, kids love them.",0.45,Positive
REV05200,PantryStop,Grocery,2025-11-01,4,"Great coffee beans, wonderful aroma.",0.36,Positive
REV05201,PantryStop,Grocery,2025-10-30,5,"Very fast shipping, eggs arrived undamaged and fresh.",0.52,Positive
REV05202,PantryStop,Grocery,2025-10-31,4,"Super fresh organic apples, delicious!",0.4,Positive
REV05203,PantryStop,Grocery,2025-11-08,5,"Excellent quality olive oil, great flavor.",0.51,Positive
REV05204,PantryStop,Grocery,2025-11-07,5,"Very fast shipping, eggs arrived undamaged and fresh.",0.62,Positive
REV05205,PantryStop,Grocery,2025-11-08,5,"Highly recommend these snacks, kids love them.",0.65,Positive
REV05206,PantryStop,Grocery,2025-11-16,4,"Highly recommend these snacks, kids love them.",0.84,Positive
REV05207,PantryStop,Grocery,2025-11-13,5,"Very fast shipping, eggs arrived undamaged and fresh.",0.79,Positive
REV05208,PantryStop,Grocery,2025-11-15,4,"Excellent quality olive oil, great flavor.",0.6,Positive
REV05209,PantryStop,Grocery,2025-11-22,5,"Great coffee beans, wonderful aroma.",0.45,Positive
REV05210,PantryStop,Grocery,2025-11-23,4,"Great coffee beans, wonderful aroma.",0.88,Positive
REV05211,PantryStop,Grocery,2025-11-23,5,"Highly recommend these snacks, kids love them.",0.43,Positive
REV05212,PantryStop,Grocery,2025-11-29,4,"Excellent quality olive oil, great flavor.",0.87,Positive
REV05213,PantryStop,Grocery,2025-11-30,5,"Super fresh organic apples, delicious!",0.65,Positive
REV05214,PantryStop,Grocery,2025-11-30,5,"Highly recommend these snacks, kids love them.",0.52,Positive
REV05215,PantryStop,Grocery,2025-12-08,4,"Excellent quality olive oil, great flavor.",0.79,Positive
REV05216,PantryStop,Grocery,2025-12-04,5,"Super fresh organic apples, delicious!",0.85,Positive
REV05217,PantryStop,Grocery,2025-12-03,5,"Very fast shipping, eggs arrived undamaged and fresh.",0.43,Positive
REV05218,PantryStop,Grocery,2025-12-12,5,"Super fresh organic apples, delicious!",0.31,Positive
REV05219,PantryStop,Grocery,2025-12-13,4,"Great coffee beans, wonderful aroma.",0.68,Positive
REV05220,PantryStop,Grocery,2025-12-10,4,"Excellent quality olive oil, great flavor.",0.4,Positive
REV05221,PantryStop,Grocery,2025-12-19,5,"Very fast shipping, eggs arrived undamaged and fresh.",0.86,Positive
REV05222,PantryStop,Grocery,2025-12-19,4,"Excellent quality olive oil, great flavor.",0.31,Positive
REV05223,PantryStop,Grocery,2025-12-18,4,"Highly recommend these snacks, kids love them.",0.6,Positive
REV05224,PantryStop,Grocery,2025-12-25,5,"Highly recommend these snacks, kids love them.",0.49,Positive
REV05225,PantryStop,Grocery,2025-12-25,5,"Excellent quality olive oil, great flavor.",0.42,Positive
REV05226,PantryStop,Grocery,2025-12-29,5,"Super fresh organic apples, delicious!",0.51,Positive
REV05227,PantryStop,Grocery,2026-01-05,5,"Super fresh organic apples, delicious!",0.5,Positive
REV05228,PantryStop,Grocery,2026-01-03,5,"Excellent quality olive oil, great flavor.",0.81,Positive
REV05229,PantryStop,Grocery,2026-01-05,4,"Super fresh organic apples, delicious!",0.54,Positive
REV05230,PantryStop,Grocery,2026-01-07,4,"Very fast shipping, eggs arrived undamaged and fresh.",0.55,Positive
REV05231,PantryStop,Grocery,2026-01-12,5,"Super fresh organic apples, delicious!",0.77,Positive
REV05232,PantryStop,Grocery,2026-01-07,4,"Great coffee beans, wonderful aroma.",0.42,Positive
REV05233,PantryStop,Grocery,2026-01-15,5,"Great coffee beans, wonderful aroma.",0.84,Positive
REV05234,PantryStop,Grocery,2026-01-15,4,"Super fresh organic apples, delicious!",0.57,Positive
REV05235,PantryStop,Grocery,2026-01-15,5,"Very fast shipping, eggs arrived undamaged and fresh.",0.61,Positive
REV05236,PantryStop,Grocery,2026-01-21,3,Average quality for the price.,-0.03,Neutral
REV05237,PantryStop,Grocery,2026-01-25,5,"Super fresh organic apples, delicious!",0.56,Positive
REV05238,PantryStop,Grocery,2026-01-22,4,"Highly recommend these snacks, kids love them.",0.34,Positive
REV05239,PantryStop,Grocery,2026-01-31,5,"Excellent quality olive oil, great flavor.",0.53,Positive
REV05240,PantryStop,Grocery,2026-02-02,4,"Excellent quality olive oil, great flavor.",0.36,Positive
REV05241,PantryStop,Grocery,2026-02-02,4,"Great coffee beans, wonderful aroma.",0.41,Positive
REV05242,PantryStop,Grocery,2026-02-07,3,"Decent item, fits reasonably well.",0.04,Neutral
REV05243,PantryStop,Grocery,2026-02-07,5,"Very fast shipping, eggs arrived undamaged and fresh.",0.36,Positive
REV05244,PantryStop,Grocery,2026-02-06,5,"Super fresh organic apples, delicious!",0.67,Positive
REV05245,PantryStop,Grocery,2026-02-11,5,"Excellent quality olive oil, great flavor.",0.36,Positive
REV05246,PantryStop,Grocery,2026-02-15,5,"Super fresh organic apples, delicious!",0.37,Positive
REV05247,PantryStop,Grocery,2026-02-15,5,"Excellent quality olive oil, great flavor.",0.64,Positive
REV05248,PantryStop,Grocery,2026-02-21,5,"Super fresh organic apples, delicious!",0.32,Positive
REV05249,PantryStop,Grocery,2026-02-23,5,"Highly recommend these snacks, kids love them.",0.66,Positive
REV05250,PantryStop,Grocery,2026-02-22,3,"Decent item, fits reasonably well.",0.01,Neutral
REV05251,PantryStop,Grocery,2026-03-01,4,"Very fast shipping, eggs arrived undamaged and fresh.",0.42,Positive
REV05252,PantryStop,Grocery,2026-02-27,5,"Great coffee beans, wonderful aroma.",0.49,Positive
REV05253,PantryStop,Grocery,2026-02-28,5,"Excellent quality olive oil, great flavor.",0.77,Positive
REV05254,PantryStop,Grocery,2026-03-04,4,"Very fast shipping, eggs arrived undamaged and fresh.",0.7,Positive
REV05255,PantryStop,Grocery,2026-03-07,5,"Great coffee beans, wonderful aroma.",0.38,Positive
REV05256,PantryStop,Grocery,2026-03-09,5,"Excellent quality olive oil, great flavor.",0.77,Positive
REV05257,PantryStop,Grocery,2026-03-15,5,"Highly recommend these snacks, kids love them.",0.57,Positive
REV05258,PantryStop,Grocery,2026-03-12,5,"Super fresh organic apples, delicious!",0.37,Positive
REV05259,PantryStop,Grocery,2026-03-12,3,"Decent item, fits reasonably well.",0.05,Neutral
REV05260,PantryStop,Grocery,2026-03-22,5,"Great coffee beans, wonderful aroma.",0.59,Positive
REV05261,PantryStop,Grocery,2026-03-23,5,"Super fresh organic apples, delicious!",0.32,Positive
REV05262,PantryStop,Grocery,2026-03-21,4,"Highly recommend these snacks, kids love them.",0.71,Positive
REV05263,PantryStop,Grocery,2026-03-28,5,"Highly recommend these snacks, kids love them.",0.88,Positive
REV05264,PantryStop,Grocery,2026-03-25,5,"Excellent quality olive oil, great flavor.",0.69,Positive
REV05265,PantryStop,Grocery,2026-03-30,4,"Very fast shipping, eggs arrived undamaged and fresh.",0.38,Positive
REV05266,PantryStop,Grocery,2026-04-03,4,"Excellent quality olive oil, great flavor.",0.65,Positive
REV05267,PantryStop,Grocery,2026-04-01,4,"Super fresh organic apples, delicious!",0.41,Positive
REV05268,PantryStop,Grocery,2026-04-03,4,"Super fresh organic apples, delicious!",0.73,Positive
REV05269,PantryStop,Grocery,2026-04-08,4,"Very fast shipping, eggs arrived undamaged and fresh.",0.73,Positive
REV05270,PantryStop,Grocery,2026-04-10,4,"Excellent quality olive oil, great flavor.",0.82,Positive
REV05271,PantryStop,Grocery,2026-04-12,5,"Excellent quality olive oil, great flavor.",0.51,Positive
REV05272,PantryStop,Grocery,2026-04-16,4,"Super fresh organic apples, delicious!",0.74,Positive
REV05273,PantryStop,Grocery,2026-04-15,5,"Great coffee beans, wonderful aroma.",0.62,Positive
REV05274,PantryStop,Grocery,2026-04-16,4,"Very fast shipping, eggs arrived undamaged and fresh.",0.68,Positive
REV05275,PantryStop,Grocery,2026-04-27,4,"Excellent quality olive oil, great flavor.",0.45,Positive
REV05276,PantryStop,Grocery,2026-04-23,4,"Super fresh organic apples, delicious!",0.43,Positive
REV05277,PantryStop,Grocery,2026-04-22,4,"Very fast shipping, eggs arrived undamaged and fresh.",0.73,Positive
REV05278,PantryStop,Grocery,2026-04-29,5,"Great coffee beans, wonderful aroma.",0.8,Positive
REV05279,PantryStop,Grocery,2026-05-02,5,"Great coffee beans, wonderful aroma.",0.46,Positive
REV05280,PantryStop,Grocery,2026-04-29,5,"Super fresh organic apples, delicious!",0.51,Positive
REV05281,PantryStop,Grocery,2026-05-08,3,"Product is okay, nothing special.",0.09,Neutral
REV05282,PantryStop,Grocery,2026-05-08,5,"Super fresh organic apples, delicious!",0.54,Positive
REV05283,PantryStop,Grocery,2026-05-09,4,"Very fast shipping, eggs arrived undamaged and fresh.",0.63,Positive
REV05284,PantryStop,Grocery,2026-05-15,4,"Excellent quality olive oil, great flavor.",0.31,Positive
REV05285,PantryStop,Grocery,2026-05-18,5,"Highly recommend these snacks, kids love them.",0.76,Positive
REV05286,PantryStop,Grocery,2026-05-14,4,"Very fast shipping, eggs arrived undamaged and fresh.",0.72,Positive
REV05287,PantryStop,Grocery,2026-05-22,5,"Super fresh organic apples, delicious!",0.3,Positive
REV05288,PantryStop,Grocery,2026-05-25,5,"Highly recommend these snacks, kids love them.",0.51,Positive
REV05289,PantryStop,Grocery,2026-05-20,5,"Great coffee beans, wonderful aroma.",0.5,Positive
REV05290,PantryStop,Grocery,2026-05-27,5,"Excellent quality olive oil, great flavor.",0.65,Positive
REV05291,PantryStop,Grocery,2026-05-30,4,"Great coffee beans, wonderful aroma.",0.48,Positive
REV05292,PantryStop,Grocery,2026-05-31,5,"Highly recommend these snacks, kids love them.",0.64,Positive
REV05293,PantryStop,Grocery,2026-06-04,5,"Very fast shipping, eggs arrived undamaged and fresh.",0.89,Positive
REV05294,PantryStop,Grocery,2026-06-08,4,"Excellent quality olive oil, great flavor.",0.36,Positive
REV05295,PantryStop,Grocery,2026-06-03,5,"Highly recommend these snacks, kids love them.",0.73,Positive
REV05296,PantryStop,Grocery,2026-06-15,4,"Super fresh organic apples, delicious!",0.88,Positive
REV05297,PantryStop,Grocery,2026-06-11,5,"Excellent quality olive oil, great flavor.",0.69,Positive
REV05298,PantryStop,Grocery,2026-06-15,5,"Excellent quality olive oil, great flavor.",0.39,Positive
REV05299,PantryStop,Grocery,2026-06-21,5,"Great coffee beans, wonderful aroma.",0.35,Positive
REV05300,PantryStop,Grocery,2026-06-22,5,"Great coffee beans, wonderful aroma.",0.38,Positive
REV05301,PantryStop,Grocery,2026-06-19,5,"Great coffee beans, wonderful aroma.",0.9,Positive
REV05302,PantryStop,Grocery,2026-06-26,5,"Excellent quality olive oil, great flavor.",0.72,Positive
REV05303,PantryStop,Grocery,2026-06-26,5,"Very fast shipping, eggs arrived undamaged and fresh.",0.83,Positive
REV05304,PantryStop,Grocery,2026-06-27,4,"Great coffee beans, wonderful aroma.",0.74,Positive
REV05305,GreenGrocer,Grocery,2025-07-03,5,"Highly recommend these snacks, kids love them.",0.64,Positive
REV05306,GreenGrocer,Grocery,2025-07-06,3,Average quality for the price.,-0.0,Neutral
REV05307,GreenGrocer,Grocery,2025-07-02,5,"Great coffee beans, wonderful aroma.",0.46,Positive
REV05308,GreenGrocer,Grocery,2025-07-14,5,"Great coffee beans, wonderful aroma.",0.37,Positive
REV05309,GreenGrocer,Grocery,2025-07-09,5,"Highly recommend these snacks, kids love them.",0.88,Positive
REV05310,GreenGrocer,Grocery,2025-07-10,4,"Super fresh organic apples, delicious!",0.51,Positive
REV05311,GreenGrocer,Grocery,2025-07-20,4,"Very fast shipping, eggs arrived undamaged and fresh.",0.59,Positive
REV05312,GreenGrocer,Grocery,2025-07-19,4,"Super fresh organic apples, delicious!",0.53,Positive
REV05313,GreenGrocer,Grocery,2025-07-19,5,"Super fresh organic apples, delicious!",0.35,Positive
REV05314,GreenGrocer,Grocery,2025-07-25,5,"Excellent quality olive oil, great flavor.",0.53,Positive
REV05315,GreenGrocer,Grocery,2025-07-23,4,"Excellent quality olive oil, great flavor.",0.33,Positive
REV05316,GreenGrocer,Grocery,2025-07-27,4,"Very fast shipping, eggs arrived undamaged and fresh.",0.8,Positive
REV05317,GreenGrocer,Grocery,2025-07-30,3,"Took a bit long to ship, but works fine.",0.17,Neutral
REV05318,GreenGrocer,Grocery,2025-07-31,5,"Super fresh organic apples, delicious!",0.6,Positive
REV05319,GreenGrocer,Grocery,2025-08-01,5,"Highly recommend these snacks, kids love them.",0.74,Positive
REV05320,GreenGrocer,Grocery,2025-08-09,4,"Very fast shipping, eggs arrived undamaged and fresh.",0.33,Positive
REV05321,GreenGrocer,Grocery,2025-08-06,5,"Excellent quality olive oil, great flavor.",0.85,Positive
REV05322,GreenGrocer,Grocery,2025-08-09,4,"Great coffee beans, wonderful aroma.",0.68,Positive
REV05323,GreenGrocer,Grocery,2025-08-15,4,"Very fast shipping, eggs arrived undamaged and fresh.",0.5,Positive
REV05324,GreenGrocer,Grocery,2025-08-16,4,"Highly recommend these snacks, kids love them.",0.33,Positive
REV05325,GreenGrocer,Grocery,2025-08-18,5,"Great coffee beans, wonderful aroma.",0.7,Positive
REV05326,GreenGrocer,Grocery,2025-08-22,5,"Highly recommend these snacks, kids love them.",0.35,Positive
REV05327,GreenGrocer,Grocery,2025-08-24,5,"Great coffee beans, wonderful aroma.",0.57,Positive
REV05328,GreenGrocer,Grocery,2025-08-22,4,"Very fast shipping, eggs arrived undamaged and fresh.",0.47,Positive
REV05329,GreenGrocer,Grocery,2025-08-31,5,"Highly recommend these snacks, kids love them.",0.78,Positive
REV05330,GreenGrocer,Grocery,2025-08-29,5,"Highly recommend these snacks, kids love them.",0.63,Positive
REV05331,GreenGrocer,Grocery,2025-08-31,4,"Super fresh organic apples, delicious!",0.72,Positive
REV05332,GreenGrocer,Grocery,2025-09-08,3,"Product is okay, nothing special.",-0.08,Neutral
REV05333,GreenGrocer,Grocery,2025-09-08,3,Average quality for the price.,0.15,Neutral
REV05334,GreenGrocer,Grocery,2025-09-03,4,"Great coffee beans, wonderful aroma.",0.62,Positive
REV05335,GreenGrocer,Grocery,2025-09-12,4,"Super fresh organic apples, delicious!",0.34,Positive
REV05336,GreenGrocer,Grocery,2025-09-11,4,"Highly recommend these snacks, kids love them.",0.56,Positive
REV05337,GreenGrocer,Grocery,2025-09-13,4,"Great coffee beans, wonderful aroma.",0.64,Positive
REV05338,GreenGrocer,Grocery,2025-09-20,5,"Excellent quality olive oil, great flavor.",0.87,Positive
REV05339,GreenGrocer,Grocery,2025-09-22,5,"Highly recommend these snacks, kids love them.",0.52,Positive
REV05340,GreenGrocer,Grocery,2025-09-19,4,"Super fresh organic apples, delicious!",0.89,Positive
REV05341,GreenGrocer,Grocery,2025-09-29,5,"Highly recommend these snacks, kids love them.",0.82,Positive
REV05342,GreenGrocer,Grocery,2025-09-27,5,"Great coffee beans, wonderful aroma.",0.59,Positive
REV05343,GreenGrocer,Grocery,2025-09-24,5,"Super fresh organic apples, delicious!",0.64,Positive
REV05344,GreenGrocer,Grocery,2025-10-04,5,"Super fresh organic apples, delicious!",0.67,Positive
REV05345,GreenGrocer,Grocery,2025-10-02,4,"Highly recommend these snacks, kids love them.",0.84,Positive
REV05346,GreenGrocer,Grocery,2025-10-03,5,"Highly recommend these snacks, kids love them.",0.66,Positive
REV05347,GreenGrocer,Grocery,2025-10-10,4,"Very fast shipping, eggs arrived undamaged and fresh.",0.51,Positive
REV05348,GreenGrocer,Grocery,2025-10-11,5,"Great coffee beans, wonderful aroma.",0.68,Positive
REV05349,GreenGrocer,Grocery,2025-10-13,3,Average quality for the price.,0.02,Neutral
REV05350,GreenGrocer,Grocery,2025-10-15,5,"Highly recommend these snacks, kids love them.",0.47,Positive
REV05351,GreenGrocer,Grocery,2025-10-18,5,"Very fast shipping, eggs arrived undamaged and fresh.",0.87,Positive
REV05352,GreenGrocer,Grocery,2025-10-19,4,"Super fresh organic apples, delicious!",0.64,Positive
REV05353,GreenGrocer,Grocery,2025-10-23,5,"Highly recommend these snacks, kids love them.",0.66,Positive
REV05354,GreenGrocer,Grocery,2025-10-24,4,"Excellent quality olive oil, great flavor.",0.82,Positive
REV05355,GreenGrocer,Grocery,2025-10-22,5,"Great coffee beans, wonderful aroma.",0.81,Positive
REV05356,GreenGrocer,Grocery,2025-10-29,5,"Highly recommend these snacks, kids love them.",0.55,Positive
REV05357,GreenGrocer,Grocery,2025-11-01,4,"Very fast shipping, eggs arrived undamaged and fresh.",0.37,Positive
REV05358,GreenGrocer,Grocery,2025-10-30,5,"Highly recommend these snacks, kids love them.",0.73,Positive
REV05359,GreenGrocer,Grocery,2025-11-05,4,"Excellent quality olive oil, great flavor.",0.67,Positive
REV05360,GreenGrocer,Grocery,2025-11-07,4,"Highly recommend these snacks, kids love them.",0.83,Positive
REV05361,GreenGrocer,Grocery,2025-11-10,5,"Very fast shipping, eggs arrived undamaged and fresh.",0.81,Positive
REV05362,GreenGrocer,Grocery,2025-11-13,4,"Super fresh organic apples, delicious!",0.51,Positive
REV05363,GreenGrocer,Grocery,2025-11-14,5,"Super fresh organic apples, delicious!",0.89,Positive
REV05364,GreenGrocer,Grocery,2025-11-12,5,"Highly recommend these snacks, kids love them.",0.44,Positive
REV05365,GreenGrocer,Grocery,2025-11-22,2,Delivery kept getting pushed back. Frustrating experience.,-0.49,Negative
REV05366,GreenGrocer,Grocery,2025-11-20,4,"Great coffee beans, wonderful aroma.",0.43,Positive
REV05367,GreenGrocer,Grocery,2025-11-20,4,"Very fast shipping, eggs arrived undamaged and fresh.",0.59,Positive
REV05368,GreenGrocer,Grocery,2025-11-29,4,"Super fresh organic apples, delicious!",0.34,Positive
REV05369,GreenGrocer,Grocery,2025-11-28,5,"Very fast shipping, eggs arrived undamaged and fresh.",0.75,Positive
REV05370,GreenGrocer,Grocery,2025-11-27,4,"Excellent quality olive oil, great flavor.",0.49,Positive
REV05371,GreenGrocer,Grocery,2025-12-06,5,"Highly recommend these snacks, kids love them.",0.76,Positive
REV05372,GreenGrocer,Grocery,2025-12-07,5,"Highly recommend these snacks, kids love them.",0.6,Positive
REV05373,GreenGrocer,Grocery,2025-12-08,4,"Excellent quality olive oil, great flavor.",0.37,Positive
REV05374,GreenGrocer,Grocery,2025-12-15,5,"Very fast shipping, eggs arrived undamaged and fresh.",0.72,Positive
REV05375,GreenGrocer,Grocery,2025-12-13,4,"Great coffee beans, wonderful aroma.",0.45,Positive
REV05376,GreenGrocer,Grocery,2025-12-14,4,"Super fresh organic apples, delicious!",0.53,Positive
REV05377,GreenGrocer,Grocery,2025-12-18,5,"Great coffee beans, wonderful aroma.",0.7,Positive
REV05378,GreenGrocer,Grocery,2025-12-22,5,"Super fresh organic apples, delicious!",0.78,Positive
REV05379,GreenGrocer,Grocery,2025-12-21,5,"Great coffee beans, wonderful aroma.",0.62,Positive
REV05380,GreenGrocer,Grocery,2025-12-29,4,"Very fast shipping, eggs arrived undamaged and fresh.",0.38,Positive
REV05381,GreenGrocer,Grocery,2025-12-24,3,"Took a bit long to ship, but works fine.",0.08,Neutral
REV05382,GreenGrocer,Grocery,2025-12-27,5,"Excellent quality olive oil, great flavor.",0.52,Positive
REV05383,GreenGrocer,Grocery,2026-01-02,3,"Decent item, fits reasonably well.",0.09,Neutral
REV05384,GreenGrocer,Grocery,2026-01-05,5,"Super fresh organic apples, delicious!",0.47,Positive
REV05385,GreenGrocer,Grocery,2026-01-02,5,"Highly recommend these snacks, kids love them.",0.47,Positive
REV05386,GreenGrocer,Grocery,2026-01-10,5,"Super fresh organic apples, delicious!",0.79,Positive
REV05387,GreenGrocer,Grocery,2026-01-12,4,"Excellent quality olive oil, great flavor.",0.7,Positive
REV05388,GreenGrocer,Grocery,2026-01-12,4,"Highly recommend these snacks, kids love them.",0.64,Positive
REV05389,GreenGrocer,Grocery,2026-01-14,5,"Super fresh organic apples, delicious!",0.79,Positive
REV05390,GreenGrocer,Grocery,2026-01-19,4,"Excellent quality olive oil, great flavor.",0.38,Positive
REV05391,GreenGrocer,Grocery,2026-01-17,5,"Excellent quality olive oil, great flavor.",0.65,Positive
REV05392,GreenGrocer,Grocery,2026-01-22,5,"Great coffee beans, wonderful aroma.",0.56,Positive
REV05393,GreenGrocer,Grocery,2026-01-24,5,"Great coffee beans, wonderful aroma.",0.72,Positive
REV05394,GreenGrocer,Grocery,2026-01-23,4,"Excellent quality olive oil, great flavor.",0.33,Positive
REV05395,GreenGrocer,Grocery,2026-02-02,3,Average quality for the price.,0.21,Neutral
REV05396,GreenGrocer,Grocery,2026-01-28,4,"Great coffee beans, wonderful aroma.",0.73,Positive
REV05397,GreenGrocer,Grocery,2026-01-30,5,"Very fast shipping, eggs arrived undamaged and fresh.",0.55,Positive
REV05398,GreenGrocer,Grocery,2026-02-06,5,"Very fast shipping, eggs arrived undamaged and fresh.",0.44,Positive
REV05399,GreenGrocer,Grocery,2026-02-04,5,"Great coffee beans, wonderful aroma.",0.83,Positive
REV05400,GreenGrocer,Grocery,2026-02-09,4,"Highly recommend these snacks, kids love them.",0.7,Positive
REV05401,GreenGrocer,Grocery,2026-02-14,5,"Highly recommend these snacks, kids love them.",0.53,Positive
REV05402,GreenGrocer,Grocery,2026-02-13,4,"Very fast shipping, eggs arrived undamaged and fresh.",0.78,Positive
REV05403,GreenGrocer,Grocery,2026-02-14,5,"Great coffee beans, wonderful aroma.",0.89,Positive
REV05404,GreenGrocer,Grocery,2026-02-18,5,"Very fast shipping, eggs arrived undamaged and fresh.",0.33,Positive
REV05405,GreenGrocer,Grocery,2026-02-21,5,"Excellent quality olive oil, great flavor.",0.41,Positive
REV05406,GreenGrocer,Grocery,2026-02-20,5,"Highly recommend these snacks, kids love them.",0.32,Positive
REV05407,GreenGrocer,Grocery,2026-03-01,5,"Great coffee beans, wonderful aroma.",0.42,Positive
REV05408,GreenGrocer,Grocery,2026-03-01,5,"Excellent quality olive oil, great flavor.",0.5,Positive
REV05409,GreenGrocer,Grocery,2026-02-28,5,"Highly recommend these snacks, kids love them.",0.52,Positive
REV05410,GreenGrocer,Grocery,2026-03-09,5,"Highly recommend these snacks, kids love them.",0.33,Positive
REV05411,GreenGrocer,Grocery,2026-03-09,5,"Very fast shipping, eggs arrived undamaged and fresh.",0.52,Positive
REV05412,GreenGrocer,Grocery,2026-03-04,5,"Great coffee beans, wonderful aroma.",0.43,Positive
REV05413,GreenGrocer,Grocery,2026-03-11,4,"Super fresh organic apples, delicious!",0.55,Positive
REV05414,GreenGrocer,Grocery,2026-03-15,5,"Super fresh organic apples, delicious!",0.86,Positive
REV05415,GreenGrocer,Grocery,2026-03-11,5,"Highly recommend these snacks, kids love them.",0.84,Positive
REV05416,GreenGrocer,Grocery,2026-03-22,4,"Great coffee beans, wonderful aroma.",0.51,Positive
REV05417,GreenGrocer,Grocery,2026-03-23,3,"Product is okay, nothing special.",-0.09,Neutral
REV05418,GreenGrocer,Grocery,2026-03-22,5,"Highly recommend these snacks, kids love them.",0.59,Positive
REV05419,GreenGrocer,Grocery,2026-03-30,3,"Product is okay, nothing special.",0.05,Neutral
REV05420,GreenGrocer,Grocery,2026-03-28,4,"Very fast shipping, eggs arrived undamaged and fresh.",0.52,Positive
REV05421,GreenGrocer,Grocery,2026-03-26,5,"Excellent quality olive oil, great flavor.",0.3,Positive
REV05422,GreenGrocer,Grocery,2026-04-05,5,"Highly recommend these snacks, kids love them.",0.8,Positive
REV05423,GreenGrocer,Grocery,2026-04-01,5,"Highly recommend these snacks, kids love them.",0.41,Positive
REV05424,GreenGrocer,Grocery,2026-04-04,5,"Excellent quality olive oil, great flavor.",0.55,Positive
REV05425,GreenGrocer,Grocery,2026-04-11,5,"Very fast shipping, eggs arrived undamaged and fresh.",0.81,Positive
REV05426,GreenGrocer,Grocery,2026-04-13,4,"Highly recommend these snacks, kids love them.",0.49,Positive
REV05427,GreenGrocer,Grocery,2026-04-08,5,"Highly recommend these snacks, kids love them.",0.35,Positive
REV05428,GreenGrocer,Grocery,2026-04-19,4,"Excellent quality olive oil, great flavor.",0.43,Positive
REV05429,GreenGrocer,Grocery,2026-04-17,4,"Very fast shipping, eggs arrived undamaged and fresh.",0.58,Positive
REV05430,GreenGrocer,Grocery,2026-04-17,5,"Very fast shipping, eggs arrived undamaged and fresh.",0.56,Positive
REV05431,GreenGrocer,Grocery,2026-04-22,4,"Excellent quality olive oil, great flavor.",0.78,Positive
REV05432,GreenGrocer,Grocery,2026-04-22,5,"Highly recommend these snacks, kids love them.",0.7,Positive
REV05433,GreenGrocer,Grocery,2026-04-22,4,"Super fresh organic apples, delicious!",0.88,Positive
REV05434,GreenGrocer,Grocery,2026-05-03,5,"Very fast shipping, eggs arrived undamaged and fresh.",0.56,Positive
REV05435,GreenGrocer,Grocery,2026-05-01,5,"Great coffee beans, wonderful aroma.",0.72,Positive
REV05436,GreenGrocer,Grocery,2026-04-30,3,"Took a bit long to ship, but works fine.",-0.02,Neutral
REV05437,GreenGrocer,Grocery,2026-05-07,4,"Highly recommend these snacks, kids love them.",0.82,Positive
REV05438,GreenGrocer,Grocery,2026-05-09,4,"Great coffee beans, wonderful aroma.",0.34,Positive
REV05439,GreenGrocer,Grocery,2026-05-10,5,"Excellent quality olive oil, great flavor.",0.37,Positive
REV05440,GreenGrocer,Grocery,2026-05-13,4,"Highly recommend these snacks, kids love them.",0.71,Positive
REV05441,GreenGrocer,Grocery,2026-05-16,4,"Great coffee beans, wonderful aroma.",0.61,Positive
REV05442,GreenGrocer,Grocery,2026-05-18,5,"Excellent quality olive oil, great flavor.",0.68,Positive
REV05443,GreenGrocer,Grocery,2026-05-23,5,"Excellent quality olive oil, great flavor.",0.45,Positive
REV05444,GreenGrocer,Grocery,2026-05-24,5,"Very fast shipping, eggs arrived undamaged and fresh.",0.37,Positive
REV05445,GreenGrocer,Grocery,2026-05-23,5,"Excellent quality olive oil, great flavor.",0.57,Positive
REV05446,GreenGrocer,Grocery,2026-06-01,4,"Super fresh organic apples, delicious!",0.5,Positive
REV05447,GreenGrocer,Grocery,2026-05-31,3,Average quality for the price.,0.08,Neutral
REV05448,GreenGrocer,Grocery,2026-06-01,4,"Super fresh organic apples, delicious!",0.52,Positive
REV05449,GreenGrocer,Grocery,2026-06-08,4,"Highly recommend these snacks, kids love them.",0.66,Positive
REV05450,GreenGrocer,Grocery,2026-06-07,4,"Very fast shipping, eggs arrived undamaged and fresh.",0.9,Positive
REV05451,GreenGrocer,Grocery,2026-06-05,5,"Excellent quality olive oil, great flavor.",0.69,Positive
REV05452,GreenGrocer,Grocery,2026-06-10,4,"Super fresh organic apples, delicious!",0.73,Positive
REV05453,GreenGrocer,Grocery,2026-06-13,5,"Super fresh organic apples, delicious!",0.57,Positive
REV05454,GreenGrocer,Grocery,2026-06-15,5,"Super fresh organic apples, delicious!",0.39,Positive
REV05455,GreenGrocer,Grocery,2026-06-18,5,"Great coffee beans, wonderful aroma.",0.85,Positive
REV05456,GreenGrocer,Grocery,2026-06-21,5,"Super fresh organic apples, delicious!",0.65,Positive
REV05457,GreenGrocer,Grocery,2026-06-17,5,"Great coffee beans, wonderful aroma.",0.45,Positive
REV05458,GreenGrocer,Grocery,2026-06-24,5,"Highly recommend these snacks, kids love them.",0.58,Positive
REV05459,GreenGrocer,Grocery,2026-06-27,5,"Excellent quality olive oil, great flavor.",0.63,Positive
REV05460,GreenGrocer,Grocery,2026-06-25,5,"Very fast shipping, eggs arrived undamaged and fresh.",0.58,Positive
REV05461,SuperFoods,Grocery,2025-07-04,5,"Excellent quality olive oil, great flavor.",0.57,Positive
REV05462,SuperFoods,Grocery,2025-07-06,4,"Excellent quality olive oil, great flavor.",0.55,Positive
REV05463,SuperFoods,Grocery,2025-07-07,5,"Excellent quality olive oil, great flavor.",0.79,Positive
REV05464,SuperFoods,Grocery,2025-07-11,4,"Highly recommend these snacks, kids love them.",0.6,Positive
REV05465,SuperFoods,Grocery,2025-07-11,5,"Super fresh organic apples, delicious!",0.59,Positive
REV05466,SuperFoods,Grocery,2025-07-10,4,"Super fresh organic apples, delicious!",0.57,Positive
REV05467,SuperFoods,Grocery,2025-07-21,4,"Super fresh organic apples, delicious!",0.79,Positive
REV05468,SuperFoods,Grocery,2025-07-16,5,"Great coffee beans, wonderful aroma.",0.48,Positive
REV05469,SuperFoods,Grocery,2025-07-19,5,"Super fresh organic apples, delicious!",0.58,Positive
REV05470,SuperFoods,Grocery,2025-07-23,4,"Super fresh organic apples, delicious!",0.44,Positive
REV05471,SuperFoods,Grocery,2025-07-25,5,"Excellent quality olive oil, great flavor.",0.89,Positive
REV05472,SuperFoods,Grocery,2025-07-24,4,"Very fast shipping, eggs arrived undamaged and fresh.",0.57,Positive
REV05473,SuperFoods,Grocery,2025-08-02,4,"Super fresh organic apples, delicious!",0.81,Positive
REV05474,SuperFoods,Grocery,2025-07-31,4,"Very fast shipping, eggs arrived undamaged and fresh.",0.6,Positive
REV05475,SuperFoods,Grocery,2025-07-30,5,"Highly recommend these snacks, kids love them.",0.47,Positive
REV05476,SuperFoods,Grocery,2025-08-09,5,"Super fresh organic apples, delicious!",0.78,Positive
REV05477,SuperFoods,Grocery,2025-08-09,3,"Product is okay, nothing special.",0.12,Neutral
REV05478,SuperFoods,Grocery,2025-08-07,5,"Super fresh organic apples, delicious!",0.67,Positive
REV05479,SuperFoods,Grocery,2025-08-16,5,"Highly recommend these snacks, kids love them.",0.42,Positive
REV05480,SuperFoods,Grocery,2025-08-18,4,"Very fast shipping, eggs arrived undamaged and fresh.",0.55,Positive
REV05481,SuperFoods,Grocery,2025-08-14,5,"Highly recommend these snacks, kids love them.",0.33,Positive
REV05482,SuperFoods,Grocery,2025-08-20,4,"Very fast shipping, eggs arrived undamaged and fresh.",0.37,Positive
REV05483,SuperFoods,Grocery,2025-08-25,4,"Excellent quality olive oil, great flavor.",0.68,Positive
REV05484,SuperFoods,Grocery,2025-08-25,5,"Great coffee beans, wonderful aroma.",0.5,Positive
REV05485,SuperFoods,Grocery,2025-08-27,4,"Super fresh organic apples, delicious!",0.67,Positive
REV05486,SuperFoods,Grocery,2025-08-29,4,"Very fast shipping, eggs arrived undamaged and fresh.",0.64,Positive
REV05487,SuperFoods,Grocery,2025-08-31,4,"Highly recommend these snacks, kids love them.",0.86,Positive
REV05488,SuperFoods,Grocery,2025-09-03,5,"Great coffee beans, wonderful aroma.",0.79,Positive
REV05489,SuperFoods,Grocery,2025-09-07,3,Average quality for the price.,0.08,Neutral
REV05490,SuperFoods,Grocery,2025-09-03,5,"Very fast shipping, eggs arrived undamaged and fresh.",0.8,Positive
REV05491,SuperFoods,Grocery,2025-09-10,5,"Great coffee beans, wonderful aroma.",0.83,Positive
REV05492,SuperFoods,Grocery,2025-09-10,4,"Great coffee beans, wonderful aroma.",0.32,Positive
REV05493,SuperFoods,Grocery,2025-09-14,4,"Great coffee beans, wonderful aroma.",0.69,Positive
REV05494,SuperFoods,Grocery,2025-09-18,5,"Excellent quality olive oil, great flavor.",0.4,Positive
REV05495,SuperFoods,Grocery,2025-09-17,5,"Very fast shipping, eggs arrived undamaged and fresh.",0.42,Positive
REV05496,SuperFoods,Grocery,2025-09-17,4,"Excellent quality olive oil, great flavor.",0.82,Positive
REV05497,SuperFoods,Grocery,2025-09-25,5,"Excellent quality olive oil, great flavor.",0.78,Positive
REV05498,SuperFoods,Grocery,2025-09-29,4,"Super fresh organic apples, delicious!",0.6,Positive
REV05499,SuperFoods,Grocery,2025-09-26,5,"Excellent quality olive oil, great flavor.",0.61,Positive
REV05500,SuperFoods,Grocery,2025-10-02,5,"Highly recommend these snacks, kids love them.",0.5,Positive
REV05501,SuperFoods,Grocery,2025-10-03,5,"Super fresh organic apples, delicious!",0.54,Positive
REV05502,SuperFoods,Grocery,2025-10-06,4,"Great coffee beans, wonderful aroma.",0.73,Positive
REV05503,SuperFoods,Grocery,2025-10-13,5,"Highly recommend these snacks, kids love them.",0.43,Positive
REV05504,SuperFoods,Grocery,2025-10-11,5,"Highly recommend these snacks, kids love them.",0.75,Positive
REV05505,SuperFoods,Grocery,2025-10-11,4,"Great coffee beans, wonderful aroma.",0.58,Positive
REV05506,SuperFoods,Grocery,2025-10-16,4,"Very fast shipping, eggs arrived undamaged and fresh.",0.72,Positive
REV05507,SuperFoods,Grocery,2025-10-20,5,"Excellent quality olive oil, great flavor.",0.62,Positive
REV05508,SuperFoods,Grocery,2025-10-18,4,"Very fast shipping, eggs arrived undamaged and fresh.",0.87,Positive
REV05509,SuperFoods,Grocery,2025-10-26,4,"Great coffee beans, wonderful aroma.",0.63,Positive
REV05510,SuperFoods,Grocery,2025-10-23,3,"Took a bit long to ship, but works fine.",0.21,Neutral
REV05511,SuperFoods,Grocery,2025-10-27,3,Average quality for the price.,0.11,Neutral
REV05512,SuperFoods,Grocery,2025-11-01,3,"Decent item, fits reasonably well.",-0.0,Neutral
REV05513,SuperFoods,Grocery,2025-11-02,4,"Highly recommend these snacks, kids love them.",0.78,Positive
REV05514,SuperFoods,Grocery,2025-10-31,4,"Very fast shipping, eggs arrived undamaged and fresh.",0.65,Positive
REV05515,SuperFoods,Grocery,2025-11-09,4,"Super fresh organic apples, delicious!",0.62,Positive
REV05516,SuperFoods,Grocery,2025-11-08,5,"Highly recommend these snacks, kids love them.",0.67,Positive
REV05517,SuperFoods,Grocery,2025-11-09,5,"Excellent quality olive oil, great flavor.",0.7,Positive
REV05518,SuperFoods,Grocery,2025-11-17,5,"Very fast shipping, eggs arrived undamaged and fresh.",0.89,Positive
REV05519,SuperFoods,Grocery,2025-11-15,5,"Super fresh organic apples, delicious!",0.75,Positive
REV05520,SuperFoods,Grocery,2025-11-12,3,Average quality for the price.,-0.09,Neutral
REV05521,SuperFoods,Grocery,2025-11-23,4,"Very fast shipping, eggs arrived undamaged and fresh.",0.79,Positive
REV05522,SuperFoods,Grocery,2025-11-21,5,"Highly recommend these snacks, kids love them.",0.77,Positive
REV05523,SuperFoods,Grocery,2025-11-24,3,"It does what it says, but feels a bit lightweight.",0.15,Neutral
REV05524,SuperFoods,Grocery,2025-11-29,5,"Very fast shipping, eggs arrived undamaged and fresh.",0.9,Positive
REV05525,SuperFoods,Grocery,2025-11-26,3,"Product is okay, nothing special.",0.26,Neutral
REV05526,SuperFoods,Grocery,2025-11-28,5,"Excellent quality olive oil, great flavor.",0.44,Positive
REV05527,SuperFoods,Grocery,2025-12-05,4,"Excellent quality olive oil, great flavor.",0.38,Positive
REV05528,SuperFoods,Grocery,2025-12-03,4,"Excellent quality olive oil, great flavor.",0.66,Positive
REV05529,SuperFoods,Grocery,2025-12-08,4,"Excellent quality olive oil, great flavor.",0.45,Positive
REV05530,SuperFoods,Grocery,2025-12-11,5,"Very fast shipping, eggs arrived undamaged and fresh.",0.74,Positive
REV05531,SuperFoods,Grocery,2025-12-10,5,"Very fast shipping, eggs arrived undamaged and fresh.",0.84,Positive
REV05532,SuperFoods,Grocery,2025-12-12,5,"Super fresh organic apples, delicious!",0.33,Positive
REV05533,SuperFoods,Grocery,2025-12-22,5,"Super fresh organic apples, delicious!",0.81,Positive
REV05534,SuperFoods,Grocery,2025-12-18,3,"Took a bit long to ship, but works fine.",0.2,Neutral
REV05535,SuperFoods,Grocery,2025-12-21,3,"Decent item, fits reasonably well.",-0.08,Neutral
REV05536,SuperFoods,Grocery,2025-12-28,4,"Excellent quality olive oil, great flavor.",0.47,Positive
REV05537,SuperFoods,Grocery,2025-12-27,5,"Super fresh organic apples, delicious!",0.9,Positive
REV05538,SuperFoods,Grocery,2025-12-28,4,"Very fast shipping, eggs arrived undamaged and fresh.",0.61,Positive
REV05539,SuperFoods,Grocery,2026-01-01,4,"Great coffee beans, wonderful aroma.",0.89,Positive
REV05540,SuperFoods,Grocery,2026-01-04,4,"Super fresh organic apples, delicious!",0.34,Positive
REV05541,SuperFoods,Grocery,2026-01-05,4,"Very fast shipping, eggs arrived undamaged and fresh.",0.55,Positive
REV05542,SuperFoods,Grocery,2026-01-11,5,"Super fresh organic apples, delicious!",0.34,Positive
REV05543,SuperFoods,Grocery,2026-01-12,5,"Highly recommend these snacks, kids love them.",0.52,Positive
REV05544,SuperFoods,Grocery,2026-01-09,4,"Highly recommend these snacks, kids love them.",0.55,Positive
REV05545,SuperFoods,Grocery,2026-01-15,4,"Excellent quality olive oil, great flavor.",0.71,Positive
REV05546,SuperFoods,Grocery,2026-01-17,4,"Super fresh organic apples, delicious!",0.44,Positive
REV05547,SuperFoods,Grocery,2026-01-14,5,"Highly recommend these snacks, kids love them.",0.61,Positive
REV05548,SuperFoods,Grocery,2026-01-21,4,"Highly recommend these snacks, kids love them.",0.46,Positive
REV05549,SuperFoods,Grocery,2026-01-24,3,"Product is okay, nothing special.",0.26,Neutral
REV05550,SuperFoods,Grocery,2026-01-25,4,"Excellent quality olive oil, great flavor.",0.67,Positive
REV05551,SuperFoods,Grocery,2026-01-31,4,"Great coffee beans, wonderful aroma.",0.48,Positive
REV05552,SuperFoods,Grocery,2026-02-01,4,"Excellent quality olive oil, great flavor.",0.38,Positive
REV05553,SuperFoods,Grocery,2026-01-30,5,"Super fresh organic apples, delicious!",0.53,Positive
REV05554,SuperFoods,Grocery,2026-02-04,4,"Great coffee beans, wonderful aroma.",0.64,Positive
REV05555,SuperFoods,Grocery,2026-02-06,4,"Highly recommend these snacks, kids love them.",0.43,Positive
REV05556,SuperFoods,Grocery,2026-02-07,4,"Excellent quality olive oil, great flavor.",0.34,Positive
REV05557,SuperFoods,Grocery,2026-02-15,5,"Great coffee beans, wonderful aroma.",0.87,Positive
REV05558,SuperFoods,Grocery,2026-02-13,5,"Super fresh organic apples, delicious!",0.44,Positive
REV05559,SuperFoods,Grocery,2026-02-11,5,"Super fresh organic apples, delicious!",0.67,Positive
REV05560,SuperFoods,Grocery,2026-02-21,5,"Super fresh organic apples, delicious!",0.72,Positive
REV05561,SuperFoods,Grocery,2026-02-20,4,"Very fast shipping, eggs arrived undamaged and fresh.",0.31,Positive
REV05562,SuperFoods,Grocery,2026-02-20,5,"Very fast shipping, eggs arrived undamaged and fresh.",0.32,Positive
REV05563,SuperFoods,Grocery,2026-03-01,5,"Super fresh organic apples, delicious!",0.62,Positive
REV05564,SuperFoods,Grocery,2026-02-28,4,"Very fast shipping, eggs arrived undamaged and fresh.",0.87,Positive
REV05565,SuperFoods,Grocery,2026-02-25,5,"Great coffee beans, wonderful aroma.",0.61,Positive
REV05566,SuperFoods,Grocery,2026-03-09,5,"Very fast shipping, eggs arrived undamaged and fresh.",0.63,Positive
REV05567,SuperFoods,Grocery,2026-03-07,5,"Highly recommend these snacks, kids love them.",0.73,Positive
REV05568,SuperFoods,Grocery,2026-03-06,4,"Super fresh organic apples, delicious!",0.8,Positive
REV05569,SuperFoods,Grocery,2026-03-11,4,"Super fresh organic apples, delicious!",0.69,Positive
REV05570,SuperFoods,Grocery,2026-03-11,4,"Excellent quality olive oil, great flavor.",0.52,Positive
REV05571,SuperFoods,Grocery,2026-03-12,3,"Product is okay, nothing special.",-0.03,Neutral
REV05572,SuperFoods,Grocery,2026-03-23,5,"Very fast shipping, eggs arrived undamaged and fresh.",0.79,Positive
REV05573,SuperFoods,Grocery,2026-03-19,4,"Highly recommend these snacks, kids love them.",0.6,Positive
REV05574,SuperFoods,Grocery,2026-03-18,4,"Excellent quality olive oil, great flavor.",0.69,Positive
REV05575,SuperFoods,Grocery,2026-03-29,4,"Very fast shipping, eggs arrived undamaged and fresh.",0.45,Positive
REV05576,SuperFoods,Grocery,2026-03-30,4,"Super fresh organic apples, delicious!",0.36,Positive
REV05577,SuperFoods,Grocery,2026-03-27,5,"Super fresh organic apples, delicious!",0.88,Positive
REV05578,SuperFoods,Grocery,2026-04-01,3,"Product is okay, nothing special.",0.3,Neutral
REV05579,SuperFoods,Grocery,2026-04-03,5,"Super fresh organic apples, delicious!",0.51,Positive
REV05580,SuperFoods,Grocery,2026-04-03,5,"Super fresh organic apples, delicious!",0.71,Positive
REV05581,SuperFoods,Grocery,2026-04-11,5,"Great coffee beans, wonderful aroma.",0.54,Positive
REV05582,SuperFoods,Grocery,2026-04-13,4,"Very fast shipping, eggs arrived undamaged and fresh.",0.77,Positive
REV05583,SuperFoods,Grocery,2026-04-09,4,"Excellent quality olive oil, great flavor.",0.64,Positive
REV05584,SuperFoods,Grocery,2026-04-15,5,"Highly recommend these snacks, kids love them.",0.64,Positive
REV05585,SuperFoods,Grocery,2026-04-17,5,"Excellent quality olive oil, great flavor.",0.59,Positive
REV05586,SuperFoods,Grocery,2026-04-19,4,"Excellent quality olive oil, great flavor.",0.69,Positive
REV05587,SuperFoods,Grocery,2026-04-27,5,"Highly recommend these snacks, kids love them.",0.44,Positive
REV05588,SuperFoods,Grocery,2026-04-26,5,"Super fresh organic apples, delicious!",0.61,Positive
REV05589,SuperFoods,Grocery,2026-04-23,4,"Great coffee beans, wonderful aroma.",0.68,Positive
REV05590,SuperFoods,Grocery,2026-05-04,5,"Highly recommend these snacks, kids love them.",0.49,Positive
REV05591,SuperFoods,Grocery,2026-05-01,4,"Highly recommend these snacks, kids love them.",0.5,Positive
REV05592,SuperFoods,Grocery,2026-05-04,4,"Very fast shipping, eggs arrived undamaged and fresh.",0.6,Positive
REV05593,SuperFoods,Grocery,2026-05-06,5,"Excellent quality olive oil, great flavor.",0.69,Positive
REV05594,SuperFoods,Grocery,2026-05-08,5,"Very fast shipping, eggs arrived undamaged and fresh.",0.34,Positive
REV05595,SuperFoods,Grocery,2026-05-08,5,"Super fresh organic apples, delicious!",0.81,Positive
REV05596,SuperFoods,Grocery,2026-05-18,5,"Excellent quality olive oil, great flavor.",0.47,Positive
REV05597,SuperFoods,Grocery,2026-05-18,4,"Excellent quality olive oil, great flavor.",0.76,Positive
REV05598,SuperFoods,Grocery,2026-05-13,5,"Super fresh organic apples, delicious!",0.37,Positive
REV05599,SuperFoods,Grocery,2026-05-21,5,"Super fresh organic apples, delicious!",0.43,Positive
REV05600,SuperFoods,Grocery,2026-05-25,5,"Super fresh organic apples, delicious!",0.51,Positive
REV05601,SuperFoods,Grocery,2026-05-23,3,Average quality for the price.,0.21,Neutral
REV05602,SuperFoods,Grocery,2026-05-30,5,"Excellent quality olive oil, great flavor.",0.39,Positive
REV05603,SuperFoods,Grocery,2026-05-29,4,"Super fresh organic apples, delicious!",0.37,Positive
REV05604,SuperFoods,Grocery,2026-05-31,4,"Excellent quality olive oil, great flavor.",0.59,Positive
REV05605,SuperFoods,Grocery,2026-06-07,3,"It does what it says, but feels a bit lightweight.",0.01,Neutral
REV05606,SuperFoods,Grocery,2026-06-05,4,"Very fast shipping, eggs arrived undamaged and fresh.",0.84,Positive
REV05607,SuperFoods,Grocery,2026-06-08,5,"Highly recommend these snacks, kids love them.",0.44,Positive
REV05608,SuperFoods,Grocery,2026-06-10,3,"It does what it says, but feels a bit lightweight.",0.13,Neutral
REV05609,SuperFoods,Grocery,2026-06-11,5,"Excellent quality olive oil, great flavor.",0.58,Positive
REV05610,SuperFoods,Grocery,2026-06-13,4,"Very fast shipping, eggs arrived undamaged and fresh.",0.56,Positive
REV05611,SuperFoods,Grocery,2026-06-21,5,"Great coffee beans, wonderful aroma.",0.37,Positive
REV05612,SuperFoods,Grocery,2026-06-20,3,Average quality for the price.,0.14,Neutral
REV05613,SuperFoods,Grocery,2026-06-17,3,Average quality for the price.,0.17,Neutral
REV05614,SuperFoods,Grocery,2026-06-25,5,"Highly recommend these snacks, kids love them.",0.5,Positive
REV05615,SuperFoods,Grocery,2026-06-28,4,"Very fast shipping, eggs arrived undamaged and fresh.",0.44,Positive
REV05616,SuperFoods,Grocery,2026-06-25,5,"Super fresh organic apples, delicious!",0.61,Positive
REV05617,NatureChoice,Grocery,2025-07-07,5,"Super fresh organic apples, delicious!",0.55,Positive
REV05618,NatureChoice,Grocery,2025-07-03,5,"Super fresh organic apples, delicious!",0.86,Positive
REV05619,NatureChoice,Grocery,2025-07-05,5,"Super fresh organic apples, delicious!",0.46,Positive
REV05620,NatureChoice,Grocery,2025-07-09,4,"Very fast shipping, eggs arrived undamaged and fresh.",0.53,Positive
REV05621,NatureChoice,Grocery,2025-07-14,5,"Highly recommend these snacks, kids love them.",0.4,Positive
REV05622,NatureChoice,Grocery,2025-07-12,4,"Great coffee beans, wonderful aroma.",0.37,Positive
REV05623,NatureChoice,Grocery,2025-07-16,5,"Very fast shipping, eggs arrived undamaged and fresh.",0.81,Positive
REV05624,NatureChoice,Grocery,2025-07-16,4,"Great coffee beans, wonderful aroma.",0.44,Positive
REV05625,NatureChoice,Grocery,2025-07-19,5,"Very fast shipping, eggs arrived undamaged and fresh.",0.35,Positive
REV05626,NatureChoice,Grocery,2025-07-26,4,"Excellent quality olive oil, great flavor.",0.89,Positive
REV05627,NatureChoice,Grocery,2025-07-26,5,"Great coffee beans, wonderful aroma.",0.5,Positive
REV05628,NatureChoice,Grocery,2025-07-25,5,"Great coffee beans, wonderful aroma.",0.42,Positive
REV05629,NatureChoice,Grocery,2025-08-01,5,"Highly recommend these snacks, kids love them.",0.7,Positive
REV05630,NatureChoice,Grocery,2025-07-30,4,"Very fast shipping, eggs arrived undamaged and fresh.",0.43,Positive
REV05631,NatureChoice,Grocery,2025-08-04,4,"Super fresh organic apples, delicious!",0.68,Positive
REV05632,NatureChoice,Grocery,2025-08-07,3,"Decent item, fits reasonably well.",0.15,Neutral
REV05633,NatureChoice,Grocery,2025-08-07,5,"Very fast shipping, eggs arrived undamaged and fresh.",0.69,Positive
REV05634,NatureChoice,Grocery,2025-08-07,5,"Highly recommend these snacks, kids love them.",0.65,Positive
REV05635,NatureChoice,Grocery,2025-08-17,5,"Very fast shipping, eggs arrived undamaged and fresh.",0.46,Positive
REV05636,NatureChoice,Grocery,2025-08-16,4,"Great coffee beans, wonderful aroma.",0.45,Positive
REV05637,NatureChoice,Grocery,2025-08-16,5,"Great coffee beans, wonderful aroma.",0.79,Positive
REV05638,NatureChoice,Grocery,2025-08-25,4,"Super fresh organic apples, delicious!",0.46,Positive
REV05639,NatureChoice,Grocery,2025-08-20,5,"Excellent quality olive oil, great flavor.",0.61,Positive
REV05640,NatureChoice,Grocery,2025-08-20,5,"Excellent quality olive oil, great flavor.",0.66,Positive
REV05641,NatureChoice,Grocery,2025-08-31,4,"Super fresh organic apples, delicious!",0.37,Positive
REV05642,NatureChoice,Grocery,2025-08-28,5,"Very fast shipping, eggs arrived undamaged and fresh.",0.87,Positive
REV05643,NatureChoice,Grocery,2025-08-31,4,"Super fresh organic apples, delicious!",0.86,Positive
REV05644,NatureChoice,Grocery,2025-09-04,4,"Very fast shipping, eggs arrived undamaged and fresh.",0.59,Positive
REV05645,NatureChoice,Grocery,2025-09-08,4,"Great coffee beans, wonderful aroma.",0.43,Positive
REV05646,NatureChoice,Grocery,2025-09-06,4,"Highly recommend these snacks, kids love them.",0.4,Positive
REV05647,NatureChoice,Grocery,2025-09-11,4,"Super fresh organic apples, delicious!",0.69,Positive
REV05648,NatureChoice,Grocery,2025-09-13,5,"Very fast shipping, eggs arrived undamaged and fresh.",0.85,Positive
REV05649,NatureChoice,Grocery,2025-09-11,5,"Excellent quality olive oil, great flavor.",0.88,Positive
REV05650,NatureChoice,Grocery,2025-09-22,4,"Very fast shipping, eggs arrived undamaged and fresh.",0.57,Positive
REV05651,NatureChoice,Grocery,2025-09-22,5,"Very fast shipping, eggs arrived undamaged and fresh.",0.53,Positive
REV05652,NatureChoice,Grocery,2025-09-19,5,"Great coffee beans, wonderful aroma.",0.35,Positive
REV05653,NatureChoice,Grocery,2025-09-24,5,"Super fresh organic apples, delicious!",0.55,Positive
REV05654,NatureChoice,Grocery,2025-09-28,4,"Excellent quality olive oil, great flavor.",0.6,Positive
REV05655,NatureChoice,Grocery,2025-09-27,3,"It does what it says, but feels a bit lightweight.",0.04,Neutral
REV05656,NatureChoice,Grocery,2025-10-06,5,"Very fast shipping, eggs arrived undamaged and fresh.",0.69,Positive
REV05657,NatureChoice,Grocery,2025-10-02,5,"Excellent quality olive oil, great flavor.",0.32,Positive
REV05658,NatureChoice,Grocery,2025-10-06,5,"Very fast shipping, eggs arrived undamaged and fresh.",0.37,Positive
REV05659,NatureChoice,Grocery,2025-10-09,5,"Excellent quality olive oil, great flavor.",0.6,Positive
REV05660,NatureChoice,Grocery,2025-10-11,5,"Very fast shipping, eggs arrived undamaged and fresh.",0.36,Positive
REV05661,NatureChoice,Grocery,2025-10-08,5,"Excellent quality olive oil, great flavor.",0.44,Positive
REV05662,NatureChoice,Grocery,2025-10-18,4,"Highly recommend these snacks, kids love them.",0.86,Positive
REV05663,NatureChoice,Grocery,2025-10-15,5,"Very fast shipping, eggs arrived undamaged and fresh.",0.38,Positive
REV05664,NatureChoice,Grocery,2025-10-17,5,"Excellent quality olive oil, great flavor.",0.78,Positive
REV05665,NatureChoice,Grocery,2025-10-27,4,"Excellent quality olive oil, great flavor.",0.67,Positive
REV05666,NatureChoice,Grocery,2025-10-26,4,"Super fresh organic apples, delicious!",0.82,Positive
REV05667,NatureChoice,Grocery,2025-10-25,5,"Very fast shipping, eggs arrived undamaged and fresh.",0.77,Positive
REV05668,NatureChoice,Grocery,2025-11-01,5,"Super fresh organic apples, delicious!",0.89,Positive
REV05669,NatureChoice,Grocery,2025-11-01,5,"Excellent quality olive oil, great flavor.",0.57,Positive
REV05670,NatureChoice,Grocery,2025-10-29,4,"Super fresh organic apples, delicious!",0.74,Positive
REV05671,NatureChoice,Grocery,2025-11-10,4,"Great coffee beans, wonderful aroma.",0.74,Positive
REV05672,NatureChoice,Grocery,2025-11-06,5,"Very fast shipping, eggs arrived undamaged and fresh.",0.74,Positive
REV05673,NatureChoice,Grocery,2025-11-09,3,"It does what it says, but feels a bit lightweight.",0.27,Neutral
REV05674,NatureChoice,Grocery,2025-11-12,4,"Excellent quality olive oil, great flavor.",0.65,Positive
REV05675,NatureChoice,Grocery,2025-11-14,4,"Super fresh organic apples, delicious!",0.67,Positive
REV05676,NatureChoice,Grocery,2025-11-15,4,"Very fast shipping, eggs arrived undamaged and fresh.",0.74,Positive
REV05677,NatureChoice,Grocery,2025-11-23,5,"Very fast shipping, eggs arrived undamaged and fresh.",0.8,Positive
REV05678,NatureChoice,Grocery,2025-11-24,5,"Very fast shipping, eggs arrived undamaged and fresh.",0.43,Positive
REV05679,NatureChoice,Grocery,2025-11-21,4,"Highly recommend these snacks, kids love them.",0.83,Positive
REV05680,NatureChoice,Grocery,2025-11-26,4,"Highly recommend these snacks, kids love them.",0.87,Positive
REV05681,NatureChoice,Grocery,2025-11-28,4,"Very fast shipping, eggs arrived undamaged and fresh.",0.3,Positive
REV05682,NatureChoice,Grocery,2025-11-30,5,"Very fast shipping, eggs arrived undamaged and fresh.",0.52,Positive
REV05683,NatureChoice,Grocery,2025-12-06,5,"Great coffee beans, wonderful aroma.",0.47,Positive
REV05684,NatureChoice,Grocery,2025-12-05,5,"Super fresh organic apples, delicious!",0.74,Positive
REV05685,NatureChoice,Grocery,2025-12-08,5,"Great coffee beans, wonderful aroma.",0.42,Positive
REV05686,NatureChoice,Grocery,2025-12-11,5,"Super fresh organic apples, delicious!",0.89,Positive
REV05687,NatureChoice,Grocery,2025-12-11,5,"Highly recommend these snacks, kids love them.",0.69,Positive
REV05688,NatureChoice,Grocery,2025-12-12,4,"Excellent quality olive oil, great flavor.",0.55,Positive
REV05689,NatureChoice,Grocery,2025-12-18,4,"Super fresh organic apples, delicious!",0.77,Positive
REV05690,NatureChoice,Grocery,2025-12-22,4,"Great coffee beans, wonderful aroma.",0.53,Positive
REV05691,NatureChoice,Grocery,2025-12-19,4,"Highly recommend these snacks, kids love them.",0.47,Positive
REV05692,NatureChoice,Grocery,2025-12-25,4,"Super fresh organic apples, delicious!",0.65,Positive
REV05693,NatureChoice,Grocery,2025-12-29,3,"Decent item, fits reasonably well.",-0.05,Neutral
REV05694,NatureChoice,Grocery,2025-12-26,4,"Super fresh organic apples, delicious!",0.7,Positive
REV05695,NatureChoice,Grocery,2026-01-03,5,"Great coffee beans, wonderful aroma.",0.61,Positive
REV05696,NatureChoice,Grocery,2026-01-01,5,"Great coffee beans, wonderful aroma.",0.58,Positive
REV05697,NatureChoice,Grocery,2026-01-05,5,"Very fast shipping, eggs arrived undamaged and fresh.",0.38,Positive
REV05698,NatureChoice,Grocery,2026-01-10,4,"Very fast shipping, eggs arrived undamaged and fresh.",0.79,Positive
REV05699,NatureChoice,Grocery,2026-01-10,3,"It does what it says, but feels a bit lightweight.",0.18,Neutral
REV05700,NatureChoice,Grocery,2026-01-09,5,"Very fast shipping, eggs arrived undamaged and fresh.",0.66,Positive
REV05701,NatureChoice,Grocery,2026-01-18,5,"Super fresh organic apples, delicious!",0.53,Positive
REV05702,NatureChoice,Grocery,2026-01-19,5,"Great coffee beans, wonderful aroma.",0.71,Positive
REV05703,NatureChoice,Grocery,2026-01-18,5,"Very fast shipping, eggs arrived undamaged and fresh.",0.6,Positive
REV05704,NatureChoice,Grocery,2026-01-24,4,"Highly recommend these snacks, kids love them.",0.51,Positive
REV05705,NatureChoice,Grocery,2026-01-23,5,"Great coffee beans, wonderful aroma.",0.53,Positive
REV05706,NatureChoice,Grocery,2026-01-21,4,"Very fast shipping, eggs arrived undamaged and fresh.",0.68,Positive
REV05707,NatureChoice,Grocery,2026-02-02,4,"Highly recommend these snacks, kids love them.",0.4,Positive
REV05708,NatureChoice,Grocery,2026-01-31,4,"Excellent quality olive oil, great flavor.",0.52,Positive
REV05709,NatureChoice,Grocery,2026-02-01,5,"Excellent quality olive oil, great flavor.",0.5,Positive
REV05710,NatureChoice,Grocery,2026-02-08,5,"Great coffee beans, wonderful aroma.",0.51,Positive
REV05711,NatureChoice,Grocery,2026-02-06,5,"Excellent quality olive oil, great flavor.",0.61,Positive
REV05712,NatureChoice,Grocery,2026-02-06,4,"Highly recommend these snacks, kids love them.",0.73,Positive
REV05713,NatureChoice,Grocery,2026-02-11,5,"Very fast shipping, eggs arrived undamaged and fresh.",0.35,Positive
REV05714,NatureChoice,Grocery,2026-02-11,5,"Highly recommend these snacks, kids love them.",0.65,Positive
REV05715,NatureChoice,Grocery,2026-02-13,4,"Excellent quality olive oil, great flavor.",0.58,Positive
REV05716,NatureChoice,Grocery,2026-02-18,4,"Super fresh organic apples, delicious!",0.82,Positive
REV05717,NatureChoice,Grocery,2026-02-20,4,"Highly recommend these snacks, kids love them.",0.67,Positive
REV05718,NatureChoice,Grocery,2026-02-21,5,"Super fresh organic apples, delicious!",0.65,Positive
REV05719,NatureChoice,Grocery,2026-02-25,5,"Super fresh organic apples, delicious!",0.47,Positive
REV05720,NatureChoice,Grocery,2026-02-26,4,"Very fast shipping, eggs arrived undamaged and fresh.",0.61,Positive
REV05721,NatureChoice,Grocery,2026-02-27,5,"Very fast shipping, eggs arrived undamaged and fresh.",0.77,Positive
REV05722,NatureChoice,Grocery,2026-03-05,4,"Great coffee beans, wonderful aroma.",0.85,Positive
REV05723,NatureChoice,Grocery,2026-03-09,4,"Super fresh organic apples, delicious!",0.34,Positive
REV05724,NatureChoice,Grocery,2026-03-05,5,"Very fast shipping, eggs arrived undamaged and fresh.",0.59,Positive
REV05725,NatureChoice,Grocery,2026-03-14,5,"Excellent quality olive oil, great flavor.",0.76,Positive
REV05726,NatureChoice,Grocery,2026-03-11,4,"Great coffee beans, wonderful aroma.",0.66,Positive
REV05727,NatureChoice,Grocery,2026-03-12,5,"Very fast shipping, eggs arrived undamaged and fresh.",0.72,Positive
REV05728,NatureChoice,Grocery,2026-03-20,5,"Highly recommend these snacks, kids love them.",0.33,Positive
REV05729,NatureChoice,Grocery,2026-03-23,5,"Excellent quality olive oil, great flavor.",0.66,Positive
REV05730,NatureChoice,Grocery,2026-03-21,5,"Highly recommend these snacks, kids love them.",0.69,Positive
REV05731,NatureChoice,Grocery,2026-03-27,5,"Super fresh organic apples, delicious!",0.62,Positive
REV05732,NatureChoice,Grocery,2026-03-29,3,"Took a bit long to ship, but works fine.",0.0,Neutral
REV05733,NatureChoice,Grocery,2026-03-26,5,"Very fast shipping, eggs arrived undamaged and fresh.",0.56,Positive
REV05734,NatureChoice,Grocery,2026-04-06,5,"Highly recommend these snacks, kids love them.",0.75,Positive
REV05735,NatureChoice,Grocery,2026-04-05,4,"Very fast shipping, eggs arrived undamaged and fresh.",0.56,Positive
REV05736,NatureChoice,Grocery,2026-04-06,4,"Excellent quality olive oil, great flavor.",0.5,Positive
REV05737,NatureChoice,Grocery,2026-04-10,5,"Excellent quality olive oil, great flavor.",0.63,Positive
REV05738,NatureChoice,Grocery,2026-04-11,5,"Excellent quality olive oil, great flavor.",0.77,Positive
REV05739,NatureChoice,Grocery,2026-04-09,4,"Great coffee beans, wonderful aroma.",0.79,Positive
REV05740,NatureChoice,Grocery,2026-04-15,5,"Very fast shipping, eggs arrived undamaged and fresh.",0.53,Positive
REV05741,NatureChoice,Grocery,2026-04-19,4,"Very fast shipping, eggs arrived undamaged and fresh.",0.72,Positive
REV05742,NatureChoice,Grocery,2026-04-19,4,"Highly recommend these snacks, kids love them.",0.81,Positive
REV05743,NatureChoice,Grocery,2026-04-25,5,"Highly recommend these snacks, kids love them.",0.4,Positive
REV05744,NatureChoice,Grocery,2026-04-23,5,"Super fresh organic apples, delicious!",0.45,Positive
REV05745,NatureChoice,Grocery,2026-04-25,5,"Great coffee beans, wonderful aroma.",0.44,Positive
REV05746,NatureChoice,Grocery,2026-05-03,4,"Very fast shipping, eggs arrived undamaged and fresh.",0.64,Positive
REV05747,NatureChoice,Grocery,2026-05-02,4,"Very fast shipping, eggs arrived undamaged and fresh.",0.79,Positive
REV05748,NatureChoice,Grocery,2026-05-02,4,"Very fast shipping, eggs arrived undamaged and fresh.",0.6,Positive
REV05749,NatureChoice,Grocery,2026-05-09,4,"Highly recommend these snacks, kids love them.",0.86,Positive
REV05750,NatureChoice,Grocery,2026-05-06,4,"Highly recommend these snacks, kids love them.",0.83,Positive
REV05751,NatureChoice,Grocery,2026-05-06,4,"Great coffee beans, wonderful aroma.",0.76,Positive
REV05752,NatureChoice,Grocery,2026-05-13,4,"Highly recommend these snacks, kids love them.",0.51,Positive
REV05753,NatureChoice,Grocery,2026-05-17,5,"Excellent quality olive oil, great flavor.",0.69,Positive
REV05754,NatureChoice,Grocery,2026-05-14,5,"Very fast shipping, eggs arrived undamaged and fresh.",0.36,Positive
REV05755,NatureChoice,Grocery,2026-05-22,5,"Great coffee beans, wonderful aroma.",0.53,Positive
REV05756,NatureChoice,Grocery,2026-05-24,5,"Excellent quality olive oil, great flavor.",0.5,Positive
REV05757,NatureChoice,Grocery,2026-05-24,5,"Great coffee beans, wonderful aroma.",0.45,Positive
REV05758,NatureChoice,Grocery,2026-05-30,4,"Super fresh organic apples, delicious!",0.84,Positive
REV05759,NatureChoice,Grocery,2026-05-30,5,"Excellent quality olive oil, great flavor.",0.71,Positive
REV05760,NatureChoice,Grocery,2026-05-30,5,"Super fresh organic apples, delicious!",0.41,Positive
REV05761,NatureChoice,Grocery,2026-06-06,5,"Great coffee beans, wonderful aroma.",0.48,Positive
REV05762,NatureChoice,Grocery,2026-06-03,4,"Super fresh organic apples, delicious!",0.5,Positive
REV05763,NatureChoice,Grocery,2026-06-05,5,"Super fresh organic apples, delicious!",0.36,Positive
REV05764,NatureChoice,Grocery,2026-06-12,4,"Super fresh organic apples, delicious!",0.62,Positive
REV05765,NatureChoice,Grocery,2026-06-10,5,"Great coffee beans, wonderful aroma.",0.75,Positive
REV05766,NatureChoice,Grocery,2026-06-14,5,"Very fast shipping, eggs arrived undamaged and fresh.",0.32,Positive
REV05767,NatureChoice,Grocery,2026-06-17,4,"Very fast shipping, eggs arrived undamaged and fresh.",0.58,Positive
REV05768,NatureChoice,Grocery,2026-06-22,3,"Product is okay, nothing special.",0.06,Neutral
REV05769,NatureChoice,Grocery,2026-06-22,5,"Great coffee beans, wonderful aroma.",0.52,Positive
REV05770,NatureChoice,Grocery,2026-06-29,4,"Super fresh organic apples, delicious!",0.78,Positive
REV05771,NatureChoice,Grocery,2026-06-28,4,"Excellent quality olive oil, great flavor.",0.7,Positive
REV05772,NatureChoice,Grocery,2026-06-28,3,Average quality for the price.,-0.01,Neutral
REV05773,FarmFresh,Grocery,2025-07-03,5,"Highly recommend these snacks, kids love them.",0.33,Positive
REV05774,FarmFresh,Grocery,2025-07-07,3,Average quality for the price.,-0.0,Neutral
REV05775,FarmFresh,Grocery,2025-07-04,4,"Excellent quality olive oil, great flavor.",0.45,Positive
REV05776,FarmFresh,Grocery,2025-07-14,5,"Very fast shipping, eggs arrived undamaged and fresh.",0.57,Positive
REV05777,FarmFresh,Grocery,2025-07-12,5,"Super fresh organic apples, delicious!",0.58,Positive
REV05778,FarmFresh,Grocery,2025-07-14,4,"Great coffee beans, wonderful aroma.",0.34,Positive
REV05779,FarmFresh,Grocery,2025-07-16,5,"Super fresh organic apples, delicious!",0.86,Positive
REV05780,FarmFresh,Grocery,2025-07-17,5,"Super fresh organic apples, delicious!",0.89,Positive
REV05781,FarmFresh,Grocery,2025-07-16,4,"Great coffee beans, wonderful aroma.",0.82,Positive
REV05782,FarmFresh,Grocery,2025-07-24,5,"Super fresh organic apples, delicious!",0.44,Positive
REV05783,FarmFresh,Grocery,2025-07-23,5,"Excellent quality olive oil, great flavor.",0.66,Positive
REV05784,FarmFresh,Grocery,2025-07-23,4,"Highly recommend these snacks, kids love them.",0.86,Positive
REV05785,FarmFresh,Grocery,2025-08-02,5,"Highly recommend these snacks, kids love them.",0.58,Positive
REV05786,FarmFresh,Grocery,2025-07-30,5,"Super fresh organic apples, delicious!",0.53,Positive
REV05787,FarmFresh,Grocery,2025-08-02,4,"Very fast shipping, eggs arrived undamaged and fresh.",0.57,Positive
REV05788,FarmFresh,Grocery,2025-08-07,5,"Excellent quality olive oil, great flavor.",0.68,Positive
REV05789,FarmFresh,Grocery,2025-08-08,3,"It does what it says, but feels a bit lightweight.",0.22,Neutral
REV05790,FarmFresh,Grocery,2025-08-11,5,"Great coffee beans, wonderful aroma.",0.63,Positive
REV05791,FarmFresh,Grocery,2025-08-13,5,"Great coffee beans, wonderful aroma.",0.57,Positive
REV05792,FarmFresh,Grocery,2025-08-14,5,"Highly recommend these snacks, kids love them.",0.62,Positive
REV05793,FarmFresh,Grocery,2025-08-14,5,"Super fresh organic apples, delicious!",0.42,Positive
REV05794,FarmFresh,Grocery,2025-08-21,2,Shipping was extremely delayed. No update from seller.,-0.2,Negative
REV05795,FarmFresh,Grocery,2025-08-25,4,"Great coffee beans, wonderful aroma.",0.77,Positive
REV05796,FarmFresh,Grocery,2025-08-21,5,"Great coffee beans, wonderful aroma.",0.34,Positive
REV05797,FarmFresh,Grocery,2025-08-29,3,"Decent item, fits reasonably well.",0.21,Neutral
REV05798,FarmFresh,Grocery,2025-09-01,5,"Very fast shipping, eggs arrived undamaged and fresh.",0.38,Positive
REV05799,FarmFresh,Grocery,2025-08-31,5,"Super fresh organic apples, delicious!",0.54,Positive
REV05800,FarmFresh,Grocery,2025-09-08,4,"Very fast shipping, eggs arrived undamaged and fresh.",0.65,Positive
REV05801,FarmFresh,Grocery,2025-09-06,4,"Very fast shipping, eggs arrived undamaged and fresh.",0.31,Positive
REV05802,FarmFresh,Grocery,2025-09-08,5,"Highly recommend these snacks, kids love them.",0.58,Positive
REV05803,FarmFresh,Grocery,2025-09-13,4,"Highly recommend these snacks, kids love them.",0.67,Positive
REV05804,FarmFresh,Grocery,2025-09-11,3,"Decent item, fits reasonably well.",-0.04,Neutral
REV05805,FarmFresh,Grocery,2025-09-12,4,"Super fresh organic apples, delicious!",0.78,Positive
REV05806,FarmFresh,Grocery,2025-09-21,4,"Super fresh organic apples, delicious!",0.86,Positive
REV05807,FarmFresh,Grocery,2025-09-17,4,"Highly recommend these snacks, kids love them.",0.45,Positive
REV05808,FarmFresh,Grocery,2025-09-19,3,"It does what it says, but feels a bit lightweight.",-0.1,Neutral
REV05809,FarmFresh,Grocery,2025-09-27,5,"Great coffee beans, wonderful aroma.",0.32,Positive
REV05810,FarmFresh,Grocery,2025-09-26,4,"Super fresh organic apples, delicious!",0.71,Positive
REV05811,FarmFresh,Grocery,2025-09-27,5,"Excellent quality olive oil, great flavor.",0.4,Positive
REV05812,FarmFresh,Grocery,2025-10-03,4,"Highly recommend these snacks, kids love them.",0.75,Positive
REV05813,FarmFresh,Grocery,2025-10-02,3,"Product is okay, nothing special.",-0.03,Neutral
REV05814,FarmFresh,Grocery,2025-10-05,5,"Very fast shipping, eggs arrived undamaged and fresh.",0.66,Positive
REV05815,FarmFresh,Grocery,2025-10-10,4,"Excellent quality olive oil, great flavor.",0.49,Positive
REV05816,FarmFresh,Grocery,2025-10-11,5,"Great coffee beans, wonderful aroma.",0.54,Positive
REV05817,FarmFresh,Grocery,2025-10-08,4,"Great coffee beans, wonderful aroma.",0.79,Positive
REV05818,FarmFresh,Grocery,2025-10-17,5,"Excellent quality olive oil, great flavor.",0.63,Positive
REV05819,FarmFresh,Grocery,2025-10-17,4,"Great coffee beans, wonderful aroma.",0.72,Positive
REV05820,FarmFresh,Grocery,2025-10-20,5,"Highly recommend these snacks, kids love them.",0.72,Positive
REV05821,FarmFresh,Grocery,2025-10-27,5,"Very fast shipping, eggs arrived undamaged and fresh.",0.49,Positive
REV05822,FarmFresh,Grocery,2025-10-25,5,"Very fast shipping, eggs arrived undamaged and fresh.",0.78,Positive
REV05823,FarmFresh,Grocery,2025-10-27,4,"Super fresh organic apples, delicious!",0.83,Positive
REV05824,FarmFresh,Grocery,2025-11-01,5,"Highly recommend these snacks, kids love them.",0.34,Positive
REV05825,FarmFresh,Grocery,2025-11-03,5,"Great coffee beans, wonderful aroma.",0.87,Positive
REV05826,FarmFresh,Grocery,2025-11-02,5,"Excellent quality olive oil, great flavor.",0.44,Positive
REV05827,FarmFresh,Grocery,2025-11-10,5,"Great coffee beans, wonderful aroma.",0.67,Positive
REV05828,FarmFresh,Grocery,2025-11-07,5,"Great coffee beans, wonderful aroma.",0.73,Positive
REV05829,FarmFresh,Grocery,2025-11-10,4,"Excellent quality olive oil, great flavor.",0.45,Positive
REV05830,FarmFresh,Grocery,2025-11-16,4,"Great coffee beans, wonderful aroma.",0.7,Positive
REV05831,FarmFresh,Grocery,2025-11-16,4,"Very fast shipping, eggs arrived undamaged and fresh.",0.39,Positive
REV05832,FarmFresh,Grocery,2025-11-15,5,"Great coffee beans, wonderful aroma.",0.33,Positive
REV05833,FarmFresh,Grocery,2025-11-19,5,"Super fresh organic apples, delicious!",0.39,Positive
REV05834,FarmFresh,Grocery,2025-11-20,4,"Excellent quality olive oil, great flavor.",0.54,Positive
REV05835,FarmFresh,Grocery,2025-11-24,5,"Super fresh organic apples, delicious!",0.81,Positive
REV05836,FarmFresh,Grocery,2025-12-01,4,"Highly recommend these snacks, kids love them.",0.71,Positive
REV05837,FarmFresh,Grocery,2025-11-28,4,"Highly recommend these snacks, kids love them.",0.44,Positive
REV05838,FarmFresh,Grocery,2025-12-01,5,"Excellent quality olive oil, great flavor.",0.56,Positive
REV05839,FarmFresh,Grocery,2025-12-04,4,"Super fresh organic apples, delicious!",0.84,Positive
REV05840,FarmFresh,Grocery,2025-12-06,3,"Decent item, fits reasonably well.",0.11,Neutral
REV05841,FarmFresh,Grocery,2025-12-03,4,"Super fresh organic apples, delicious!",0.6,Positive
REV05842,FarmFresh,Grocery,2025-12-10,5,"Very fast shipping, eggs arrived undamaged and fresh.",0.67,Positive
REV05843,FarmFresh,Grocery,2025-12-15,5,"Super fresh organic apples, delicious!",0.32,Positive
REV05844,FarmFresh,Grocery,2025-12-13,5,"Super fresh organic apples, delicious!",0.77,Positive
REV05845,FarmFresh,Grocery,2025-12-21,4,"Very fast shipping, eggs arrived undamaged and fresh.",0.7,Positive
REV05846,FarmFresh,Grocery,2025-12-18,5,"Super fresh organic apples, delicious!",0.68,Positive
REV05847,FarmFresh,Grocery,2025-12-17,4,"Very fast shipping, eggs arrived undamaged and fresh.",0.48,Positive
REV05848,FarmFresh,Grocery,2025-12-27,5,"Highly recommend these snacks, kids love them.",0.69,Positive
REV05849,FarmFresh,Grocery,2025-12-29,5,"Excellent quality olive oil, great flavor.",0.61,Positive
REV05850,FarmFresh,Grocery,2025-12-28,5,"Great coffee beans, wonderful aroma.",0.89,Positive
REV05851,FarmFresh,Grocery,2026-01-02,4,"Excellent quality olive oil, great flavor.",0.8,Positive
REV05852,FarmFresh,Grocery,2026-01-03,4,"Highly recommend these snacks, kids love them.",0.69,Positive
REV05853,FarmFresh,Grocery,2026-01-01,5,"Very fast shipping, eggs arrived undamaged and fresh.",0.6,Positive
REV05854,FarmFresh,Grocery,2026-01-10,4,"Excellent quality olive oil, great flavor.",0.69,Positive
REV05855,FarmFresh,Grocery,2026-01-08,4,"Great coffee beans, wonderful aroma.",0.7,Positive
REV05856,FarmFresh,Grocery,2026-01-11,4,"Super fresh organic apples, delicious!",0.71,Positive
REV05857,FarmFresh,Grocery,2026-01-15,4,"Super fresh organic apples, delicious!",0.75,Positive
REV05858,FarmFresh,Grocery,2026-01-15,4,"Super fresh organic apples, delicious!",0.79,Positive
REV05859,FarmFresh,Grocery,2026-01-16,5,"Super fresh organic apples, delicious!",0.78,Positive
REV05860,FarmFresh,Grocery,2026-01-25,4,"Highly recommend these snacks, kids love them.",0.44,Positive
REV05861,FarmFresh,Grocery,2026-01-21,4,"Great coffee beans, wonderful aroma.",0.79,Positive
REV05862,FarmFresh,Grocery,2026-01-22,4,"Very fast shipping, eggs arrived undamaged and fresh.",0.55,Positive
REV05863,FarmFresh,Grocery,2026-01-31,4,"Great coffee beans, wonderful aroma.",0.61,Positive
REV05864,FarmFresh,Grocery,2026-01-29,4,"Excellent quality olive oil, great flavor.",0.36,Positive
REV05865,FarmFresh,Grocery,2026-01-31,5,"Great coffee beans, wonderful aroma.",0.53,Positive
REV05866,FarmFresh,Grocery,2026-02-06,5,"Very fast shipping, eggs arrived undamaged and fresh.",0.36,Positive
REV05867,FarmFresh,Grocery,2026-02-08,3,"It does what it says, but feels a bit lightweight.",0.26,Neutral
REV05868,FarmFresh,Grocery,2026-02-04,3,Average quality for the price.,-0.01,Neutral
REV05869,FarmFresh,Grocery,2026-02-16,5,"Highly recommend these snacks, kids love them.",0.87,Positive
REV05870,FarmFresh,Grocery,2026-02-11,4,"Highly recommend these snacks, kids love them.",0.52,Positive
REV05871,FarmFresh,Grocery,2026-02-11,4,"Great coffee beans, wonderful aroma.",0.53,Positive
REV05872,FarmFresh,Grocery,2026-02-20,5,"Great coffee beans, wonderful aroma.",0.51,Positive
REV05873,FarmFresh,Grocery,2026-02-18,5,"Super fresh organic apples, delicious!",0.73,Positive
REV05874,FarmFresh,Grocery,2026-02-19,5,"Highly recommend these snacks, kids love them.",0.73,Positive
REV05875,FarmFresh,Grocery,2026-03-01,5,"Great coffee beans, wonderful aroma.",0.32,Positive
REV05876,FarmFresh,Grocery,2026-02-25,4,"Very fast shipping, eggs arrived undamaged and fresh.",0.43,Positive
REV05877,FarmFresh,Grocery,2026-02-27,5,"Excellent quality olive oil, great flavor.",0.53,Positive
REV05878,FarmFresh,Grocery,2026-03-09,5,"Highly recommend these snacks, kids love them.",0.43,Positive
REV05879,FarmFresh,Grocery,2026-03-04,5,"Very fast shipping, eggs arrived undamaged and fresh.",0.43,Positive
REV05880,FarmFresh,Grocery,2026-03-06,4,"Excellent quality olive oil, great flavor.",0.89,Positive
REV05881,FarmFresh,Grocery,2026-03-15,5,"Great coffee beans, wonderful aroma.",0.79,Positive
REV05882,FarmFresh,Grocery,2026-03-15,4,"Excellent quality olive oil, great flavor.",0.74,Positive
REV05883,FarmFresh,Grocery,2026-03-15,5,"Great coffee beans, wonderful aroma.",0.74,Positive
REV05884,FarmFresh,Grocery,2026-03-22,4,"Highly recommend these snacks, kids love them.",0.44,Positive
REV05885,FarmFresh,Grocery,2026-03-22,5,"Super fresh organic apples, delicious!",0.36,Positive
REV05886,FarmFresh,Grocery,2026-03-22,5,"Super fresh organic apples, delicious!",0.63,Positive
REV05887,FarmFresh,Grocery,2026-03-30,4,"Very fast shipping, eggs arrived undamaged and fresh.",0.41,Positive
REV05888,FarmFresh,Grocery,2026-03-25,4,"Super fresh organic apples, delicious!",0.52,Positive
REV05889,FarmFresh,Grocery,2026-03-28,5,"Very fast shipping, eggs arrived undamaged and fresh.",0.34,Positive
REV05890,FarmFresh,Grocery,2026-04-03,5,"Excellent quality olive oil, great flavor.",0.39,Positive
REV05891,FarmFresh,Grocery,2026-04-02,5,"Super fresh organic apples, delicious!",0.74,Positive
REV05892,FarmFresh,Grocery,2026-04-05,3,Average quality for the price.,-0.08,Neutral
REV05893,FarmFresh,Grocery,2026-04-13,4,"Very fast shipping, eggs arrived undamaged and fresh.",0.53,Positive
REV05894,FarmFresh,Grocery,2026-04-09,4,"Super fresh organic apples, delicious!",0.33,Positive
REV05895,FarmFresh,Grocery,2026-04-08,5,"Highly recommend these snacks, kids love them.",0.61,Positive
REV05896,FarmFresh,Grocery,2026-04-20,4,"Great coffee beans, wonderful aroma.",0.86,Positive
REV05897,FarmFresh,Grocery,2026-04-17,3,"Product is okay, nothing special.",0.18,Neutral
REV05898,FarmFresh,Grocery,2026-04-18,5,"Super fresh organic apples, delicious!",0.52,Positive
REV05899,FarmFresh,Grocery,2026-04-22,5,"Great coffee beans, wonderful aroma.",0.73,Positive
REV05900,FarmFresh,Grocery,2026-04-25,5,"Great coffee beans, wonderful aroma.",0.69,Positive
REV05901,FarmFresh,Grocery,2026-04-24,4,"Excellent quality olive oil, great flavor.",0.52,Positive
REV05902,FarmFresh,Grocery,2026-04-29,4,"Super fresh organic apples, delicious!",0.72,Positive
REV05903,FarmFresh,Grocery,2026-05-02,4,"Super fresh organic apples, delicious!",0.49,Positive
REV05904,FarmFresh,Grocery,2026-04-30,4,"Great coffee beans, wonderful aroma.",0.73,Positive
REV05905,FarmFresh,Grocery,2026-05-09,5,"Very fast shipping, eggs arrived undamaged and fresh.",0.79,Positive
REV05906,FarmFresh,Grocery,2026-05-08,4,"Highly recommend these snacks, kids love them.",0.4,Positive
REV05907,FarmFresh,Grocery,2026-05-06,4,"Excellent quality olive oil, great flavor.",0.41,Positive
REV05908,FarmFresh,Grocery,2026-05-14,5,"Super fresh organic apples, delicious!",0.65,Positive
REV05909,FarmFresh,Grocery,2026-05-17,5,"Great coffee beans, wonderful aroma.",0.67,Positive
REV05910,FarmFresh,Grocery,2026-05-18,4,"Highly recommend these snacks, kids love them.",0.54,Positive
REV05911,FarmFresh,Grocery,2026-05-24,4,"Super fresh organic apples, delicious!",0.79,Positive
REV05912,FarmFresh,Grocery,2026-05-20,4,"Highly recommend these snacks, kids love them.",0.4,Positive
REV05913,FarmFresh,Grocery,2026-05-23,5,"Highly recommend these snacks, kids love them.",0.5,Positive
REV05914,FarmFresh,Grocery,2026-05-30,5,"Excellent quality olive oil, great flavor.",0.35,Positive
REV05915,FarmFresh,Grocery,2026-05-31,4,"Highly recommend these snacks, kids love them.",0.8,Positive
REV05916,FarmFresh,Grocery,2026-05-27,4,"Excellent quality olive oil, great flavor.",0.82,Positive
REV05917,FarmFresh,Grocery,2026-06-07,5,"Super fresh organic apples, delicious!",0.8,Positive
REV05918,FarmFresh,Grocery,2026-06-05,5,"Very fast shipping, eggs arrived undamaged and fresh.",0.59,Positive
REV05919,FarmFresh,Grocery,2026-06-05,4,"Excellent quality olive oil, great flavor.",0.51,Positive
REV05920,FarmFresh,Grocery,2026-06-11,5,"Super fresh organic apples, delicious!",0.67,Positive
REV05921,FarmFresh,Grocery,2026-06-10,3,Average quality for the price.,0.23,Neutral
REV05922,FarmFresh,Grocery,2026-06-10,5,"Great coffee beans, wonderful aroma.",0.6,Positive
REV05923,FarmFresh,Grocery,2026-06-22,5,"Highly recommend these snacks, kids love them.",0.33,Positive
REV05924,FarmFresh,Grocery,2026-06-21,5,"Great coffee beans, wonderful aroma.",0.64,Positive
REV05925,FarmFresh,Grocery,2026-06-17,4,"Super fresh organic apples, delicious!",0.66,Positive
REV05926,FarmFresh,Grocery,2026-06-24,5,"Excellent quality olive oil, great flavor.",0.8,Positive
REV05927,FarmFresh,Grocery,2026-06-24,4,"Super fresh organic apples, delicious!",0.76,Positive
REV05928,FarmFresh,Grocery,2026-06-27,5,"Excellent quality olive oil, great flavor.",0.41,Positive
REV05929,QuickStore,Grocery,2025-07-02,5,"Very fast shipping, eggs arrived undamaged and fresh.",0.82,Positive
REV05930,QuickStore,Grocery,2025-07-04,4,"Very fast shipping, eggs arrived undamaged and fresh.",0.79,Positive
REV05931,QuickStore,Grocery,2025-07-07,5,"Great coffee beans, wonderful aroma.",0.47,Positive
REV05932,QuickStore,Grocery,2025-07-10,4,"Very fast shipping, eggs arrived undamaged and fresh.",0.68,Positive
REV05933,QuickStore,Grocery,2025-07-12,5,"Great coffee beans, wonderful aroma.",0.48,Positive
REV05934,QuickStore,Grocery,2025-07-14,5,"Highly recommend these snacks, kids love them.",0.34,Positive
REV05935,QuickStore,Grocery,2025-07-16,4,"Super fresh organic apples, delicious!",0.78,Positive
REV05936,QuickStore,Grocery,2025-07-20,5,"Very fast shipping, eggs arrived undamaged and fresh.",0.85,Positive
REV05937,QuickStore,Grocery,2025-07-19,5,"Excellent quality olive oil, great flavor.",0.39,Positive
REV05938,QuickStore,Grocery,2025-07-24,4,"Very fast shipping, eggs arrived undamaged and fresh.",0.7,Positive
REV05939,QuickStore,Grocery,2025-07-28,5,"Highly recommend these snacks, kids love them.",0.72,Positive
REV05940,QuickStore,Grocery,2025-07-25,5,"Very fast shipping, eggs arrived undamaged and fresh.",0.64,Positive
REV05941,QuickStore,Grocery,2025-08-01,4,"Great coffee beans, wonderful aroma.",0.59,Positive
REV05942,QuickStore,Grocery,2025-08-03,3,Average quality for the price.,0.27,Neutral
REV05943,QuickStore,Grocery,2025-08-01,5,"Very fast shipping, eggs arrived undamaged and fresh.",0.52,Positive
REV05944,QuickStore,Grocery,2025-08-10,4,"Great coffee beans, wonderful aroma.",0.44,Positive
REV05945,QuickStore,Grocery,2025-08-06,5,"Super fresh organic apples, delicious!",0.77,Positive
REV05946,QuickStore,Grocery,2025-08-09,5,"Very fast shipping, eggs arrived undamaged and fresh.",0.46,Positive
REV05947,QuickStore,Grocery,2025-08-16,4,"Great coffee beans, wonderful aroma.",0.47,Positive
REV05948,QuickStore,Grocery,2025-08-13,4,"Very fast shipping, eggs arrived undamaged and fresh.",0.36,Positive
REV05949,QuickStore,Grocery,2025-08-14,4,"Excellent quality olive oil, great flavor.",0.68,Positive
REV05950,QuickStore,Grocery,2025-08-22,4,"Excellent quality olive oil, great flavor.",0.36,Positive
REV05951,QuickStore,Grocery,2025-08-21,5,"Great coffee beans, wonderful aroma.",0.89,Positive
REV05952,QuickStore,Grocery,2025-08-22,3,"Product is okay, nothing special.",0.22,Neutral
REV05953,QuickStore,Grocery,2025-08-27,4,"Excellent quality olive oil, great flavor.",0.42,Positive
REV05954,QuickStore,Grocery,2025-09-01,5,"Excellent quality olive oil, great flavor.",0.71,Positive
REV05955,QuickStore,Grocery,2025-09-01,4,"Highly recommend these snacks, kids love them.",0.89,Positive
REV05956,QuickStore,Grocery,2025-09-03,5,"Highly recommend these snacks, kids love them.",0.61,Positive
REV05957,QuickStore,Grocery,2025-09-06,4,"Super fresh organic apples, delicious!",0.79,Positive
REV05958,QuickStore,Grocery,2025-09-05,5,"Super fresh organic apples, delicious!",0.85,Positive
REV05959,QuickStore,Grocery,2025-09-13,4,"Great coffee beans, wonderful aroma.",0.6,Positive
REV05960,QuickStore,Grocery,2025-09-10,5,"Very fast shipping, eggs arrived undamaged and fresh.",0.32,Positive
REV05961,QuickStore,Grocery,2025-09-12,5,"Super fresh organic apples, delicious!",0.61,Positive
REV05962,QuickStore,Grocery,2025-09-20,3,"Decent item, fits reasonably well.",0.15,Neutral
REV05963,QuickStore,Grocery,2025-09-20,4,"Super fresh organic apples, delicious!",0.32,Positive
REV05964,QuickStore,Grocery,2025-09-20,4,"Highly recommend these snacks, kids love them.",0.58,Positive
REV05965,QuickStore,Grocery,2025-09-25,5,"Excellent quality olive oil, great flavor.",0.43,Positive
REV05966,QuickStore,Grocery,2025-09-25,5,"Highly recommend these snacks, kids love them.",0.8,Positive
REV05967,QuickStore,Grocery,2025-09-28,5,"Highly recommend these snacks, kids love them.",0.49,Positive
REV05968,QuickStore,Grocery,2025-10-01,5,"Very fast shipping, eggs arrived undamaged and fresh.",0.64,Positive
REV05969,QuickStore,Grocery,2025-10-03,4,"Great coffee beans, wonderful aroma.",0.79,Positive
REV05970,QuickStore,Grocery,2025-10-05,5,"Super fresh organic apples, delicious!",0.49,Positive
REV05971,QuickStore,Grocery,2025-10-10,4,"Very fast shipping, eggs arrived undamaged and fresh.",0.69,Positive
REV05972,QuickStore,Grocery,2025-10-09,5,"Great coffee beans, wonderful aroma.",0.72,Positive
REV05973,QuickStore,Grocery,2025-10-10,4,"Super fresh organic apples, delicious!",0.54,Positive
REV05974,QuickStore,Grocery,2025-10-18,3,"It does what it says, but feels a bit lightweight.",0.25,Neutral
REV05975,QuickStore,Grocery,2025-10-20,4,"Highly recommend these snacks, kids love them.",0.75,Positive
REV05976,QuickStore,Grocery,2025-10-15,3,"Product is okay, nothing special.",0.27,Neutral
REV05977,QuickStore,Grocery,2025-10-27,4,"Highly recommend these snacks, kids love them.",0.51,Positive
REV05978,QuickStore,Grocery,2025-10-26,4,"Very fast shipping, eggs arrived undamaged and fresh.",0.85,Positive
REV05979,QuickStore,Grocery,2025-10-25,4,"Highly recommend these snacks, kids love them.",0.72,Positive
REV05980,QuickStore,Grocery,2025-11-02,5,"Great coffee beans, wonderful aroma.",0.55,Positive
REV05981,QuickStore,Grocery,2025-10-30,5,"Very fast shipping, eggs arrived undamaged and fresh.",0.31,Positive
REV05982,QuickStore,Grocery,2025-11-01,5,"Highly recommend these snacks, kids love them.",0.47,Positive
REV05983,QuickStore,Grocery,2025-11-06,4,"Excellent quality olive oil, great flavor.",0.66,Positive
REV05984,QuickStore,Grocery,2025-11-07,5,"Super fresh organic apples, delicious!",0.79,Positive
REV05985,QuickStore,Grocery,2025-11-05,5,"Very fast shipping, eggs arrived undamaged and fresh.",0.49,Positive
REV05986,QuickStore,Grocery,2025-11-14,4,"Great coffee beans, wonderful aroma.",0.65,Positive
REV05987,QuickStore,Grocery,2025-11-16,4,"Very fast shipping, eggs arrived undamaged and fresh.",0.81,Positive
REV05988,QuickStore,Grocery,2025-11-12,5,"Highly recommend these snacks, kids love them.",0.87,Positive
REV05989,QuickStore,Grocery,2025-11-21,5,"Very fast shipping, eggs arrived undamaged and fresh.",0.47,Positive
REV05990,QuickStore,Grocery,2025-11-24,4,"Very fast shipping, eggs arrived undamaged and fresh.",0.69,Positive
REV05991,QuickStore,Grocery,2025-11-24,5,"Very fast shipping, eggs arrived undamaged and fresh.",0.37,Positive
REV05992,QuickStore,Grocery,2025-11-26,4,"Great coffee beans, wonderful aroma.",0.39,Positive
REV05993,QuickStore,Grocery,2025-11-28,3,"Product is okay, nothing special.",-0.01,Neutral
REV05994,QuickStore,Grocery,2025-12-01,5,"Great coffee beans, wonderful aroma.",0.65,Positive
REV05995,QuickStore,Grocery,2025-12-04,3,"Took a bit long to ship, but works fine.",-0.01,Neutral
REV05996,QuickStore,Grocery,2025-12-06,4,"Highly recommend these snacks, kids love them.",0.32,Positive
REV05997,QuickStore,Grocery,2025-12-06,4,"Super fresh organic apples, delicious!",0.71,Positive
REV05998,QuickStore,Grocery,2025-12-10,5,"Highly recommend these snacks, kids love them.",0.56,Positive
REV05999,QuickStore,Grocery,2025-12-13,5,"Very fast shipping, eggs arrived undamaged and fresh.",0.47,Positive
REV06000,QuickStore,Grocery,2025-12-11,5,"Great coffee beans, wonderful aroma.",0.66,Positive
REV06001,QuickStore,Grocery,2025-12-21,5,"Super fresh organic apples, delicious!",0.55,Positive
REV06002,QuickStore,Grocery,2025-12-19,5,"Super fresh organic apples, delicious!",0.41,Positive
REV06003,QuickStore,Grocery,2025-12-21,4,"Great coffee beans, wonderful aroma.",0.36,Positive
REV06004,QuickStore,Grocery,2025-12-27,5,"Super fresh organic apples, delicious!",0.85,Positive
REV06005,QuickStore,Grocery,2025-12-26,4,"Excellent quality olive oil, great flavor.",0.88,Positive
REV06006,QuickStore,Grocery,2025-12-26,4,"Very fast shipping, eggs arrived undamaged and fresh.",0.48,Positive
REV06007,QuickStore,Grocery,2026-01-01,4,"Excellent quality olive oil, great flavor.",0.6,Positive
REV06008,QuickStore,Grocery,2026-01-01,4,"Excellent quality olive oil, great flavor.",0.78,Positive
REV06009,QuickStore,Grocery,2026-01-05,4,"Great coffee beans, wonderful aroma.",0.8,Positive
REV06010,QuickStore,Grocery,2026-01-07,4,"Excellent quality olive oil, great flavor.",0.87,Positive
REV06011,QuickStore,Grocery,2026-01-08,5,"Super fresh organic apples, delicious!",0.44,Positive
REV06012,QuickStore,Grocery,2026-01-10,5,"Great coffee beans, wonderful aroma.",0.41,Positive
REV06013,QuickStore,Grocery,2026-01-14,5,"Very fast shipping, eggs arrived undamaged and fresh.",0.61,Positive
REV06014,QuickStore,Grocery,2026-01-19,5,"Great coffee beans, wonderful aroma.",0.66,Positive
REV06015,QuickStore,Grocery,2026-01-14,4,"Excellent quality olive oil, great flavor.",0.9,Positive
REV06016,QuickStore,Grocery,2026-01-23,4,"Very fast shipping, eggs arrived undamaged and fresh.",0.53,Positive
REV06017,QuickStore,Grocery,2026-01-26,4,"Super fresh organic apples, delicious!",0.77,Positive
REV06018,QuickStore,Grocery,2026-01-25,5,"Very fast shipping, eggs arrived undamaged and fresh.",0.46,Positive
REV06019,QuickStore,Grocery,2026-02-01,5,"Super fresh organic apples, delicious!",0.32,Positive
REV06020,QuickStore,Grocery,2026-01-30,4,"Excellent quality olive oil, great flavor.",0.61,Positive
REV06021,QuickStore,Grocery,2026-01-28,5,"Super fresh organic apples, delicious!",0.38,Positive
REV06022,QuickStore,Grocery,2026-02-04,3,"Decent item, fits reasonably well.",0.14,Neutral
REV06023,QuickStore,Grocery,2026-02-04,4,"Great coffee beans, wonderful aroma.",0.47,Positive
REV06024,QuickStore,Grocery,2026-02-05,5,"Excellent quality olive oil, great flavor.",0.43,Positive
REV06025,QuickStore,Grocery,2026-02-13,4,"Great coffee beans, wonderful aroma.",0.82,Positive
REV06026,QuickStore,Grocery,2026-02-11,5,"Highly recommend these snacks, kids love them.",0.34,Positive
REV06027,QuickStore,Grocery,2026-02-13,3,"Decent item, fits reasonably well.",0.3,Neutral
REV06028,QuickStore,Grocery,2026-02-20,4,"Super fresh organic apples, delicious!",0.57,Positive
REV06029,QuickStore,Grocery,2026-02-20,4,"Great coffee beans, wonderful aroma.",0.46,Positive
REV06030,QuickStore,Grocery,2026-02-21,4,"Very fast shipping, eggs arrived undamaged and fresh.",0.61,Positive
REV06031,QuickStore,Grocery,2026-02-28,4,"Very fast shipping, eggs arrived undamaged and fresh.",0.58,Positive
REV06032,QuickStore,Grocery,2026-03-01,5,"Very fast shipping, eggs arrived undamaged and fresh.",0.47,Positive
REV06033,QuickStore,Grocery,2026-02-26,5,"Super fresh organic apples, delicious!",0.47,Positive
REV06034,QuickStore,Grocery,2026-03-06,5,"Super fresh organic apples, delicious!",0.37,Positive
REV06035,QuickStore,Grocery,2026-03-08,4,"Excellent quality olive oil, great flavor.",0.43,Positive
REV06036,QuickStore,Grocery,2026-03-04,5,"Super fresh organic apples, delicious!",0.51,Positive
REV06037,QuickStore,Grocery,2026-03-13,3,Average quality for the price.,0.19,Neutral
REV06038,QuickStore,Grocery,2026-03-16,5,"Great coffee beans, wonderful aroma.",0.73,Positive
REV06039,QuickStore,Grocery,2026-03-15,3,"It does what it says, but feels a bit lightweight.",0.0,Neutral
REV06040,QuickStore,Grocery,2026-03-19,5,"Very fast shipping, eggs arrived undamaged and fresh.",0.8,Positive
REV06041,QuickStore,Grocery,2026-03-22,5,"Highly recommend these snacks, kids love them.",0.32,Positive
REV06042,QuickStore,Grocery,2026-03-23,5,"Super fresh organic apples, delicious!",0.72,Positive
REV06043,QuickStore,Grocery,2026-03-28,5,"Excellent quality olive oil, great flavor.",0.45,Positive
REV06044,QuickStore,Grocery,2026-03-25,5,"Super fresh organic apples, delicious!",0.66,Positive
REV06045,QuickStore,Grocery,2026-03-29,4,"Excellent quality olive oil, great flavor.",0.89,Positive
REV06046,QuickStore,Grocery,2026-04-06,4,"Great coffee beans, wonderful aroma.",0.6,Positive
REV06047,QuickStore,Grocery,2026-04-06,4,"Great coffee beans, wonderful aroma.",0.65,Positive
REV06048,QuickStore,Grocery,2026-04-05,4,"Highly recommend these snacks, kids love them.",0.6,Positive
REV06049,QuickStore,Grocery,2026-04-12,4,"Super fresh organic apples, delicious!",0.46,Positive
REV06050,QuickStore,Grocery,2026-04-12,5,"Super fresh organic apples, delicious!",0.84,Positive
REV06051,QuickStore,Grocery,2026-04-13,5,"Highly recommend these snacks, kids love them.",0.62,Positive
REV06052,QuickStore,Grocery,2026-04-18,5,"Great coffee beans, wonderful aroma.",0.66,Positive
REV06053,QuickStore,Grocery,2026-04-17,5,"Very fast shipping, eggs arrived undamaged and fresh.",0.44,Positive
REV06054,QuickStore,Grocery,2026-04-19,4,"Excellent quality olive oil, great flavor.",0.3,Positive
REV06055,QuickStore,Grocery,2026-04-24,4,"Excellent quality olive oil, great flavor.",0.51,Positive
REV06056,QuickStore,Grocery,2026-04-24,4,"Excellent quality olive oil, great flavor.",0.49,Positive
REV06057,QuickStore,Grocery,2026-04-25,5,"Excellent quality olive oil, great flavor.",0.89,Positive
REV06058,QuickStore,Grocery,2026-05-04,4,"Super fresh organic apples, delicious!",0.5,Positive
REV06059,QuickStore,Grocery,2026-05-02,4,"Excellent quality olive oil, great flavor.",0.3,Positive
REV06060,QuickStore,Grocery,2026-05-01,4,"Highly recommend these snacks, kids love them.",0.83,Positive
REV06061,QuickStore,Grocery,2026-05-10,5,"Very fast shipping, eggs arrived undamaged and fresh.",0.48,Positive
REV06062,QuickStore,Grocery,2026-05-06,4,"Great coffee beans, wonderful aroma.",0.48,Positive
REV06063,QuickStore,Grocery,2026-05-11,4,"Very fast shipping, eggs arrived undamaged and fresh.",0.85,Positive
REV06064,QuickStore,Grocery,2026-05-14,4,"Great coffee beans, wonderful aroma.",0.46,Positive
REV06065,QuickStore,Grocery,2026-05-16,3,"Decent item, fits reasonably well.",-0.04,Neutral
REV06066,QuickStore,Grocery,2026-05-17,4,"Excellent quality olive oil, great flavor.",0.47,Positive
REV06067,QuickStore,Grocery,2026-05-21,5,"Great coffee beans, wonderful aroma.",0.53,Positive
REV06068,QuickStore,Grocery,2026-05-25,3,"Decent item, fits reasonably well.",0.19,Neutral
REV06069,QuickStore,Grocery,2026-05-25,4,"Great coffee beans, wonderful aroma.",0.56,Positive
REV06070,QuickStore,Grocery,2026-05-29,4,"Great coffee beans, wonderful aroma.",0.79,Positive
REV06071,QuickStore,Grocery,2026-05-29,5,"Very fast shipping, eggs arrived undamaged and fresh.",0.68,Positive
REV06072,QuickStore,Grocery,2026-05-27,5,"Very fast shipping, eggs arrived undamaged and fresh.",0.87,Positive
REV06073,QuickStore,Grocery,2026-06-06,4,"Highly recommend these snacks, kids love them.",0.57,Positive
REV06074,QuickStore,Grocery,2026-06-04,5,"Great coffee beans, wonderful aroma.",0.82,Positive
REV06075,QuickStore,Grocery,2026-06-06,4,"Great coffee beans, wonderful aroma.",0.55,Positive
REV06076,QuickStore,Grocery,2026-06-11,5,"Excellent quality olive oil, great flavor.",0.8,Positive
REV06077,QuickStore,Grocery,2026-06-10,4,"Highly recommend these snacks, kids love them.",0.74,Positive
REV06078,QuickStore,Grocery,2026-06-10,4,"Excellent quality olive oil, great flavor.",0.72,Positive
REV06079,QuickStore,Grocery,2026-06-21,4,"Very fast shipping, eggs arrived undamaged and fresh.",0.76,Positive
REV06080,QuickStore,Grocery,2026-06-22,4,"Highly recommend these snacks, kids love them.",0.55,Positive
REV06081,QuickStore,Grocery,2026-06-18,5,"Super fresh organic apples, delicious!",0.64,Positive
REV06082,QuickStore,Grocery,2026-06-24,3,"Decent item, fits reasonably well.",-0.01,Neutral
REV06083,QuickStore,Grocery,2026-06-24,4,"Excellent quality olive oil, great flavor.",0.36,Positive
REV06084,QuickStore,Grocery,2026-06-28,5,"Excellent quality olive oil, great flavor.",0.61,Positive
REV06085,ValueMart,Grocery,2025-07-05,3,"Decent item, fits reasonably well.",0.28,Neutral
REV06086,ValueMart,Grocery,2025-07-03,4,"Very fast shipping, eggs arrived undamaged and fresh.",0.52,Positive
REV06087,ValueMart,Grocery,2025-07-07,4,"Highly recommend these snacks, kids love them.",0.44,Positive
REV06088,ValueMart,Grocery,2025-07-14,4,"Excellent quality olive oil, great flavor.",0.37,Positive
REV06089,ValueMart,Grocery,2025-07-09,4,"Very fast shipping, eggs arrived undamaged and fresh.",0.35,Positive
REV06090,ValueMart,Grocery,2025-07-11,5,"Very fast shipping, eggs arrived undamaged and fresh.",0.62,Positive
REV06091,ValueMart,Grocery,2025-07-20,5,"Great coffee beans, wonderful aroma.",0.6,Positive
REV06092,ValueMart,Grocery,2025-07-21,5,"Super fresh organic apples, delicious!",0.59,Positive
REV06093,ValueMart,Grocery,2025-07-16,4,"Super fresh organic apples, delicious!",0.87,Positive
REV06094,ValueMart,Grocery,2025-07-26,4,"Very fast shipping, eggs arrived undamaged and fresh.",0.79,Positive
REV06095,ValueMart,Grocery,2025-07-28,4,"Highly recommend these snacks, kids love them.",0.39,Positive
REV06096,ValueMart,Grocery,2025-07-28,5,"Highly recommend these snacks, kids love them.",0.64,Positive
REV06097,ValueMart,Grocery,2025-08-02,5,"Very fast shipping, eggs arrived undamaged and fresh.",0.63,Positive
REV06098,ValueMart,Grocery,2025-08-04,4,"Excellent quality olive oil, great flavor.",0.89,Positive
REV06099,ValueMart,Grocery,2025-08-04,4,"Excellent quality olive oil, great flavor.",0.67,Positive
REV06100,ValueMart,Grocery,2025-08-10,5,"Great coffee beans, wonderful aroma.",0.46,Positive
REV06101,ValueMart,Grocery,2025-08-07,5,"Super fresh organic apples, delicious!",0.52,Positive
REV06102,ValueMart,Grocery,2025-08-10,5,"Super fresh organic apples, delicious!",0.32,Positive
REV06103,ValueMart,Grocery,2025-08-18,4,"Very fast shipping, eggs arrived undamaged and fresh.",0.8,Positive
REV06104,ValueMart,Grocery,2025-08-16,5,"Highly recommend these snacks, kids love them.",0.72,Positive
REV06105,ValueMart,Grocery,2025-08-16,5,"Very fast shipping, eggs arrived undamaged and fresh.",0.59,Positive
REV06106,ValueMart,Grocery,2025-08-25,4,"Great coffee beans, wonderful aroma.",0.36,Positive
REV06107,ValueMart,Grocery,2025-08-22,5,"Great coffee beans, wonderful aroma.",0.88,Positive
REV06108,ValueMart,Grocery,2025-08-21,4,"Super fresh organic apples, delicious!",0.44,Positive
REV06109,ValueMart,Grocery,2025-08-29,5,"Highly recommend these snacks, kids love them.",0.4,Positive
REV06110,ValueMart,Grocery,2025-08-31,5,"Super fresh organic apples, delicious!",0.8,Positive
REV06111,ValueMart,Grocery,2025-08-31,5,"Great coffee beans, wonderful aroma.",0.62,Positive
REV06112,ValueMart,Grocery,2025-09-06,4,"Great coffee beans, wonderful aroma.",0.84,Positive
REV06113,ValueMart,Grocery,2025-09-05,5,"Very fast shipping, eggs arrived undamaged and fresh.",0.56,Positive
REV06114,ValueMart,Grocery,2025-09-05,3,"Decent item, fits reasonably well.",0.05,Neutral
REV06115,ValueMart,Grocery,2025-09-11,5,"Excellent quality olive oil, great flavor.",0.8,Positive
REV06116,ValueMart,Grocery,2025-09-15,5,"Super fresh organic apples, delicious!",0.52,Positive
REV06117,ValueMart,Grocery,2025-09-13,4,"Excellent quality olive oil, great flavor.",0.8,Positive
REV06118,ValueMart,Grocery,2025-09-21,5,"Very fast shipping, eggs arrived undamaged and fresh.",0.85,Positive
REV06119,ValueMart,Grocery,2025-09-19,4,"Great coffee beans, wonderful aroma.",0.8,Positive
REV06120,ValueMart,Grocery,2025-09-19,5,"Super fresh organic apples, delicious!",0.37,Positive
REV06121,ValueMart,Grocery,2025-09-24,5,"Excellent quality olive oil, great flavor.",0.42,Positive
REV06122,ValueMart,Grocery,2025-09-26,5,"Very fast shipping, eggs arrived undamaged and fresh.",0.65,Positive
REV06123,ValueMart,Grocery,2025-09-27,4,"Highly recommend these snacks, kids love them.",0.89,Positive
REV06124,ValueMart,Grocery,2025-10-03,5,"Excellent quality olive oil, great flavor.",0.55,Positive
REV06125,ValueMart,Grocery,2025-10-05,5,"Very fast shipping, eggs arrived undamaged and fresh.",0.39,Positive
REV06126,ValueMart,Grocery,2025-10-02,5,"Super fresh organic apples, delicious!",0.6,Positive
REV06127,ValueMart,Grocery,2025-10-09,4,"Very fast shipping, eggs arrived undamaged and fresh.",0.66,Positive
REV06128,ValueMart,Grocery,2025-10-09,4,"Super fresh organic apples, delicious!",0.9,Positive
REV06129,ValueMart,Grocery,2025-10-12,5,"Great coffee beans, wonderful aroma.",0.41,Positive
REV06130,ValueMart,Grocery,2025-10-15,3,Average quality for the price.,0.17,Neutral
REV06131,ValueMart,Grocery,2025-10-15,5,"Great coffee beans, wonderful aroma.",0.88,Positive
REV06132,ValueMart,Grocery,2025-10-19,4,"Great coffee beans, wonderful aroma.",0.33,Positive
REV06133,ValueMart,Grocery,2025-10-25,4,"Super fresh organic apples, delicious!",0.51,Positive
REV06134,ValueMart,Grocery,2025-10-24,5,"Super fresh organic apples, delicious!",0.75,Positive
REV06135,ValueMart,Grocery,2025-10-24,4,"Excellent quality olive oil, great flavor.",0.51,Positive
REV06136,ValueMart,Grocery,2025-11-03,4,"Highly recommend these snacks, kids love them.",0.67,Positive
REV06137,ValueMart,Grocery,2025-11-02,5,"Highly recommend these snacks, kids love them.",0.35,Positive
REV06138,ValueMart,Grocery,2025-11-01,5,"Excellent quality olive oil, great flavor.",0.68,Positive
REV06139,ValueMart,Grocery,2025-11-10,5,"Super fresh organic apples, delicious!",0.45,Positive
REV06140,ValueMart,Grocery,2025-11-08,4,"Super fresh organic apples, delicious!",0.6,Positive
REV06141,ValueMart,Grocery,2025-11-07,2,Item doesn't work at all. Completely dead on arrival.,-0.34,Negative
REV06142,ValueMart,Grocery,2025-11-14,4,"Excellent quality olive oil, great flavor.",0.63,Positive
REV06143,ValueMart,Grocery,2025-11-14,4,"Super fresh organic apples, delicious!",0.37,Positive
REV06144,ValueMart,Grocery,2025-11-17,4,"Super fresh organic apples, delicious!",0.45,Positive
REV06145,ValueMart,Grocery,2025-11-21,5,"Super fresh organic apples, delicious!",0.52,Positive
REV06146,ValueMart,Grocery,2025-11-23,5,"Excellent quality olive oil, great flavor.",0.43,Positive
REV06147,ValueMart,Grocery,2025-11-21,5,"Very fast shipping, eggs arrived undamaged and fresh.",0.66,Positive
REV06148,ValueMart,Grocery,2025-12-01,5,"Great coffee beans, wonderful aroma.",0.39,Positive
REV06149,ValueMart,Grocery,2025-12-01,3,"Product is okay, nothing special.",0.04,Neutral
REV06150,ValueMart,Grocery,2025-11-26,4,"Very fast shipping, eggs arrived undamaged and fresh.",0.77,Positive
REV06151,ValueMart,Grocery,2025-12-08,4,"Super fresh organic apples, delicious!",0.31,Positive
REV06152,ValueMart,Grocery,2025-12-05,5,"Great coffee beans, wonderful aroma.",0.8,Positive
REV06153,ValueMart,Grocery,2025-12-07,5,"Excellent quality olive oil, great flavor.",0.47,Positive
REV06154,ValueMart,Grocery,2025-12-15,5,"Super fresh organic apples, delicious!",0.52,Positive
REV06155,ValueMart,Grocery,2025-12-11,5,"Super fresh organic apples, delicious!",0.85,Positive
REV06156,ValueMart,Grocery,2025-12-14,5,"Excellent quality olive oil, great flavor.",0.36,Positive
REV06157,ValueMart,Grocery,2025-12-22,5,"Excellent quality olive oil, great flavor.",0.61,Positive
REV06158,ValueMart,Grocery,2025-12-19,4,"Excellent quality olive oil, great flavor.",0.32,Positive
REV06159,ValueMart,Grocery,2025-12-18,5,"Highly recommend these snacks, kids love them.",0.42,Positive
REV06160,ValueMart,Grocery,2025-12-29,4,"Excellent quality olive oil, great flavor.",0.64,Positive
REV06161,ValueMart,Grocery,2025-12-26,4,"Highly recommend these snacks, kids love them.",0.54,Positive
REV06162,ValueMart,Grocery,2025-12-25,4,"Excellent quality olive oil, great flavor.",0.47,Positive
REV06163,ValueMart,Grocery,2026-01-04,4,"Super fresh organic apples, delicious!",0.63,Positive
REV06164,ValueMart,Grocery,2025-12-31,4,"Excellent quality olive oil, great flavor.",0.76,Positive
REV06165,ValueMart,Grocery,2025-12-31,5,"Highly recommend these snacks, kids love them.",0.8,Positive
REV06166,ValueMart,Grocery,2026-01-11,4,"Great coffee beans, wonderful aroma.",0.6,Positive
REV06167,ValueMart,Grocery,2026-01-12,4,"Excellent quality olive oil, great flavor.",0.61,Positive
REV06168,ValueMart,Grocery,2026-01-07,5,"Excellent quality olive oil, great flavor.",0.54,Positive
REV06169,ValueMart,Grocery,2026-01-18,4,"Very fast shipping, eggs arrived undamaged and fresh.",0.56,Positive
REV06170,ValueMart,Grocery,2026-01-19,4,"Highly recommend these snacks, kids love them.",0.75,Positive
REV06171,ValueMart,Grocery,2026-01-15,4,"Great coffee beans, wonderful aroma.",0.71,Positive
REV06172,ValueMart,Grocery,2026-01-24,5,"Very fast shipping, eggs arrived undamaged and fresh.",0.54,Positive
REV06173,ValueMart,Grocery,2026-01-26,5,"Great coffee beans, wonderful aroma.",0.69,Positive
REV06174,ValueMart,Grocery,2026-01-23,3,Average quality for the price.,0.29,Neutral
REV06175,ValueMart,Grocery,2026-02-02,4,"Very fast shipping, eggs arrived undamaged and fresh.",0.46,Positive
REV06176,ValueMart,Grocery,2026-01-31,3,"Decent item, fits reasonably well.",0.01,Neutral
REV06177,ValueMart,Grocery,2026-02-01,4,"Highly recommend these snacks, kids love them.",0.57,Positive
REV06178,ValueMart,Grocery,2026-02-07,4,"Great coffee beans, wonderful aroma.",0.86,Positive
REV06179,ValueMart,Grocery,2026-02-04,5,"Very fast shipping, eggs arrived undamaged and fresh.",0.3,Positive
REV06180,ValueMart,Grocery,2026-02-04,4,"Excellent quality olive oil, great flavor.",0.73,Positive
REV06181,ValueMart,Grocery,2026-02-14,5,"Very fast shipping, eggs arrived undamaged and fresh.",0.59,Positive
REV06182,ValueMart,Grocery,2026-02-13,5,"Highly recommend these snacks, kids love them.",0.64,Positive
REV06183,ValueMart,Grocery,2026-02-16,3,Average quality for the price.,-0.06,Neutral
REV06184,ValueMart,Grocery,2026-02-19,5,"Super fresh organic apples, delicious!",0.83,Positive
REV06185,ValueMart,Grocery,2026-02-20,4,"Highly recommend these snacks, kids love them.",0.35,Positive
REV06186,ValueMart,Grocery,2026-02-20,4,"Super fresh organic apples, delicious!",0.73,Positive
REV06187,ValueMart,Grocery,2026-03-02,5,"Highly recommend these snacks, kids love them.",0.39,Positive
REV06188,ValueMart,Grocery,2026-02-28,5,"Excellent quality olive oil, great flavor.",0.76,Positive
REV06189,ValueMart,Grocery,2026-03-01,5,"Highly recommend these snacks, kids love them.",0.32,Positive
REV06190,ValueMart,Grocery,2026-03-04,5,"Excellent quality olive oil, great flavor.",0.43,Positive
REV06191,ValueMart,Grocery,2026-03-06,5,"Very fast shipping, eggs arrived undamaged and fresh.",0.44,Positive
REV06192,ValueMart,Grocery,2026-03-05,5,"Great coffee beans, wonderful aroma.",0.65,Positive
REV06193,ValueMart,Grocery,2026-03-11,4,"Highly recommend these snacks, kids love them.",0.62,Positive
REV06194,ValueMart,Grocery,2026-03-13,4,"Great coffee beans, wonderful aroma.",0.71,Positive
REV06195,ValueMart,Grocery,2026-03-16,5,"Very fast shipping, eggs arrived undamaged and fresh.",0.52,Positive
REV06196,ValueMart,Grocery,2026-03-21,4,"Highly recommend these snacks, kids love them.",0.65,Positive
REV06197,ValueMart,Grocery,2026-03-21,4,"Highly recommend these snacks, kids love them.",0.38,Positive
REV06198,ValueMart,Grocery,2026-03-20,5,"Highly recommend these snacks, kids love them.",0.76,Positive
REV06199,ValueMart,Grocery,2026-03-28,4,"Very fast shipping, eggs arrived undamaged and fresh.",0.74,Positive
REV06200,ValueMart,Grocery,2026-03-27,3,Average quality for the price.,-0.02,Neutral
REV06201,ValueMart,Grocery,2026-03-27,5,"Super fresh organic apples, delicious!",0.62,Positive
REV06202,ValueMart,Grocery,2026-04-02,4,"Highly recommend these snacks, kids love them.",0.56,Positive
REV06203,ValueMart,Grocery,2026-04-02,4,"Great coffee beans, wonderful aroma.",0.44,Positive
REV06204,ValueMart,Grocery,2026-04-02,4,"Great coffee beans, wonderful aroma.",0.68,Positive
REV06205,ValueMart,Grocery,2026-04-12,4,"Super fresh organic apples, delicious!",0.49,Positive
REV06206,ValueMart,Grocery,2026-04-10,5,"Great coffee beans, wonderful aroma.",0.78,Positive
REV06207,ValueMart,Grocery,2026-04-12,4,"Excellent quality olive oil, great flavor.",0.56,Positive
REV06208,ValueMart,Grocery,2026-04-20,5,"Super fresh organic apples, delicious!",0.76,Positive
REV06209,ValueMart,Grocery,2026-04-18,5,"Super fresh organic apples, delicious!",0.3,Positive
REV06210,ValueMart,Grocery,2026-04-20,5,"Super fresh organic apples, delicious!",0.67,Positive
REV06211,ValueMart,Grocery,2026-04-26,4,"Very fast shipping, eggs arrived undamaged and fresh.",0.39,Positive
REV06212,ValueMart,Grocery,2026-04-27,5,"Super fresh organic apples, delicious!",0.47,Positive
REV06213,ValueMart,Grocery,2026-04-26,4,"Super fresh organic apples, delicious!",0.81,Positive
REV06214,ValueMart,Grocery,2026-05-03,3,"Took a bit long to ship, but works fine.",-0.03,Neutral
REV06215,ValueMart,Grocery,2026-04-30,5,"Excellent quality olive oil, great flavor.",0.8,Positive
REV06216,ValueMart,Grocery,2026-05-02,4,"Great coffee beans, wonderful aroma.",0.82,Positive
REV06217,ValueMart,Grocery,2026-05-08,5,"Excellent quality olive oil, great flavor.",0.42,Positive
REV06218,ValueMart,Grocery,2026-05-08,4,"Excellent quality olive oil, great flavor.",0.39,Positive
REV06219,ValueMart,Grocery,2026-05-09,4,"Very fast shipping, eggs arrived undamaged and fresh.",0.37,Positive
REV06220,ValueMart,Grocery,2026-05-18,5,"Great coffee beans, wonderful aroma.",0.46,Positive
REV06221,ValueMart,Grocery,2026-05-13,4,"Excellent quality olive oil, great flavor.",0.35,Positive
REV06222,ValueMart,Grocery,2026-05-13,4,"Super fresh organic apples, delicious!",0.84,Positive
REV06223,ValueMart,Grocery,2026-05-20,5,"Great coffee beans, wonderful aroma.",0.82,Positive
REV06224,ValueMart,Grocery,2026-05-23,4,"Great coffee beans, wonderful aroma.",0.7,Positive
REV06225,ValueMart,Grocery,2026-05-20,5,"Highly recommend these snacks, kids love them.",0.73,Positive
REV06226,ValueMart,Grocery,2026-05-29,5,"Very fast shipping, eggs arrived undamaged and fresh.",0.55,Positive
REV06227,ValueMart,Grocery,2026-05-28,4,"Super fresh organic apples, delicious!",0.6,Positive
REV06228,ValueMart,Grocery,2026-05-27,5,"Excellent quality olive oil, great flavor.",0.47,Positive
REV06229,ValueMart,Grocery,2026-06-06,4,"Super fresh organic apples, delicious!",0.35,Positive
REV06230,ValueMart,Grocery,2026-06-04,4,"Highly recommend these snacks, kids love them.",0.77,Positive
REV06231,ValueMart,Grocery,2026-06-03,5,"Very fast shipping, eggs arrived undamaged and fresh.",0.51,Positive
REV06232,ValueMart,Grocery,2026-06-14,4,"Super fresh organic apples, delicious!",0.66,Positive
REV06233,ValueMart,Grocery,2026-06-10,5,"Highly recommend these snacks, kids love them.",0.38,Positive
REV06234,ValueMart,Grocery,2026-06-15,5,"Super fresh organic apples, delicious!",0.33,Positive
REV06235,ValueMart,Grocery,2026-06-18,5,"Great coffee beans, wonderful aroma.",0.5,Positive
REV06236,ValueMart,Grocery,2026-06-22,4,"Super fresh organic apples, delicious!",0.39,Positive
REV06237,ValueMart,Grocery,2026-06-20,4,"Great coffee beans, wonderful aroma.",0.48,Positive
REV06238,ValueMart,Grocery,2026-06-26,5,"Great coffee beans, wonderful aroma.",0.48,Positive
REV06239,ValueMart,Grocery,2026-06-27,4,"Very fast shipping, eggs arrived undamaged and fresh.",0.87,Positive
REV06240,ValueMart,Grocery,2026-06-29,4,"Great coffee beans, wonderful aroma.",0.83,Positive
REV06241,GlowCosmetics,Beauty,2025-07-04,5,"Perfect shade of lipstick, not drying.",0.43,Positive
REV06242,GlowCosmetics,Beauty,2025-07-03,4,"Very high quality serum, seen improvements in a week.",0.35,Positive
REV06243,GlowCosmetics,Beauty,2025-07-04,3,"Product is okay, nothing special.",0.12,Neutral
REV06244,GlowCosmetics,Beauty,2025-07-12,4,"Soft brushes, applies makeup smoothly.",0.64,Positive
REV06245,GlowCosmetics,Beauty,2025-07-11,5,"Very high quality serum, seen improvements in a week.",0.54,Positive
REV06246,GlowCosmetics,Beauty,2025-07-09,4,"Very high quality serum, seen improvements in a week.",0.59,Positive
REV06247,GlowCosmetics,Beauty,2025-07-20,4,"Very high quality serum, seen improvements in a week.",0.33,Positive
REV06248,GlowCosmetics,Beauty,2025-07-19,5,"Perfect shade of lipstick, not drying.",0.68,Positive
REV06249,GlowCosmetics,Beauty,2025-07-21,5,"Perfect shade of lipstick, not drying.",0.32,Positive
REV06250,GlowCosmetics,Beauty,2025-07-24,4,"Soft brushes, applies makeup smoothly.",0.82,Positive
REV06251,GlowCosmetics,Beauty,2025-07-23,4,"Very high quality serum, seen improvements in a week.",0.31,Positive
REV06252,GlowCosmetics,Beauty,2025-07-28,4,"Very high quality serum, seen improvements in a week.",0.33,Positive
REV06253,GlowCosmetics,Beauty,2025-08-03,5,"Perfect shade of lipstick, not drying.",0.37,Positive
REV06254,GlowCosmetics,Beauty,2025-08-02,5,"Excellent moisturizer, skin feels amazing.",0.76,Positive
REV06255,GlowCosmetics,Beauty,2025-08-03,5,Smells wonderful and lasts all day.,0.69,Positive
REV06256,GlowCosmetics,Beauty,2025-08-07,3,"Decent item, fits reasonably well.",0.23,Neutral
REV06257,GlowCosmetics,Beauty,2025-08-08,5,"Very high quality serum, seen improvements in a week.",0.63,Positive
REV06258,GlowCosmetics,Beauty,2025-08-10,3,"Decent item, fits reasonably well.",-0.07,Neutral
REV06259,GlowCosmetics,Beauty,2025-08-15,4,"Perfect shade of lipstick, not drying.",0.53,Positive
REV06260,GlowCosmetics,Beauty,2025-08-18,5,Smells wonderful and lasts all day.,0.46,Positive
REV06261,GlowCosmetics,Beauty,2025-08-13,5,"Excellent moisturizer, skin feels amazing.",0.52,Positive
REV06262,GlowCosmetics,Beauty,2025-08-21,3,Average quality for the price.,0.13,Neutral
REV06263,GlowCosmetics,Beauty,2025-08-24,5,"Very high quality serum, seen improvements in a week.",0.32,Positive
REV06264,GlowCosmetics,Beauty,2025-08-20,3,Average quality for the price.,0.05,Neutral
REV06265,GlowCosmetics,Beauty,2025-08-31,4,"Very high quality serum, seen improvements in a week.",0.45,Positive
REV06266,GlowCosmetics,Beauty,2025-08-31,5,"Very high quality serum, seen improvements in a week.",0.64,Positive
REV06267,GlowCosmetics,Beauty,2025-08-28,5,"Soft brushes, applies makeup smoothly.",0.7,Positive
REV06268,GlowCosmetics,Beauty,2025-09-05,5,"Very high quality serum, seen improvements in a week.",0.81,Positive
REV06269,GlowCosmetics,Beauty,2025-09-05,4,"Very high quality serum, seen improvements in a week.",0.84,Positive
REV06270,GlowCosmetics,Beauty,2025-09-04,5,"Perfect shade of lipstick, not drying.",0.34,Positive
REV06271,GlowCosmetics,Beauty,2025-09-15,5,"Perfect shade of lipstick, not drying.",0.42,Positive
REV06272,GlowCosmetics,Beauty,2025-09-14,5,"Soft brushes, applies makeup smoothly.",0.67,Positive
REV06273,GlowCosmetics,Beauty,2025-09-10,5,"Very high quality serum, seen improvements in a week.",0.44,Positive
REV06274,GlowCosmetics,Beauty,2025-09-21,5,Smells wonderful and lasts all day.,0.37,Positive
REV06275,GlowCosmetics,Beauty,2025-09-21,4,"Very high quality serum, seen improvements in a week.",0.75,Positive
REV06276,GlowCosmetics,Beauty,2025-09-19,4,"Very high quality serum, seen improvements in a week.",0.84,Positive
REV06277,GlowCosmetics,Beauty,2025-09-26,5,Smells wonderful and lasts all day.,0.86,Positive
REV06278,GlowCosmetics,Beauty,2025-09-29,5,"Very high quality serum, seen improvements in a week.",0.87,Positive
REV06279,GlowCosmetics,Beauty,2025-09-28,4,"Very high quality serum, seen improvements in a week.",0.5,Positive
REV06280,GlowCosmetics,Beauty,2025-10-01,5,"Excellent moisturizer, skin feels amazing.",0.36,Positive
REV06281,GlowCosmetics,Beauty,2025-10-06,3,"Decent item, fits reasonably well.",-0.07,Neutral
REV06282,GlowCosmetics,Beauty,2025-10-04,3,"Product is okay, nothing special.",0.06,Neutral
REV06283,GlowCosmetics,Beauty,2025-10-09,5,"Excellent moisturizer, skin feels amazing.",0.3,Positive
REV06284,GlowCosmetics,Beauty,2025-10-13,4,"Soft brushes, applies makeup smoothly.",0.51,Positive
REV06285,GlowCosmetics,Beauty,2025-10-09,5,"Excellent moisturizer, skin feels amazing.",0.64,Positive
REV06286,GlowCosmetics,Beauty,2025-10-15,4,"Very high quality serum, seen improvements in a week.",0.44,Positive
REV06287,GlowCosmetics,Beauty,2025-10-18,5,"Excellent moisturizer, skin feels amazing.",0.82,Positive
REV06288,GlowCosmetics,Beauty,2025-10-16,5,"Very high quality serum, seen improvements in a week.",0.33,Positive
REV06289,GlowCosmetics,Beauty,2025-10-25,4,"Soft brushes, applies makeup smoothly.",0.65,Positive
REV06290,GlowCosmetics,Beauty,2025-10-27,5,Smells wonderful and lasts all day.,0.49,Positive
REV06291,GlowCosmetics,Beauty,2025-10-25,4,"Soft brushes, applies makeup smoothly.",0.55,Positive
REV06292,GlowCosmetics,Beauty,2025-10-31,3,"Product is okay, nothing special.",0.07,Neutral
REV06293,GlowCosmetics,Beauty,2025-11-01,4,"Excellent moisturizer, skin feels amazing.",0.46,Positive
REV06294,GlowCosmetics,Beauty,2025-11-03,5,"Perfect shade of lipstick, not drying.",0.71,Positive
REV06295,GlowCosmetics,Beauty,2025-11-09,4,"Perfect shade of lipstick, not drying.",0.32,Positive
REV06296,GlowCosmetics,Beauty,2025-11-09,4,"Perfect shade of lipstick, not drying.",0.5,Positive
REV06297,GlowCosmetics,Beauty,2025-11-09,5,"Perfect shade of lipstick, not drying.",0.7,Positive
REV06298,GlowCosmetics,Beauty,2025-11-13,4,Smells wonderful and lasts all day.,0.8,Positive
REV06299,GlowCosmetics,Beauty,2025-11-16,4,"Perfect shade of lipstick, not drying.",0.73,Positive
REV06300,GlowCosmetics,Beauty,2025-11-16,5,Smells wonderful and lasts all day.,0.45,Positive
REV06301,GlowCosmetics,Beauty,2025-11-23,3,"Took a bit long to ship, but works fine.",0.24,Neutral
REV06302,GlowCosmetics,Beauty,2025-11-21,5,"Soft brushes, applies makeup smoothly.",0.74,Positive
REV06303,GlowCosmetics,Beauty,2025-11-22,3,"Decent item, fits reasonably well.",-0.02,Neutral
REV06304,GlowCosmetics,Beauty,2025-12-01,5,"Perfect shade of lipstick, not drying.",0.59,Positive
REV06305,GlowCosmetics,Beauty,2025-11-27,4,Smells wonderful and lasts all day.,0.52,Positive
REV06306,GlowCosmetics,Beauty,2025-12-01,5,"Soft brushes, applies makeup smoothly.",0.58,Positive
REV06307,GlowCosmetics,Beauty,2025-12-05,5,"Excellent moisturizer, skin feels amazing.",0.61,Positive
REV06308,GlowCosmetics,Beauty,2025-12-04,5,"Very high quality serum, seen improvements in a week.",0.47,Positive
REV06309,GlowCosmetics,Beauty,2025-12-06,5,Smells wonderful and lasts all day.,0.65,Positive
REV06310,GlowCosmetics,Beauty,2025-12-12,5,"Excellent moisturizer, skin feels amazing.",0.86,Positive
REV06311,GlowCosmetics,Beauty,2025-12-11,5,Smells wonderful and lasts all day.,0.51,Positive
REV06312,GlowCosmetics,Beauty,2025-12-14,5,"Excellent moisturizer, skin feels amazing.",0.48,Positive
REV06313,GlowCosmetics,Beauty,2025-12-17,4,"Perfect shade of lipstick, not drying.",0.84,Positive
REV06314,GlowCosmetics,Beauty,2025-12-21,3,"Product is okay, nothing special.",0.04,Neutral
REV06315,GlowCosmetics,Beauty,2025-12-21,4,"Very high quality serum, seen improvements in a week.",0.43,Positive
REV06316,GlowCosmetics,Beauty,2025-12-26,4,"Excellent moisturizer, skin feels amazing.",0.57,Positive
REV06317,GlowCosmetics,Beauty,2025-12-25,5,"Soft brushes, applies makeup smoothly.",0.73,Positive
REV06318,GlowCosmetics,Beauty,2025-12-29,5,"Perfect shade of lipstick, not drying.",0.8,Positive
REV06319,GlowCosmetics,Beauty,2026-01-02,4,Smells wonderful and lasts all day.,0.37,Positive
REV06320,GlowCosmetics,Beauty,2026-01-03,4,"Perfect shade of lipstick, not drying.",0.36,Positive
REV06321,GlowCosmetics,Beauty,2026-01-05,5,"Soft brushes, applies makeup smoothly.",0.58,Positive
REV06322,GlowCosmetics,Beauty,2026-01-11,5,"Perfect shade of lipstick, not drying.",0.66,Positive
REV06323,GlowCosmetics,Beauty,2026-01-09,4,"Very high quality serum, seen improvements in a week.",0.48,Positive
REV06324,GlowCosmetics,Beauty,2026-01-11,5,"Soft brushes, applies makeup smoothly.",0.53,Positive
REV06325,GlowCosmetics,Beauty,2026-01-14,4,Smells wonderful and lasts all day.,0.46,Positive
REV06326,GlowCosmetics,Beauty,2026-01-15,5,"Soft brushes, applies makeup smoothly.",0.42,Positive
REV06327,GlowCosmetics,Beauty,2026-01-19,4,"Excellent moisturizer, skin feels amazing.",0.81,Positive
REV06328,GlowCosmetics,Beauty,2026-01-22,5,"Perfect shade of lipstick, not drying.",0.68,Positive
REV06329,GlowCosmetics,Beauty,2026-01-25,4,"Perfect shade of lipstick, not drying.",0.5,Positive
REV06330,GlowCosmetics,Beauty,2026-01-22,5,"Excellent moisturizer, skin feels amazing.",0.46,Positive
REV06331,GlowCosmetics,Beauty,2026-02-02,3,"It does what it says, but feels a bit lightweight.",0.07,Neutral
REV06332,GlowCosmetics,Beauty,2026-01-30,5,"Very high quality serum, seen improvements in a week.",0.78,Positive
REV06333,GlowCosmetics,Beauty,2026-02-01,5,"Soft brushes, applies makeup smoothly.",0.84,Positive
REV06334,GlowCosmetics,Beauty,2026-02-09,5,"Perfect shade of lipstick, not drying.",0.47,Positive
REV06335,GlowCosmetics,Beauty,2026-02-09,4,"Soft brushes, applies makeup smoothly.",0.85,Positive
REV06336,GlowCosmetics,Beauty,2026-02-05,5,"Very high quality serum, seen improvements in a week.",0.55,Positive
REV06337,GlowCosmetics,Beauty,2026-02-12,5,"Excellent moisturizer, skin feels amazing.",0.56,Positive
REV06338,GlowCosmetics,Beauty,2026-02-11,4,Smells wonderful and lasts all day.,0.33,Positive
REV06339,GlowCosmetics,Beauty,2026-02-12,4,"Soft brushes, applies makeup smoothly.",0.83,Positive
REV06340,GlowCosmetics,Beauty,2026-02-21,5,Smells wonderful and lasts all day.,0.47,Positive
REV06341,GlowCosmetics,Beauty,2026-02-20,5,"Excellent moisturizer, skin feels amazing.",0.88,Positive
REV06342,GlowCosmetics,Beauty,2026-02-18,3,"Product is okay, nothing special.",0.27,Neutral
REV06343,GlowCosmetics,Beauty,2026-02-28,5,"Soft brushes, applies makeup smoothly.",0.81,Positive
REV06344,GlowCosmetics,Beauty,2026-03-02,4,"Very high quality serum, seen improvements in a week.",0.62,Positive
REV06345,GlowCosmetics,Beauty,2026-02-27,4,"Very high quality serum, seen improvements in a week.",0.64,Positive
REV06346,GlowCosmetics,Beauty,2026-03-04,4,"Soft brushes, applies makeup smoothly.",0.85,Positive
REV06347,GlowCosmetics,Beauty,2026-03-08,5,Smells wonderful and lasts all day.,0.73,Positive
REV06348,GlowCosmetics,Beauty,2026-03-07,5,"Very high quality serum, seen improvements in a week.",0.46,Positive
REV06349,GlowCosmetics,Beauty,2026-03-16,5,"Very high quality serum, seen improvements in a week.",0.59,Positive
REV06350,GlowCosmetics,Beauty,2026-03-13,4,"Very high quality serum, seen improvements in a week.",0.84,Positive
REV06351,GlowCosmetics,Beauty,2026-03-15,5,"Perfect shade of lipstick, not drying.",0.9,Positive
REV06352,GlowCosmetics,Beauty,2026-03-18,5,"Soft brushes, applies makeup smoothly.",0.34,Positive
REV06353,GlowCosmetics,Beauty,2026-03-19,5,"Soft brushes, applies makeup smoothly.",0.61,Positive
REV06354,GlowCosmetics,Beauty,2026-03-23,4,Smells wonderful and lasts all day.,0.4,Positive
REV06355,GlowCosmetics,Beauty,2026-03-28,5,Smells wonderful and lasts all day.,0.9,Positive
REV06356,GlowCosmetics,Beauty,2026-03-28,4,"Soft brushes, applies makeup smoothly.",0.51,Positive
REV06357,GlowCosmetics,Beauty,2026-03-30,4,"Very high quality serum, seen improvements in a week.",0.7,Positive
REV06358,GlowCosmetics,Beauty,2026-04-05,4,"Excellent moisturizer, skin feels amazing.",0.71,Positive
REV06359,GlowCosmetics,Beauty,2026-04-06,5,"Very high quality serum, seen improvements in a week.",0.84,Positive
REV06360,GlowCosmetics,Beauty,2026-04-02,5,"Perfect shade of lipstick, not drying.",0.53,Positive
REV06361,GlowCosmetics,Beauty,2026-04-11,4,"Perfect shade of lipstick, not drying.",0.9,Positive
REV06362,GlowCosmetics,Beauty,2026-04-13,5,"Perfect shade of lipstick, not drying.",0.44,Positive
REV06363,GlowCosmetics,Beauty,2026-04-09,4,"Very high quality serum, seen improvements in a week.",0.7,Positive
REV06364,GlowCosmetics,Beauty,2026-04-16,5,"Soft brushes, applies makeup smoothly.",0.37,Positive
REV06365,GlowCosmetics,Beauty,2026-04-17,5,"Very high quality serum, seen improvements in a week.",0.6,Positive
REV06366,GlowCosmetics,Beauty,2026-04-20,4,Smells wonderful and lasts all day.,0.67,Positive
REV06367,GlowCosmetics,Beauty,2026-04-25,4,Smells wonderful and lasts all day.,0.33,Positive
REV06368,GlowCosmetics,Beauty,2026-04-26,4,"Perfect shade of lipstick, not drying.",0.49,Positive
REV06369,GlowCosmetics,Beauty,2026-04-22,5,Smells wonderful and lasts all day.,0.74,Positive
REV06370,GlowCosmetics,Beauty,2026-05-01,5,"Perfect shade of lipstick, not drying.",0.84,Positive
REV06371,GlowCosmetics,Beauty,2026-05-01,5,"Excellent moisturizer, skin feels amazing.",0.74,Positive
REV06372,GlowCosmetics,Beauty,2026-05-03,4,"Perfect shade of lipstick, not drying.",0.75,Positive
REV06373,GlowCosmetics,Beauty,2026-05-08,4,"Soft brushes, applies makeup smoothly.",0.82,Positive
REV06374,GlowCosmetics,Beauty,2026-05-11,4,"Excellent moisturizer, skin feels amazing.",0.75,Positive
REV06375,GlowCosmetics,Beauty,2026-05-11,5,"Perfect shade of lipstick, not drying.",0.41,Positive
REV06376,GlowCosmetics,Beauty,2026-05-13,4,"Very high quality serum, seen improvements in a week.",0.31,Positive
REV06377,GlowCosmetics,Beauty,2026-05-15,5,"Perfect shade of lipstick, not drying.",0.47,Positive
REV06378,GlowCosmetics,Beauty,2026-05-17,3,"Product is okay, nothing special.",0.18,Neutral
REV06379,GlowCosmetics,Beauty,2026-05-24,4,"Very high quality serum, seen improvements in a week.",0.82,Positive
REV06380,GlowCosmetics,Beauty,2026-05-23,4,"Very high quality serum, seen improvements in a week.",0.76,Positive
REV06381,GlowCosmetics,Beauty,2026-05-23,4,Smells wonderful and lasts all day.,0.6,Positive
REV06382,GlowCosmetics,Beauty,2026-05-27,5,"Soft brushes, applies makeup smoothly.",0.52,Positive
REV06383,GlowCosmetics,Beauty,2026-05-29,4,"Excellent moisturizer, skin feels amazing.",0.44,Positive
REV06384,GlowCosmetics,Beauty,2026-05-31,4,"Excellent moisturizer, skin feels amazing.",0.46,Positive
REV06385,GlowCosmetics,Beauty,2026-06-08,4,Smells wonderful and lasts all day.,0.89,Positive
REV06386,GlowCosmetics,Beauty,2026-06-04,4,Smells wonderful and lasts all day.,0.8,Positive
REV06387,GlowCosmetics,Beauty,2026-06-06,5,"Excellent moisturizer, skin feels amazing.",0.45,Positive
REV06388,GlowCosmetics,Beauty,2026-06-13,5,"Excellent moisturizer, skin feels amazing.",0.77,Positive
REV06389,GlowCosmetics,Beauty,2026-06-12,4,"Excellent moisturizer, skin feels amazing.",0.31,Positive
REV06390,GlowCosmetics,Beauty,2026-06-14,5,"Excellent moisturizer, skin feels amazing.",0.74,Positive
REV06391,GlowCosmetics,Beauty,2026-06-22,4,Smells wonderful and lasts all day.,0.84,Positive
REV06392,GlowCosmetics,Beauty,2026-06-22,5,"Soft brushes, applies makeup smoothly.",0.63,Positive
REV06393,GlowCosmetics,Beauty,2026-06-19,5,"Excellent moisturizer, skin feels amazing.",0.36,Positive
REV06394,GlowCosmetics,Beauty,2026-06-29,5,"Perfect shade of lipstick, not drying.",0.77,Positive
REV06395,GlowCosmetics,Beauty,2026-06-28,5,Smells wonderful and lasts all day.,0.55,Positive
REV06396,GlowCosmetics,Beauty,2026-06-28,4,"Perfect shade of lipstick, not drying.",0.41,Positive
REV06397,AuraBeauty,Beauty,2025-07-05,3,"Decent item, fits reasonably well.",0.21,Neutral
REV06398,AuraBeauty,Beauty,2025-07-02,5,"Excellent moisturizer, skin feels amazing.",0.38,Positive
REV06399,AuraBeauty,Beauty,2025-07-06,3,Average quality for the price.,0.11,Neutral
REV06400,AuraBeauty,Beauty,2025-07-09,5,"Perfect shade of lipstick, not drying.",0.56,Positive
REV06401,AuraBeauty,Beauty,2025-07-12,4,Smells wonderful and lasts all day.,0.87,Positive
REV06402,AuraBeauty,Beauty,2025-07-11,5,"Excellent moisturizer, skin feels amazing.",0.86,Positive
REV06403,AuraBeauty,Beauty,2025-07-21,5,Smells wonderful and lasts all day.,0.81,Positive
REV06404,AuraBeauty,Beauty,2025-07-19,5,"Soft brushes, applies makeup smoothly.",0.8,Positive
REV06405,AuraBeauty,Beauty,2025-07-21,5,Smells wonderful and lasts all day.,0.34,Positive
REV06406,AuraBeauty,Beauty,2025-07-25,5,"Excellent moisturizer, skin feels amazing.",0.43,Positive
REV06407,AuraBeauty,Beauty,2025-07-27,4,"Perfect shade of lipstick, not drying.",0.35,Positive
REV06408,AuraBeauty,Beauty,2025-07-23,5,"Perfect shade of lipstick, not drying.",0.31,Positive
REV06409,AuraBeauty,Beauty,2025-08-03,5,"Very high quality serum, seen improvements in a week.",0.45,Positive
REV06410,AuraBeauty,Beauty,2025-08-03,5,"Excellent moisturizer, skin feels amazing.",0.9,Positive
REV06411,AuraBeauty,Beauty,2025-07-30,4,"Very high quality serum, seen improvements in a week.",0.37,Positive
REV06412,AuraBeauty,Beauty,2025-08-07,3,"Product is okay, nothing special.",-0.04,Neutral
REV06413,AuraBeauty,Beauty,2025-08-07,5,"Excellent moisturizer, skin feels amazing.",0.35,Positive
REV06414,AuraBeauty,Beauty,2025-08-10,5,"Perfect shade of lipstick, not drying.",0.58,Positive
REV06415,AuraBeauty,Beauty,2025-08-14,3,"Product is okay, nothing special.",0.16,Neutral
REV06416,AuraBeauty,Beauty,2025-08-14,4,"Excellent moisturizer, skin feels amazing.",0.58,Positive
REV06417,AuraBeauty,Beauty,2025-08-16,5,"Perfect shade of lipstick, not drying.",0.8,Positive
REV06418,AuraBeauty,Beauty,2025-08-22,5,Smells wonderful and lasts all day.,0.52,Positive
REV06419,AuraBeauty,Beauty,2025-08-25,5,Smells wonderful and lasts all day.,0.47,Positive
REV06420,AuraBeauty,Beauty,2025-08-22,4,Smells wonderful and lasts all day.,0.87,Positive
REV06421,AuraBeauty,Beauty,2025-09-01,4,"Very high quality serum, seen improvements in a week.",0.68,Positive
REV06422,AuraBeauty,Beauty,2025-08-28,4,"Perfect shade of lipstick, not drying.",0.35,Positive
REV06423,AuraBeauty,Beauty,2025-08-28,5,"Perfect shade of lipstick, not drying.",0.89,Positive
REV06424,AuraBeauty,Beauty,2025-09-06,5,"Perfect shade of lipstick, not drying.",0.61,Positive
REV06425,AuraBeauty,Beauty,2025-09-04,3,Average quality for the price.,0.15,Neutral
REV06426,AuraBeauty,Beauty,2025-09-04,3,"Took a bit long to ship, but works fine.",-0.03,Neutral
REV06427,AuraBeauty,Beauty,2025-09-12,5,"Perfect shade of lipstick, not drying.",0.64,Positive
REV06428,AuraBeauty,Beauty,2025-09-12,5,"Very high quality serum, seen improvements in a week.",0.34,Positive
REV06429,AuraBeauty,Beauty,2025-09-13,5,"Excellent moisturizer, skin feels amazing.",0.79,Positive
REV06430,AuraBeauty,Beauty,2025-09-19,5,"Soft brushes, applies makeup smoothly.",0.52,Positive
REV06431,AuraBeauty,Beauty,2025-09-22,5,"Perfect shade of lipstick, not drying.",0.49,Positive
REV06432,AuraBeauty,Beauty,2025-09-20,5,"Soft brushes, applies makeup smoothly.",0.64,Positive
REV06433,AuraBeauty,Beauty,2025-09-24,4,Smells wonderful and lasts all day.,0.75,Positive
REV06434,AuraBeauty,Beauty,2025-09-27,5,"Soft brushes, applies makeup smoothly.",0.66,Positive
REV06435,AuraBeauty,Beauty,2025-09-28,5,Smells wonderful and lasts all day.,0.46,Positive
REV06436,AuraBeauty,Beauty,2025-10-06,5,Smells wonderful and lasts all day.,0.49,Positive
REV06437,AuraBeauty,Beauty,2025-10-03,4,"Very high quality serum, seen improvements in a week.",0.33,Positive
REV06438,AuraBeauty,Beauty,2025-10-02,4,"Perfect shade of lipstick, not drying.",0.75,Positive
REV06439,AuraBeauty,Beauty,2025-10-12,4,"Soft brushes, applies makeup smoothly.",0.63,Positive
REV06440,AuraBeauty,Beauty,2025-10-08,5,"Perfect shade of lipstick, not drying.",0.39,Positive
REV06441,AuraBeauty,Beauty,2025-10-09,4,"Soft brushes, applies makeup smoothly.",0.36,Positive
REV06442,AuraBeauty,Beauty,2025-10-18,3,Average quality for the price.,0.21,Neutral
REV06443,AuraBeauty,Beauty,2025-10-15,5,"Perfect shade of lipstick, not drying.",0.41,Positive
REV06444,AuraBeauty,Beauty,2025-10-19,4,"Excellent moisturizer, skin feels amazing.",0.37,Positive
REV06445,AuraBeauty,Beauty,2025-10-25,4,Smells wonderful and lasts all day.,0.82,Positive
REV06446,AuraBeauty,Beauty,2025-10-25,5,Smells wonderful and lasts all day.,0.87,Positive
REV06447,AuraBeauty,Beauty,2025-10-24,4,"Soft brushes, applies makeup smoothly.",0.73,Positive
REV06448,AuraBeauty,Beauty,2025-11-01,3,"It does what it says, but feels a bit lightweight.",0.24,Neutral
REV06449,AuraBeauty,Beauty,2025-10-29,5,"Soft brushes, applies makeup smoothly.",0.78,Positive
REV06450,AuraBeauty,Beauty,2025-11-03,4,"Perfect shade of lipstick, not drying.",0.6,Positive
REV06451,AuraBeauty,Beauty,2025-11-05,5,"Perfect shade of lipstick, not drying.",0.82,Positive
REV06452,AuraBeauty,Beauty,2025-11-08,5,Smells wonderful and lasts all day.,0.81,Positive
REV06453,AuraBeauty,Beauty,2025-11-07,4,"Very high quality serum, seen improvements in a week.",0.83,Positive
REV06454,AuraBeauty,Beauty,2025-11-13,5,"Excellent moisturizer, skin feels amazing.",0.64,Positive
REV06455,AuraBeauty,Beauty,2025-11-14,4,"Perfect shade of lipstick, not drying.",0.78,Positive
REV06456,AuraBeauty,Beauty,2025-11-15,4,Smells wonderful and lasts all day.,0.4,Positive
REV06457,AuraBeauty,Beauty,2025-11-19,4,Smells wonderful and lasts all day.,0.68,Positive
REV06458,AuraBeauty,Beauty,2025-11-23,4,"Very high quality serum, seen improvements in a week.",0.83,Positive
REV06459,AuraBeauty,Beauty,2025-11-23,5,"Very high quality serum, seen improvements in a week.",0.61,Positive
REV06460,AuraBeauty,Beauty,2025-12-01,5,"Very high quality serum, seen improvements in a week.",0.82,Positive
REV06461,AuraBeauty,Beauty,2025-11-29,5,"Very high quality serum, seen improvements in a week.",0.81,Positive
REV06462,AuraBeauty,Beauty,2025-11-28,4,Smells wonderful and lasts all day.,0.4,Positive
REV06463,AuraBeauty,Beauty,2025-12-07,4,"Perfect shade of lipstick, not drying.",0.75,Positive
REV06464,AuraBeauty,Beauty,2025-12-06,4,"Perfect shade of lipstick, not drying.",0.64,Positive
REV06465,AuraBeauty,Beauty,2025-12-05,3,"Decent item, fits reasonably well.",0.24,Neutral
REV06466,AuraBeauty,Beauty,2025-12-14,4,Smells wonderful and lasts all day.,0.62,Positive
REV06467,AuraBeauty,Beauty,2025-12-13,5,"Excellent moisturizer, skin feels amazing.",0.46,Positive
REV06468,AuraBeauty,Beauty,2025-12-12,4,"Very high quality serum, seen improvements in a week.",0.31,Positive
REV06469,AuraBeauty,Beauty,2025-12-21,5,"Very high quality serum, seen improvements in a week.",0.39,Positive
REV06470,AuraBeauty,Beauty,2025-12-18,5,"Excellent moisturizer, skin feels amazing.",0.68,Positive
REV06471,AuraBeauty,Beauty,2025-12-18,4,"Soft brushes, applies makeup smoothly.",0.71,Positive
REV06472,AuraBeauty,Beauty,2025-12-29,5,"Soft brushes, applies makeup smoothly.",0.38,Positive
REV06473,AuraBeauty,Beauty,2025-12-25,5,"Soft brushes, applies makeup smoothly.",0.56,Positive
REV06474,AuraBeauty,Beauty,2025-12-25,4,"Soft brushes, applies makeup smoothly.",0.47,Positive
REV06475,AuraBeauty,Beauty,2025-12-31,5,"Perfect shade of lipstick, not drying.",0.51,Positive
REV06476,AuraBeauty,Beauty,2026-01-02,5,"Excellent moisturizer, skin feels amazing.",0.8,Positive
REV06477,AuraBeauty,Beauty,2026-01-02,4,Smells wonderful and lasts all day.,0.32,Positive
REV06478,AuraBeauty,Beauty,2026-01-08,4,"Very high quality serum, seen improvements in a week.",0.6,Positive
REV06479,AuraBeauty,Beauty,2026-01-07,4,"Very high quality serum, seen improvements in a week.",0.54,Positive
REV06480,AuraBeauty,Beauty,2026-01-08,5,Smells wonderful and lasts all day.,0.4,Positive
REV06481,AuraBeauty,Beauty,2026-01-16,4,"Perfect shade of lipstick, not drying.",0.43,Positive
REV06482,AuraBeauty,Beauty,2026-01-15,5,"Excellent moisturizer, skin feels amazing.",0.49,Positive
REV06483,AuraBeauty,Beauty,2026-01-15,4,Smells wonderful and lasts all day.,0.51,Positive
REV06484,AuraBeauty,Beauty,2026-01-26,5,"Excellent moisturizer, skin feels amazing.",0.32,Positive
REV06485,AuraBeauty,Beauty,2026-01-22,4,Smells wonderful and lasts all day.,0.48,Positive
REV06486,AuraBeauty,Beauty,2026-01-23,5,"Soft brushes, applies makeup smoothly.",0.58,Positive
REV06487,AuraBeauty,Beauty,2026-01-29,4,"Very high quality serum, seen improvements in a week.",0.52,Positive
REV06488,AuraBeauty,Beauty,2026-01-28,4,"Perfect shade of lipstick, not drying.",0.5,Positive
REV06489,AuraBeauty,Beauty,2026-02-01,4,"Very high quality serum, seen improvements in a week.",0.69,Positive
REV06490,AuraBeauty,Beauty,2026-02-09,3,"Decent item, fits reasonably well.",0.12,Neutral
REV06491,AuraBeauty,Beauty,2026-02-07,5,Smells wonderful and lasts all day.,0.48,Positive
REV06492,AuraBeauty,Beauty,2026-02-07,5,"Very high quality serum, seen improvements in a week.",0.51,Positive
REV06493,AuraBeauty,Beauty,2026-02-11,5,Smells wonderful and lasts all day.,0.54,Positive
REV06494,AuraBeauty,Beauty,2026-02-12,5,"Very high quality serum, seen improvements in a week.",0.36,Positive
REV06495,AuraBeauty,Beauty,2026-02-12,4,"Perfect shade of lipstick, not drying.",0.73,Positive
REV06496,AuraBeauty,Beauty,2026-02-20,5,"Perfect shade of lipstick, not drying.",0.76,Positive
REV06497,AuraBeauty,Beauty,2026-02-22,5,"Very high quality serum, seen improvements in a week.",0.55,Positive
REV06498,AuraBeauty,Beauty,2026-02-22,5,"Very high quality serum, seen improvements in a week.",0.82,Positive
REV06499,AuraBeauty,Beauty,2026-02-28,4,"Perfect shade of lipstick, not drying.",0.43,Positive
REV06500,AuraBeauty,Beauty,2026-02-25,4,"Soft brushes, applies makeup smoothly.",0.79,Positive
REV06501,AuraBeauty,Beauty,2026-03-01,5,Smells wonderful and lasts all day.,0.63,Positive
REV06502,AuraBeauty,Beauty,2026-03-06,5,Smells wonderful and lasts all day.,0.86,Positive
REV06503,AuraBeauty,Beauty,2026-03-06,5,"Perfect shade of lipstick, not drying.",0.65,Positive
REV06504,AuraBeauty,Beauty,2026-03-04,4,"Soft brushes, applies makeup smoothly.",0.47,Positive
REV06505,AuraBeauty,Beauty,2026-03-14,5,"Soft brushes, applies makeup smoothly.",0.83,Positive
REV06506,AuraBeauty,Beauty,2026-03-16,5,"Excellent moisturizer, skin feels amazing.",0.43,Positive
REV06507,AuraBeauty,Beauty,2026-03-12,5,Smells wonderful and lasts all day.,0.79,Positive
REV06508,AuraBeauty,Beauty,2026-03-18,4,Smells wonderful and lasts all day.,0.42,Positive
REV06509,AuraBeauty,Beauty,2026-03-20,4,Smells wonderful and lasts all day.,0.77,Positive
REV06510,AuraBeauty,Beauty,2026-03-18,5,"Very high quality serum, seen improvements in a week.",0.33,Positive
REV06511,AuraBeauty,Beauty,2026-03-30,4,"Very high quality serum, seen improvements in a week.",0.35,Positive
REV06512,AuraBeauty,Beauty,2026-03-28,5,Smells wonderful and lasts all day.,0.66,Positive
REV06513,AuraBeauty,Beauty,2026-03-27,5,Smells wonderful and lasts all day.,0.47,Positive
REV06514,AuraBeauty,Beauty,2026-04-06,5,"Very high quality serum, seen improvements in a week.",0.65,Positive
REV06515,AuraBeauty,Beauty,2026-04-01,4,"Very high quality serum, seen improvements in a week.",0.6,Positive
REV06516,AuraBeauty,Beauty,2026-04-04,4,"Perfect shade of lipstick, not drying.",0.74,Positive
REV06517,AuraBeauty,Beauty,2026-04-11,4,Smells wonderful and lasts all day.,0.58,Positive
REV06518,AuraBeauty,Beauty,2026-04-08,4,"Soft brushes, applies makeup smoothly.",0.77,Positive
REV06519,AuraBeauty,Beauty,2026-04-08,5,"Very high quality serum, seen improvements in a week.",0.4,Positive
REV06520,AuraBeauty,Beauty,2026-04-20,5,"Excellent moisturizer, skin feels amazing.",0.73,Positive
REV06521,AuraBeauty,Beauty,2026-04-15,4,"Very high quality serum, seen improvements in a week.",0.63,Positive
REV06522,AuraBeauty,Beauty,2026-04-17,5,Smells wonderful and lasts all day.,0.76,Positive
REV06523,AuraBeauty,Beauty,2026-04-26,4,"Soft brushes, applies makeup smoothly.",0.35,Positive
REV06524,AuraBeauty,Beauty,2026-04-27,5,"Very high quality serum, seen improvements in a week.",0.48,Positive
REV06525,AuraBeauty,Beauty,2026-04-22,5,"Very high quality serum, seen improvements in a week.",0.47,Positive
REV06526,AuraBeauty,Beauty,2026-05-02,5,"Very high quality serum, seen improvements in a week.",0.39,Positive
REV06527,AuraBeauty,Beauty,2026-05-01,5,"Excellent moisturizer, skin feels amazing.",0.65,Positive
REV06528,AuraBeauty,Beauty,2026-05-01,4,"Very high quality serum, seen improvements in a week.",0.6,Positive
REV06529,AuraBeauty,Beauty,2026-05-10,4,"Excellent moisturizer, skin feels amazing.",0.88,Positive
REV06530,AuraBeauty,Beauty,2026-05-10,3,"Decent item, fits reasonably well.",-0.09,Neutral
REV06531,AuraBeauty,Beauty,2026-05-09,4,"Perfect shade of lipstick, not drying.",0.68,Positive
REV06532,AuraBeauty,Beauty,2026-05-17,3,"Took a bit long to ship, but works fine.",0.0,Neutral
REV06533,AuraBeauty,Beauty,2026-05-13,4,"Perfect shade of lipstick, not drying.",0.9,Positive
REV06534,AuraBeauty,Beauty,2026-05-16,5,Smells wonderful and lasts all day.,0.62,Positive
REV06535,AuraBeauty,Beauty,2026-05-25,4,"Very high quality serum, seen improvements in a week.",0.57,Positive
REV06536,AuraBeauty,Beauty,2026-05-21,5,"Excellent moisturizer, skin feels amazing.",0.78,Positive
REV06537,AuraBeauty,Beauty,2026-05-22,4,"Excellent moisturizer, skin feels amazing.",0.88,Positive
REV06538,AuraBeauty,Beauty,2026-05-29,3,"It does what it says, but feels a bit lightweight.",0.11,Neutral
REV06539,AuraBeauty,Beauty,2026-05-31,5,Smells wonderful and lasts all day.,0.31,Positive
REV06540,AuraBeauty,Beauty,2026-06-01,5,"Soft brushes, applies makeup smoothly.",0.79,Positive
REV06541,AuraBeauty,Beauty,2026-06-03,5,"Very high quality serum, seen improvements in a week.",0.79,Positive
REV06542,AuraBeauty,Beauty,2026-06-05,5,"Very high quality serum, seen improvements in a week.",0.77,Positive
REV06543,AuraBeauty,Beauty,2026-06-03,4,"Excellent moisturizer, skin feels amazing.",0.46,Positive
REV06544,AuraBeauty,Beauty,2026-06-12,4,"Very high quality serum, seen improvements in a week.",0.59,Positive
REV06545,AuraBeauty,Beauty,2026-06-14,4,"Excellent moisturizer, skin feels amazing.",0.68,Positive
REV06546,AuraBeauty,Beauty,2026-06-12,5,"Perfect shade of lipstick, not drying.",0.8,Positive
REV06547,AuraBeauty,Beauty,2026-06-22,3,"Took a bit long to ship, but works fine.",-0.09,Neutral
REV06548,AuraBeauty,Beauty,2026-06-17,5,"Perfect shade of lipstick, not drying.",0.42,Positive
REV06549,AuraBeauty,Beauty,2026-06-19,4,"Soft brushes, applies makeup smoothly.",0.83,Positive
REV06550,AuraBeauty,Beauty,2026-06-26,5,"Perfect shade of lipstick, not drying.",0.72,Positive
REV06551,AuraBeauty,Beauty,2026-06-24,4,"Very high quality serum, seen improvements in a week.",0.67,Positive
REV06552,AuraBeauty,Beauty,2026-06-26,5,"Very high quality serum, seen improvements in a week.",0.63,Positive
REV06553,SkinCare Co,Beauty,2025-07-06,5,"Excellent moisturizer, skin feels amazing.",0.69,Positive
REV06554,SkinCare Co,Beauty,2025-07-04,5,"Excellent moisturizer, skin feels amazing.",0.43,Positive
REV06555,SkinCare Co,Beauty,2025-07-06,4,"Excellent moisturizer, skin feels amazing.",0.36,Positive
REV06556,SkinCare Co,Beauty,2025-07-10,3,"Decent item, fits reasonably well.",0.06,Neutral
REV06557,SkinCare Co,Beauty,2025-07-09,5,Smells wonderful and lasts all day.,0.37,Positive
REV06558,SkinCare Co,Beauty,2025-07-09,4,"Soft brushes, applies makeup smoothly.",0.87,Positive
REV06559,SkinCare Co,Beauty,2025-07-21,4,Smells wonderful and lasts all day.,0.49,Positive
REV06560,SkinCare Co,Beauty,2025-07-19,4,"Very high quality serum, seen improvements in a week.",0.65,Positive
REV06561,SkinCare Co,Beauty,2025-07-18,5,"Perfect shade of lipstick, not drying.",0.45,Positive
REV06562,SkinCare Co,Beauty,2025-07-24,4,"Soft brushes, applies makeup smoothly.",0.88,Positive
REV06563,SkinCare Co,Beauty,2025-07-27,3,"It does what it says, but feels a bit lightweight.",0.29,Neutral
REV06564,SkinCare Co,Beauty,2025-07-23,4,"Very high quality serum, seen improvements in a week.",0.86,Positive
REV06565,SkinCare Co,Beauty,2025-08-01,4,"Perfect shade of lipstick, not drying.",0.86,Positive
REV06566,SkinCare Co,Beauty,2025-07-31,5,"Excellent moisturizer, skin feels amazing.",0.42,Positive
REV06567,SkinCare Co,Beauty,2025-08-04,5,"Soft brushes, applies makeup smoothly.",0.81,Positive
REV06568,SkinCare Co,Beauty,2025-08-09,4,"Excellent moisturizer, skin feels amazing.",0.63,Positive
REV06569,SkinCare Co,Beauty,2025-08-11,5,"Soft brushes, applies makeup smoothly.",0.34,Positive
REV06570,SkinCare Co,Beauty,2025-08-08,5,"Excellent moisturizer, skin feels amazing.",0.68,Positive
REV06571,SkinCare Co,Beauty,2025-08-16,3,"Took a bit long to ship, but works fine.",0.07,Neutral
REV06572,SkinCare Co,Beauty,2025-08-13,5,"Very high quality serum, seen improvements in a week.",0.76,Positive
REV06573,SkinCare Co,Beauty,2025-08-18,4,Smells wonderful and lasts all day.,0.7,Positive
REV06574,SkinCare Co,Beauty,2025-08-23,5,"Excellent moisturizer, skin feels amazing.",0.78,Positive
REV06575,SkinCare Co,Beauty,2025-08-21,5,"Excellent moisturizer, skin feels amazing.",0.48,Positive
REV06576,SkinCare Co,Beauty,2025-08-22,5,"Soft brushes, applies makeup smoothly.",0.46,Positive
REV06577,SkinCare Co,Beauty,2025-08-31,4,"Soft brushes, applies makeup smoothly.",0.58,Positive
REV06578,SkinCare Co,Beauty,2025-08-28,4,"Soft brushes, applies makeup smoothly.",0.64,Positive
REV06579,SkinCare Co,Beauty,2025-08-29,5,"Excellent moisturizer, skin feels amazing.",0.76,Positive
REV06580,SkinCare Co,Beauty,2025-09-04,4,"Very high quality serum, seen improvements in a week.",0.76,Positive
REV06581,SkinCare Co,Beauty,2025-09-05,4,"Very high quality serum, seen improvements in a week.",0.44,Positive
REV06582,SkinCare Co,Beauty,2025-09-05,5,Smells wonderful and lasts all day.,0.44,Positive
REV06583,SkinCare Co,Beauty,2025-09-14,5,"Excellent moisturizer, skin feels amazing.",0.83,Positive
REV06584,SkinCare Co,Beauty,2025-09-11,4,"Very high quality serum, seen improvements in a week.",0.47,Positive
REV06585,SkinCare Co,Beauty,2025-09-12,5,"Perfect shade of lipstick, not drying.",0.41,Positive
REV06586,SkinCare Co,Beauty,2025-09-18,4,"Very high quality serum, seen improvements in a week.",0.41,Positive
REV06587,SkinCare Co,Beauty,2025-09-20,5,"Excellent moisturizer, skin feels amazing.",0.35,Positive
REV06588,SkinCare Co,Beauty,2025-09-19,5,Smells wonderful and lasts all day.,0.74,Positive
REV06589,SkinCare Co,Beauty,2025-09-28,5,"Very high quality serum, seen improvements in a week.",0.86,Positive
REV06590,SkinCare Co,Beauty,2025-09-24,4,"Perfect shade of lipstick, not drying.",0.51,Positive
REV06591,SkinCare Co,Beauty,2025-09-25,5,Smells wonderful and lasts all day.,0.73,Positive
REV06592,SkinCare Co,Beauty,2025-10-02,5,"Perfect shade of lipstick, not drying.",0.71,Positive
REV06593,SkinCare Co,Beauty,2025-10-05,4,"Excellent moisturizer, skin feels amazing.",0.7,Positive
REV06594,SkinCare Co,Beauty,2025-10-06,4,"Perfect shade of lipstick, not drying.",0.41,Positive
REV06595,SkinCare Co,Beauty,2025-10-11,5,"Soft brushes, applies makeup smoothly.",0.87,Positive
REV06596,SkinCare Co,Beauty,2025-10-11,5,"Soft brushes, applies makeup smoothly.",0.36,Positive
REV06597,SkinCare Co,Beauty,2025-10-10,4,"Soft brushes, applies makeup smoothly.",0.79,Positive
REV06598,SkinCare Co,Beauty,2025-10-18,5,"Very high quality serum, seen improvements in a week.",0.85,Positive
REV06599,SkinCare Co,Beauty,2025-10-15,5,"Soft brushes, applies makeup smoothly.",0.37,Positive
REV06600,SkinCare Co,Beauty,2025-10-17,3,"Took a bit long to ship, but works fine.",0.01,Neutral
REV06601,SkinCare Co,Beauty,2025-10-25,3,"Took a bit long to ship, but works fine.",0.14,Neutral
REV06602,SkinCare Co,Beauty,2025-10-25,4,Smells wonderful and lasts all day.,0.62,Positive
REV06603,SkinCare Co,Beauty,2025-10-23,4,"Very high quality serum, seen improvements in a week.",0.34,Positive
REV06604,SkinCare Co,Beauty,2025-11-03,4,Smells wonderful and lasts all day.,0.65,Positive
REV06605,SkinCare Co,Beauty,2025-10-31,5,"Very high quality serum, seen improvements in a week.",0.74,Positive
REV06606,SkinCare Co,Beauty,2025-10-29,4,"Very high quality serum, seen improvements in a week.",0.65,Positive
REV06607,SkinCare Co,Beauty,2025-11-05,3,"It does what it says, but feels a bit lightweight.",-0.06,Neutral
REV06608,SkinCare Co,Beauty,2025-11-09,5,"Very high quality serum, seen improvements in a week.",0.63,Positive
REV06609,SkinCare Co,Beauty,2025-11-05,4,"Perfect shade of lipstick, not drying.",0.69,Positive
REV06610,SkinCare Co,Beauty,2025-11-14,5,"Soft brushes, applies makeup smoothly.",0.37,Positive
REV06611,SkinCare Co,Beauty,2025-11-14,5,"Perfect shade of lipstick, not drying.",0.53,Positive
REV06612,SkinCare Co,Beauty,2025-11-15,5,"Perfect shade of lipstick, not drying.",0.65,Positive
REV06613,SkinCare Co,Beauty,2025-11-19,5,"Very high quality serum, seen improvements in a week.",0.67,Positive
REV06614,SkinCare Co,Beauty,2025-11-23,4,Smells wonderful and lasts all day.,0.77,Positive
REV06615,SkinCare Co,Beauty,2025-11-20,4,"Soft brushes, applies makeup smoothly.",0.72,Positive
REV06616,SkinCare Co,Beauty,2025-11-30,5,"Perfect shade of lipstick, not drying.",0.75,Positive
REV06617,SkinCare Co,Beauty,2025-11-29,5,"Very high quality serum, seen improvements in a week.",0.78,Positive
REV06618,SkinCare Co,Beauty,2025-11-28,4,"Excellent moisturizer, skin feels amazing.",0.53,Positive
REV06619,SkinCare Co,Beauty,2025-12-04,4,"Very high quality serum, seen improvements in a week.",0.79,Positive
REV06620,SkinCare Co,Beauty,2025-12-07,4,"Very high quality serum, seen improvements in a week.",0.47,Positive
REV06621,SkinCare Co,Beauty,2025-12-06,5,Smells wonderful and lasts all day.,0.78,Positive
REV06622,SkinCare Co,Beauty,2025-12-10,5,"Excellent moisturizer, skin feels amazing.",0.63,Positive
REV06623,SkinCare Co,Beauty,2025-12-11,4,"Very high quality serum, seen improvements in a week.",0.5,Positive
REV06624,SkinCare Co,Beauty,2025-12-10,3,Average quality for the price.,-0.02,Neutral
REV06625,SkinCare Co,Beauty,2025-12-18,5,"Perfect shade of lipstick, not drying.",0.44,Positive
REV06626,SkinCare Co,Beauty,2025-12-22,5,Smells wonderful and lasts all day.,0.51,Positive
REV06627,SkinCare Co,Beauty,2025-12-21,4,"Very high quality serum, seen improvements in a week.",0.77,Positive
REV06628,SkinCare Co,Beauty,2025-12-25,4,"Perfect shade of lipstick, not drying.",0.44,Positive
REV06629,SkinCare Co,Beauty,2025-12-28,5,"Very high quality serum, seen improvements in a week.",0.88,Positive
REV06630,SkinCare Co,Beauty,2025-12-26,5,"Perfect shade of lipstick, not drying.",0.44,Positive
REV06631,SkinCare Co,Beauty,2026-01-05,5,"Perfect shade of lipstick, not drying.",0.86,Positive
REV06632,SkinCare Co,Beauty,2026-01-05,5,"Excellent moisturizer, skin feels amazing.",0.75,Positive
REV06633,SkinCare Co,Beauty,2026-01-04,4,"Perfect shade of lipstick, not drying.",0.61,Positive
REV06634,SkinCare Co,Beauty,2026-01-10,5,"Soft brushes, applies makeup smoothly.",0.67,Positive
REV06635,SkinCare Co,Beauty,2026-01-10,5,Smells wonderful and lasts all day.,0.37,Positive
REV06636,SkinCare Co,Beauty,2026-01-10,4,"Very high quality serum, seen improvements in a week.",0.81,Positive
REV06637,SkinCare Co,Beauty,2026-01-15,5,"Very high quality serum, seen improvements in a week.",0.33,Positive
REV06638,SkinCare Co,Beauty,2026-01-17,4,Smells wonderful and lasts all day.,0.51,Positive
REV06639,SkinCare Co,Beauty,2026-01-14,5,"Perfect shade of lipstick, not drying.",0.82,Positive
REV06640,SkinCare Co,Beauty,2026-01-24,5,"Perfect shade of lipstick, not drying.",0.54,Positive
REV06641,SkinCare Co,Beauty,2026-01-26,4,Smells wonderful and lasts all day.,0.56,Positive
REV06642,SkinCare Co,Beauty,2026-01-24,5,"Excellent moisturizer, skin feels amazing.",0.63,Positive
REV06643,SkinCare Co,Beauty,2026-01-31,5,"Very high quality serum, seen improvements in a week.",0.4,Positive
REV06644,SkinCare Co,Beauty,2026-01-29,4,"Very high quality serum, seen improvements in a week.",0.34,Positive
REV06645,SkinCare Co,Beauty,2026-02-01,5,"Excellent moisturizer, skin feels amazing.",0.41,Positive
REV06646,SkinCare Co,Beauty,2026-02-08,5,Smells wonderful and lasts all day.,0.44,Positive
REV06647,SkinCare Co,Beauty,2026-02-08,3,"It does what it says, but feels a bit lightweight.",0.28,Neutral
REV06648,SkinCare Co,Beauty,2026-02-08,5,"Excellent moisturizer, skin feels amazing.",0.56,Positive
REV06649,SkinCare Co,Beauty,2026-02-11,4,"Very high quality serum, seen improvements in a week.",0.4,Positive
REV06650,SkinCare Co,Beauty,2026-02-15,4,"Perfect shade of lipstick, not drying.",0.64,Positive
REV06651,SkinCare Co,Beauty,2026-02-12,4,Smells wonderful and lasts all day.,0.63,Positive
REV06652,SkinCare Co,Beauty,2026-02-23,5,"Very high quality serum, seen improvements in a week.",0.41,Positive
REV06653,SkinCare Co,Beauty,2026-02-20,4,"Excellent moisturizer, skin feels amazing.",0.55,Positive
REV06654,SkinCare Co,Beauty,2026-02-23,3,"Product is okay, nothing special.",0.01,Neutral
REV06655,SkinCare Co,Beauty,2026-03-01,4,"Very high quality serum, seen improvements in a week.",0.51,Positive
REV06656,SkinCare Co,Beauty,2026-02-26,5,"Soft brushes, applies makeup smoothly.",0.78,Positive
REV06657,SkinCare Co,Beauty,2026-02-28,5,Smells wonderful and lasts all day.,0.65,Positive
REV06658,SkinCare Co,Beauty,2026-03-05,5,Smells wonderful and lasts all day.,0.66,Positive
REV06659,SkinCare Co,Beauty,2026-03-09,4,"Very high quality serum, seen improvements in a week.",0.76,Positive
REV06660,SkinCare Co,Beauty,2026-03-06,5,Smells wonderful and lasts all day.,0.49,Positive
REV06661,SkinCare Co,Beauty,2026-03-11,5,"Perfect shade of lipstick, not drying.",0.71,Positive
REV06662,SkinCare Co,Beauty,2026-03-12,5,"Excellent moisturizer, skin feels amazing.",0.32,Positive
REV06663,SkinCare Co,Beauty,2026-03-14,5,"Soft brushes, applies makeup smoothly.",0.55,Positive
REV06664,SkinCare Co,Beauty,2026-03-23,5,Smells wonderful and lasts all day.,0.63,Positive
REV06665,SkinCare Co,Beauty,2026-03-21,4,"Soft brushes, applies makeup smoothly.",0.68,Positive
REV06666,SkinCare Co,Beauty,2026-03-19,5,Smells wonderful and lasts all day.,0.83,Positive
REV06667,SkinCare Co,Beauty,2026-03-30,5,"Soft brushes, applies makeup smoothly.",0.59,Positive
REV06668,SkinCare Co,Beauty,2026-03-29,5,"Excellent moisturizer, skin feels amazing.",0.46,Positive
REV06669,SkinCare Co,Beauty,2026-03-26,5,"Perfect shade of lipstick, not drying.",0.33,Positive
REV06670,SkinCare Co,Beauty,2026-04-06,5,"Very high quality serum, seen improvements in a week.",0.8,Positive
REV06671,SkinCare Co,Beauty,2026-04-01,4,"Excellent moisturizer, skin feels amazing.",0.53,Positive
REV06672,SkinCare Co,Beauty,2026-04-06,5,"Excellent moisturizer, skin feels amazing.",0.6,Positive
REV06673,SkinCare Co,Beauty,2026-04-12,3,"Decent item, fits reasonably well.",0.21,Neutral
REV06674,SkinCare Co,Beauty,2026-04-08,2,Item doesn't work at all. Completely dead on arrival.,-0.39,Negative
REV06675,SkinCare Co,Beauty,2026-04-10,5,"Very high quality serum, seen improvements in a week.",0.31,Positive
REV06676,SkinCare Co,Beauty,2026-04-15,4,"Soft brushes, applies makeup smoothly.",0.53,Positive
REV06677,SkinCare Co,Beauty,2026-04-20,5,"Soft brushes, applies makeup smoothly.",0.77,Positive
REV06678,SkinCare Co,Beauty,2026-04-20,5,"Soft brushes, applies makeup smoothly.",0.78,Positive
REV06679,SkinCare Co,Beauty,2026-04-25,5,"Very high quality serum, seen improvements in a week.",0.46,Positive
REV06680,SkinCare Co,Beauty,2026-04-24,5,"Excellent moisturizer, skin feels amazing.",0.55,Positive
REV06681,SkinCare Co,Beauty,2026-04-27,5,"Very high quality serum, seen improvements in a week.",0.6,Positive
REV06682,SkinCare Co,Beauty,2026-05-01,4,"Excellent moisturizer, skin feels amazing.",0.45,Positive
REV06683,SkinCare Co,Beauty,2026-05-04,4,"Very high quality serum, seen improvements in a week.",0.54,Positive
REV06684,SkinCare Co,Beauty,2026-05-04,4,"Soft brushes, applies makeup smoothly.",0.84,Positive
REV06685,SkinCare Co,Beauty,2026-05-09,5,"Very high quality serum, seen improvements in a week.",0.38,Positive
REV06686,SkinCare Co,Beauty,2026-05-06,5,"Excellent moisturizer, skin feels amazing.",0.86,Positive
REV06687,SkinCare Co,Beauty,2026-05-08,4,Smells wonderful and lasts all day.,0.48,Positive
REV06688,SkinCare Co,Beauty,2026-05-13,5,"Soft brushes, applies makeup smoothly.",0.4,Positive
REV06689,SkinCare Co,Beauty,2026-05-15,5,Smells wonderful and lasts all day.,0.4,Positive
REV06690,SkinCare Co,Beauty,2026-05-18,5,"Very high quality serum, seen improvements in a week.",0.37,Positive
REV06691,SkinCare Co,Beauty,2026-05-21,4,Smells wonderful and lasts all day.,0.52,Positive
REV06692,SkinCare Co,Beauty,2026-05-21,5,"Very high quality serum, seen improvements in a week.",0.34,Positive
REV06693,SkinCare Co,Beauty,2026-05-20,5,"Perfect shade of lipstick, not drying.",0.72,Positive
REV06694,SkinCare Co,Beauty,2026-05-30,4,"Excellent moisturizer, skin feels amazing.",0.63,Positive
REV06695,SkinCare Co,Beauty,2026-05-28,5,"Very high quality serum, seen improvements in a week.",0.42,Positive
REV06696,SkinCare Co,Beauty,2026-05-29,3,"Took a bit long to ship, but works fine.",0.24,Neutral
REV06697,SkinCare Co,Beauty,2026-06-05,5,"Very high quality serum, seen improvements in a week.",0.72,Positive
REV06698,SkinCare Co,Beauty,2026-06-08,4,"Very high quality serum, seen improvements in a week.",0.74,Positive
REV06699,SkinCare Co,Beauty,2026-06-07,5,"Perfect shade of lipstick, not drying.",0.55,Positive
REV06700,SkinCare Co,Beauty,2026-06-10,4,"Soft brushes, applies makeup smoothly.",0.35,Positive
REV06701,SkinCare Co,Beauty,2026-06-11,5,Smells wonderful and lasts all day.,0.5,Positive
REV06702,SkinCare Co,Beauty,2026-06-12,4,"Soft brushes, applies makeup smoothly.",0.37,Positive
REV06703,SkinCare Co,Beauty,2026-06-19,4,Smells wonderful and lasts all day.,0.8,Positive
REV06704,SkinCare Co,Beauty,2026-06-19,5,"Soft brushes, applies makeup smoothly.",0.84,Positive
REV06705,SkinCare Co,Beauty,2026-06-19,3,"Took a bit long to ship, but works fine.",0.28,Neutral
REV06706,SkinCare Co,Beauty,2026-06-28,4,Smells wonderful and lasts all day.,0.55,Positive
REV06707,SkinCare Co,Beauty,2026-06-27,4,"Perfect shade of lipstick, not drying.",0.65,Positive
REV06708,SkinCare Co,Beauty,2026-06-29,4,"Very high quality serum, seen improvements in a week.",0.52,Positive
REV06709,LuxeScent,Beauty,2025-07-07,4,Smells wonderful and lasts all day.,0.43,Positive
REV06710,LuxeScent,Beauty,2025-07-03,5,Smells wonderful and lasts all day.,0.58,Positive
REV06711,LuxeScent,Beauty,2025-07-04,5,"Soft brushes, applies makeup smoothly.",0.84,Positive
REV06712,LuxeScent,Beauty,2025-07-14,5,"Perfect shade of lipstick, not drying.",0.47,Positive
REV06713,LuxeScent,Beauty,2025-07-09,5,Smells wonderful and lasts all day.,0.87,Positive
REV06714,LuxeScent,Beauty,2025-07-13,5,Smells wonderful and lasts all day.,0.73,Positive
REV06715,LuxeScent,Beauty,2025-07-20,5,Smells wonderful and lasts all day.,0.48,Positive
REV06716,LuxeScent,Beauty,2025-07-18,5,"Excellent moisturizer, skin feels amazing.",0.77,Positive
REV06717,LuxeScent,Beauty,2025-07-21,4,"Perfect shade of lipstick, not drying.",0.89,Positive
REV06718,LuxeScent,Beauty,2025-07-26,5,"Soft brushes, applies makeup smoothly.",0.34,Positive
REV06719,LuxeScent,Beauty,2025-07-27,5,"Very high quality serum, seen improvements in a week.",0.33,Positive
REV06720,LuxeScent,Beauty,2025-07-25,5,Smells wonderful and lasts all day.,0.43,Positive
REV06721,LuxeScent,Beauty,2025-08-03,4,Smells wonderful and lasts all day.,0.73,Positive
REV06722,LuxeScent,Beauty,2025-08-01,4,"Soft brushes, applies makeup smoothly.",0.87,Positive
REV06723,LuxeScent,Beauty,2025-08-01,4,"Soft brushes, applies makeup smoothly.",0.7,Positive
REV06724,LuxeScent,Beauty,2025-08-11,4,"Very high quality serum, seen improvements in a week.",0.6,Positive
REV06725,LuxeScent,Beauty,2025-08-10,5,Smells wonderful and lasts all day.,0.63,Positive
REV06726,LuxeScent,Beauty,2025-08-07,4,"Very high quality serum, seen improvements in a week.",0.36,Positive
REV06727,LuxeScent,Beauty,2025-08-13,4,"Very high quality serum, seen improvements in a week.",0.57,Positive
REV06728,LuxeScent,Beauty,2025-08-15,5,"Excellent moisturizer, skin feels amazing.",0.79,Positive
REV06729,LuxeScent,Beauty,2025-08-15,5,Smells wonderful and lasts all day.,0.6,Positive
REV06730,LuxeScent,Beauty,2025-08-21,4,Smells wonderful and lasts all day.,0.33,Positive
REV06731,LuxeScent,Beauty,2025-08-24,4,"Perfect shade of lipstick, not drying.",0.43,Positive
REV06732,LuxeScent,Beauty,2025-08-25,4,"Excellent moisturizer, skin feels amazing.",0.31,Positive
REV06733,LuxeScent,Beauty,2025-08-30,4,"Perfect shade of lipstick, not drying.",0.6,Positive
REV06734,LuxeScent,Beauty,2025-08-31,4,"Very high quality serum, seen improvements in a week.",0.83,Positive
REV06735,LuxeScent,Beauty,2025-09-01,4,"Excellent moisturizer, skin feels amazing.",0.36,Positive
REV06736,LuxeScent,Beauty,2025-09-04,5,"Soft brushes, applies makeup smoothly.",0.73,Positive
REV06737,LuxeScent,Beauty,2025-09-05,4,Smells wonderful and lasts all day.,0.44,Positive
REV06738,LuxeScent,Beauty,2025-09-06,5,"Excellent moisturizer, skin feels amazing.",0.84,Positive
REV06739,LuxeScent,Beauty,2025-09-12,5,"Excellent moisturizer, skin feels amazing.",0.6,Positive
REV06740,LuxeScent,Beauty,2025-09-10,5,"Soft brushes, applies makeup smoothly.",0.79,Positive
REV06741,LuxeScent,Beauty,2025-09-14,4,"Perfect shade of lipstick, not drying.",0.71,Positive
REV06742,LuxeScent,Beauty,2025-09-17,4,"Soft brushes, applies makeup smoothly.",0.66,Positive
REV06743,LuxeScent,Beauty,2025-09-20,5,"Excellent moisturizer, skin feels amazing.",0.45,Positive
REV06744,LuxeScent,Beauty,2025-09-21,4,"Soft brushes, applies makeup smoothly.",0.9,Positive
REV06745,LuxeScent,Beauty,2025-09-26,3,Average quality for the price.,0.09,Neutral
REV06746,LuxeScent,Beauty,2025-09-29,4,Smells wonderful and lasts all day.,0.45,Positive
REV06747,LuxeScent,Beauty,2025-09-25,4,Smells wonderful and lasts all day.,0.88,Positive
REV06748,LuxeScent,Beauty,2025-10-02,4,"Very high quality serum, seen improvements in a week.",0.54,Positive
REV06749,LuxeScent,Beauty,2025-10-05,4,"Excellent moisturizer, skin feels amazing.",0.31,Positive
REV06750,LuxeScent,Beauty,2025-10-05,5,"Perfect shade of lipstick, not drying.",0.79,Positive
REV06751,LuxeScent,Beauty,2025-10-13,5,"Excellent moisturizer, skin feels amazing.",0.83,Positive
REV06752,LuxeScent,Beauty,2025-10-13,5,Smells wonderful and lasts all day.,0.65,Positive
REV06753,LuxeScent,Beauty,2025-10-09,4,"Excellent moisturizer, skin feels amazing.",0.51,Positive
REV06754,LuxeScent,Beauty,2025-10-15,4,"Perfect shade of lipstick, not drying.",0.45,Positive
REV06755,LuxeScent,Beauty,2025-10-16,3,Average quality for the price.,-0.02,Neutral
REV06756,LuxeScent,Beauty,2025-10-19,5,Smells wonderful and lasts all day.,0.67,Positive
REV06757,LuxeScent,Beauty,2025-10-25,5,"Soft brushes, applies makeup smoothly.",0.53,Positive
REV06758,LuxeScent,Beauty,2025-10-22,4,"Very high quality serum, seen improvements in a week.",0.62,Positive
REV06759,LuxeScent,Beauty,2025-10-22,4,"Soft brushes, applies makeup smoothly.",0.48,Positive
REV06760,LuxeScent,Beauty,2025-10-30,5,"Excellent moisturizer, skin feels amazing.",0.45,Positive
REV06761,LuxeScent,Beauty,2025-10-29,5,"Very high quality serum, seen improvements in a week.",0.48,Positive
REV06762,LuxeScent,Beauty,2025-10-29,5,"Very high quality serum, seen improvements in a week.",0.81,Positive
REV06763,LuxeScent,Beauty,2025-11-05,5,Smells wonderful and lasts all day.,0.73,Positive
REV06764,LuxeScent,Beauty,2025-11-09,5,"Soft brushes, applies makeup smoothly.",0.67,Positive
REV06765,LuxeScent,Beauty,2025-11-09,5,Smells wonderful and lasts all day.,0.87,Positive
REV06766,LuxeScent,Beauty,2025-11-16,4,"Perfect shade of lipstick, not drying.",0.73,Positive
REV06767,LuxeScent,Beauty,2025-11-16,5,"Excellent moisturizer, skin feels amazing.",0.73,Positive
REV06768,LuxeScent,Beauty,2025-11-12,4,"Very high quality serum, seen improvements in a week.",0.48,Positive
REV06769,LuxeScent,Beauty,2025-11-24,4,"Very high quality serum, seen improvements in a week.",0.7,Positive
REV06770,LuxeScent,Beauty,2025-11-23,4,Smells wonderful and lasts all day.,0.51,Positive
REV06771,LuxeScent,Beauty,2025-11-22,5,"Soft brushes, applies makeup smoothly.",0.43,Positive
REV06772,LuxeScent,Beauty,2025-11-29,4,"Perfect shade of lipstick, not drying.",0.63,Positive
REV06773,LuxeScent,Beauty,2025-11-28,5,"Soft brushes, applies makeup smoothly.",0.52,Positive
REV06774,LuxeScent,Beauty,2025-12-01,5,"Very high quality serum, seen improvements in a week.",0.4,Positive
REV06775,LuxeScent,Beauty,2025-12-07,4,"Perfect shade of lipstick, not drying.",0.72,Positive
REV06776,LuxeScent,Beauty,2025-12-07,5,"Very high quality serum, seen improvements in a week.",0.42,Positive
REV06777,LuxeScent,Beauty,2025-12-08,5,"Perfect shade of lipstick, not drying.",0.5,Positive
REV06778,LuxeScent,Beauty,2025-12-14,5,"Perfect shade of lipstick, not drying.",0.83,Positive
REV06779,LuxeScent,Beauty,2025-12-12,5,Smells wonderful and lasts all day.,0.74,Positive
REV06780,LuxeScent,Beauty,2025-12-15,4,"Perfect shade of lipstick, not drying.",0.68,Positive
REV06781,LuxeScent,Beauty,2025-12-19,5,"Soft brushes, applies makeup smoothly.",0.82,Positive
REV06782,LuxeScent,Beauty,2025-12-17,4,"Very high quality serum, seen improvements in a week.",0.53,Positive
REV06783,LuxeScent,Beauty,2025-12-20,5,Smells wonderful and lasts all day.,0.62,Positive
REV06784,LuxeScent,Beauty,2025-12-28,4,"Perfect shade of lipstick, not drying.",0.53,Positive
REV06785,LuxeScent,Beauty,2025-12-27,4,"Very high quality serum, seen improvements in a week.",0.45,Positive
REV06786,LuxeScent,Beauty,2025-12-25,5,Smells wonderful and lasts all day.,0.77,Positive
REV06787,LuxeScent,Beauty,2026-01-05,4,"Very high quality serum, seen improvements in a week.",0.48,Positive
REV06788,LuxeScent,Beauty,2025-12-31,4,"Perfect shade of lipstick, not drying.",0.69,Positive
REV06789,LuxeScent,Beauty,2026-01-02,5,"Very high quality serum, seen improvements in a week.",0.5,Positive
REV06790,LuxeScent,Beauty,2026-01-08,4,"Soft brushes, applies makeup smoothly.",0.61,Positive
REV06791,LuxeScent,Beauty,2026-01-07,3,Average quality for the price.,0.04,Neutral
REV06792,LuxeScent,Beauty,2026-01-08,4,Smells wonderful and lasts all day.,0.5,Positive
REV06793,LuxeScent,Beauty,2026-01-16,5,"Soft brushes, applies makeup smoothly.",0.38,Positive
REV06794,LuxeScent,Beauty,2026-01-18,4,"Perfect shade of lipstick, not drying.",0.75,Positive
REV06795,LuxeScent,Beauty,2026-01-14,5,"Very high quality serum, seen improvements in a week.",0.56,Positive
REV06796,LuxeScent,Beauty,2026-01-25,4,"Perfect shade of lipstick, not drying.",0.81,Positive
REV06797,LuxeScent,Beauty,2026-01-25,4,Smells wonderful and lasts all day.,0.76,Positive
REV06798,LuxeScent,Beauty,2026-01-23,5,Smells wonderful and lasts all day.,0.53,Positive
REV06799,LuxeScent,Beauty,2026-01-31,4,Smells wonderful and lasts all day.,0.53,Positive
REV06800,LuxeScent,Beauty,2026-01-29,4,Smells wonderful and lasts all day.,0.79,Positive
REV06801,LuxeScent,Beauty,2026-02-02,4,"Soft brushes, applies makeup smoothly.",0.5,Positive
REV06802,LuxeScent,Beauty,2026-02-08,5,"Perfect shade of lipstick, not drying.",0.67,Positive
REV06803,LuxeScent,Beauty,2026-02-09,5,"Very high quality serum, seen improvements in a week.",0.4,Positive
REV06804,LuxeScent,Beauty,2026-02-07,5,"Soft brushes, applies makeup smoothly.",0.68,Positive
REV06805,LuxeScent,Beauty,2026-02-12,4,"Perfect shade of lipstick, not drying.",0.69,Positive
REV06806,LuxeScent,Beauty,2026-02-14,5,"Perfect shade of lipstick, not drying.",0.41,Positive
REV06807,LuxeScent,Beauty,2026-02-13,5,"Perfect shade of lipstick, not drying.",0.68,Positive
REV06808,LuxeScent,Beauty,2026-02-20,5,"Perfect shade of lipstick, not drying.",0.41,Positive
REV06809,LuxeScent,Beauty,2026-02-23,4,"Perfect shade of lipstick, not drying.",0.83,Positive
REV06810,LuxeScent,Beauty,2026-02-21,5,"Perfect shade of lipstick, not drying.",0.59,Positive
REV06811,LuxeScent,Beauty,2026-03-01,5,"Very high quality serum, seen improvements in a week.",0.48,Positive
REV06812,LuxeScent,Beauty,2026-02-28,3,"Decent item, fits reasonably well.",0.2,Neutral
REV06813,LuxeScent,Beauty,2026-02-28,4,"Excellent moisturizer, skin feels amazing.",0.68,Positive
REV06814,LuxeScent,Beauty,2026-03-06,5,"Very high quality serum, seen improvements in a week.",0.77,Positive
REV06815,LuxeScent,Beauty,2026-03-07,5,Smells wonderful and lasts all day.,0.49,Positive
REV06816,LuxeScent,Beauty,2026-03-04,5,"Perfect shade of lipstick, not drying.",0.61,Positive
REV06817,LuxeScent,Beauty,2026-03-12,5,Smells wonderful and lasts all day.,0.74,Positive
REV06818,LuxeScent,Beauty,2026-03-13,5,"Perfect shade of lipstick, not drying.",0.49,Positive
REV06819,LuxeScent,Beauty,2026-03-11,5,"Perfect shade of lipstick, not drying.",0.84,Positive
REV06820,LuxeScent,Beauty,2026-03-21,4,"Very high quality serum, seen improvements in a week.",0.84,Positive
REV06821,LuxeScent,Beauty,2026-03-22,5,"Perfect shade of lipstick, not drying.",0.35,Positive
REV06822,LuxeScent,Beauty,2026-03-23,5,"Soft brushes, applies makeup smoothly.",0.55,Positive
REV06823,LuxeScent,Beauty,2026-03-29,5,Smells wonderful and lasts all day.,0.59,Positive
REV06824,LuxeScent,Beauty,2026-03-28,3,"It does what it says, but feels a bit lightweight.",0.09,Neutral
REV06825,LuxeScent,Beauty,2026-03-25,5,"Perfect shade of lipstick, not drying.",0.79,Positive
REV06826,LuxeScent,Beauty,2026-04-02,4,Smells wonderful and lasts all day.,0.32,Positive
REV06827,LuxeScent,Beauty,2026-04-06,4,"Perfect shade of lipstick, not drying.",0.88,Positive
REV06828,LuxeScent,Beauty,2026-04-06,4,"Very high quality serum, seen improvements in a week.",0.84,Positive
REV06829,LuxeScent,Beauty,2026-04-08,5,"Very high quality serum, seen improvements in a week.",0.86,Positive
REV06830,LuxeScent,Beauty,2026-04-13,4,"Very high quality serum, seen improvements in a week.",0.64,Positive
REV06831,LuxeScent,Beauty,2026-04-09,4,"Very high quality serum, seen improvements in a week.",0.43,Positive
REV06832,LuxeScent,Beauty,2026-04-19,5,"Soft brushes, applies makeup smoothly.",0.87,Positive
REV06833,LuxeScent,Beauty,2026-04-15,3,"Decent item, fits reasonably well.",0.01,Neutral
REV06834,LuxeScent,Beauty,2026-04-15,4,"Excellent moisturizer, skin feels amazing.",0.83,Positive
REV06835,LuxeScent,Beauty,2026-04-24,4,"Perfect shade of lipstick, not drying.",0.4,Positive
REV06836,LuxeScent,Beauty,2026-04-24,4,"Soft brushes, applies makeup smoothly.",0.71,Positive
REV06837,LuxeScent,Beauty,2026-04-24,4,"Very high quality serum, seen improvements in a week.",0.76,Positive
REV06838,LuxeScent,Beauty,2026-04-30,4,"Very high quality serum, seen improvements in a week.",0.89,Positive
REV06839,LuxeScent,Beauty,2026-05-01,5,"Excellent moisturizer, skin feels amazing.",0.82,Positive
REV06840,LuxeScent,Beauty,2026-04-30,5,"Very high quality serum, seen improvements in a week.",0.67,Positive
REV06841,LuxeScent,Beauty,2026-05-08,3,"It does what it says, but feels a bit lightweight.",0.13,Neutral
REV06842,LuxeScent,Beauty,2026-05-07,5,"Soft brushes, applies makeup smoothly.",0.64,Positive
REV06843,LuxeScent,Beauty,2026-05-06,4,"Soft brushes, applies makeup smoothly.",0.56,Positive
REV06844,LuxeScent,Beauty,2026-05-15,5,Smells wonderful and lasts all day.,0.82,Positive
REV06845,LuxeScent,Beauty,2026-05-17,5,"Soft brushes, applies makeup smoothly.",0.58,Positive
REV06846,LuxeScent,Beauty,2026-05-17,5,"Perfect shade of lipstick, not drying.",0.75,Positive
REV06847,LuxeScent,Beauty,2026-05-25,5,"Perfect shade of lipstick, not drying.",0.69,Positive
REV06848,LuxeScent,Beauty,2026-05-21,4,"Excellent moisturizer, skin feels amazing.",0.39,Positive
REV06849,LuxeScent,Beauty,2026-05-25,4,"Excellent moisturizer, skin feels amazing.",0.66,Positive
REV06850,LuxeScent,Beauty,2026-05-29,5,"Perfect shade of lipstick, not drying.",0.89,Positive
REV06851,LuxeScent,Beauty,2026-06-01,5,"Very high quality serum, seen improvements in a week.",0.52,Positive
REV06852,LuxeScent,Beauty,2026-05-28,5,Smells wonderful and lasts all day.,0.71,Positive
REV06853,LuxeScent,Beauty,2026-06-04,4,"Very high quality serum, seen improvements in a week.",0.32,Positive
REV06854,LuxeScent,Beauty,2026-06-05,4,"Very high quality serum, seen improvements in a week.",0.3,Positive
REV06855,LuxeScent,Beauty,2026-06-04,5,"Perfect shade of lipstick, not drying.",0.84,Positive
REV06856,LuxeScent,Beauty,2026-06-12,4,"Perfect shade of lipstick, not drying.",0.33,Positive
REV06857,LuxeScent,Beauty,2026-06-15,5,"Soft brushes, applies makeup smoothly.",0.48,Positive
REV06858,LuxeScent,Beauty,2026-06-11,5,"Excellent moisturizer, skin feels amazing.",0.81,Positive
REV06859,LuxeScent,Beauty,2026-06-20,5,"Very high quality serum, seen improvements in a week.",0.68,Positive
REV06860,LuxeScent,Beauty,2026-06-20,4,"Very high quality serum, seen improvements in a week.",0.55,Positive
REV06861,LuxeScent,Beauty,2026-06-21,4,"Excellent moisturizer, skin feels amazing.",0.46,Positive
REV06862,LuxeScent,Beauty,2026-06-26,5,"Soft brushes, applies makeup smoothly.",0.84,Positive
REV06863,LuxeScent,Beauty,2026-06-28,5,"Excellent moisturizer, skin feels amazing.",0.85,Positive
REV06864,LuxeScent,Beauty,2026-06-24,4,"Very high quality serum, seen improvements in a week.",0.8,Positive
REV06865,PureRadiance,Beauty,2025-07-06,4,"Perfect shade of lipstick, not drying.",0.82,Positive
REV06866,PureRadiance,Beauty,2025-07-04,4,"Very high quality serum, seen improvements in a week.",0.32,Positive
REV06867,PureRadiance,Beauty,2025-07-04,4,"Soft brushes, applies makeup smoothly.",0.7,Positive
REV06868,PureRadiance,Beauty,2025-07-14,3,"Product is okay, nothing special.",-0.05,Neutral
REV06869,PureRadiance,Beauty,2025-07-13,4,"Excellent moisturizer, skin feels amazing.",0.87,Positive
REV06870,PureRadiance,Beauty,2025-07-13,3,"Product is okay, nothing special.",0.01,Neutral
REV06871,PureRadiance,Beauty,2025-07-20,4,"Excellent moisturizer, skin feels amazing.",0.55,Positive
REV06872,PureRadiance,Beauty,2025-07-20,5,Smells wonderful and lasts all day.,0.51,Positive
REV06873,PureRadiance,Beauty,2025-07-20,5,"Excellent moisturizer, skin feels amazing.",0.79,Positive
REV06874,PureRadiance,Beauty,2025-07-28,5,"Soft brushes, applies makeup smoothly.",0.41,Positive
REV06875,PureRadiance,Beauty,2025-07-23,5,Smells wonderful and lasts all day.,0.4,Positive
REV06876,PureRadiance,Beauty,2025-07-25,4,"Very high quality serum, seen improvements in a week.",0.65,Positive
REV06877,PureRadiance,Beauty,2025-08-04,3,"Decent item, fits reasonably well.",-0.08,Neutral
REV06878,PureRadiance,Beauty,2025-08-04,4,Smells wonderful and lasts all day.,0.68,Positive
REV06879,PureRadiance,Beauty,2025-07-30,4,"Perfect shade of lipstick, not drying.",0.85,Positive
REV06880,PureRadiance,Beauty,2025-08-08,5,"Soft brushes, applies makeup smoothly.",0.55,Positive
REV06881,PureRadiance,Beauty,2025-08-10,4,"Very high quality serum, seen improvements in a week.",0.82,Positive
REV06882,PureRadiance,Beauty,2025-08-06,3,"Decent item, fits reasonably well.",-0.01,Neutral
REV06883,PureRadiance,Beauty,2025-08-15,4,"Soft brushes, applies makeup smoothly.",0.64,Positive
REV06884,PureRadiance,Beauty,2025-08-17,4,"Excellent moisturizer, skin feels amazing.",0.32,Positive
REV06885,PureRadiance,Beauty,2025-08-13,4,"Very high quality serum, seen improvements in a week.",0.72,Positive
REV06886,PureRadiance,Beauty,2025-08-22,5,Smells wonderful and lasts all day.,0.43,Positive
REV06887,PureRadiance,Beauty,2025-08-21,4,"Very high quality serum, seen improvements in a week.",0.72,Positive
REV06888,PureRadiance,Beauty,2025-08-21,5,"Perfect shade of lipstick, not drying.",0.81,Positive
REV06889,PureRadiance,Beauty,2025-08-31,5,"Perfect shade of lipstick, not drying.",0.55,Positive
REV06890,PureRadiance,Beauty,2025-09-01,3,"Decent item, fits reasonably well.",0.11,Neutral
REV06891,PureRadiance,Beauty,2025-08-31,4,Smells wonderful and lasts all day.,0.45,Positive
REV06892,PureRadiance,Beauty,2025-09-04,5,"Soft brushes, applies makeup smoothly.",0.7,Positive
REV06893,PureRadiance,Beauty,2025-09-04,5,Smells wonderful and lasts all day.,0.61,Positive
REV06894,PureRadiance,Beauty,2025-09-05,4,Smells wonderful and lasts all day.,0.48,Positive
REV06895,PureRadiance,Beauty,2025-09-10,5,"Excellent moisturizer, skin feels amazing.",0.52,Positive
REV06896,PureRadiance,Beauty,2025-09-14,4,"Soft brushes, applies makeup smoothly.",0.67,Positive
REV06897,PureRadiance,Beauty,2025-09-11,4,"Excellent moisturizer, skin feels amazing.",0.57,Positive
REV06898,PureRadiance,Beauty,2025-09-17,4,"Perfect shade of lipstick, not drying.",0.85,Positive
REV06899,PureRadiance,Beauty,2025-09-19,5,"Perfect shade of lipstick, not drying.",0.42,Positive
REV06900,PureRadiance,Beauty,2025-09-22,4,Smells wonderful and lasts all day.,0.43,Positive
REV06901,PureRadiance,Beauty,2025-09-25,2,"Looks cheap and plasticky, completely different from pictures.",-0.49,Negative
REV06902,PureRadiance,Beauty,2025-09-26,5,"Very high quality serum, seen improvements in a week.",0.83,Positive
REV06903,PureRadiance,Beauty,2025-09-25,5,Smells wonderful and lasts all day.,0.86,Positive
REV06904,PureRadiance,Beauty,2025-10-01,4,"Perfect shade of lipstick, not drying.",0.62,Positive
REV06905,PureRadiance,Beauty,2025-10-04,5,Smells wonderful and lasts all day.,0.46,Positive
REV06906,PureRadiance,Beauty,2025-10-04,4,"Excellent moisturizer, skin feels amazing.",0.53,Positive
REV06907,PureRadiance,Beauty,2025-10-13,5,"Very high quality serum, seen improvements in a week.",0.7,Positive
REV06908,PureRadiance,Beauty,2025-10-11,5,Smells wonderful and lasts all day.,0.59,Positive
REV06909,PureRadiance,Beauty,2025-10-11,5,"Excellent moisturizer, skin feels amazing.",0.85,Positive
REV06910,PureRadiance,Beauty,2025-10-16,4,"Very high quality serum, seen improvements in a week.",0.31,Positive
REV06911,PureRadiance,Beauty,2025-10-18,5,Smells wonderful and lasts all day.,0.38,Positive
REV06912,PureRadiance,Beauty,2025-10-15,5,"Soft brushes, applies makeup smoothly.",0.51,Positive
REV06913,PureRadiance,Beauty,2025-10-26,5,Smells wonderful and lasts all day.,0.66,Positive
REV06914,PureRadiance,Beauty,2025-10-27,5,"Soft brushes, applies makeup smoothly.",0.59,Positive
REV06915,PureRadiance,Beauty,2025-10-22,5,"Soft brushes, applies makeup smoothly.",0.88,Positive
REV06916,PureRadiance,Beauty,2025-10-29,5,Smells wonderful and lasts all day.,0.41,Positive
REV06917,PureRadiance,Beauty,2025-11-03,5,"Very high quality serum, seen improvements in a week.",0.71,Positive
REV06918,PureRadiance,Beauty,2025-10-31,4,"Soft brushes, applies makeup smoothly.",0.3,Positive
REV06919,PureRadiance,Beauty,2025-11-08,5,"Perfect shade of lipstick, not drying.",0.45,Positive
REV06920,PureRadiance,Beauty,2025-11-06,5,Smells wonderful and lasts all day.,0.62,Positive
REV06921,PureRadiance,Beauty,2025-11-09,4,"Excellent moisturizer, skin feels amazing.",0.41,Positive
REV06922,PureRadiance,Beauty,2025-11-14,5,"Very high quality serum, seen improvements in a week.",0.71,Positive
REV06923,PureRadiance,Beauty,2025-11-12,5,"Soft brushes, applies makeup smoothly.",0.73,Positive
REV06924,PureRadiance,Beauty,2025-11-12,5,"Very high quality serum, seen improvements in a week.",0.52,Positive
REV06925,PureRadiance,Beauty,2025-11-22,3,"Decent item, fits reasonably well.",0.19,Neutral
REV06926,PureRadiance,Beauty,2025-11-19,4,"Very high quality serum, seen improvements in a week.",0.46,Positive
REV06927,PureRadiance,Beauty,2025-11-21,4,"Perfect shade of lipstick, not drying.",0.52,Positive
REV06928,PureRadiance,Beauty,2025-11-29,5,"Excellent moisturizer, skin feels amazing.",0.63,Positive
REV06929,PureRadiance,Beauty,2025-11-27,5,"Perfect shade of lipstick, not drying.",0.43,Positive
REV06930,PureRadiance,Beauty,2025-12-01,5,"Excellent moisturizer, skin feels amazing.",0.85,Positive
REV06931,PureRadiance,Beauty,2025-12-06,4,"Very high quality serum, seen improvements in a week.",0.6,Positive
REV06932,PureRadiance,Beauty,2025-12-05,5,"Excellent moisturizer, skin feels amazing.",0.76,Positive
REV06933,PureRadiance,Beauty,2025-12-03,4,"Perfect shade of lipstick, not drying.",0.36,Positive
REV06934,PureRadiance,Beauty,2025-12-11,5,Smells wonderful and lasts all day.,0.35,Positive
REV06935,PureRadiance,Beauty,2025-12-10,4,"Soft brushes, applies makeup smoothly.",0.44,Positive
REV06936,PureRadiance,Beauty,2025-12-14,4,Smells wonderful and lasts all day.,0.6,Positive
REV06937,PureRadiance,Beauty,2025-12-22,4,Smells wonderful and lasts all day.,0.44,Positive
REV06938,PureRadiance,Beauty,2025-12-17,5,"Very high quality serum, seen improvements in a week.",0.61,Positive
REV06939,PureRadiance,Beauty,2025-12-21,4,"Excellent moisturizer, skin feels amazing.",0.72,Positive
REV06940,PureRadiance,Beauty,2025-12-26,5,"Perfect shade of lipstick, not drying.",0.89,Positive
REV06941,PureRadiance,Beauty,2025-12-27,5,"Soft brushes, applies makeup smoothly.",0.57,Positive
REV06942,PureRadiance,Beauty,2025-12-27,4,Smells wonderful and lasts all day.,0.79,Positive
REV06943,PureRadiance,Beauty,2026-01-04,5,Smells wonderful and lasts all day.,0.43,Positive
REV06944,PureRadiance,Beauty,2026-01-05,4,Smells wonderful and lasts all day.,0.37,Positive
REV06945,PureRadiance,Beauty,2026-01-02,5,Smells wonderful and lasts all day.,0.64,Positive
REV06946,PureRadiance,Beauty,2026-01-07,5,Smells wonderful and lasts all day.,0.65,Positive
REV06947,PureRadiance,Beauty,2026-01-08,5,"Very high quality serum, seen improvements in a week.",0.55,Positive
REV06948,PureRadiance,Beauty,2026-01-10,5,"Perfect shade of lipstick, not drying.",0.69,Positive
REV06949,PureRadiance,Beauty,2026-01-16,4,"Perfect shade of lipstick, not drying.",0.68,Positive
REV06950,PureRadiance,Beauty,2026-01-16,5,"Soft brushes, applies makeup smoothly.",0.65,Positive
REV06951,PureRadiance,Beauty,2026-01-14,4,"Excellent moisturizer, skin feels amazing.",0.47,Positive
REV06952,PureRadiance,Beauty,2026-01-24,5,"Excellent moisturizer, skin feels amazing.",0.54,Positive
REV06953,PureRadiance,Beauty,2026-01-26,4,"Excellent moisturizer, skin feels amazing.",0.43,Positive
REV06954,PureRadiance,Beauty,2026-01-24,4,Smells wonderful and lasts all day.,0.51,Positive
REV06955,PureRadiance,Beauty,2026-01-31,5,"Soft brushes, applies makeup smoothly.",0.76,Positive
REV06956,PureRadiance,Beauty,2026-02-02,5,"Soft brushes, applies makeup smoothly.",0.34,Positive
REV06957,PureRadiance,Beauty,2026-01-29,4,"Soft brushes, applies makeup smoothly.",0.59,Positive
REV06958,PureRadiance,Beauty,2026-02-04,4,"Excellent moisturizer, skin feels amazing.",0.74,Positive
REV06959,PureRadiance,Beauty,2026-02-05,5,"Perfect shade of lipstick, not drying.",0.58,Positive
REV06960,PureRadiance,Beauty,2026-02-07,4,"Excellent moisturizer, skin feels amazing.",0.49,Positive
REV06961,PureRadiance,Beauty,2026-02-14,5,"Excellent moisturizer, skin feels amazing.",0.34,Positive
REV06962,PureRadiance,Beauty,2026-02-14,5,"Very high quality serum, seen improvements in a week.",0.44,Positive
REV06963,PureRadiance,Beauty,2026-02-14,5,"Soft brushes, applies makeup smoothly.",0.62,Positive
REV06964,PureRadiance,Beauty,2026-02-23,4,"Soft brushes, applies makeup smoothly.",0.31,Positive
REV06965,PureRadiance,Beauty,2026-02-20,5,"Excellent moisturizer, skin feels amazing.",0.34,Positive
REV06966,PureRadiance,Beauty,2026-02-21,4,"Very high quality serum, seen improvements in a week.",0.82,Positive
REV06967,PureRadiance,Beauty,2026-02-27,4,Smells wonderful and lasts all day.,0.73,Positive
REV06968,PureRadiance,Beauty,2026-02-27,5,"Soft brushes, applies makeup smoothly.",0.68,Positive
REV06969,PureRadiance,Beauty,2026-03-02,5,"Soft brushes, applies makeup smoothly.",0.68,Positive
REV06970,PureRadiance,Beauty,2026-03-07,5,"Excellent moisturizer, skin feels amazing.",0.65,Positive
REV06971,PureRadiance,Beauty,2026-03-09,4,"Very high quality serum, seen improvements in a week.",0.53,Positive
REV06972,PureRadiance,Beauty,2026-03-05,5,"Soft brushes, applies makeup smoothly.",0.68,Positive
REV06973,PureRadiance,Beauty,2026-03-15,4,Smells wonderful and lasts all day.,0.42,Positive
REV06974,PureRadiance,Beauty,2026-03-12,5,Smells wonderful and lasts all day.,0.41,Positive
REV06975,PureRadiance,Beauty,2026-03-16,4,Smells wonderful and lasts all day.,0.72,Positive
REV06976,PureRadiance,Beauty,2026-03-23,5,"Excellent moisturizer, skin feels amazing.",0.31,Positive
REV06977,PureRadiance,Beauty,2026-03-20,4,"Very high quality serum, seen improvements in a week.",0.72,Positive
REV06978,PureRadiance,Beauty,2026-03-18,5,"Soft brushes, applies makeup smoothly.",0.47,Positive
REV06979,PureRadiance,Beauty,2026-03-27,4,Smells wonderful and lasts all day.,0.31,Positive
REV06980,PureRadiance,Beauty,2026-03-30,5,Smells wonderful and lasts all day.,0.3,Positive
REV06981,PureRadiance,Beauty,2026-03-27,4,"Perfect shade of lipstick, not drying.",0.57,Positive
REV06982,PureRadiance,Beauty,2026-04-06,4,"Very high quality serum, seen improvements in a week.",0.76,Positive
REV06983,PureRadiance,Beauty,2026-04-05,5,"Soft brushes, applies makeup smoothly.",0.36,Positive
REV06984,PureRadiance,Beauty,2026-04-05,4,"Soft brushes, applies makeup smoothly.",0.88,Positive
REV06985,PureRadiance,Beauty,2026-04-10,5,Smells wonderful and lasts all day.,0.38,Positive
REV06986,PureRadiance,Beauty,2026-04-10,5,"Very high quality serum, seen improvements in a week.",0.4,Positive
REV06987,PureRadiance,Beauty,2026-04-12,5,Smells wonderful and lasts all day.,0.72,Positive
REV06988,PureRadiance,Beauty,2026-04-20,5,"Excellent moisturizer, skin feels amazing.",0.77,Positive
REV06989,PureRadiance,Beauty,2026-04-20,5,"Very high quality serum, seen improvements in a week.",0.39,Positive
REV06990,PureRadiance,Beauty,2026-04-16,5,"Excellent moisturizer, skin feels amazing.",0.44,Positive
REV06991,PureRadiance,Beauty,2026-04-23,4,"Excellent moisturizer, skin feels amazing.",0.43,Positive
REV06992,PureRadiance,Beauty,2026-04-23,5,"Excellent moisturizer, skin feels amazing.",0.58,Positive
REV06993,PureRadiance,Beauty,2026-04-25,4,Smells wonderful and lasts all day.,0.65,Positive
REV06994,PureRadiance,Beauty,2026-05-03,5,"Excellent moisturizer, skin feels amazing.",0.58,Positive
REV06995,PureRadiance,Beauty,2026-05-02,5,"Very high quality serum, seen improvements in a week.",0.71,Positive
REV06996,PureRadiance,Beauty,2026-04-30,5,"Perfect shade of lipstick, not drying.",0.49,Positive
REV06997,PureRadiance,Beauty,2026-05-09,4,"Soft brushes, applies makeup smoothly.",0.41,Positive
REV06998,PureRadiance,Beauty,2026-05-07,5,"Very high quality serum, seen improvements in a week.",0.35,Positive
REV06999,PureRadiance,Beauty,2026-05-10,4,"Very high quality serum, seen improvements in a week.",0.44,Positive
REV07000,PureRadiance,Beauty,2026-05-16,5,"Soft brushes, applies makeup smoothly.",0.36,Positive
REV07001,PureRadiance,Beauty,2026-05-18,5,"Excellent moisturizer, skin feels amazing.",0.43,Positive
REV07002,PureRadiance,Beauty,2026-05-18,5,"Perfect shade of lipstick, not drying.",0.54,Positive
REV07003,PureRadiance,Beauty,2026-05-22,4,"Soft brushes, applies makeup smoothly.",0.76,Positive
REV07004,PureRadiance,Beauty,2026-05-21,4,"Perfect shade of lipstick, not drying.",0.75,Positive
REV07005,PureRadiance,Beauty,2026-05-22,4,"Perfect shade of lipstick, not drying.",0.54,Positive
REV07006,PureRadiance,Beauty,2026-05-30,4,"Soft brushes, applies makeup smoothly.",0.34,Positive
REV07007,PureRadiance,Beauty,2026-06-01,3,"Product is okay, nothing special.",0.04,Neutral
REV07008,PureRadiance,Beauty,2026-05-31,5,"Perfect shade of lipstick, not drying.",0.71,Positive
REV07009,PureRadiance,Beauty,2026-06-05,4,"Excellent moisturizer, skin feels amazing.",0.86,Positive
REV07010,PureRadiance,Beauty,2026-06-08,4,"Very high quality serum, seen improvements in a week.",0.37,Positive
REV07011,PureRadiance,Beauty,2026-06-07,4,"Excellent moisturizer, skin feels amazing.",0.64,Positive
REV07012,PureRadiance,Beauty,2026-06-11,4,"Excellent moisturizer, skin feels amazing.",0.34,Positive
REV07013,PureRadiance,Beauty,2026-06-10,4,"Very high quality serum, seen improvements in a week.",0.55,Positive
REV07014,PureRadiance,Beauty,2026-06-14,5,"Excellent moisturizer, skin feels amazing.",0.66,Positive
REV07015,PureRadiance,Beauty,2026-06-18,5,"Perfect shade of lipstick, not drying.",0.53,Positive
REV07016,PureRadiance,Beauty,2026-06-19,5,"Perfect shade of lipstick, not drying.",0.51,Positive
REV07017,PureRadiance,Beauty,2026-06-20,4,"Very high quality serum, seen improvements in a week.",0.58,Positive
REV07018,PureRadiance,Beauty,2026-06-28,5,"Excellent moisturizer, skin feels amazing.",0.52,Positive
REV07019,PureRadiance,Beauty,2026-06-27,4,Smells wonderful and lasts all day.,0.78,Positive
REV07020,PureRadiance,Beauty,2026-06-25,5,"Soft brushes, applies makeup smoothly.",0.84,Positive
REV07021,FloraEssence,Beauty,2025-07-02,5,Smells wonderful and lasts all day.,0.35,Positive
REV07022,FloraEssence,Beauty,2025-07-07,4,Smells wonderful and lasts all day.,0.72,Positive
REV07023,FloraEssence,Beauty,2025-07-06,4,"Perfect shade of lipstick, not drying.",0.89,Positive
REV07024,FloraEssence,Beauty,2025-07-13,4,Smells wonderful and lasts all day.,0.83,Positive
REV07025,FloraEssence,Beauty,2025-07-13,5,"Soft brushes, applies makeup smoothly.",0.63,Positive
REV07026,FloraEssence,Beauty,2025-07-13,5,"Excellent moisturizer, skin feels amazing.",0.57,Positive
REV07027,FloraEssence,Beauty,2025-07-17,3,"It does what it says, but feels a bit lightweight.",0.16,Neutral
REV07028,FloraEssence,Beauty,2025-07-17,5,"Soft brushes, applies makeup smoothly.",0.85,Positive
REV07029,FloraEssence,Beauty,2025-07-17,5,"Perfect shade of lipstick, not drying.",0.65,Positive
REV07030,FloraEssence,Beauty,2025-07-28,5,Smells wonderful and lasts all day.,0.35,Positive
REV07031,FloraEssence,Beauty,2025-07-24,4,"Soft brushes, applies makeup smoothly.",0.78,Positive
REV07032,FloraEssence,Beauty,2025-07-27,4,Smells wonderful and lasts all day.,0.41,Positive
REV07033,FloraEssence,Beauty,2025-07-31,5,"Very high quality serum, seen improvements in a week.",0.33,Positive
REV07034,FloraEssence,Beauty,2025-07-30,5,"Perfect shade of lipstick, not drying.",0.38,Positive
REV07035,FloraEssence,Beauty,2025-08-01,4,"Very high quality serum, seen improvements in a week.",0.78,Positive
REV07036,FloraEssence,Beauty,2025-08-09,5,"Soft brushes, applies makeup smoothly.",0.6,Positive
REV07037,FloraEssence,Beauty,2025-08-09,4,"Very high quality serum, seen improvements in a week.",0.63,Positive
REV07038,FloraEssence,Beauty,2025-08-07,5,"Perfect shade of lipstick, not drying.",0.51,Positive
REV07039,FloraEssence,Beauty,2025-08-13,4,"Perfect shade of lipstick, not drying.",0.62,Positive
REV07040,FloraEssence,Beauty,2025-08-15,5,"Excellent moisturizer, skin feels amazing.",0.72,Positive
REV07041,FloraEssence,Beauty,2025-08-18,4,"Soft brushes, applies makeup smoothly.",0.44,Positive
REV07042,FloraEssence,Beauty,2025-08-25,5,Smells wonderful and lasts all day.,0.44,Positive
REV07043,FloraEssence,Beauty,2025-08-24,5,"Soft brushes, applies makeup smoothly.",0.58,Positive
REV07044,FloraEssence,Beauty,2025-08-20,5,"Excellent moisturizer, skin feels amazing.",0.6,Positive
REV07045,FloraEssence,Beauty,2025-08-28,5,"Very high quality serum, seen improvements in a week.",0.41,Positive
REV07046,FloraEssence,Beauty,2025-08-30,5,Smells wonderful and lasts all day.,0.69,Positive
REV07047,FloraEssence,Beauty,2025-08-28,4,Smells wonderful and lasts all day.,0.4,Positive
REV07048,FloraEssence,Beauty,2025-09-08,4,Smells wonderful and lasts all day.,0.64,Positive
REV07049,FloraEssence,Beauty,2025-09-06,4,"Very high quality serum, seen improvements in a week.",0.49,Positive
REV07050,FloraEssence,Beauty,2025-09-04,4,"Soft brushes, applies makeup smoothly.",0.86,Positive
REV07051,FloraEssence,Beauty,2025-09-10,5,"Perfect shade of lipstick, not drying.",0.59,Positive
REV07052,FloraEssence,Beauty,2025-09-12,4,Smells wonderful and lasts all day.,0.43,Positive
REV07053,FloraEssence,Beauty,2025-09-13,4,Smells wonderful and lasts all day.,0.69,Positive
REV07054,FloraEssence,Beauty,2025-09-22,5,"Soft brushes, applies makeup smoothly.",0.41,Positive
REV07055,FloraEssence,Beauty,2025-09-18,4,Smells wonderful and lasts all day.,0.36,Positive
REV07056,FloraEssence,Beauty,2025-09-18,5,"Very high quality serum, seen improvements in a week.",0.79,Positive
REV07057,FloraEssence,Beauty,2025-09-26,5,"Perfect shade of lipstick, not drying.",0.68,Positive
REV07058,FloraEssence,Beauty,2025-09-29,5,"Excellent moisturizer, skin feels amazing.",0.56,Positive
REV07059,FloraEssence,Beauty,2025-09-28,5,"Excellent moisturizer, skin feels amazing.",0.65,Positive
REV07060,FloraEssence,Beauty,2025-10-01,5,"Soft brushes, applies makeup smoothly.",0.77,Positive
REV07061,FloraEssence,Beauty,2025-10-04,5,"Soft brushes, applies makeup smoothly.",0.72,Positive
REV07062,FloraEssence,Beauty,2025-10-06,5,Smells wonderful and lasts all day.,0.73,Positive
REV07063,FloraEssence,Beauty,2025-10-08,5,"Perfect shade of lipstick, not drying.",0.31,Positive
REV07064,FloraEssence,Beauty,2025-10-13,5,"Soft brushes, applies makeup smoothly.",0.73,Positive
REV07065,FloraEssence,Beauty,2025-10-11,5,"Soft brushes, applies makeup smoothly.",0.76,Positive
REV07066,FloraEssence,Beauty,2025-10-20,5,"Excellent moisturizer, skin feels amazing.",0.64,Positive
REV07067,FloraEssence,Beauty,2025-10-17,3,"Took a bit long to ship, but works fine.",0.0,Neutral
REV07068,FloraEssence,Beauty,2025-10-18,5,"Excellent moisturizer, skin feels amazing.",0.61,Positive
REV07069,FloraEssence,Beauty,2025-10-27,4,"Excellent moisturizer, skin feels amazing.",0.69,Positive
REV07070,FloraEssence,Beauty,2025-10-25,5,"Very high quality serum, seen improvements in a week.",0.66,Positive
REV07071,FloraEssence,Beauty,2025-10-23,5,"Soft brushes, applies makeup smoothly.",0.41,Positive
REV07072,FloraEssence,Beauty,2025-10-31,5,"Very high quality serum, seen improvements in a week.",0.55,Positive
REV07073,FloraEssence,Beauty,2025-11-02,5,Smells wonderful and lasts all day.,0.42,Positive
REV07074,FloraEssence,Beauty,2025-10-29,4,"Excellent moisturizer, skin feels amazing.",0.61,Positive
REV07075,FloraEssence,Beauty,2025-11-09,4,"Soft brushes, applies makeup smoothly.",0.68,Positive
REV07076,FloraEssence,Beauty,2025-11-06,5,"Perfect shade of lipstick, not drying.",0.85,Positive
REV07077,FloraEssence,Beauty,2025-11-10,5,"Very high quality serum, seen improvements in a week.",0.67,Positive
REV07078,FloraEssence,Beauty,2025-11-12,4,"Very high quality serum, seen improvements in a week.",0.68,Positive
REV07079,FloraEssence,Beauty,2025-11-14,4,"Excellent moisturizer, skin feels amazing.",0.69,Positive
REV07080,FloraEssence,Beauty,2025-11-14,4,"Perfect shade of lipstick, not drying.",0.76,Positive
REV07081,FloraEssence,Beauty,2025-11-21,5,"Soft brushes, applies makeup smoothly.",0.48,Positive
REV07082,FloraEssence,Beauty,2025-11-24,5,"Very high quality serum, seen improvements in a week.",0.51,Positive
REV07083,FloraEssence,Beauty,2025-11-21,4,"Perfect shade of lipstick, not drying.",0.85,Positive
REV07084,FloraEssence,Beauty,2025-11-26,5,"Excellent moisturizer, skin feels amazing.",0.75,Positive
REV07085,FloraEssence,Beauty,2025-11-27,5,"Very high quality serum, seen improvements in a week.",0.4,Positive
REV07086,FloraEssence,Beauty,2025-11-29,4,"Soft brushes, applies makeup smoothly.",0.49,Positive
REV07087,FloraEssence,Beauty,2025-12-06,3,"It does what it says, but feels a bit lightweight.",0.17,Neutral
REV07088,FloraEssence,Beauty,2025-12-03,5,"Perfect shade of lipstick, not drying.",0.56,Positive
REV07089,FloraEssence,Beauty,2025-12-07,5,"Very high quality serum, seen improvements in a week.",0.47,Positive
REV07090,FloraEssence,Beauty,2025-12-13,5,"Soft brushes, applies makeup smoothly.",0.55,Positive
REV07091,FloraEssence,Beauty,2025-12-14,5,"Soft brushes, applies makeup smoothly.",0.86,Positive
REV07092,FloraEssence,Beauty,2025-12-10,5,"Very high quality serum, seen improvements in a week.",0.35,Positive
REV07093,FloraEssence,Beauty,2025-12-21,4,"Excellent moisturizer, skin feels amazing.",0.31,Positive
REV07094,FloraEssence,Beauty,2025-12-21,4,"Excellent moisturizer, skin feels amazing.",0.86,Positive
REV07095,FloraEssence,Beauty,2025-12-17,5,"Excellent moisturizer, skin feels amazing.",0.49,Positive
REV07096,FloraEssence,Beauty,2025-12-26,4,Smells wonderful and lasts all day.,0.32,Positive
REV07097,FloraEssence,Beauty,2025-12-29,5,"Soft brushes, applies makeup smoothly.",0.4,Positive
REV07098,FloraEssence,Beauty,2025-12-27,5,"Soft brushes, applies makeup smoothly.",0.57,Positive
REV07099,FloraEssence,Beauty,2026-01-02,5,"Excellent moisturizer, skin feels amazing.",0.36,Positive
REV07100,FloraEssence,Beauty,2026-01-03,4,"Very high quality serum, seen improvements in a week.",0.64,Positive
REV07101,FloraEssence,Beauty,2026-01-04,5,"Soft brushes, applies makeup smoothly.",0.82,Positive
REV07102,FloraEssence,Beauty,2026-01-12,5,"Very high quality serum, seen improvements in a week.",0.54,Positive
REV07103,FloraEssence,Beauty,2026-01-12,5,"Very high quality serum, seen improvements in a week.",0.76,Positive
REV07104,FloraEssence,Beauty,2026-01-08,5,"Excellent moisturizer, skin feels amazing.",0.74,Positive
REV07105,FloraEssence,Beauty,2026-01-14,4,Smells wonderful and lasts all day.,0.41,Positive
REV07106,FloraEssence,Beauty,2026-01-14,3,"Took a bit long to ship, but works fine.",-0.04,Neutral
REV07107,FloraEssence,Beauty,2026-01-17,4,"Perfect shade of lipstick, not drying.",0.85,Positive
REV07108,FloraEssence,Beauty,2026-01-23,4,"Very high quality serum, seen improvements in a week.",0.62,Positive
REV07109,FloraEssence,Beauty,2026-01-26,5,"Perfect shade of lipstick, not drying.",0.44,Positive
REV07110,FloraEssence,Beauty,2026-01-23,5,"Perfect shade of lipstick, not drying.",0.37,Positive
REV07111,FloraEssence,Beauty,2026-01-31,4,"Perfect shade of lipstick, not drying.",0.74,Positive
REV07112,FloraEssence,Beauty,2026-01-30,5,"Excellent moisturizer, skin feels amazing.",0.31,Positive
REV07113,FloraEssence,Beauty,2026-02-02,4,"Very high quality serum, seen improvements in a week.",0.39,Positive
REV07114,FloraEssence,Beauty,2026-02-05,4,"Perfect shade of lipstick, not drying.",0.37,Positive
REV07115,FloraEssence,Beauty,2026-02-08,4,Smells wonderful and lasts all day.,0.75,Positive
REV07116,FloraEssence,Beauty,2026-02-09,5,"Soft brushes, applies makeup smoothly.",0.52,Positive
REV07117,FloraEssence,Beauty,2026-02-13,5,"Very high quality serum, seen improvements in a week.",0.3,Positive
REV07118,FloraEssence,Beauty,2026-02-14,5,Smells wonderful and lasts all day.,0.4,Positive
REV07119,FloraEssence,Beauty,2026-02-13,5,"Excellent moisturizer, skin feels amazing.",0.71,Positive
REV07120,FloraEssence,Beauty,2026-02-22,4,"Soft brushes, applies makeup smoothly.",0.43,Positive
REV07121,FloraEssence,Beauty,2026-02-20,4,Smells wonderful and lasts all day.,0.31,Positive
REV07122,FloraEssence,Beauty,2026-02-18,5,"Perfect shade of lipstick, not drying.",0.6,Positive
REV07123,FloraEssence,Beauty,2026-03-02,5,"Excellent moisturizer, skin feels amazing.",0.62,Positive
REV07124,FloraEssence,Beauty,2026-02-27,4,"Very high quality serum, seen improvements in a week.",0.51,Positive
REV07125,FloraEssence,Beauty,2026-02-28,4,"Soft brushes, applies makeup smoothly.",0.66,Positive
REV07126,FloraEssence,Beauty,2026-03-07,4,Smells wonderful and lasts all day.,0.88,Positive
REV07127,FloraEssence,Beauty,2026-03-06,5,Smells wonderful and lasts all day.,0.5,Positive
REV07128,FloraEssence,Beauty,2026-03-06,5,"Very high quality serum, seen improvements in a week.",0.39,Positive
REV07129,FloraEssence,Beauty,2026-03-13,5,"Very high quality serum, seen improvements in a week.",0.42,Positive
REV07130,FloraEssence,Beauty,2026-03-12,5,Smells wonderful and lasts all day.,0.85,Positive
REV07131,FloraEssence,Beauty,2026-03-11,5,"Perfect shade of lipstick, not drying.",0.51,Positive
REV07132,FloraEssence,Beauty,2026-03-22,4,Smells wonderful and lasts all day.,0.71,Positive
REV07133,FloraEssence,Beauty,2026-03-22,5,"Perfect shade of lipstick, not drying.",0.75,Positive
REV07134,FloraEssence,Beauty,2026-03-20,5,"Soft brushes, applies makeup smoothly.",0.85,Positive
REV07135,FloraEssence,Beauty,2026-03-29,4,"Soft brushes, applies makeup smoothly.",0.32,Positive
REV07136,FloraEssence,Beauty,2026-03-28,5,Smells wonderful and lasts all day.,0.46,Positive
REV07137,FloraEssence,Beauty,2026-03-30,5,"Soft brushes, applies makeup smoothly.",0.85,Positive
REV07138,FloraEssence,Beauty,2026-04-01,5,Smells wonderful and lasts all day.,0.4,Positive
REV07139,FloraEssence,Beauty,2026-04-06,4,"Excellent moisturizer, skin feels amazing.",0.68,Positive
REV07140,FloraEssence,Beauty,2026-04-06,5,"Soft brushes, applies makeup smoothly.",0.85,Positive
REV07141,FloraEssence,Beauty,2026-04-09,4,"Perfect shade of lipstick, not drying.",0.49,Positive
REV07142,FloraEssence,Beauty,2026-04-12,3,"Took a bit long to ship, but works fine.",-0.06,Neutral
REV07143,FloraEssence,Beauty,2026-04-11,5,"Perfect shade of lipstick, not drying.",0.32,Positive
REV07144,FloraEssence,Beauty,2026-04-15,5,"Very high quality serum, seen improvements in a week.",0.71,Positive
REV07145,FloraEssence,Beauty,2026-04-19,5,"Perfect shade of lipstick, not drying.",0.31,Positive
REV07146,FloraEssence,Beauty,2026-04-15,5,"Soft brushes, applies makeup smoothly.",0.87,Positive
REV07147,FloraEssence,Beauty,2026-04-25,4,Smells wonderful and lasts all day.,0.5,Positive
REV07148,FloraEssence,Beauty,2026-04-23,4,"Excellent moisturizer, skin feels amazing.",0.79,Positive
REV07149,FloraEssence,Beauty,2026-04-23,5,"Soft brushes, applies makeup smoothly.",0.54,Positive
REV07150,FloraEssence,Beauty,2026-04-29,4,"Perfect shade of lipstick, not drying.",0.34,Positive
REV07151,FloraEssence,Beauty,2026-04-30,5,"Very high quality serum, seen improvements in a week.",0.31,Positive
REV07152,FloraEssence,Beauty,2026-04-30,5,Smells wonderful and lasts all day.,0.51,Positive
REV07153,FloraEssence,Beauty,2026-05-11,4,"Very high quality serum, seen improvements in a week.",0.67,Positive
REV07154,FloraEssence,Beauty,2026-05-07,4,Smells wonderful and lasts all day.,0.79,Positive
REV07155,FloraEssence,Beauty,2026-05-08,4,"Excellent moisturizer, skin feels amazing.",0.45,Positive
REV07156,FloraEssence,Beauty,2026-05-17,5,"Excellent moisturizer, skin feels amazing.",0.35,Positive
REV07157,FloraEssence,Beauty,2026-05-16,5,"Very high quality serum, seen improvements in a week.",0.46,Positive
REV07158,FloraEssence,Beauty,2026-05-17,5,"Very high quality serum, seen improvements in a week.",0.81,Positive
REV07159,FloraEssence,Beauty,2026-05-21,5,"Soft brushes, applies makeup smoothly.",0.84,Positive
REV07160,FloraEssence,Beauty,2026-05-21,4,"Very high quality serum, seen improvements in a week.",0.47,Positive
REV07161,FloraEssence,Beauty,2026-05-24,4,"Soft brushes, applies makeup smoothly.",0.51,Positive
REV07162,FloraEssence,Beauty,2026-05-30,4,"Soft brushes, applies makeup smoothly.",0.83,Positive
REV07163,FloraEssence,Beauty,2026-06-01,4,"Perfect shade of lipstick, not drying.",0.33,Positive
REV07164,FloraEssence,Beauty,2026-05-29,5,"Perfect shade of lipstick, not drying.",0.36,Positive
REV07165,FloraEssence,Beauty,2026-06-05,5,"Perfect shade of lipstick, not drying.",0.47,Positive
REV07166,FloraEssence,Beauty,2026-06-05,5,Smells wonderful and lasts all day.,0.86,Positive
REV07167,FloraEssence,Beauty,2026-06-05,4,"Soft brushes, applies makeup smoothly.",0.65,Positive
REV07168,FloraEssence,Beauty,2026-06-12,5,Smells wonderful and lasts all day.,0.52,Positive
REV07169,FloraEssence,Beauty,2026-06-14,5,Smells wonderful and lasts all day.,0.61,Positive
REV07170,FloraEssence,Beauty,2026-06-11,4,"Soft brushes, applies makeup smoothly.",0.37,Positive
REV07171,FloraEssence,Beauty,2026-06-22,5,"Soft brushes, applies makeup smoothly.",0.4,Positive
REV07172,FloraEssence,Beauty,2026-06-21,4,"Very high quality serum, seen improvements in a week.",0.42,Positive
REV07173,FloraEssence,Beauty,2026-06-17,5,"Perfect shade of lipstick, not drying.",0.83,Positive
REV07174,FloraEssence,Beauty,2026-06-29,3,Average quality for the price.,0.01,Neutral
REV07175,FloraEssence,Beauty,2026-06-29,4,"Perfect shade of lipstick, not drying.",0.51,Positive
REV07176,FloraEssence,Beauty,2026-06-25,5,"Soft brushes, applies makeup smoothly.",0.54,Positive
REV07177,GlamourSpade,Beauty,2025-07-06,4,"Perfect shade of lipstick, not drying.",0.53,Positive
REV07178,GlamourSpade,Beauty,2025-07-05,5,"Excellent moisturizer, skin feels amazing.",0.5,Positive
REV07179,GlamourSpade,Beauty,2025-07-05,4,"Soft brushes, applies makeup smoothly.",0.38,Positive
REV07180,GlamourSpade,Beauty,2025-07-12,4,"Soft brushes, applies makeup smoothly.",0.72,Positive
REV07181,GlamourSpade,Beauty,2025-07-10,5,"Excellent moisturizer, skin feels amazing.",0.55,Positive
REV07182,GlamourSpade,Beauty,2025-07-13,4,"Excellent moisturizer, skin feels amazing.",0.61,Positive
REV07183,GlamourSpade,Beauty,2025-07-21,5,"Soft brushes, applies makeup smoothly.",0.84,Positive
REV07184,GlamourSpade,Beauty,2025-07-18,4,"Excellent moisturizer, skin feels amazing.",0.5,Positive
REV07185,GlamourSpade,Beauty,2025-07-21,5,"Very high quality serum, seen improvements in a week.",0.72,Positive
REV07186,GlamourSpade,Beauty,2025-07-28,4,"Excellent moisturizer, skin feels amazing.",0.49,Positive
REV07187,GlamourSpade,Beauty,2025-07-23,5,"Perfect shade of lipstick, not drying.",0.45,Positive
REV07188,GlamourSpade,Beauty,2025-07-27,4,"Perfect shade of lipstick, not drying.",0.47,Positive
REV07189,GlamourSpade,Beauty,2025-08-04,4,"Excellent moisturizer, skin feels amazing.",0.61,Positive
REV07190,GlamourSpade,Beauty,2025-08-02,4,"Soft brushes, applies makeup smoothly.",0.64,Positive
REV07191,GlamourSpade,Beauty,2025-08-04,5,"Very high quality serum, seen improvements in a week.",0.45,Positive
REV07192,GlamourSpade,Beauty,2025-08-09,5,Smells wonderful and lasts all day.,0.6,Positive
REV07193,GlamourSpade,Beauty,2025-08-11,5,Smells wonderful and lasts all day.,0.83,Positive
REV07194,GlamourSpade,Beauty,2025-08-08,3,"Decent item, fits reasonably well.",0.16,Neutral
REV07195,GlamourSpade,Beauty,2025-08-15,4,"Perfect shade of lipstick, not drying.",0.71,Positive
REV07196,GlamourSpade,Beauty,2025-08-17,5,Smells wonderful and lasts all day.,0.68,Positive
REV07197,GlamourSpade,Beauty,2025-08-16,4,"Soft brushes, applies makeup smoothly.",0.47,Positive
REV07198,GlamourSpade,Beauty,2025-08-25,4,"Soft brushes, applies makeup smoothly.",0.61,Positive
REV07199,GlamourSpade,Beauty,2025-08-22,3,"It does what it says, but feels a bit lightweight.",-0.02,Neutral
REV07200,GlamourSpade,Beauty,2025-08-24,5,"Excellent moisturizer, skin feels amazing.",0.32,Positive
REV07201,GlamourSpade,Beauty,2025-08-31,4,"Perfect shade of lipstick, not drying.",0.39,Positive
REV07202,GlamourSpade,Beauty,2025-08-27,5,"Excellent moisturizer, skin feels amazing.",0.57,Positive
REV07203,GlamourSpade,Beauty,2025-08-27,5,"Soft brushes, applies makeup smoothly.",0.44,Positive
REV07204,GlamourSpade,Beauty,2025-09-08,5,"Very high quality serum, seen improvements in a week.",0.62,Positive
REV07205,GlamourSpade,Beauty,2025-09-08,4,Smells wonderful and lasts all day.,0.45,Positive
REV07206,GlamourSpade,Beauty,2025-09-04,3,Average quality for the price.,-0.02,Neutral
REV07207,GlamourSpade,Beauty,2025-09-11,5,Smells wonderful and lasts all day.,0.5,Positive
REV07208,GlamourSpade,Beauty,2025-09-15,5,"Excellent moisturizer, skin feels amazing.",0.7,Positive
REV07209,GlamourSpade,Beauty,2025-09-15,5,"Very high quality serum, seen improvements in a week.",0.33,Positive
REV07210,GlamourSpade,Beauty,2025-09-17,5,"Perfect shade of lipstick, not drying.",0.72,Positive
REV07211,GlamourSpade,Beauty,2025-09-20,5,"Excellent moisturizer, skin feels amazing.",0.44,Positive
REV07212,GlamourSpade,Beauty,2025-09-22,5,"Soft brushes, applies makeup smoothly.",0.56,Positive
REV07213,GlamourSpade,Beauty,2025-09-27,5,"Very high quality serum, seen improvements in a week.",0.51,Positive
REV07214,GlamourSpade,Beauty,2025-09-29,5,"Very high quality serum, seen improvements in a week.",0.66,Positive
REV07215,GlamourSpade,Beauty,2025-09-25,5,"Very high quality serum, seen improvements in a week.",0.56,Positive
REV07216,GlamourSpade,Beauty,2025-10-01,5,Smells wonderful and lasts all day.,0.84,Positive
REV07217,GlamourSpade,Beauty,2025-10-03,5,"Perfect shade of lipstick, not drying.",0.82,Positive
REV07218,GlamourSpade,Beauty,2025-10-06,4,Smells wonderful and lasts all day.,0.84,Positive
REV07219,GlamourSpade,Beauty,2025-10-11,5,"Perfect shade of lipstick, not drying.",0.36,Positive
REV07220,GlamourSpade,Beauty,2025-10-09,5,"Excellent moisturizer, skin feels amazing.",0.42,Positive
REV07221,GlamourSpade,Beauty,2025-10-11,5,"Perfect shade of lipstick, not drying.",0.78,Positive
REV07222,GlamourSpade,Beauty,2025-10-17,5,Smells wonderful and lasts all day.,0.76,Positive
REV07223,GlamourSpade,Beauty,2025-10-17,5,"Excellent moisturizer, skin feels amazing.",0.32,Positive
REV07224,GlamourSpade,Beauty,2025-10-15,4,"Very high quality serum, seen improvements in a week.",0.6,Positive
REV07225,GlamourSpade,Beauty,2025-10-22,5,"Perfect shade of lipstick, not drying.",0.41,Positive
REV07226,GlamourSpade,Beauty,2025-10-22,5,"Soft brushes, applies makeup smoothly.",0.48,Positive
REV07227,GlamourSpade,Beauty,2025-10-22,5,"Soft brushes, applies makeup smoothly.",0.77,Positive
REV07228,GlamourSpade,Beauty,2025-10-29,5,"Perfect shade of lipstick, not drying.",0.34,Positive
REV07229,GlamourSpade,Beauty,2025-10-29,5,Smells wonderful and lasts all day.,0.33,Positive
REV07230,GlamourSpade,Beauty,2025-10-29,4,"Soft brushes, applies makeup smoothly.",0.35,Positive
REV07231,GlamourSpade,Beauty,2025-11-08,5,"Perfect shade of lipstick, not drying.",0.87,Positive
REV07232,GlamourSpade,Beauty,2025-11-05,4,"Perfect shade of lipstick, not drying.",0.52,Positive
REV07233,GlamourSpade,Beauty,2025-11-09,4,"Soft brushes, applies makeup smoothly.",0.48,Positive
REV07234,GlamourSpade,Beauty,2025-11-13,5,"Excellent moisturizer, skin feels amazing.",0.89,Positive
REV07235,GlamourSpade,Beauty,2025-11-17,4,Smells wonderful and lasts all day.,0.8,Positive
REV07236,GlamourSpade,Beauty,2025-11-15,4,"Soft brushes, applies makeup smoothly.",0.49,Positive
REV07237,GlamourSpade,Beauty,2025-11-20,4,"Soft brushes, applies makeup smoothly.",0.66,Positive
REV07238,GlamourSpade,Beauty,2025-11-19,5,"Perfect shade of lipstick, not drying.",0.6,Positive
REV07239,GlamourSpade,Beauty,2025-11-23,4,Smells wonderful and lasts all day.,0.4,Positive
REV07240,GlamourSpade,Beauty,2025-11-27,4,"Soft brushes, applies makeup smoothly.",0.59,Positive
REV07241,GlamourSpade,Beauty,2025-12-01,4,"Very high quality serum, seen improvements in a week.",0.6,Positive
REV07242,GlamourSpade,Beauty,2025-11-30,4,Smells wonderful and lasts all day.,0.34,Positive
REV07243,GlamourSpade,Beauty,2025-12-03,5,"Very high quality serum, seen improvements in a week.",0.42,Positive
REV07244,GlamourSpade,Beauty,2025-12-03,4,"Soft brushes, applies makeup smoothly.",0.67,Positive
REV07245,GlamourSpade,Beauty,2025-12-03,5,"Soft brushes, applies makeup smoothly.",0.62,Positive
REV07246,GlamourSpade,Beauty,2025-12-10,4,"Perfect shade of lipstick, not drying.",0.8,Positive
REV07247,GlamourSpade,Beauty,2025-12-15,4,"Perfect shade of lipstick, not drying.",0.64,Positive
REV07248,GlamourSpade,Beauty,2025-12-14,5,Smells wonderful and lasts all day.,0.51,Positive
REV07249,GlamourSpade,Beauty,2025-12-17,4,Smells wonderful and lasts all day.,0.76,Positive
REV07250,GlamourSpade,Beauty,2025-12-18,5,"Very high quality serum, seen improvements in a week.",0.37,Positive
REV07251,GlamourSpade,Beauty,2025-12-18,5,"Soft brushes, applies makeup smoothly.",0.6,Positive
REV07252,GlamourSpade,Beauty,2025-12-27,3,"Took a bit long to ship, but works fine.",0.0,Neutral
REV07253,GlamourSpade,Beauty,2025-12-27,4,"Soft brushes, applies makeup smoothly.",0.36,Positive
REV07254,GlamourSpade,Beauty,2025-12-24,4,"Very high quality serum, seen improvements in a week.",0.69,Positive
REV07255,GlamourSpade,Beauty,2025-12-31,4,"Soft brushes, applies makeup smoothly.",0.49,Positive
REV07256,GlamourSpade,Beauty,2026-01-01,5,"Perfect shade of lipstick, not drying.",0.7,Positive
REV07257,GlamourSpade,Beauty,2026-01-01,5,"Perfect shade of lipstick, not drying.",0.48,Positive
REV07258,GlamourSpade,Beauty,2026-01-08,3,"Decent item, fits reasonably well.",-0.01,Neutral
REV07259,GlamourSpade,Beauty,2026-01-07,5,"Very high quality serum, seen improvements in a week.",0.63,Positive
REV07260,GlamourSpade,Beauty,2026-01-07,4,"Perfect shade of lipstick, not drying.",0.46,Positive
REV07261,GlamourSpade,Beauty,2026-01-14,5,"Soft brushes, applies makeup smoothly.",0.4,Positive
REV07262,GlamourSpade,Beauty,2026-01-14,5,"Soft brushes, applies makeup smoothly.",0.5,Positive
REV07263,GlamourSpade,Beauty,2026-01-18,5,"Perfect shade of lipstick, not drying.",0.42,Positive
REV07264,GlamourSpade,Beauty,2026-01-26,4,"Soft brushes, applies makeup smoothly.",0.72,Positive
REV07265,GlamourSpade,Beauty,2026-01-25,5,"Soft brushes, applies makeup smoothly.",0.76,Positive
REV07266,GlamourSpade,Beauty,2026-01-25,5,"Very high quality serum, seen improvements in a week.",0.8,Positive
REV07267,GlamourSpade,Beauty,2026-01-30,5,Smells wonderful and lasts all day.,0.82,Positive
REV07268,GlamourSpade,Beauty,2026-01-29,4,"Perfect shade of lipstick, not drying.",0.49,Positive
REV07269,GlamourSpade,Beauty,2026-01-29,4,"Very high quality serum, seen improvements in a week.",0.78,Positive
REV07270,GlamourSpade,Beauty,2026-02-07,5,"Very high quality serum, seen improvements in a week.",0.88,Positive
REV07271,GlamourSpade,Beauty,2026-02-07,5,"Very high quality serum, seen improvements in a week.",0.46,Positive
REV07272,GlamourSpade,Beauty,2026-02-07,3,"Product is okay, nothing special.",0.29,Neutral
REV07273,GlamourSpade,Beauty,2026-02-11,5,"Very high quality serum, seen improvements in a week.",0.61,Positive
REV07274,GlamourSpade,Beauty,2026-02-15,5,"Perfect shade of lipstick, not drying.",0.49,Positive
REV07275,GlamourSpade,Beauty,2026-02-15,3,"Decent item, fits reasonably well.",0.0,Neutral
REV07276,GlamourSpade,Beauty,2026-02-21,3,"Took a bit long to ship, but works fine.",0.05,Neutral
REV07277,GlamourSpade,Beauty,2026-02-23,4,"Perfect shade of lipstick, not drying.",0.54,Positive
REV07278,GlamourSpade,Beauty,2026-02-22,4,"Excellent moisturizer, skin feels amazing.",0.74,Positive
REV07279,GlamourSpade,Beauty,2026-02-25,5,Smells wonderful and lasts all day.,0.61,Positive
REV07280,GlamourSpade,Beauty,2026-03-01,3,"Took a bit long to ship, but works fine.",-0.05,Neutral
REV07281,GlamourSpade,Beauty,2026-03-01,4,"Soft brushes, applies makeup smoothly.",0.35,Positive
REV07282,GlamourSpade,Beauty,2026-03-09,4,"Perfect shade of lipstick, not drying.",0.6,Positive
REV07283,GlamourSpade,Beauty,2026-03-08,4,"Excellent moisturizer, skin feels amazing.",0.53,Positive
REV07284,GlamourSpade,Beauty,2026-03-04,5,"Excellent moisturizer, skin feels amazing.",0.73,Positive
REV07285,GlamourSpade,Beauty,2026-03-12,5,"Very high quality serum, seen improvements in a week.",0.76,Positive
REV07286,GlamourSpade,Beauty,2026-03-15,5,"Perfect shade of lipstick, not drying.",0.79,Positive
REV07287,GlamourSpade,Beauty,2026-03-16,5,"Excellent moisturizer, skin feels amazing.",0.79,Positive
REV07288,GlamourSpade,Beauty,2026-03-22,4,"Soft brushes, applies makeup smoothly.",0.8,Positive
REV07289,GlamourSpade,Beauty,2026-03-22,5,Smells wonderful and lasts all day.,0.81,Positive
REV07290,GlamourSpade,Beauty,2026-03-23,5,"Perfect shade of lipstick, not drying.",0.83,Positive
REV07291,GlamourSpade,Beauty,2026-03-26,5,"Excellent moisturizer, skin feels amazing.",0.72,Positive
REV07292,GlamourSpade,Beauty,2026-03-28,4,"Excellent moisturizer, skin feels amazing.",0.83,Positive
REV07293,GlamourSpade,Beauty,2026-03-26,4,Smells wonderful and lasts all day.,0.47,Positive
REV07294,GlamourSpade,Beauty,2026-04-01,4,"Perfect shade of lipstick, not drying.",0.72,Positive
REV07295,GlamourSpade,Beauty,2026-04-04,5,Smells wonderful and lasts all day.,0.59,Positive
REV07296,GlamourSpade,Beauty,2026-04-05,5,Smells wonderful and lasts all day.,0.88,Positive
REV07297,GlamourSpade,Beauty,2026-04-08,4,"Soft brushes, applies makeup smoothly.",0.78,Positive
REV07298,GlamourSpade,Beauty,2026-04-11,4,"Excellent moisturizer, skin feels amazing.",0.77,Positive
REV07299,GlamourSpade,Beauty,2026-04-13,5,Smells wonderful and lasts all day.,0.65,Positive
REV07300,GlamourSpade,Beauty,2026-04-15,4,"Perfect shade of lipstick, not drying.",0.87,Positive
REV07301,GlamourSpade,Beauty,2026-04-20,3,Average quality for the price.,0.16,Neutral
REV07302,GlamourSpade,Beauty,2026-04-16,5,"Perfect shade of lipstick, not drying.",0.85,Positive
REV07303,GlamourSpade,Beauty,2026-04-24,5,Smells wonderful and lasts all day.,0.49,Positive
REV07304,GlamourSpade,Beauty,2026-04-22,5,"Very high quality serum, seen improvements in a week.",0.7,Positive
REV07305,GlamourSpade,Beauty,2026-04-23,4,Smells wonderful and lasts all day.,0.4,Positive
REV07306,GlamourSpade,Beauty,2026-05-03,5,Smells wonderful and lasts all day.,0.86,Positive
REV07307,GlamourSpade,Beauty,2026-05-02,5,"Perfect shade of lipstick, not drying.",0.53,Positive
REV07308,GlamourSpade,Beauty,2026-05-04,5,"Soft brushes, applies makeup smoothly.",0.59,Positive
REV07309,GlamourSpade,Beauty,2026-05-07,5,"Perfect shade of lipstick, not drying.",0.63,Positive
REV07310,GlamourSpade,Beauty,2026-05-09,4,"Perfect shade of lipstick, not drying.",0.79,Positive
REV07311,GlamourSpade,Beauty,2026-05-09,4,"Excellent moisturizer, skin feels amazing.",0.87,Positive
REV07312,GlamourSpade,Beauty,2026-05-15,5,"Very high quality serum, seen improvements in a week.",0.67,Positive
REV07313,GlamourSpade,Beauty,2026-05-16,5,Smells wonderful and lasts all day.,0.38,Positive
REV07314,GlamourSpade,Beauty,2026-05-17,5,"Perfect shade of lipstick, not drying.",0.53,Positive
REV07315,GlamourSpade,Beauty,2026-05-20,4,"Very high quality serum, seen improvements in a week.",0.36,Positive
REV07316,GlamourSpade,Beauty,2026-05-21,5,"Very high quality serum, seen improvements in a week.",0.39,Positive
REV07317,GlamourSpade,Beauty,2026-05-20,4,Smells wonderful and lasts all day.,0.55,Positive
REV07318,GlamourSpade,Beauty,2026-05-27,4,"Excellent moisturizer, skin feels amazing.",0.7,Positive
REV07319,GlamourSpade,Beauty,2026-05-30,5,Smells wonderful and lasts all day.,0.4,Positive
REV07320,GlamourSpade,Beauty,2026-05-28,4,"Excellent moisturizer, skin feels amazing.",0.5,Positive
REV07321,GlamourSpade,Beauty,2026-06-04,5,"Perfect shade of lipstick, not drying.",0.37,Positive
REV07322,GlamourSpade,Beauty,2026-06-08,5,"Perfect shade of lipstick, not drying.",0.42,Positive
REV07323,GlamourSpade,Beauty,2026-06-05,4,"Very high quality serum, seen improvements in a week.",0.74,Positive
REV07324,GlamourSpade,Beauty,2026-06-12,4,"Perfect shade of lipstick, not drying.",0.72,Positive
REV07325,GlamourSpade,Beauty,2026-06-12,4,"Soft brushes, applies makeup smoothly.",0.65,Positive
REV07326,GlamourSpade,Beauty,2026-06-10,5,"Excellent moisturizer, skin feels amazing.",0.75,Positive
REV07327,GlamourSpade,Beauty,2026-06-17,5,Smells wonderful and lasts all day.,0.36,Positive
REV07328,GlamourSpade,Beauty,2026-06-20,5,"Soft brushes, applies makeup smoothly.",0.47,Positive
REV07329,GlamourSpade,Beauty,2026-06-18,5,Smells wonderful and lasts all day.,0.48,Positive
REV07330,GlamourSpade,Beauty,2026-06-27,4,"Excellent moisturizer, skin feels amazing.",0.72,Positive
REV07331,GlamourSpade,Beauty,2026-06-24,4,"Very high quality serum, seen improvements in a week.",0.32,Positive
REV07332,GlamourSpade,Beauty,2026-06-25,5,"Excellent moisturizer, skin feels amazing.",0.52,Positive
REV07333,HerbalTouch,Beauty,2025-07-03,5,"Very high quality serum, seen improvements in a week.",0.71,Positive
REV07334,HerbalTouch,Beauty,2025-07-07,5,"Excellent moisturizer, skin feels amazing.",0.77,Positive
REV07335,HerbalTouch,Beauty,2025-07-03,4,"Excellent moisturizer, skin feels amazing.",0.78,Positive
REV07336,HerbalTouch,Beauty,2025-07-11,4,"Soft brushes, applies makeup smoothly.",0.54,Positive
REV07337,HerbalTouch,Beauty,2025-07-14,5,"Very high quality serum, seen improvements in a week.",0.44,Positive
REV07338,HerbalTouch,Beauty,2025-07-12,4,Smells wonderful and lasts all day.,0.53,Positive
REV07339,HerbalTouch,Beauty,2025-07-21,4,"Excellent moisturizer, skin feels amazing.",0.8,Positive
REV07340,HerbalTouch,Beauty,2025-07-17,5,"Soft brushes, applies makeup smoothly.",0.85,Positive
REV07341,HerbalTouch,Beauty,2025-07-21,5,Smells wonderful and lasts all day.,0.45,Positive
REV07342,HerbalTouch,Beauty,2025-07-27,4,"Excellent moisturizer, skin feels amazing.",0.45,Positive
REV07343,HerbalTouch,Beauty,2025-07-24,4,"Excellent moisturizer, skin feels amazing.",0.57,Positive
REV07344,HerbalTouch,Beauty,2025-07-25,4,"Perfect shade of lipstick, not drying.",0.34,Positive
REV07345,HerbalTouch,Beauty,2025-08-02,3,"Took a bit long to ship, but works fine.",0.16,Neutral
REV07346,HerbalTouch,Beauty,2025-08-04,4,Smells wonderful and lasts all day.,0.65,Positive
REV07347,HerbalTouch,Beauty,2025-08-02,4,"Excellent moisturizer, skin feels amazing.",0.75,Positive
REV07348,HerbalTouch,Beauty,2025-08-08,4,Smells wonderful and lasts all day.,0.8,Positive
REV07349,HerbalTouch,Beauty,2025-08-06,5,"Soft brushes, applies makeup smoothly.",0.71,Positive
REV07350,HerbalTouch,Beauty,2025-08-07,4,Smells wonderful and lasts all day.,0.51,Positive
REV07351,HerbalTouch,Beauty,2025-08-15,4,Smells wonderful and lasts all day.,0.41,Positive
REV07352,HerbalTouch,Beauty,2025-08-13,5,"Very high quality serum, seen improvements in a week.",0.71,Positive
REV07353,HerbalTouch,Beauty,2025-08-13,4,"Very high quality serum, seen improvements in a week.",0.35,Positive
REV07354,HerbalTouch,Beauty,2025-08-24,4,"Soft brushes, applies makeup smoothly.",0.49,Positive
REV07355,HerbalTouch,Beauty,2025-08-24,5,"Perfect shade of lipstick, not drying.",0.3,Positive
REV07356,HerbalTouch,Beauty,2025-08-21,4,Smells wonderful and lasts all day.,0.73,Positive
REV07357,HerbalTouch,Beauty,2025-08-27,4,"Perfect shade of lipstick, not drying.",0.56,Positive
REV07358,HerbalTouch,Beauty,2025-09-01,3,"Product is okay, nothing special.",0.15,Neutral
REV07359,HerbalTouch,Beauty,2025-08-30,5,"Excellent moisturizer, skin feels amazing.",0.63,Positive
REV07360,HerbalTouch,Beauty,2025-09-03,4,"Soft brushes, applies makeup smoothly.",0.42,Positive
REV07361,HerbalTouch,Beauty,2025-09-08,5,"Soft brushes, applies makeup smoothly.",0.44,Positive
REV07362,HerbalTouch,Beauty,2025-09-08,5,Smells wonderful and lasts all day.,0.59,Positive
REV07363,HerbalTouch,Beauty,2025-09-10,3,"Took a bit long to ship, but works fine.",-0.06,Neutral
REV07364,HerbalTouch,Beauty,2025-09-10,4,Smells wonderful and lasts all day.,0.5,Positive
REV07365,HerbalTouch,Beauty,2025-09-10,4,Smells wonderful and lasts all day.,0.46,Positive
REV07366,HerbalTouch,Beauty,2025-09-21,5,"Excellent moisturizer, skin feels amazing.",0.31,Positive
REV07367,HerbalTouch,Beauty,2025-09-20,4,"Excellent moisturizer, skin feels amazing.",0.31,Positive
REV07368,HerbalTouch,Beauty,2025-09-17,5,"Soft brushes, applies makeup smoothly.",0.36,Positive
REV07369,HerbalTouch,Beauty,2025-09-28,4,"Excellent moisturizer, skin feels amazing.",0.48,Positive
REV07370,HerbalTouch,Beauty,2025-09-24,4,"Soft brushes, applies makeup smoothly.",0.82,Positive
REV07371,HerbalTouch,Beauty,2025-09-29,5,"Excellent moisturizer, skin feels amazing.",0.36,Positive
REV07372,HerbalTouch,Beauty,2025-10-06,5,"Soft brushes, applies makeup smoothly.",0.32,Positive
REV07373,HerbalTouch,Beauty,2025-10-03,4,"Very high quality serum, seen improvements in a week.",0.54,Positive
REV07374,HerbalTouch,Beauty,2025-10-04,4,"Soft brushes, applies makeup smoothly.",0.54,Positive
REV07375,HerbalTouch,Beauty,2025-10-13,4,Smells wonderful and lasts all day.,0.55,Positive
REV07376,HerbalTouch,Beauty,2025-10-12,4,"Very high quality serum, seen improvements in a week.",0.49,Positive
REV07377,HerbalTouch,Beauty,2025-10-10,3,"Took a bit long to ship, but works fine.",0.0,Neutral
REV07378,HerbalTouch,Beauty,2025-10-18,5,"Very high quality serum, seen improvements in a week.",0.74,Positive
REV07379,HerbalTouch,Beauty,2025-10-19,2,Very fragile. Fell apart immediately.,-0.33,Negative
REV07380,HerbalTouch,Beauty,2025-10-16,5,"Perfect shade of lipstick, not drying.",0.38,Positive
REV07381,HerbalTouch,Beauty,2025-10-27,5,"Perfect shade of lipstick, not drying.",0.83,Positive
REV07382,HerbalTouch,Beauty,2025-10-25,5,Smells wonderful and lasts all day.,0.54,Positive
REV07383,HerbalTouch,Beauty,2025-10-23,5,"Perfect shade of lipstick, not drying.",0.82,Positive
REV07384,HerbalTouch,Beauty,2025-11-01,4,"Excellent moisturizer, skin feels amazing.",0.82,Positive
REV07385,HerbalTouch,Beauty,2025-10-30,5,"Perfect shade of lipstick, not drying.",0.46,Positive
REV07386,HerbalTouch,Beauty,2025-11-01,5,"Excellent moisturizer, skin feels amazing.",0.74,Positive
REV07387,HerbalTouch,Beauty,2025-11-06,5,"Soft brushes, applies makeup smoothly.",0.71,Positive
REV07388,HerbalTouch,Beauty,2025-11-06,3,"Decent item, fits reasonably well.",-0.01,Neutral
REV07389,HerbalTouch,Beauty,2025-11-06,4,"Perfect shade of lipstick, not drying.",0.48,Positive
REV07390,HerbalTouch,Beauty,2025-11-15,5,"Very high quality serum, seen improvements in a week.",0.5,Positive
REV07391,HerbalTouch,Beauty,2025-11-17,4,"Very high quality serum, seen improvements in a week.",0.59,Positive
REV07392,HerbalTouch,Beauty,2025-11-15,5,"Very high quality serum, seen improvements in a week.",0.55,Positive
REV07393,HerbalTouch,Beauty,2025-11-21,4,"Very high quality serum, seen improvements in a week.",0.48,Positive
REV07394,HerbalTouch,Beauty,2025-11-21,5,"Perfect shade of lipstick, not drying.",0.49,Positive
REV07395,HerbalTouch,Beauty,2025-11-20,5,"Very high quality serum, seen improvements in a week.",0.85,Positive
REV07396,HerbalTouch,Beauty,2025-11-27,5,"Soft brushes, applies makeup smoothly.",0.71,Positive
REV07397,HerbalTouch,Beauty,2025-11-27,5,Smells wonderful and lasts all day.,0.88,Positive
REV07398,HerbalTouch,Beauty,2025-11-30,4,Smells wonderful and lasts all day.,0.64,Positive
REV07399,HerbalTouch,Beauty,2025-12-05,5,"Soft brushes, applies makeup smoothly.",0.68,Positive
REV07400,HerbalTouch,Beauty,2025-12-07,5,"Very high quality serum, seen improvements in a week.",0.68,Positive
REV07401,HerbalTouch,Beauty,2025-12-05,4,"Very high quality serum, seen improvements in a week.",0.85,Positive
REV07402,HerbalTouch,Beauty,2025-12-11,4,"Perfect shade of lipstick, not drying.",0.5,Positive
REV07403,HerbalTouch,Beauty,2025-12-11,5,"Very high quality serum, seen improvements in a week.",0.53,Positive
REV07404,HerbalTouch,Beauty,2025-12-10,5,"Very high quality serum, seen improvements in a week.",0.89,Positive
REV07405,HerbalTouch,Beauty,2025-12-19,4,"Very high quality serum, seen improvements in a week.",0.5,Positive
REV07406,HerbalTouch,Beauty,2025-12-20,4,"Soft brushes, applies makeup smoothly.",0.52,Positive
REV07407,HerbalTouch,Beauty,2025-12-18,5,"Excellent moisturizer, skin feels amazing.",0.75,Positive
REV07408,HerbalTouch,Beauty,2025-12-28,5,"Perfect shade of lipstick, not drying.",0.88,Positive
REV07409,HerbalTouch,Beauty,2025-12-29,5,Smells wonderful and lasts all day.,0.31,Positive
REV07410,HerbalTouch,Beauty,2025-12-28,5,"Very high quality serum, seen improvements in a week.",0.78,Positive
REV07411,HerbalTouch,Beauty,2026-01-03,5,Smells wonderful and lasts all day.,0.37,Positive
REV07412,HerbalTouch,Beauty,2026-01-05,5,"Excellent moisturizer, skin feels amazing.",0.37,Positive
REV07413,HerbalTouch,Beauty,2026-01-03,3,Average quality for the price.,-0.02,Neutral
REV07414,HerbalTouch,Beauty,2026-01-09,4,Smells wonderful and lasts all day.,0.83,Positive
REV07415,HerbalTouch,Beauty,2026-01-08,5,"Soft brushes, applies makeup smoothly.",0.83,Positive
REV07416,HerbalTouch,Beauty,2026-01-11,5,"Very high quality serum, seen improvements in a week.",0.76,Positive
REV07417,HerbalTouch,Beauty,2026-01-15,5,Smells wonderful and lasts all day.,0.7,Positive
REV07418,HerbalTouch,Beauty,2026-01-16,5,"Very high quality serum, seen improvements in a week.",0.49,Positive
REV07419,HerbalTouch,Beauty,2026-01-15,4,"Very high quality serum, seen improvements in a week.",0.81,Positive
REV07420,HerbalTouch,Beauty,2026-01-24,5,Smells wonderful and lasts all day.,0.72,Positive
REV07421,HerbalTouch,Beauty,2026-01-25,5,"Perfect shade of lipstick, not drying.",0.37,Positive
REV07422,HerbalTouch,Beauty,2026-01-25,5,"Soft brushes, applies makeup smoothly.",0.52,Positive
REV07423,HerbalTouch,Beauty,2026-02-02,5,"Excellent moisturizer, skin feels amazing.",0.45,Positive
REV07424,HerbalTouch,Beauty,2026-01-28,5,"Excellent moisturizer, skin feels amazing.",0.67,Positive
REV07425,HerbalTouch,Beauty,2026-01-28,5,"Excellent moisturizer, skin feels amazing.",0.88,Positive
REV07426,HerbalTouch,Beauty,2026-02-06,4,"Excellent moisturizer, skin feels amazing.",0.83,Positive
REV07427,HerbalTouch,Beauty,2026-02-06,4,"Excellent moisturizer, skin feels amazing.",0.39,Positive
REV07428,HerbalTouch,Beauty,2026-02-05,5,"Perfect shade of lipstick, not drying.",0.63,Positive
REV07429,HerbalTouch,Beauty,2026-02-12,4,Smells wonderful and lasts all day.,0.39,Positive
REV07430,HerbalTouch,Beauty,2026-02-11,4,"Perfect shade of lipstick, not drying.",0.53,Positive
REV07431,HerbalTouch,Beauty,2026-02-15,5,"Perfect shade of lipstick, not drying.",0.66,Positive
REV07432,HerbalTouch,Beauty,2026-02-21,4,"Soft brushes, applies makeup smoothly.",0.59,Positive
REV07433,HerbalTouch,Beauty,2026-02-20,3,"Decent item, fits reasonably well.",0.07,Neutral
REV07434,HerbalTouch,Beauty,2026-02-20,3,Average quality for the price.,-0.09,Neutral
REV07435,HerbalTouch,Beauty,2026-03-01,4,"Excellent moisturizer, skin feels amazing.",0.39,Positive
REV07436,HerbalTouch,Beauty,2026-02-26,4,Smells wonderful and lasts all day.,0.49,Positive
REV07437,HerbalTouch,Beauty,2026-02-28,5,Smells wonderful and lasts all day.,0.81,Positive
REV07438,HerbalTouch,Beauty,2026-03-08,4,"Soft brushes, applies makeup smoothly.",0.74,Positive
REV07439,HerbalTouch,Beauty,2026-03-05,4,"Very high quality serum, seen improvements in a week.",0.34,Positive
REV07440,HerbalTouch,Beauty,2026-03-08,5,"Soft brushes, applies makeup smoothly.",0.59,Positive
REV07441,HerbalTouch,Beauty,2026-03-16,5,"Very high quality serum, seen improvements in a week.",0.53,Positive
REV07442,HerbalTouch,Beauty,2026-03-16,4,"Perfect shade of lipstick, not drying.",0.62,Positive
REV07443,HerbalTouch,Beauty,2026-03-11,4,Smells wonderful and lasts all day.,0.67,Positive
REV07444,HerbalTouch,Beauty,2026-03-21,5,Smells wonderful and lasts all day.,0.78,Positive
REV07445,HerbalTouch,Beauty,2026-03-18,5,"Excellent moisturizer, skin feels amazing.",0.86,Positive
REV07446,HerbalTouch,Beauty,2026-03-21,3,Average quality for the price.,0.13,Neutral
REV07447,HerbalTouch,Beauty,2026-03-28,5,"Very high quality serum, seen improvements in a week.",0.64,Positive
REV07448,HerbalTouch,Beauty,2026-03-25,3,Average quality for the price.,0.11,Neutral
REV07449,HerbalTouch,Beauty,2026-03-30,3,"It does what it says, but feels a bit lightweight.",0.26,Neutral
REV07450,HerbalTouch,Beauty,2026-04-05,4,"Very high quality serum, seen improvements in a week.",0.76,Positive
REV07451,HerbalTouch,Beauty,2026-04-02,4,"Soft brushes, applies makeup smoothly.",0.79,Positive
REV07452,HerbalTouch,Beauty,2026-04-01,5,"Very high quality serum, seen improvements in a week.",0.46,Positive
REV07453,HerbalTouch,Beauty,2026-04-10,5,"Soft brushes, applies makeup smoothly.",0.33,Positive
REV07454,HerbalTouch,Beauty,2026-04-08,4,"Perfect shade of lipstick, not drying.",0.43,Positive
REV07455,HerbalTouch,Beauty,2026-04-08,3,"Took a bit long to ship, but works fine.",-0.05,Neutral
REV07456,HerbalTouch,Beauty,2026-04-19,4,Smells wonderful and lasts all day.,0.51,Positive
REV07457,HerbalTouch,Beauty,2026-04-20,5,"Perfect shade of lipstick, not drying.",0.61,Positive
REV07458,HerbalTouch,Beauty,2026-04-16,5,"Very high quality serum, seen improvements in a week.",0.37,Positive
REV07459,HerbalTouch,Beauty,2026-04-27,5,Smells wonderful and lasts all day.,0.85,Positive
REV07460,HerbalTouch,Beauty,2026-04-24,3,"Took a bit long to ship, but works fine.",-0.05,Neutral
REV07461,HerbalTouch,Beauty,2026-04-24,5,"Excellent moisturizer, skin feels amazing.",0.52,Positive
REV07462,HerbalTouch,Beauty,2026-04-29,4,"Very high quality serum, seen improvements in a week.",0.57,Positive
REV07463,HerbalTouch,Beauty,2026-05-03,4,"Soft brushes, applies makeup smoothly.",0.9,Positive
REV07464,HerbalTouch,Beauty,2026-04-30,4,"Very high quality serum, seen improvements in a week.",0.74,Positive
REV07465,HerbalTouch,Beauty,2026-05-07,3,"Took a bit long to ship, but works fine.",-0.04,Neutral
REV07466,HerbalTouch,Beauty,2026-05-08,5,"Soft brushes, applies makeup smoothly.",0.9,Positive
REV07467,HerbalTouch,Beauty,2026-05-06,5,"Soft brushes, applies makeup smoothly.",0.83,Positive
REV07468,HerbalTouch,Beauty,2026-05-14,5,"Perfect shade of lipstick, not drying.",0.57,Positive
REV07469,HerbalTouch,Beauty,2026-05-18,5,"Excellent moisturizer, skin feels amazing.",0.83,Positive
REV07470,HerbalTouch,Beauty,2026-05-18,5,Smells wonderful and lasts all day.,0.75,Positive
REV07471,HerbalTouch,Beauty,2026-05-23,5,"Perfect shade of lipstick, not drying.",0.42,Positive
REV07472,HerbalTouch,Beauty,2026-05-22,4,"Very high quality serum, seen improvements in a week.",0.63,Positive
REV07473,HerbalTouch,Beauty,2026-05-22,5,"Excellent moisturizer, skin feels amazing.",0.38,Positive
REV07474,HerbalTouch,Beauty,2026-06-01,3,"Decent item, fits reasonably well.",0.04,Neutral
REV07475,HerbalTouch,Beauty,2026-05-29,5,"Excellent moisturizer, skin feels amazing.",0.36,Positive
REV07476,HerbalTouch,Beauty,2026-05-27,3,"It does what it says, but feels a bit lightweight.",0.02,Neutral
REV07477,HerbalTouch,Beauty,2026-06-03,4,"Soft brushes, applies makeup smoothly.",0.33,Positive
REV07478,HerbalTouch,Beauty,2026-06-03,5,"Soft brushes, applies makeup smoothly.",0.36,Positive
REV07479,HerbalTouch,Beauty,2026-06-06,4,"Perfect shade of lipstick, not drying.",0.82,Positive
REV07480,HerbalTouch,Beauty,2026-06-13,4,"Very high quality serum, seen improvements in a week.",0.39,Positive
REV07481,HerbalTouch,Beauty,2026-06-10,5,"Very high quality serum, seen improvements in a week.",0.5,Positive
REV07482,HerbalTouch,Beauty,2026-06-15,4,"Perfect shade of lipstick, not drying.",0.85,Positive
REV07483,HerbalTouch,Beauty,2026-06-19,5,"Perfect shade of lipstick, not drying.",0.9,Positive
REV07484,HerbalTouch,Beauty,2026-06-20,5,"Soft brushes, applies makeup smoothly.",0.42,Positive
REV07485,HerbalTouch,Beauty,2026-06-22,4,"Very high quality serum, seen improvements in a week.",0.57,Positive
REV07486,HerbalTouch,Beauty,2026-06-26,5,Smells wonderful and lasts all day.,0.8,Positive
REV07487,HerbalTouch,Beauty,2026-06-28,4,"Perfect shade of lipstick, not drying.",0.89,Positive
REV07488,HerbalTouch,Beauty,2026-06-27,5,Smells wonderful and lasts all day.,0.47,Positive
REV07489,SilkSkin,Beauty,2025-07-02,5,"Perfect shade of lipstick, not drying.",0.74,Positive
REV07490,SilkSkin,Beauty,2025-07-07,5,"Very high quality serum, seen improvements in a week.",0.82,Positive
REV07491,SilkSkin,Beauty,2025-07-07,5,"Excellent moisturizer, skin feels amazing.",0.74,Positive
REV07492,SilkSkin,Beauty,2025-07-09,4,"Soft brushes, applies makeup smoothly.",0.82,Positive
REV07493,SilkSkin,Beauty,2025-07-10,5,"Excellent moisturizer, skin feels amazing.",0.43,Positive
REV07494,SilkSkin,Beauty,2025-07-10,5,"Excellent moisturizer, skin feels amazing.",0.54,Positive
REV07495,SilkSkin,Beauty,2025-07-18,4,Smells wonderful and lasts all day.,0.37,Positive
REV07496,SilkSkin,Beauty,2025-07-17,5,"Excellent moisturizer, skin feels amazing.",0.48,Positive
REV07497,SilkSkin,Beauty,2025-07-17,5,"Soft brushes, applies makeup smoothly.",0.41,Positive
REV07498,SilkSkin,Beauty,2025-07-23,4,"Excellent moisturizer, skin feels amazing.",0.76,Positive
REV07499,SilkSkin,Beauty,2025-07-28,3,"Product is okay, nothing special.",0.08,Neutral
REV07500,SilkSkin,Beauty,2025-07-28,4,"Excellent moisturizer, skin feels amazing.",0.7,Positive
REV07501,SilkSkin,Beauty,2025-07-30,4,"Soft brushes, applies makeup smoothly.",0.54,Positive
REV07502,SilkSkin,Beauty,2025-08-03,5,Smells wonderful and lasts all day.,0.48,Positive
REV07503,SilkSkin,Beauty,2025-08-04,5,"Very high quality serum, seen improvements in a week.",0.52,Positive
REV07504,SilkSkin,Beauty,2025-08-10,4,"Excellent moisturizer, skin feels amazing.",0.58,Positive
REV07505,SilkSkin,Beauty,2025-08-06,5,"Excellent moisturizer, skin feels amazing.",0.84,Positive
REV07506,SilkSkin,Beauty,2025-08-07,4,Smells wonderful and lasts all day.,0.67,Positive
REV07507,SilkSkin,Beauty,2025-08-14,4,"Excellent moisturizer, skin feels amazing.",0.65,Positive
REV07508,SilkSkin,Beauty,2025-08-18,3,"Product is okay, nothing special.",-0.02,Neutral
REV07509,SilkSkin,Beauty,2025-08-13,4,"Excellent moisturizer, skin feels amazing.",0.4,Positive
REV07510,SilkSkin,Beauty,2025-08-21,5,Smells wonderful and lasts all day.,0.37,Positive
REV07511,SilkSkin,Beauty,2025-08-25,3,"Product is okay, nothing special.",0.29,Neutral
REV07512,SilkSkin,Beauty,2025-08-23,4,"Excellent moisturizer, skin feels amazing.",0.33,Positive
REV07513,SilkSkin,Beauty,2025-08-28,4,"Soft brushes, applies makeup smoothly.",0.39,Positive
REV07514,SilkSkin,Beauty,2025-08-28,3,"Decent item, fits reasonably well.",0.18,Neutral
REV07515,SilkSkin,Beauty,2025-08-31,5,"Very high quality serum, seen improvements in a week.",0.56,Positive
REV07516,SilkSkin,Beauty,2025-09-06,5,Smells wonderful and lasts all day.,0.87,Positive
REV07517,SilkSkin,Beauty,2025-09-08,4,"Perfect shade of lipstick, not drying.",0.39,Positive
REV07518,SilkSkin,Beauty,2025-09-03,5,"Soft brushes, applies makeup smoothly.",0.41,Positive
REV07519,SilkSkin,Beauty,2025-09-14,5,Smells wonderful and lasts all day.,0.36,Positive
REV07520,SilkSkin,Beauty,2025-09-10,5,"Excellent moisturizer, skin feels amazing.",0.85,Positive
REV07521,SilkSkin,Beauty,2025-09-11,4,Smells wonderful and lasts all day.,0.67,Positive
REV07522,SilkSkin,Beauty,2025-09-21,5,Smells wonderful and lasts all day.,0.34,Positive
REV07523,SilkSkin,Beauty,2025-09-18,4,"Soft brushes, applies makeup smoothly.",0.47,Positive
REV07524,SilkSkin,Beauty,2025-09-22,3,"Product is okay, nothing special.",0.16,Neutral
REV07525,SilkSkin,Beauty,2025-09-25,5,"Excellent moisturizer, skin feels amazing.",0.65,Positive
REV07526,SilkSkin,Beauty,2025-09-26,5,Smells wonderful and lasts all day.,0.33,Positive
REV07527,SilkSkin,Beauty,2025-09-25,5,Smells wonderful and lasts all day.,0.73,Positive
REV07528,SilkSkin,Beauty,2025-10-03,5,"Soft brushes, applies makeup smoothly.",0.53,Positive
REV07529,SilkSkin,Beauty,2025-10-04,5,"Soft brushes, applies makeup smoothly.",0.59,Positive
REV07530,SilkSkin,Beauty,2025-10-06,4,"Soft brushes, applies makeup smoothly.",0.9,Positive
REV07531,SilkSkin,Beauty,2025-10-11,4,Smells wonderful and lasts all day.,0.67,Positive
REV07532,SilkSkin,Beauty,2025-10-10,4,"Perfect shade of lipstick, not drying.",0.44,Positive
REV07533,SilkSkin,Beauty,2025-10-12,4,Smells wonderful and lasts all day.,0.71,Positive
REV07534,SilkSkin,Beauty,2025-10-17,5,"Perfect shade of lipstick, not drying.",0.68,Positive
REV07535,SilkSkin,Beauty,2025-10-15,5,Smells wonderful and lasts all day.,0.85,Positive
REV07536,SilkSkin,Beauty,2025-10-15,5,"Excellent moisturizer, skin feels amazing.",0.4,Positive
REV07537,SilkSkin,Beauty,2025-10-27,5,"Perfect shade of lipstick, not drying.",0.53,Positive
REV07538,SilkSkin,Beauty,2025-10-26,4,"Excellent moisturizer, skin feels amazing.",0.42,Positive
REV07539,SilkSkin,Beauty,2025-10-22,5,"Very high quality serum, seen improvements in a week.",0.5,Positive
REV07540,SilkSkin,Beauty,2025-10-29,5,"Very high quality serum, seen improvements in a week.",0.75,Positive
REV07541,SilkSkin,Beauty,2025-10-31,5,"Excellent moisturizer, skin feels amazing.",0.64,Positive
REV07542,SilkSkin,Beauty,2025-10-31,5,"Soft brushes, applies makeup smoothly.",0.8,Positive
REV07543,SilkSkin,Beauty,2025-11-10,5,"Soft brushes, applies makeup smoothly.",0.31,Positive
REV07544,SilkSkin,Beauty,2025-11-09,5,"Excellent moisturizer, skin feels amazing.",0.43,Positive
REV07545,SilkSkin,Beauty,2025-11-10,4,"Perfect shade of lipstick, not drying.",0.47,Positive
REV07546,SilkSkin,Beauty,2025-11-14,4,"Very high quality serum, seen improvements in a week.",0.52,Positive
REV07547,SilkSkin,Beauty,2025-11-14,5,"Very high quality serum, seen improvements in a week.",0.65,Positive
REV07548,SilkSkin,Beauty,2025-11-14,5,"Very high quality serum, seen improvements in a week.",0.39,Positive
REV07549,SilkSkin,Beauty,2025-11-21,4,"Very high quality serum, seen improvements in a week.",0.67,Positive
REV07550,SilkSkin,Beauty,2025-11-24,4,"Soft brushes, applies makeup smoothly.",0.66,Positive
REV07551,SilkSkin,Beauty,2025-11-20,5,Smells wonderful and lasts all day.,0.79,Positive
REV07552,SilkSkin,Beauty,2025-11-26,5,Smells wonderful and lasts all day.,0.75,Positive
REV07553,SilkSkin,Beauty,2025-11-29,4,"Perfect shade of lipstick, not drying.",0.82,Positive
REV07554,SilkSkin,Beauty,2025-11-29,4,"Very high quality serum, seen improvements in a week.",0.35,Positive
REV07555,SilkSkin,Beauty,2025-12-06,5,"Very high quality serum, seen improvements in a week.",0.88,Positive
REV07556,SilkSkin,Beauty,2025-12-06,5,"Very high quality serum, seen improvements in a week.",0.78,Positive
REV07557,SilkSkin,Beauty,2025-12-04,3,Average quality for the price.,0.27,Neutral
REV07558,SilkSkin,Beauty,2025-12-13,3,"Decent item, fits reasonably well.",-0.09,Neutral
REV07559,SilkSkin,Beauty,2025-12-11,5,"Excellent moisturizer, skin feels amazing.",0.4,Positive
REV07560,SilkSkin,Beauty,2025-12-13,4,"Perfect shade of lipstick, not drying.",0.34,Positive
REV07561,SilkSkin,Beauty,2025-12-20,5,Smells wonderful and lasts all day.,0.61,Positive
REV07562,SilkSkin,Beauty,2025-12-17,4,"Perfect shade of lipstick, not drying.",0.63,Positive
REV07563,SilkSkin,Beauty,2025-12-22,5,"Very high quality serum, seen improvements in a week.",0.68,Positive
REV07564,SilkSkin,Beauty,2025-12-28,5,Smells wonderful and lasts all day.,0.56,Positive
REV07565,SilkSkin,Beauty,2025-12-25,5,Smells wonderful and lasts all day.,0.65,Positive
REV07566,SilkSkin,Beauty,2025-12-24,5,"Excellent moisturizer, skin feels amazing.",0.6,Positive
REV07567,SilkSkin,Beauty,2026-01-01,4,"Very high quality serum, seen improvements in a week.",0.81,Positive
REV07568,SilkSkin,Beauty,2026-01-02,4,"Perfect shade of lipstick, not drying.",0.87,Positive
REV07569,SilkSkin,Beauty,2025-12-31,5,Smells wonderful and lasts all day.,0.42,Positive
REV07570,SilkSkin,Beauty,2026-01-08,5,"Very high quality serum, seen improvements in a week.",0.84,Positive
REV07571,SilkSkin,Beauty,2026-01-11,5,"Perfect shade of lipstick, not drying.",0.84,Positive
REV07572,SilkSkin,Beauty,2026-01-08,5,"Perfect shade of lipstick, not drying.",0.42,Positive
REV07573,SilkSkin,Beauty,2026-01-18,5,"Very high quality serum, seen improvements in a week.",0.41,Positive
REV07574,SilkSkin,Beauty,2026-01-17,4,"Very high quality serum, seen improvements in a week.",0.32,Positive
REV07575,SilkSkin,Beauty,2026-01-15,4,"Very high quality serum, seen improvements in a week.",0.77,Positive
REV07576,SilkSkin,Beauty,2026-01-23,4,"Excellent moisturizer, skin feels amazing.",0.66,Positive
REV07577,SilkSkin,Beauty,2026-01-21,5,"Excellent moisturizer, skin feels amazing.",0.77,Positive
REV07578,SilkSkin,Beauty,2026-01-26,5,"Perfect shade of lipstick, not drying.",0.37,Positive
REV07579,SilkSkin,Beauty,2026-01-30,5,"Soft brushes, applies makeup smoothly.",0.33,Positive
REV07580,SilkSkin,Beauty,2026-01-29,4,Smells wonderful and lasts all day.,0.9,Positive
REV07581,SilkSkin,Beauty,2026-01-31,5,"Soft brushes, applies makeup smoothly.",0.45,Positive
REV07582,SilkSkin,Beauty,2026-02-07,4,"Very high quality serum, seen improvements in a week.",0.81,Positive
REV07583,SilkSkin,Beauty,2026-02-06,4,"Excellent moisturizer, skin feels amazing.",0.87,Positive
REV07584,SilkSkin,Beauty,2026-02-06,4,Smells wonderful and lasts all day.,0.76,Positive
REV07585,SilkSkin,Beauty,2026-02-16,5,"Perfect shade of lipstick, not drying.",0.69,Positive
REV07586,SilkSkin,Beauty,2026-02-14,5,"Soft brushes, applies makeup smoothly.",0.74,Positive
REV07587,SilkSkin,Beauty,2026-02-11,4,"Soft brushes, applies makeup smoothly.",0.43,Positive
REV07588,SilkSkin,Beauty,2026-02-22,5,Smells wonderful and lasts all day.,0.44,Positive
REV07589,SilkSkin,Beauty,2026-02-20,5,"Perfect shade of lipstick, not drying.",0.77,Positive
REV07590,SilkSkin,Beauty,2026-02-23,4,"Perfect shade of lipstick, not drying.",0.87,Positive
REV07591,SilkSkin,Beauty,2026-03-01,5,"Perfect shade of lipstick, not drying.",0.33,Positive
REV07592,SilkSkin,Beauty,2026-02-25,4,"Very high quality serum, seen improvements in a week.",0.78,Positive
REV07593,SilkSkin,Beauty,2026-02-28,4,"Excellent moisturizer, skin feels amazing.",0.59,Positive
REV07594,SilkSkin,Beauty,2026-03-05,4,"Very high quality serum, seen improvements in a week.",0.57,Positive
REV07595,SilkSkin,Beauty,2026-03-06,3,Average quality for the price.,0.21,Neutral
REV07596,SilkSkin,Beauty,2026-03-06,5,Smells wonderful and lasts all day.,0.36,Positive
REV07597,SilkSkin,Beauty,2026-03-13,5,"Very high quality serum, seen improvements in a week.",0.53,Positive
REV07598,SilkSkin,Beauty,2026-03-13,5,"Soft brushes, applies makeup smoothly.",0.44,Positive
REV07599,SilkSkin,Beauty,2026-03-13,5,"Soft brushes, applies makeup smoothly.",0.35,Positive
REV07600,SilkSkin,Beauty,2026-03-19,5,Smells wonderful and lasts all day.,0.74,Positive
REV07601,SilkSkin,Beauty,2026-03-23,5,"Perfect shade of lipstick, not drying.",0.46,Positive
REV07602,SilkSkin,Beauty,2026-03-19,5,"Soft brushes, applies makeup smoothly.",0.64,Positive
REV07603,SilkSkin,Beauty,2026-03-29,5,"Soft brushes, applies makeup smoothly.",0.5,Positive
REV07604,SilkSkin,Beauty,2026-03-26,5,Smells wonderful and lasts all day.,0.48,Positive
REV07605,SilkSkin,Beauty,2026-03-29,5,"Very high quality serum, seen improvements in a week.",0.88,Positive
REV07606,SilkSkin,Beauty,2026-04-03,3,"Product is okay, nothing special.",0.2,Neutral
REV07607,SilkSkin,Beauty,2026-04-01,4,"Soft brushes, applies makeup smoothly.",0.4,Positive
REV07608,SilkSkin,Beauty,2026-04-02,4,"Very high quality serum, seen improvements in a week.",0.79,Positive
REV07609,SilkSkin,Beauty,2026-04-08,5,"Perfect shade of lipstick, not drying.",0.46,Positive
REV07610,SilkSkin,Beauty,2026-04-11,5,"Soft brushes, applies makeup smoothly.",0.82,Positive
REV07611,SilkSkin,Beauty,2026-04-12,4,"Very high quality serum, seen improvements in a week.",0.88,Positive
REV07612,SilkSkin,Beauty,2026-04-15,4,"Perfect shade of lipstick, not drying.",0.55,Positive
REV07613,SilkSkin,Beauty,2026-04-18,4,"Very high quality serum, seen improvements in a week.",0.68,Positive
REV07614,SilkSkin,Beauty,2026-04-17,4,Smells wonderful and lasts all day.,0.43,Positive
REV07615,SilkSkin,Beauty,2026-04-24,5,Smells wonderful and lasts all day.,0.65,Positive
REV07616,SilkSkin,Beauty,2026-04-25,4,"Excellent moisturizer, skin feels amazing.",0.7,Positive
REV07617,SilkSkin,Beauty,2026-04-23,5,Smells wonderful and lasts all day.,0.63,Positive
REV07618,SilkSkin,Beauty,2026-05-01,5,"Excellent moisturizer, skin feels amazing.",0.64,Positive
REV07619,SilkSkin,Beauty,2026-05-03,5,"Perfect shade of lipstick, not drying.",0.65,Positive
REV07620,SilkSkin,Beauty,2026-05-03,5,"Very high quality serum, seen improvements in a week.",0.57,Positive
REV07621,SilkSkin,Beauty,2026-05-08,3,"Took a bit long to ship, but works fine.",-0.08,Neutral
REV07622,SilkSkin,Beauty,2026-05-08,5,"Very high quality serum, seen improvements in a week.",0.4,Positive
REV07623,SilkSkin,Beauty,2026-05-10,4,"Soft brushes, applies makeup smoothly.",0.42,Positive
REV07624,SilkSkin,Beauty,2026-05-17,4,Smells wonderful and lasts all day.,0.54,Positive
REV07625,SilkSkin,Beauty,2026-05-13,5,"Soft brushes, applies makeup smoothly.",0.65,Positive
REV07626,SilkSkin,Beauty,2026-05-18,3,"Took a bit long to ship, but works fine.",-0.0,Neutral
REV07627,SilkSkin,Beauty,2026-05-24,5,Smells wonderful and lasts all day.,0.69,Positive
REV07628,SilkSkin,Beauty,2026-05-22,5,"Soft brushes, applies makeup smoothly.",0.83,Positive
REV07629,SilkSkin,Beauty,2026-05-23,5,Smells wonderful and lasts all day.,0.38,Positive
REV07630,SilkSkin,Beauty,2026-05-29,4,"Excellent moisturizer, skin feels amazing.",0.46,Positive
REV07631,SilkSkin,Beauty,2026-05-28,5,"Perfect shade of lipstick, not drying.",0.77,Positive
REV07632,SilkSkin,Beauty,2026-05-29,5,Smells wonderful and lasts all day.,0.76,Positive
REV07633,SilkSkin,Beauty,2026-06-08,5,"Excellent moisturizer, skin feels amazing.",0.52,Positive
REV07634,SilkSkin,Beauty,2026-06-03,3,"Decent item, fits reasonably well.",0.18,Neutral
REV07635,SilkSkin,Beauty,2026-06-06,5,"Perfect shade of lipstick, not drying.",0.35,Positive
REV07636,SilkSkin,Beauty,2026-06-13,4,Smells wonderful and lasts all day.,0.6,Positive
REV07637,SilkSkin,Beauty,2026-06-14,4,"Very high quality serum, seen improvements in a week.",0.39,Positive
REV07638,SilkSkin,Beauty,2026-06-14,5,Smells wonderful and lasts all day.,0.46,Positive
REV07639,SilkSkin,Beauty,2026-06-17,5,"Perfect shade of lipstick, not drying.",0.61,Positive
REV07640,SilkSkin,Beauty,2026-06-20,5,"Perfect shade of lipstick, not drying.",0.3,Positive
REV07641,SilkSkin,Beauty,2026-06-18,4,"Perfect shade of lipstick, not drying.",0.77,Positive
REV07642,SilkSkin,Beauty,2026-06-27,4,"Soft brushes, applies makeup smoothly.",0.39,Positive
REV07643,SilkSkin,Beauty,2026-06-25,5,"Perfect shade of lipstick, not drying.",0.77,Positive
REV07644,SilkSkin,Beauty,2026-06-25,4,"Soft brushes, applies makeup smoothly.",0.7,Positive
REV07645,VelvetTouch,Beauty,2025-07-02,5,"Excellent moisturizer, skin feels amazing.",0.59,Positive
REV07646,VelvetTouch,Beauty,2025-07-04,3,"Product is okay, nothing special.",0.19,Neutral
REV07647,VelvetTouch,Beauty,2025-07-05,5,"Soft brushes, applies makeup smoothly.",0.53,Positive
REV07648,VelvetTouch,Beauty,2025-07-11,4,Smells wonderful and lasts all day.,0.35,Positive
REV07649,VelvetTouch,Beauty,2025-07-13,3,"Decent item, fits reasonably well.",0.05,Neutral
REV07650,VelvetTouch,Beauty,2025-07-14,5,"Excellent moisturizer, skin feels amazing.",0.77,Positive
REV07651,VelvetTouch,Beauty,2025-07-19,4,"Perfect shade of lipstick, not drying.",0.31,Positive
REV07652,VelvetTouch,Beauty,2025-07-18,4,Smells wonderful and lasts all day.,0.4,Positive
REV07653,VelvetTouch,Beauty,2025-07-16,5,"Soft brushes, applies makeup smoothly.",0.5,Positive
REV07654,VelvetTouch,Beauty,2025-07-25,5,"Perfect shade of lipstick, not drying.",0.56,Positive
REV07655,VelvetTouch,Beauty,2025-07-27,5,"Soft brushes, applies makeup smoothly.",0.64,Positive
REV07656,VelvetTouch,Beauty,2025-07-27,4,"Excellent moisturizer, skin feels amazing.",0.55,Positive
REV07657,VelvetTouch,Beauty,2025-08-02,4,Smells wonderful and lasts all day.,0.32,Positive
REV07658,VelvetTouch,Beauty,2025-07-30,5,"Excellent moisturizer, skin feels amazing.",0.54,Positive
REV07659,VelvetTouch,Beauty,2025-07-31,4,Smells wonderful and lasts all day.,0.87,Positive
REV07660,VelvetTouch,Beauty,2025-08-07,4,"Soft brushes, applies makeup smoothly.",0.75,Positive
REV07661,VelvetTouch,Beauty,2025-08-06,4,Smells wonderful and lasts all day.,0.82,Positive
REV07662,VelvetTouch,Beauty,2025-08-08,5,"Perfect shade of lipstick, not drying.",0.49,Positive
REV07663,VelvetTouch,Beauty,2025-08-16,4,"Excellent moisturizer, skin feels amazing.",0.65,Positive
REV07664,VelvetTouch,Beauty,2025-08-13,4,"Perfect shade of lipstick, not drying.",0.72,Positive
REV07665,VelvetTouch,Beauty,2025-08-16,4,"Very high quality serum, seen improvements in a week.",0.79,Positive
REV07666,VelvetTouch,Beauty,2025-08-24,5,"Excellent moisturizer, skin feels amazing.",0.3,Positive
REV07667,VelvetTouch,Beauty,2025-08-25,4,"Very high quality serum, seen improvements in a week.",0.6,Positive
REV07668,VelvetTouch,Beauty,2025-08-25,5,"Very high quality serum, seen improvements in a week.",0.42,Positive
REV07669,VelvetTouch,Beauty,2025-08-27,5,"Soft brushes, applies makeup smoothly.",0.62,Positive
REV07670,VelvetTouch,Beauty,2025-08-30,5,Smells wonderful and lasts all day.,0.53,Positive
REV07671,VelvetTouch,Beauty,2025-08-27,4,Smells wonderful and lasts all day.,0.51,Positive
REV07672,VelvetTouch,Beauty,2025-09-04,3,"Took a bit long to ship, but works fine.",0.19,Neutral
REV07673,VelvetTouch,Beauty,2025-09-03,5,Smells wonderful and lasts all day.,0.34,Positive
REV07674,VelvetTouch,Beauty,2025-09-03,4,"Soft brushes, applies makeup smoothly.",0.76,Positive
REV07675,VelvetTouch,Beauty,2025-09-13,4,Smells wonderful and lasts all day.,0.62,Positive
REV07676,VelvetTouch,Beauty,2025-09-10,5,"Excellent moisturizer, skin feels amazing.",0.38,Positive
REV07677,VelvetTouch,Beauty,2025-09-11,3,Average quality for the price.,0.03,Neutral
REV07678,VelvetTouch,Beauty,2025-09-21,5,Smells wonderful and lasts all day.,0.66,Positive
REV07679,VelvetTouch,Beauty,2025-09-19,5,"Perfect shade of lipstick, not drying.",0.34,Positive
REV07680,VelvetTouch,Beauty,2025-09-22,5,"Very high quality serum, seen improvements in a week.",0.36,Positive
REV07681,VelvetTouch,Beauty,2025-09-24,5,"Very high quality serum, seen improvements in a week.",0.46,Positive
REV07682,VelvetTouch,Beauty,2025-09-26,5,"Soft brushes, applies makeup smoothly.",0.83,Positive
REV07683,VelvetTouch,Beauty,2025-09-24,5,"Very high quality serum, seen improvements in a week.",0.58,Positive
REV07684,VelvetTouch,Beauty,2025-10-05,5,"Very high quality serum, seen improvements in a week.",0.44,Positive
REV07685,VelvetTouch,Beauty,2025-10-01,5,"Excellent moisturizer, skin feels amazing.",0.32,Positive
REV07686,VelvetTouch,Beauty,2025-10-05,5,Smells wonderful and lasts all day.,0.86,Positive
REV07687,VelvetTouch,Beauty,2025-10-09,4,Smells wonderful and lasts all day.,0.6,Positive
REV07688,VelvetTouch,Beauty,2025-10-11,5,"Soft brushes, applies makeup smoothly.",0.66,Positive
REV07689,VelvetTouch,Beauty,2025-10-10,4,"Excellent moisturizer, skin feels amazing.",0.5,Positive
REV07690,VelvetTouch,Beauty,2025-10-19,4,"Excellent moisturizer, skin feels amazing.",0.87,Positive
REV07691,VelvetTouch,Beauty,2025-10-19,4,"Perfect shade of lipstick, not drying.",0.33,Positive
REV07692,VelvetTouch,Beauty,2025-10-18,5,Smells wonderful and lasts all day.,0.43,Positive
REV07693,VelvetTouch,Beauty,2025-10-26,4,Smells wonderful and lasts all day.,0.55,Positive
REV07694,VelvetTouch,Beauty,2025-10-27,5,"Excellent moisturizer, skin feels amazing.",0.58,Positive
REV07695,VelvetTouch,Beauty,2025-10-24,5,"Soft brushes, applies makeup smoothly.",0.45,Positive
REV07696,VelvetTouch,Beauty,2025-10-31,5,"Soft brushes, applies makeup smoothly.",0.58,Positive
REV07697,VelvetTouch,Beauty,2025-11-01,5,"Soft brushes, applies makeup smoothly.",0.68,Positive
REV07698,VelvetTouch,Beauty,2025-10-30,4,Smells wonderful and lasts all day.,0.89,Positive
REV07699,VelvetTouch,Beauty,2025-11-07,4,"Soft brushes, applies makeup smoothly.",0.6,Positive
REV07700,VelvetTouch,Beauty,2025-11-06,5,"Perfect shade of lipstick, not drying.",0.3,Positive
REV07701,VelvetTouch,Beauty,2025-11-07,4,"Perfect shade of lipstick, not drying.",0.68,Positive
REV07702,VelvetTouch,Beauty,2025-11-17,4,"Excellent moisturizer, skin feels amazing.",0.42,Positive
REV07703,VelvetTouch,Beauty,2025-11-15,4,"Perfect shade of lipstick, not drying.",0.33,Positive
REV07704,VelvetTouch,Beauty,2025-11-15,3,"Product is okay, nothing special.",0.1,Neutral
REV07705,VelvetTouch,Beauty,2025-11-22,5,"Soft brushes, applies makeup smoothly.",0.44,Positive
REV07706,VelvetTouch,Beauty,2025-11-20,5,Smells wonderful and lasts all day.,0.8,Positive
REV07707,VelvetTouch,Beauty,2025-11-19,4,"Excellent moisturizer, skin feels amazing.",0.75,Positive
REV07708,VelvetTouch,Beauty,2025-12-01,5,"Excellent moisturizer, skin feels amazing.",0.74,Positive
REV07709,VelvetTouch,Beauty,2025-11-27,5,Smells wonderful and lasts all day.,0.3,Positive
REV07710,VelvetTouch,Beauty,2025-12-01,5,"Soft brushes, applies makeup smoothly.",0.37,Positive
REV07711,VelvetTouch,Beauty,2025-12-08,5,"Perfect shade of lipstick, not drying.",0.41,Positive
REV07712,VelvetTouch,Beauty,2025-12-07,4,Smells wonderful and lasts all day.,0.57,Positive
REV07713,VelvetTouch,Beauty,2025-12-05,5,"Perfect shade of lipstick, not drying.",0.75,Positive
REV07714,VelvetTouch,Beauty,2025-12-15,5,"Excellent moisturizer, skin feels amazing.",0.84,Positive
REV07715,VelvetTouch,Beauty,2025-12-14,3,Average quality for the price.,-0.0,Neutral
REV07716,VelvetTouch,Beauty,2025-12-11,5,"Perfect shade of lipstick, not drying.",0.32,Positive
REV07717,VelvetTouch,Beauty,2025-12-19,5,"Excellent moisturizer, skin feels amazing.",0.78,Positive
REV07718,VelvetTouch,Beauty,2025-12-18,5,"Excellent moisturizer, skin feels amazing.",0.81,Positive
REV07719,VelvetTouch,Beauty,2025-12-19,3,Average quality for the price.,0.08,Neutral
REV07720,VelvetTouch,Beauty,2025-12-29,4,"Very high quality serum, seen improvements in a week.",0.83,Positive
REV07721,VelvetTouch,Beauty,2025-12-29,4,"Very high quality serum, seen improvements in a week.",0.49,Positive
REV07722,VelvetTouch,Beauty,2025-12-27,4,"Perfect shade of lipstick, not drying.",0.48,Positive
REV07723,VelvetTouch,Beauty,2026-01-01,5,"Soft brushes, applies makeup smoothly.",0.3,Positive
REV07724,VelvetTouch,Beauty,2026-01-03,5,"Very high quality serum, seen improvements in a week.",0.86,Positive
REV07725,VelvetTouch,Beauty,2026-01-04,5,"Soft brushes, applies makeup smoothly.",0.61,Positive
REV07726,VelvetTouch,Beauty,2026-01-07,4,Smells wonderful and lasts all day.,0.39,Positive
REV07727,VelvetTouch,Beauty,2026-01-07,3,"It does what it says, but feels a bit lightweight.",-0.08,Neutral
REV07728,VelvetTouch,Beauty,2026-01-07,5,"Excellent moisturizer, skin feels amazing.",0.57,Positive
REV07729,VelvetTouch,Beauty,2026-01-14,4,"Excellent moisturizer, skin feels amazing.",0.63,Positive
REV07730,VelvetTouch,Beauty,2026-01-14,5,"Perfect shade of lipstick, not drying.",0.85,Positive
REV07731,VelvetTouch,Beauty,2026-01-17,5,"Perfect shade of lipstick, not drying.",0.77,Positive
REV07732,VelvetTouch,Beauty,2026-01-22,5,"Soft brushes, applies makeup smoothly.",0.63,Positive
REV07733,VelvetTouch,Beauty,2026-01-21,5,"Excellent moisturizer, skin feels amazing.",0.66,Positive
REV07734,VelvetTouch,Beauty,2026-01-22,4,"Perfect shade of lipstick, not drying.",0.55,Positive
REV07735,VelvetTouch,Beauty,2026-01-31,4,Smells wonderful and lasts all day.,0.3,Positive
REV07736,VelvetTouch,Beauty,2026-01-28,4,"Perfect shade of lipstick, not drying.",0.66,Positive
REV07737,VelvetTouch,Beauty,2026-01-31,5,"Perfect shade of lipstick, not drying.",0.71,Positive
REV07738,VelvetTouch,Beauty,2026-02-06,5,"Excellent moisturizer, skin feels amazing.",0.54,Positive
REV07739,VelvetTouch,Beauty,2026-02-04,4,"Excellent moisturizer, skin feels amazing.",0.62,Positive
REV07740,VelvetTouch,Beauty,2026-02-05,5,"Perfect shade of lipstick, not drying.",0.9,Positive
REV07741,VelvetTouch,Beauty,2026-02-12,5,"Very high quality serum, seen improvements in a week.",0.69,Positive
REV07742,VelvetTouch,Beauty,2026-02-16,4,"Excellent moisturizer, skin feels amazing.",0.64,Positive
REV07743,VelvetTouch,Beauty,2026-02-14,5,"Excellent moisturizer, skin feels amazing.",0.71,Positive
REV07744,VelvetTouch,Beauty,2026-02-18,4,"Excellent moisturizer, skin feels amazing.",0.55,Positive
REV07745,VelvetTouch,Beauty,2026-02-23,5,"Excellent moisturizer, skin feels amazing.",0.41,Positive
REV07746,VelvetTouch,Beauty,2026-02-21,4,Smells wonderful and lasts all day.,0.85,Positive
REV07747,VelvetTouch,Beauty,2026-02-27,4,"Soft brushes, applies makeup smoothly.",0.43,Positive
REV07748,VelvetTouch,Beauty,2026-02-25,4,"Perfect shade of lipstick, not drying.",0.61,Positive
REV07749,VelvetTouch,Beauty,2026-02-28,4,"Soft brushes, applies makeup smoothly.",0.55,Positive
REV07750,VelvetTouch,Beauty,2026-03-05,4,Smells wonderful and lasts all day.,0.55,Positive
REV07751,VelvetTouch,Beauty,2026-03-07,5,"Excellent moisturizer, skin feels amazing.",0.61,Positive
REV07752,VelvetTouch,Beauty,2026-03-04,2,Delivery kept getting pushed back. Frustrating experience.,-0.74,Negative
REV07753,VelvetTouch,Beauty,2026-03-14,5,"Very high quality serum, seen improvements in a week.",0.79,Positive
REV07754,VelvetTouch,Beauty,2026-03-14,4,"Very high quality serum, seen improvements in a week.",0.32,Positive
REV07755,VelvetTouch,Beauty,2026-03-11,3,Average quality for the price.,-0.02,Neutral
REV07756,VelvetTouch,Beauty,2026-03-23,5,"Excellent moisturizer, skin feels amazing.",0.84,Positive
REV07757,VelvetTouch,Beauty,2026-03-20,5,"Excellent moisturizer, skin feels amazing.",0.57,Positive
REV07758,VelvetTouch,Beauty,2026-03-23,5,"Perfect shade of lipstick, not drying.",0.61,Positive
REV07759,VelvetTouch,Beauty,2026-03-27,4,Smells wonderful and lasts all day.,0.64,Positive
REV07760,VelvetTouch,Beauty,2026-03-30,4,"Excellent moisturizer, skin feels amazing.",0.58,Positive
REV07761,VelvetTouch,Beauty,2026-03-26,5,"Perfect shade of lipstick, not drying.",0.34,Positive
REV07762,VelvetTouch,Beauty,2026-04-01,5,"Very high quality serum, seen improvements in a week.",0.47,Positive
REV07763,VelvetTouch,Beauty,2026-04-05,5,"Excellent moisturizer, skin feels amazing.",0.34,Positive
REV07764,VelvetTouch,Beauty,2026-04-05,4,"Very high quality serum, seen improvements in a week.",0.53,Positive
REV07765,VelvetTouch,Beauty,2026-04-09,5,"Very high quality serum, seen improvements in a week.",0.79,Positive
REV07766,VelvetTouch,Beauty,2026-04-10,5,"Excellent moisturizer, skin feels amazing.",0.83,Positive
REV07767,VelvetTouch,Beauty,2026-04-08,5,"Perfect shade of lipstick, not drying.",0.59,Positive
REV07768,VelvetTouch,Beauty,2026-04-18,4,"Perfect shade of lipstick, not drying.",0.38,Positive
REV07769,VelvetTouch,Beauty,2026-04-19,4,"Very high quality serum, seen improvements in a week.",0.75,Positive
REV07770,VelvetTouch,Beauty,2026-04-17,4,Smells wonderful and lasts all day.,0.53,Positive
REV07771,VelvetTouch,Beauty,2026-04-27,5,"Perfect shade of lipstick, not drying.",0.63,Positive
REV07772,VelvetTouch,Beauty,2026-04-26,5,"Soft brushes, applies makeup smoothly.",0.49,Positive
REV07773,VelvetTouch,Beauty,2026-04-24,4,Smells wonderful and lasts all day.,0.85,Positive
REV07774,VelvetTouch,Beauty,2026-05-02,4,"Perfect shade of lipstick, not drying.",0.67,Positive
REV07775,VelvetTouch,Beauty,2026-05-03,4,Smells wonderful and lasts all day.,0.72,Positive
REV07776,VelvetTouch,Beauty,2026-05-01,5,"Very high quality serum, seen improvements in a week.",0.55,Positive
REV07777,VelvetTouch,Beauty,2026-05-08,5,"Perfect shade of lipstick, not drying.",0.44,Positive
REV07778,VelvetTouch,Beauty,2026-05-11,5,Smells wonderful and lasts all day.,0.63,Positive
REV07779,VelvetTouch,Beauty,2026-05-11,5,"Very high quality serum, seen improvements in a week.",0.47,Positive
REV07780,VelvetTouch,Beauty,2026-05-15,5,"Very high quality serum, seen improvements in a week.",0.7,Positive
REV07781,VelvetTouch,Beauty,2026-05-13,5,"Very high quality serum, seen improvements in a week.",0.37,Positive
REV07782,VelvetTouch,Beauty,2026-05-15,5,"Soft brushes, applies makeup smoothly.",0.51,Positive
REV07783,VelvetTouch,Beauty,2026-05-22,5,"Perfect shade of lipstick, not drying.",0.65,Positive
REV07784,VelvetTouch,Beauty,2026-05-23,3,"Decent item, fits reasonably well.",-0.04,Neutral
REV07785,VelvetTouch,Beauty,2026-05-25,4,"Soft brushes, applies makeup smoothly.",0.41,Positive
REV07786,VelvetTouch,Beauty,2026-05-29,4,"Excellent moisturizer, skin feels amazing.",0.69,Positive
REV07787,VelvetTouch,Beauty,2026-06-01,5,"Soft brushes, applies makeup smoothly.",0.85,Positive
REV07788,VelvetTouch,Beauty,2026-05-31,5,Smells wonderful and lasts all day.,0.39,Positive
REV07789,VelvetTouch,Beauty,2026-06-08,5,"Soft brushes, applies makeup smoothly.",0.79,Positive
REV07790,VelvetTouch,Beauty,2026-06-07,4,Smells wonderful and lasts all day.,0.53,Positive
REV07791,VelvetTouch,Beauty,2026-06-04,3,Average quality for the price.,-0.0,Neutral
REV07792,VelvetTouch,Beauty,2026-06-10,4,"Very high quality serum, seen improvements in a week.",0.52,Positive
REV07793,VelvetTouch,Beauty,2026-06-10,4,"Very high quality serum, seen improvements in a week.",0.65,Positive
REV07794,VelvetTouch,Beauty,2026-06-14,4,"Soft brushes, applies makeup smoothly.",0.37,Positive
REV07795,VelvetTouch,Beauty,2026-06-17,5,"Soft brushes, applies makeup smoothly.",0.74,Positive
REV07796,VelvetTouch,Beauty,2026-06-17,5,"Soft brushes, applies makeup smoothly.",0.59,Positive
REV07797,VelvetTouch,Beauty,2026-06-21,5,"Perfect shade of lipstick, not drying.",0.42,Positive
REV07798,VelvetTouch,Beauty,2026-06-29,4,Smells wonderful and lasts all day.,0.55,Positive
REV07799,VelvetTouch,Beauty,2026-06-29,4,Smells wonderful and lasts all day.,0.41,Positive
REV07800,VelvetTouch,Beauty,2026-06-27,5,"Perfect shade of lipstick, not drying.",0.32,Positive
