seller_id,category,week_start,sales_volume,revenue,late_shipment_rate,seller_cancellation_rate,seller_fault_return_rate,negative_review_rate,avg_review_rating,avg_sentiment_score,trust_score
Apex Electronics,Electronics,2025-07-01,263,39450.0,0.0106,0.0048,0.0123,0.038,4.38,0.42,88.4
Apex Electronics,Electronics,2025-07-08,288,43200.0,0.0096,0.0031,0.0093,0.0287,4.61,0.52,90.9
Apex Electronics,Electronics,2025-07-15,108,16200.0,0.0139,0.0012,0.0111,0.0251,4.33,0.79,92.5
Apex Electronics,Electronics,2025-07-22,106,15900.0,0.0055,0.0046,0.0076,0.0399,4.46,0.62,90.6
Apex Electronics,Electronics,2025-07-29,250,37500.0,0.0057,0.0023,0.0089,0.0281,4.71,0.51,92.3
Apex Electronics,Electronics,2025-08-05,171,25650.0,0.0166,0.0013,0.0086,0.0235,4.73,0.53,92.2
Apex Electronics,Electronics,2025-08-12,124,18600.0,0.0183,0.0029,0.0062,0.0414,4.68,0.71,89.2
Apex Electronics,Electronics,2025-08-19,217,32550.0,0.0186,0.002,0.0091,0.0427,4.41,0.52,87.6
Apex Electronics,Electronics,2025-08-26,260,39000.0,0.0184,0.0032,0.0131,0.0469,4.46,0.49,86.0
Apex Electronics,Electronics,2025-09-02,269,40350.0,0.0068,0.0024,0.0144,0.0297,4.56,0.55,91.5
Apex Electronics,Electronics,2025-09-09,171,25650.0,0.0141,0.003,0.0055,0.0284,4.75,0.46,91.2
Apex Electronics,Electronics,2025-09-16,153,22950.0,0.0105,0.0035,0.0113,0.0361,4.35,0.53,90.5
Apex Electronics,Electronics,2025-09-23,286,42900.0,0.0127,0.0019,0.0115,0.0252,4.65,0.77,91.3
Apex Electronics,Electronics,2025-09-30,276,41400.0,0.0173,0.0032,0.0103,0.0273,4.35,0.76,91.3
Apex Electronics,Electronics,2025-10-07,180,27000.0,0.0183,0.0041,0.0114,0.0225,4.38,0.64,91.4
Apex Electronics,Electronics,2025-10-14,180,27000.0,0.0099,0.004,0.0115,0.0455,4.63,0.44,88.5
Apex Electronics,Electronics,2025-10-21,167,25050.0,0.0184,0.0035,0.0129,0.0351,4.59,0.48,88.5
Apex Electronics,Electronics,2025-10-28,249,37350.0,0.0195,0.0044,0.0079,0.0316,4.73,0.47,89.3
Apex Electronics,Electronics,2025-11-04,230,34500.0,0.0142,0.005,0.0064,0.0355,4.74,0.68,90.5
Apex Electronics,Electronics,2025-11-11,140,21000.0,0.0127,0.003,0.013,0.0395,4.65,0.76,89.4
Apex Electronics,Electronics,2025-11-18,219,32850.0,0.012,0.0032,0.0079,0.0377,4.32,0.73,89.3
Apex Electronics,Electronics,2025-11-25,237,35550.0,0.0058,0.0031,0.0104,0.0391,4.66,0.61,91.4
Apex Electronics,Electronics,2025-12-02,140,21000.0,0.0054,0.0049,0.0134,0.0409,4.5,0.46,88.5
Apex Electronics,Electronics,2025-12-09,127,19050.0,0.0113,0.002,0.0086,0.0427,4.31,0.42,88.9
Apex Electronics,Electronics,2025-12-16,195,29250.0,0.0124,0.0029,0.0067,0.033,4.5,0.65,91.4
Apex Electronics,Electronics,2025-12-23,225,33750.0,0.0061,0.0036,0.0053,0.0376,4.77,0.56,91.7
Apex Electronics,Electronics,2025-12-30,161,24150.0,0.0194,0.0046,0.007,0.0221,4.35,0.44,90.3
Apex Electronics,Electronics,2026-01-06,294,44100.0,0.0144,0.0045,0.0124,0.0441,4.44,0.7,87.0
Apex Electronics,Electronics,2026-01-13,142,21300.0,0.0101,0.0047,0.0136,0.0329,4.68,0.44,90.2
Apex Electronics,Electronics,2026-01-20,293,43950.0,0.0186,0.0014,0.0082,0.0485,4.78,0.65,88.1
Apex Electronics,Electronics,2026-01-27,232,34800.0,0.0169,0.0042,0.0059,0.0348,4.33,0.58,90.1
Apex Electronics,Electronics,2026-02-03,105,15750.0,0.0063,0.0038,0.0057,0.0447,4.65,0.43,89.4
Apex Electronics,Electronics,2026-02-10,118,17700.0,0.0198,0.004,0.0088,0.0225,4.69,0.57,91.0
Apex Electronics,Electronics,2026-02-17,231,34650.0,0.0194,0.0025,0.0079,0.0461,4.41,0.4,88.9
Apex Electronics,Electronics,2026-02-24,285,42750.0,0.0195,0.0031,0.0113,0.0409,4.53,0.63,88.2
Apex Electronics,Electronics,2026-03-03,148,22200.0,0.0138,0.0013,0.0147,0.0496,4.65,0.52,87.3
Apex Electronics,Electronics,2026-03-10,219,32850.0,0.0192,0.0039,0.0111,0.0325,4.77,0.42,89.8
Apex Electronics,Electronics,2026-03-17,186,27900.0,0.0195,0.0044,0.0134,0.0341,4.51,0.42,87.7
Apex Electronics,Electronics,2026-03-24,135,20250.0,0.0177,0.002,0.0095,0.0239,4.78,0.49,91.6
Apex Electronics,Electronics,2026-03-31,213,31950.0,0.0128,0.0044,0.0105,0.0368,4.74,0.45,89.2
Apex Electronics,Electronics,2026-04-07,123,18450.0,0.007,0.0011,0.0085,0.0377,4.5,0.76,91.2
Apex Electronics,Electronics,2026-04-14,202,30300.0,0.0072,0.0047,0.0099,0.0277,4.53,0.6,92.6
Apex Electronics,Electronics,2026-04-21,300,45000.0,0.0069,0.0016,0.0064,0.0392,4.39,0.76,91.1
Apex Electronics,Electronics,2026-04-28,283,42450.0,0.0068,0.0028,0.0071,0.0309,4.55,0.42,92.6
Apex Electronics,Electronics,2026-05-05,248,37200.0,0.0059,0.0021,0.0131,0.0424,4.39,0.55,89.0
Apex Electronics,Electronics,2026-05-12,222,33300.0,0.0127,0.0031,0.0061,0.0334,4.57,0.51,90.6
Apex Electronics,Electronics,2026-05-19,147,22050.0,0.0139,0.0037,0.0129,0.035,4.34,0.63,89.2
Apex Electronics,Electronics,2026-05-26,130,19500.0,0.0103,0.0049,0.0111,0.0271,4.35,0.5,90.2
Apex Electronics,Electronics,2026-06-02,120,18000.0,0.0062,0.0031,0.0091,0.0495,4.36,0.79,88.8
Apex Electronics,Electronics,2026-06-09,166,24900.0,0.0136,0.0021,0.0127,0.0256,4.46,0.6,90.9
Apex Electronics,Electronics,2026-06-16,133,19950.0,0.0073,0.0029,0.0103,0.0216,4.47,0.43,92.1
Apex Electronics,Electronics,2026-06-23,259,38850.0,0.0102,0.0047,0.0133,0.049,4.36,0.78,87.7
TechZone,Electronics,2025-07-01,167,25050.0,0.0071,0.0042,0.007,0.0249,4.64,0.61,93.1
TechZone,Electronics,2025-07-08,140,21000.0,0.0095,0.004,0.01,0.027,4.52,0.76,91.6
TechZone,Electronics,2025-07-15,270,40500.0,0.0143,0.0031,0.0139,0.0437,4.49,0.7,87.2
TechZone,Electronics,2025-07-22,127,19050.0,0.0177,0.0015,0.009,0.0439,4.47,0.69,89.0
TechZone,Electronics,2025-07-29,283,42450.0,0.0077,0.0046,0.0108,0.032,4.68,0.63,90.0
TechZone,Electronics,2025-08-05,113,16950.0,0.0188,0.0038,0.0065,0.0373,4.53,0.77,89.8
TechZone,Electronics,2025-08-12,185,27750.0,0.0069,0.0047,0.0137,0.0356,4.52,0.53,88.8
TechZone,Electronics,2025-08-19,280,42000.0,0.0118,0.0019,0.0095,0.0242,4.55,0.77,92.1
TechZone,Electronics,2025-08-26,138,20700.0,0.0077,0.0048,0.0065,0.0324,4.7,0.64,91.5
TechZone,Electronics,2025-09-02,210,31500.0,0.0121,0.0033,0.0057,0.0433,4.56,0.56,89.6
TechZone,Electronics,2025-09-09,153,22950.0,0.0106,0.0021,0.0114,0.0323,4.45,0.66,91.2
TechZone,Electronics,2025-09-16,258,38700.0,0.0086,0.0014,0.0074,0.0417,4.65,0.67,90.4
TechZone,Electronics,2025-09-23,145,21750.0,0.0081,0.0011,0.0068,0.0375,4.67,0.54,92.2
TechZone,Electronics,2025-09-30,127,19050.0,0.0115,0.0022,0.0145,0.0429,4.66,0.76,88.4
TechZone,Electronics,2025-10-07,189,28350.0,0.0145,0.002,0.0064,0.045,4.56,0.51,88.6
TechZone,Electronics,2025-10-14,184,27600.0,0.0052,0.0015,0.014,0.0462,4.58,0.47,89.4
TechZone,Electronics,2025-10-21,273,40950.0,0.0075,0.004,0.0058,0.0381,4.52,0.54,90.6
TechZone,Electronics,2025-10-28,248,37200.0,0.0082,0.0011,0.0076,0.0379,4.55,0.53,91.5
TechZone,Electronics,2025-11-04,286,42900.0,0.0087,0.0043,0.013,0.0408,4.58,0.44,88.6
TechZone,Electronics,2025-11-11,247,37050.0,0.0149,0.0038,0.0135,0.0275,4.47,0.78,91.0
TechZone,Electronics,2025-11-18,233,34950.0,0.0187,0.0011,0.012,0.0289,4.69,0.59,91.1
TechZone,Electronics,2025-11-25,270,40500.0,0.0068,0.0013,0.012,0.0302,4.42,0.62,91.4
TechZone,Electronics,2025-12-02,176,26400.0,0.0085,0.0011,0.0137,0.0206,4.56,0.72,93.5
TechZone,Electronics,2025-12-09,175,26250.0,0.0161,0.002,0.0061,0.0306,4.49,0.42,90.8
TechZone,Electronics,2025-12-16,291,43650.0,0.0083,0.0048,0.0129,0.0227,4.66,0.59,92.5
TechZone,Electronics,2025-12-23,100,15000.0,0.0127,0.0019,0.0068,0.0266,4.63,0.42,92.0
TechZone,Electronics,2025-12-30,267,40050.0,0.0172,0.0019,0.0072,0.0361,4.57,0.75,89.3
TechZone,Electronics,2026-01-06,221,33150.0,0.0133,0.0013,0.0091,0.0312,4.62,0.43,91.2
TechZone,Electronics,2026-01-13,262,39300.0,0.0122,0.0034,0.0132,0.0304,4.57,0.75,89.6
TechZone,Electronics,2026-01-20,150,22500.0,0.0152,0.0035,0.0125,0.0248,4.66,0.73,89.7
TechZone,Electronics,2026-01-27,444,66600.0,0.0175,0.003,0.1789,0.3132,1.96,-0.43,41.9
TechZone,Electronics,2026-02-03,400,60000.0,0.019,0.0014,0.1381,0.3208,1.84,-0.53,44.4
TechZone,Electronics,2026-02-10,244,36600.0,0.0053,0.0023,0.1468,0.2774,2.4,-0.47,44.1
TechZone,Electronics,2026-02-17,378,56700.0,0.0091,0.0048,0.1452,0.3139,2.04,-0.21,42.9
TechZone,Electronics,2026-02-24,249,37350.0,0.0148,0.0025,0.1311,0.3369,2.27,-0.28,46.5
TechZone,Electronics,2026-03-03,318,47700.0,0.0122,0.0015,0.132,0.2992,1.84,-0.57,46.6
TechZone,Electronics,2026-03-10,238,35700.0,0.0109,0.0029,0.1716,0.328,1.82,-0.65,42.6
TechZone,Electronics,2026-03-17,328,49200.0,0.0128,0.0014,0.1438,0.2633,2.14,-0.3,44.4
TechZone,Electronics,2026-03-24,157,23550.0,0.0058,0.0032,0.1681,0.2839,2.29,-0.25,42.5
TechZone,Electronics,2026-03-31,310,46500.0,0.0059,0.002,0.1786,0.2837,1.91,-0.37,44.2
TechZone,Electronics,2026-04-07,279,41850.0,0.0196,0.0036,0.1218,0.2758,2.08,-0.34,47.5
TechZone,Electronics,2026-04-14,366,54900.0,0.0159,0.0029,0.1366,0.3092,2.35,-0.39,44.0
TechZone,Electronics,2026-04-21,249,37350.0,0.0077,0.002,0.1495,0.2747,2.32,-0.44,43.3
TechZone,Electronics,2026-04-28,438,65700.0,0.007,0.0049,0.1302,0.302,2.0,-0.48,47.4
TechZone,Electronics,2026-05-05,357,53550.0,0.0056,0.0039,0.1683,0.3085,2.32,-0.64,42.6
TechZone,Electronics,2026-05-12,157,23550.0,0.0126,0.0012,0.1203,0.3452,2.18,-0.47,49.5
TechZone,Electronics,2026-05-19,328,49200.0,0.0096,0.0038,0.1256,0.3173,2.07,-0.61,48.2
TechZone,Electronics,2026-05-26,268,40200.0,0.0136,0.0011,0.1329,0.3159,2.04,-0.65,46.4
TechZone,Electronics,2026-06-02,225,33750.0,0.0135,0.004,0.1601,0.3308,2.26,-0.48,42.6
TechZone,Electronics,2026-06-09,366,54900.0,0.0154,0.0026,0.1336,0.2573,2.16,-0.39,45.7
TechZone,Electronics,2026-06-16,397,59550.0,0.0054,0.0024,0.152,0.3108,2.26,-0.34,44.2
TechZone,Electronics,2026-06-23,325,48750.0,0.0089,0.0021,0.1387,0.311,2.23,-0.49,44.9
GadgetGuru,Electronics,2025-07-01,298,44700.0,0.0156,0.0014,0.0107,0.0277,4.78,0.72,91.0
GadgetGuru,Electronics,2025-07-08,182,27300.0,0.0084,0.0018,0.0111,0.0323,4.72,0.54,92.0
GadgetGuru,Electronics,2025-07-15,245,36750.0,0.015,0.0014,0.0112,0.0336,4.59,0.69,89.5
GadgetGuru,Electronics,2025-07-22,183,27450.0,0.0085,0.0026,0.0109,0.0349,4.79,0.68,89.9
GadgetGuru,Electronics,2025-07-29,171,25650.0,0.0069,0.0014,0.0122,0.0374,4.44,0.43,89.7
GadgetGuru,Electronics,2025-08-05,148,22200.0,0.0085,0.0032,0.0138,0.0395,4.57,0.53,88.9
GadgetGuru,Electronics,2025-08-12,276,41400.0,0.0134,0.0048,0.0068,0.0407,4.4,0.44,89.4
GadgetGuru,Electronics,2025-08-19,175,26250.0,0.0199,0.0047,0.0104,0.0453,4.56,0.44,87.2
GadgetGuru,Electronics,2025-08-26,221,33150.0,0.0055,0.0022,0.0076,0.0308,4.34,0.62,93.3
GadgetGuru,Electronics,2025-09-02,190,28500.0,0.0199,0.0044,0.0071,0.0479,4.36,0.55,87.9
GadgetGuru,Electronics,2025-09-09,284,42600.0,0.0062,0.0026,0.0067,0.0408,4.47,0.66,91.9
GadgetGuru,Electronics,2025-09-16,147,22050.0,0.0076,0.003,0.009,0.0244,4.48,0.41,91.8
GadgetGuru,Electronics,2025-09-23,252,37800.0,0.0097,0.003,0.0094,0.0232,4.62,0.65,91.9
GadgetGuru,Electronics,2025-09-30,145,21750.0,0.0059,0.0038,0.0148,0.0272,4.37,0.52,90.4
GadgetGuru,Electronics,2025-10-07,113,16950.0,0.0172,0.0035,0.0081,0.0387,4.56,0.45,89.0
GadgetGuru,Electronics,2025-10-14,103,15450.0,0.0165,0.001,0.0092,0.0344,4.31,0.7,89.8
GadgetGuru,Electronics,2025-10-21,147,22050.0,0.0196,0.0042,0.0146,0.0346,4.35,0.58,88.0
GadgetGuru,Electronics,2025-10-28,225,33750.0,0.0119,0.0041,0.0139,0.0487,4.69,0.68,86.7
GadgetGuru,Electronics,2025-11-04,177,26550.0,0.0119,0.0035,0.0116,0.0469,4.62,0.43,88.2
GadgetGuru,Electronics,2025-11-11,252,37800.0,0.0157,0.0013,0.0057,0.0204,4.78,0.54,93.6
GadgetGuru,Electronics,2025-11-18,176,26400.0,0.0076,0.0014,0.0116,0.0429,4.43,0.43,88.8
GadgetGuru,Electronics,2025-11-25,256,38400.0,0.0147,0.0031,0.0054,0.0491,4.7,0.79,88.2
GadgetGuru,Electronics,2025-12-02,161,24150.0,0.0069,0.0024,0.0143,0.0267,4.49,0.58,91.4
GadgetGuru,Electronics,2025-12-09,215,32250.0,0.0093,0.0043,0.0136,0.0454,4.76,0.7,87.5
GadgetGuru,Electronics,2025-12-16,280,42000.0,0.0077,0.0032,0.0148,0.0481,4.32,0.45,87.2
GadgetGuru,Electronics,2025-12-23,260,39000.0,0.0139,0.003,0.008,0.037,4.64,0.65,90.8
GadgetGuru,Electronics,2025-12-30,157,23550.0,0.0159,0.005,0.006,0.032,4.7,0.62,89.8
GadgetGuru,Electronics,2026-01-06,178,26700.0,0.0164,0.0011,0.0125,0.0261,4.78,0.53,90.6
GadgetGuru,Electronics,2026-01-13,219,32850.0,0.0117,0.0039,0.0139,0.0378,4.5,0.68,88.7
GadgetGuru,Electronics,2026-01-20,226,33900.0,0.0137,0.0032,0.0106,0.0381,4.64,0.51,89.9
GadgetGuru,Electronics,2026-01-27,182,27300.0,0.0168,0.0038,0.0129,0.0355,4.52,0.53,87.9
GadgetGuru,Electronics,2026-02-03,247,37050.0,0.0145,0.0041,0.0062,0.0323,4.72,0.63,90.5
GadgetGuru,Electronics,2026-02-10,220,33000.0,0.0054,0.0043,0.0077,0.0355,4.45,0.5,92.1
GadgetGuru,Electronics,2026-02-17,211,31650.0,0.007,0.0013,0.0123,0.0349,4.52,0.71,91.4
GadgetGuru,Electronics,2026-02-24,182,27300.0,0.0193,0.0013,0.0056,0.0285,4.43,0.76,90.9
GadgetGuru,Electronics,2026-03-03,269,40350.0,0.0186,0.0016,0.0103,0.0323,4.47,0.41,90.7
GadgetGuru,Electronics,2026-03-10,164,24600.0,0.0113,0.002,0.0123,0.0494,4.43,0.48,88.2
GadgetGuru,Electronics,2026-03-17,238,35700.0,0.0084,0.002,0.0135,0.0368,4.56,0.74,89.2
GadgetGuru,Electronics,2026-03-24,259,38850.0,0.0119,0.0029,0.0067,0.0484,4.72,0.58,89.2
GadgetGuru,Electronics,2026-03-31,240,36000.0,0.0058,0.0041,0.007,0.0278,4.38,0.7,92.2
GadgetGuru,Electronics,2026-04-07,107,16050.0,0.0086,0.0028,0.0148,0.0432,4.31,0.59,87.7
GadgetGuru,Electronics,2026-04-14,241,36150.0,0.0166,0.0049,0.007,0.0357,4.44,0.63,90.1
GadgetGuru,Electronics,2026-04-21,265,39750.0,0.0074,0.0038,0.0129,0.0295,4.73,0.51,91.7
GadgetGuru,Electronics,2026-04-28,223,33450.0,0.0063,0.0045,0.013,0.0352,4.78,0.79,89.9
GadgetGuru,Electronics,2026-05-05,148,22200.0,0.0074,0.0011,0.0106,0.0358,4.66,0.43,91.9
GadgetGuru,Electronics,2026-05-12,187,28050.0,0.0121,0.0043,0.0096,0.0307,4.55,0.53,91.2
GadgetGuru,Electronics,2026-05-19,248,37200.0,0.0071,0.0024,0.0095,0.0425,4.63,0.54,90.3
GadgetGuru,Electronics,2026-05-26,185,27750.0,0.0153,0.0013,0.0067,0.0457,4.41,0.51,89.9
GadgetGuru,Electronics,2026-06-02,278,41700.0,0.0055,0.0022,0.0115,0.0481,4.74,0.72,89.6
GadgetGuru,Electronics,2026-06-09,181,27150.0,0.0119,0.0045,0.0105,0.0314,4.79,0.57,89.5
GadgetGuru,Electronics,2026-06-16,109,16350.0,0.0094,0.0046,0.0125,0.0441,4.31,0.69,89.2
GadgetGuru,Electronics,2026-06-23,125,18750.0,0.0064,0.002,0.0051,0.0341,4.45,0.52,92.6
ElectroStore,Electronics,2025-07-01,267,40050.0,0.0062,0.002,0.0129,0.021,4.59,0.74,93.8
ElectroStore,Electronics,2025-07-08,277,41550.0,0.0182,0.0033,0.0102,0.0329,4.46,0.71,89.3
ElectroStore,Electronics,2025-07-15,181,27150.0,0.0139,0.0038,0.0074,0.0354,4.35,0.6,90.0
ElectroStore,Electronics,2025-07-22,261,39150.0,0.0088,0.0024,0.0097,0.0214,4.37,0.79,92.5
ElectroStore,Electronics,2025-07-29,280,42000.0,0.0081,0.0031,0.0051,0.0202,4.41,0.44,93.0
ElectroStore,Electronics,2025-08-05,111,16650.0,0.0063,0.0035,0.0061,0.0304,4.55,0.6,93.2
ElectroStore,Electronics,2025-08-12,137,20550.0,0.0186,0.0039,0.0111,0.0293,4.71,0.73,90.5
ElectroStore,Electronics,2025-08-19,144,21600.0,0.0068,0.0027,0.0125,0.0221,4.34,0.78,92.2
ElectroStore,Electronics,2025-08-26,249,37350.0,0.0145,0.0047,0.0111,0.0462,4.66,0.76,86.7
ElectroStore,Electronics,2025-09-02,165,24750.0,0.0137,0.0012,0.0062,0.0368,4.47,0.66,91.4
ElectroStore,Electronics,2025-09-09,118,17700.0,0.0096,0.0042,0.0095,0.044,4.71,0.77,89.8
ElectroStore,Electronics,2025-09-16,164,24600.0,0.0106,0.0017,0.0093,0.0243,4.75,0.46,92.2
ElectroStore,Electronics,2025-09-23,160,24000.0,0.0111,0.0022,0.0118,0.0382,4.48,0.8,89.1
ElectroStore,Electronics,2025-09-30,175,26250.0,0.0108,0.0012,0.0053,0.0316,4.38,0.7,91.3
ElectroStore,Electronics,2025-10-07,275,41250.0,0.0097,0.0046,0.011,0.0448,4.79,0.78,88.1
ElectroStore,Electronics,2025-10-14,190,28500.0,0.0164,0.0043,0.0094,0.0291,4.43,0.42,89.6
ElectroStore,Electronics,2025-10-21,293,43950.0,0.0117,0.0035,0.0099,0.0321,4.8,0.65,91.3
ElectroStore,Electronics,2025-10-28,212,31800.0,0.0084,0.0049,0.0141,0.0417,4.57,0.45,89.2
ElectroStore,Electronics,2025-11-04,175,26250.0,0.0192,0.0016,0.0096,0.0494,4.54,0.64,88.1
ElectroStore,Electronics,2025-11-11,238,35700.0,0.0137,0.0045,0.0148,0.0322,4.71,0.63,89.6
ElectroStore,Electronics,2025-11-18,223,33450.0,0.0177,0.0046,0.0056,0.0465,4.52,0.65,88.1
ElectroStore,Electronics,2025-11-25,136,20400.0,0.0171,0.0021,0.0071,0.0487,4.3,0.67,89.2
ElectroStore,Electronics,2025-12-02,201,30150.0,0.0163,0.0041,0.0116,0.043,4.72,0.44,88.0
ElectroStore,Electronics,2025-12-09,272,40800.0,0.0171,0.0048,0.0057,0.0487,4.56,0.43,87.4
ElectroStore,Electronics,2025-12-16,272,40800.0,0.011,0.0022,0.0073,0.0284,4.7,0.56,92.9
ElectroStore,Electronics,2025-12-23,256,38400.0,0.0104,0.0036,0.0062,0.0467,4.55,0.63,89.2
ElectroStore,Electronics,2025-12-30,177,26550.0,0.0173,0.0042,0.0105,0.0356,4.37,0.51,89.5
ElectroStore,Electronics,2026-01-06,226,33900.0,0.0156,0.0013,0.0134,0.0201,4.42,0.53,92.1
ElectroStore,Electronics,2026-01-13,216,32400.0,0.0168,0.0046,0.0093,0.0473,4.49,0.44,88.3
ElectroStore,Electronics,2026-01-20,286,42900.0,0.0195,0.004,0.0145,0.0411,4.45,0.71,86.2
ElectroStore,Electronics,2026-01-27,171,25650.0,0.0115,0.0028,0.0071,0.0311,4.48,0.71,90.6
ElectroStore,Electronics,2026-02-03,160,24000.0,0.0082,0.0037,0.0111,0.0289,4.37,0.7,91.6
ElectroStore,Electronics,2026-02-10,201,30150.0,0.0184,0.0021,0.0087,0.0217,4.36,0.51,91.7
ElectroStore,Electronics,2026-02-17,154,23100.0,0.013,0.0034,0.0051,0.0339,4.78,0.67,91.1
ElectroStore,Electronics,2026-02-24,244,36600.0,0.0069,0.0011,0.0127,0.0442,4.36,0.41,89.1
ElectroStore,Electronics,2026-03-03,159,23850.0,0.0177,0.0011,0.014,0.0435,4.69,0.56,87.7
ElectroStore,Electronics,2026-03-10,133,19950.0,0.0059,0.0048,0.0144,0.0436,4.8,0.79,88.6
ElectroStore,Electronics,2026-03-17,103,15450.0,0.0137,0.0016,0.0131,0.0391,4.49,0.5,89.4
ElectroStore,Electronics,2026-03-24,167,25050.0,0.0156,0.0012,0.0065,0.0202,4.62,0.45,92.9
ElectroStore,Electronics,2026-03-31,116,17400.0,0.0171,0.0028,0.0105,0.033,4.32,0.58,89.0
ElectroStore,Electronics,2026-04-07,215,32250.0,0.0193,0.005,0.0121,0.0494,4.58,0.57,85.5
ElectroStore,Electronics,2026-04-14,217,32550.0,0.0192,0.0048,0.0102,0.0493,4.68,0.59,85.8
ElectroStore,Electronics,2026-04-21,127,19050.0,0.0135,0.0041,0.01,0.0204,4.3,0.77,91.6
ElectroStore,Electronics,2026-04-28,255,38250.0,0.0114,0.0011,0.0098,0.0399,4.36,0.56,89.6
ElectroStore,Electronics,2026-05-05,249,37350.0,0.0188,0.0048,0.0108,0.0307,4.69,0.63,88.7
ElectroStore,Electronics,2026-05-12,175,26250.0,0.0055,0.0017,0.0137,0.0285,4.78,0.57,91.9
ElectroStore,Electronics,2026-05-19,129,19350.0,0.0184,0.0048,0.0139,0.0326,4.69,0.6,88.3
ElectroStore,Electronics,2026-05-26,205,30750.0,0.006,0.0048,0.0101,0.0323,4.71,0.53,91.7
ElectroStore,Electronics,2026-06-02,209,31350.0,0.0131,0.0021,0.0093,0.0211,4.36,0.4,93.0
ElectroStore,Electronics,2026-06-09,221,33150.0,0.0085,0.001,0.0123,0.049,4.41,0.7,89.0
ElectroStore,Electronics,2026-06-16,290,43500.0,0.0173,0.0017,0.0087,0.0471,4.7,0.7,89.1
ElectroStore,Electronics,2026-06-23,243,36450.0,0.0167,0.0033,0.0145,0.0213,4.43,0.52,90.8
SmartTech,Electronics,2025-07-01,292,43800.0,0.0105,0.0047,0.0133,0.0409,4.66,0.77,88.4
SmartTech,Electronics,2025-07-08,190,28500.0,0.01,0.0049,0.0136,0.041,4.66,0.78,88.5
SmartTech,Electronics,2025-07-15,223,33450.0,0.0108,0.0011,0.0134,0.0203,4.65,0.58,93.3
SmartTech,Electronics,2025-07-22,295,44250.0,0.0077,0.0042,0.0105,0.0319,4.37,0.46,91.6
SmartTech,Electronics,2025-07-29,257,38550.0,0.0088,0.0035,0.0107,0.045,4.75,0.67,87.9
SmartTech,Electronics,2025-08-05,146,21900.0,0.016,0.0026,0.0057,0.0435,4.44,0.67,89.1
SmartTech,Electronics,2025-08-12,146,21900.0,0.0151,0.0035,0.007,0.0326,4.68,0.51,89.8
SmartTech,Electronics,2025-08-19,262,39300.0,0.0067,0.0026,0.0124,0.0411,4.51,0.56,89.4
SmartTech,Electronics,2025-08-26,216,32400.0,0.0149,0.0049,0.011,0.0223,4.34,0.52,91.9
SmartTech,Electronics,2025-09-02,252,37800.0,0.0097,0.0021,0.011,0.046,4.77,0.46,88.1
SmartTech,Electronics,2025-09-09,272,40800.0,0.0155,0.0037,0.0091,0.0205,4.59,0.58,91.4
SmartTech,Electronics,2025-09-16,255,38250.0,0.0187,0.0027,0.0076,0.033,4.66,0.64,89.1
SmartTech,Electronics,2025-09-23,188,28200.0,0.008,0.0045,0.0124,0.0204,4.42,0.51,91.6
SmartTech,Electronics,2025-09-30,234,35100.0,0.019,0.0032,0.007,0.0385,4.67,0.61,89.7
SmartTech,Electronics,2025-10-07,101,15150.0,0.009,0.0025,0.014,0.04,4.69,0.65,89.1
SmartTech,Electronics,2025-10-14,183,27450.0,0.0174,0.0022,0.0094,0.0207,4.45,0.42,91.9
SmartTech,Electronics,2025-10-21,133,19950.0,0.0074,0.0016,0.0057,0.0256,4.63,0.73,94.3
SmartTech,Electronics,2025-10-28,190,28500.0,0.0104,0.0024,0.0133,0.0437,4.45,0.78,89.5
SmartTech,Electronics,2025-11-04,119,17850.0,0.0065,0.0026,0.0105,0.0351,4.4,0.67,91.7
SmartTech,Electronics,2025-11-11,263,39450.0,0.0077,0.0038,0.0073,0.0235,4.38,0.69,91.9
SmartTech,Electronics,2025-11-18,143,21450.0,0.0075,0.0046,0.0074,0.0306,4.35,0.61,91.1
SmartTech,Electronics,2025-11-25,162,24300.0,0.0142,0.0032,0.0092,0.0329,4.57,0.68,90.7
SmartTech,Electronics,2025-12-02,179,26850.0,0.013,0.0015,0.0111,0.0235,4.47,0.68,91.2
SmartTech,Electronics,2025-12-09,262,39300.0,0.0169,0.0013,0.0097,0.0368,4.61,0.5,90.1
SmartTech,Electronics,2025-12-16,286,42900.0,0.0176,0.0029,0.0083,0.0437,4.53,0.74,87.8
SmartTech,Electronics,2025-12-23,144,21600.0,0.0195,0.0013,0.0115,0.0222,4.49,0.57,91.7
SmartTech,Electronics,2025-12-30,293,43950.0,0.0106,0.0013,0.0087,0.0339,4.66,0.68,91.6
SmartTech,Electronics,2026-01-06,262,39300.0,0.0165,0.0033,0.0128,0.0426,4.7,0.46,87.8
SmartTech,Electronics,2026-01-13,220,33000.0,0.0184,0.004,0.0141,0.0428,4.6,0.76,87.3
SmartTech,Electronics,2026-01-20,190,28500.0,0.0097,0.002,0.0071,0.0327,4.75,0.48,91.7
SmartTech,Electronics,2026-01-27,114,17100.0,0.0169,0.0021,0.0119,0.0279,4.77,0.53,90.6
SmartTech,Electronics,2026-02-03,252,37800.0,0.0172,0.0041,0.0126,0.0256,4.34,0.55,90.4
SmartTech,Electronics,2026-02-10,110,16500.0,0.0098,0.0046,0.0139,0.0298,4.75,0.73,91.1
SmartTech,Electronics,2026-02-17,228,34200.0,0.0179,0.005,0.0074,0.0212,4.51,0.41,90.7
SmartTech,Electronics,2026-02-24,121,18150.0,0.0085,0.0011,0.0126,0.0387,4.68,0.73,89.2
SmartTech,Electronics,2026-03-03,212,31800.0,0.0164,0.0028,0.0121,0.0317,4.41,0.77,89.9
SmartTech,Electronics,2026-03-10,195,29250.0,0.0197,0.0036,0.013,0.0415,4.6,0.58,86.4
SmartTech,Electronics,2026-03-17,261,39150.0,0.0155,0.0036,0.0078,0.0247,4.62,0.47,91.7
SmartTech,Electronics,2026-03-24,198,29700.0,0.0053,0.0041,0.0111,0.041,4.72,0.78,90.4
SmartTech,Electronics,2026-03-31,249,37350.0,0.0137,0.0034,0.0085,0.0216,4.32,0.43,92.0
SmartTech,Electronics,2026-04-07,252,37800.0,0.0079,0.0039,0.0079,0.0441,4.8,0.76,88.7
SmartTech,Electronics,2026-04-14,271,40650.0,0.0196,0.0043,0.0135,0.0481,4.34,0.43,85.8
SmartTech,Electronics,2026-04-21,192,28800.0,0.0075,0.0016,0.0147,0.0428,4.78,0.51,89.0
SmartTech,Electronics,2026-04-28,157,23550.0,0.0151,0.0013,0.0071,0.0443,4.37,0.75,89.0
SmartTech,Electronics,2026-05-05,297,44550.0,0.0171,0.0015,0.0108,0.0352,4.37,0.51,89.9
SmartTech,Electronics,2026-05-12,133,19950.0,0.0136,0.0037,0.0128,0.0459,4.46,0.74,87.7
SmartTech,Electronics,2026-05-19,297,44550.0,0.0161,0.003,0.0098,0.0451,4.48,0.56,88.8
SmartTech,Electronics,2026-05-26,273,40950.0,0.0123,0.0036,0.0073,0.0366,4.49,0.46,90.6
SmartTech,Electronics,2026-06-02,236,35400.0,0.0174,0.0021,0.0143,0.0491,4.59,0.55,85.9
SmartTech,Electronics,2026-06-09,246,36900.0,0.0151,0.0019,0.0072,0.0462,4.42,0.4,88.4
SmartTech,Electronics,2026-06-16,207,31050.0,0.0119,0.0024,0.0059,0.0346,4.76,0.52,90.3
SmartTech,Electronics,2026-06-23,264,39600.0,0.0123,0.0027,0.011,0.05,4.68,0.73,87.6
CircuitWorld,Electronics,2025-07-01,172,25800.0,0.0126,0.003,0.0055,0.021,4.58,0.74,93.0
CircuitWorld,Electronics,2025-07-08,211,31650.0,0.0076,0.0025,0.013,0.0318,4.68,0.71,90.1
CircuitWorld,Electronics,2025-07-15,113,16950.0,0.006,0.0011,0.0133,0.0357,4.69,0.54,90.3
CircuitWorld,Electronics,2025-07-22,195,29250.0,0.0192,0.0045,0.0124,0.0283,4.44,0.4,90.2
CircuitWorld,Electronics,2025-07-29,135,20250.0,0.0101,0.0013,0.0094,0.0278,4.47,0.77,92.8
CircuitWorld,Electronics,2025-08-05,220,33000.0,0.0117,0.003,0.0075,0.0341,4.63,0.7,91.4
CircuitWorld,Electronics,2025-08-12,155,23250.0,0.0184,0.0046,0.0081,0.0407,4.44,0.47,87.7
CircuitWorld,Electronics,2025-08-19,298,44700.0,0.0124,0.0022,0.011,0.033,4.38,0.62,89.7
CircuitWorld,Electronics,2025-08-26,207,31050.0,0.0173,0.0033,0.0116,0.047,4.5,0.4,86.9
CircuitWorld,Electronics,2025-09-02,237,35550.0,0.0082,0.0013,0.0109,0.0422,4.32,0.61,90.3
CircuitWorld,Electronics,2025-09-09,136,20400.0,0.0173,0.0049,0.0076,0.0491,4.52,0.42,87.0
CircuitWorld,Electronics,2025-09-16,246,36900.0,0.0104,0.0043,0.0132,0.0343,4.48,0.72,89.3
CircuitWorld,Electronics,2025-09-23,239,35850.0,0.0107,0.0042,0.0132,0.0315,4.53,0.77,89.6
CircuitWorld,Electronics,2025-09-30,111,16650.0,0.0196,0.0032,0.0121,0.0221,4.51,0.65,89.7
CircuitWorld,Electronics,2025-10-07,117,17550.0,0.011,0.0043,0.0131,0.0384,4.49,0.44,88.4
CircuitWorld,Electronics,2025-10-14,111,16650.0,0.0074,0.0043,0.0054,0.0326,4.38,0.62,92.6
CircuitWorld,Electronics,2025-10-21,218,32700.0,0.0183,0.0047,0.0142,0.0391,4.61,0.7,87.2
CircuitWorld,Electronics,2025-10-28,298,44700.0,0.0131,0.0044,0.0093,0.0314,4.76,0.74,89.9
CircuitWorld,Electronics,2025-11-04,110,16500.0,0.0056,0.0021,0.0051,0.0494,4.78,0.69,90.0
CircuitWorld,Electronics,2025-11-11,164,24600.0,0.0199,0.0011,0.011,0.0398,4.64,0.78,87.8
CircuitWorld,Electronics,2025-11-18,267,40050.0,0.0113,0.0016,0.0067,0.0325,4.68,0.43,92.5
CircuitWorld,Electronics,2025-11-25,290,43500.0,0.0054,0.0043,0.0147,0.0241,4.42,0.77,92.3
CircuitWorld,Electronics,2025-12-02,227,34050.0,0.0052,0.0041,0.0081,0.0212,4.59,0.79,93.2
CircuitWorld,Electronics,2025-12-09,210,31500.0,0.0058,0.0027,0.0133,0.0442,4.41,0.73,88.6
CircuitWorld,Electronics,2025-12-16,120,18000.0,0.0063,0.0018,0.0125,0.0215,4.55,0.53,92.7
CircuitWorld,Electronics,2025-12-23,283,42450.0,0.0072,0.0021,0.0086,0.0323,4.64,0.41,90.9
CircuitWorld,Electronics,2025-12-30,286,42900.0,0.0183,0.0046,0.008,0.0269,4.51,0.67,90.0
CircuitWorld,Electronics,2026-01-06,271,40650.0,0.0151,0.0021,0.0058,0.0498,4.38,0.79,89.6
CircuitWorld,Electronics,2026-01-13,136,20400.0,0.012,0.0035,0.0091,0.0328,4.47,0.74,90.7
CircuitWorld,Electronics,2026-01-20,160,24000.0,0.018,0.0014,0.0063,0.0494,4.64,0.53,89.0
CircuitWorld,Electronics,2026-01-27,139,20850.0,0.0114,0.0021,0.0127,0.0268,4.65,0.65,90.7
CircuitWorld,Electronics,2026-02-03,135,20250.0,0.016,0.0024,0.0098,0.0479,4.47,0.41,87.8
CircuitWorld,Electronics,2026-02-10,129,19350.0,0.0094,0.0037,0.0147,0.0215,4.75,0.63,91.7
CircuitWorld,Electronics,2026-02-17,243,36450.0,0.0071,0.0039,0.0079,0.0358,4.65,0.72,91.8
CircuitWorld,Electronics,2026-02-24,256,38400.0,0.0091,0.0019,0.0116,0.039,4.6,0.69,89.0
CircuitWorld,Electronics,2026-03-03,118,17700.0,0.0159,0.0041,0.0062,0.02,4.66,0.5,92.1
CircuitWorld,Electronics,2026-03-10,188,28200.0,0.0127,0.0013,0.0105,0.0314,4.6,0.5,90.7
CircuitWorld,Electronics,2026-03-17,282,42300.0,0.0181,0.005,0.0108,0.0444,4.46,0.56,86.8
CircuitWorld,Electronics,2026-03-24,135,20250.0,0.0069,0.0033,0.0119,0.041,4.68,0.6,90.3
CircuitWorld,Electronics,2026-03-31,194,29100.0,0.0177,0.0018,0.0063,0.0489,4.35,0.63,88.3
CircuitWorld,Electronics,2026-04-07,179,26850.0,0.0146,0.0043,0.0054,0.0349,4.64,0.52,89.9
CircuitWorld,Electronics,2026-04-14,247,37050.0,0.012,0.0018,0.012,0.0367,4.48,0.41,90.7
CircuitWorld,Electronics,2026-04-21,219,32850.0,0.0163,0.0028,0.0091,0.048,4.43,0.63,87.1
CircuitWorld,Electronics,2026-04-28,296,44400.0,0.02,0.0028,0.0085,0.032,4.36,0.57,90.6
CircuitWorld,Electronics,2026-05-05,139,20850.0,0.0172,0.0048,0.0115,0.0486,4.38,0.64,86.6
CircuitWorld,Electronics,2026-05-12,232,34800.0,0.0081,0.0012,0.0105,0.0379,4.74,0.54,90.8
CircuitWorld,Electronics,2026-05-19,132,19800.0,0.0109,0.0022,0.0064,0.0245,4.52,0.43,93.0
CircuitWorld,Electronics,2026-05-26,143,21450.0,0.0092,0.0048,0.0062,0.0463,4.79,0.69,88.6
CircuitWorld,Electronics,2026-06-02,254,38100.0,0.0151,0.0029,0.0131,0.0485,4.31,0.43,88.1
CircuitWorld,Electronics,2026-06-09,264,39600.0,0.014,0.0046,0.0088,0.0265,4.52,0.73,90.1
CircuitWorld,Electronics,2026-06-16,263,39450.0,0.0174,0.0035,0.0128,0.038,4.51,0.62,89.2
CircuitWorld,Electronics,2026-06-23,162,24300.0,0.0084,0.0037,0.0058,0.0333,4.38,0.48,91.0
FutureGadgets,Electronics,2025-07-01,212,31800.0,0.0107,0.0044,0.0065,0.0352,4.33,0.63,89.9
FutureGadgets,Electronics,2025-07-08,136,20400.0,0.0192,0.0044,0.008,0.0223,4.38,0.45,90.3
FutureGadgets,Electronics,2025-07-15,133,19950.0,0.0192,0.0016,0.0088,0.0366,4.34,0.67,88.5
FutureGadgets,Electronics,2025-07-22,219,32850.0,0.0097,0.0026,0.0074,0.0229,4.39,0.67,93.6
FutureGadgets,Electronics,2025-07-29,112,16800.0,0.0102,0.0041,0.0149,0.0272,4.74,0.49,91.0
FutureGadgets,Electronics,2025-08-05,183,27450.0,0.0113,0.0033,0.0133,0.0441,4.73,0.68,87.3
FutureGadgets,Electronics,2025-08-12,231,34650.0,0.0199,0.0015,0.0118,0.0319,4.37,0.78,88.8
FutureGadgets,Electronics,2025-08-19,200,30000.0,0.0074,0.0029,0.0105,0.0371,4.41,0.41,91.0
FutureGadgets,Electronics,2025-08-26,112,16800.0,0.0135,0.0042,0.0124,0.0383,4.54,0.5,88.0
FutureGadgets,Electronics,2025-09-02,237,35550.0,0.016,0.0011,0.0108,0.0482,4.39,0.44,87.9
FutureGadgets,Electronics,2025-09-09,193,28950.0,0.0079,0.0011,0.0136,0.0373,4.75,0.72,90.4
FutureGadgets,Electronics,2025-09-16,243,36450.0,0.0087,0.0022,0.0106,0.0376,4.51,0.43,90.6
FutureGadgets,Electronics,2025-09-23,229,34350.0,0.011,0.0042,0.0051,0.0395,4.63,0.77,90.9
FutureGadgets,Electronics,2025-09-30,132,19800.0,0.0158,0.0021,0.0138,0.0215,4.42,0.5,91.9
FutureGadgets,Electronics,2025-10-07,293,43950.0,0.0164,0.0023,0.0091,0.0263,4.79,0.77,91.5
FutureGadgets,Electronics,2025-10-14,110,16500.0,0.0151,0.0039,0.0108,0.0262,4.55,0.57,90.3
FutureGadgets,Electronics,2025-10-21,232,34800.0,0.008,0.0041,0.0141,0.0311,4.68,0.74,91.1
FutureGadgets,Electronics,2025-10-28,256,38400.0,0.0171,0.0045,0.008,0.0458,4.73,0.46,88.4
FutureGadgets,Electronics,2025-11-04,186,27900.0,0.0147,0.003,0.0062,0.0294,4.7,0.45,92.1
FutureGadgets,Electronics,2025-11-11,221,33150.0,0.0156,0.004,0.0118,0.0276,4.74,0.42,89.5
FutureGadgets,Electronics,2025-11-18,249,37350.0,0.0175,0.0032,0.0069,0.0416,4.56,0.58,89.2
FutureGadgets,Electronics,2025-11-25,267,40050.0,0.0104,0.0045,0.0123,0.0234,4.5,0.42,92.1
FutureGadgets,Electronics,2025-12-02,222,33300.0,0.0191,0.0022,0.0128,0.0318,4.37,0.62,88.3
FutureGadgets,Electronics,2025-12-09,246,36900.0,0.0126,0.003,0.0064,0.0495,4.42,0.67,87.8
FutureGadgets,Electronics,2025-12-16,138,20700.0,0.0173,0.0036,0.0092,0.0337,4.43,0.61,90.1
FutureGadgets,Electronics,2025-12-23,220,33000.0,0.0081,0.0027,0.0072,0.02,4.76,0.7,94.4
FutureGadgets,Electronics,2025-12-30,183,27450.0,0.0127,0.0024,0.0087,0.0386,4.66,0.41,89.2
FutureGadgets,Electronics,2026-01-06,236,35400.0,0.0179,0.0045,0.0051,0.0433,4.53,0.59,89.7
FutureGadgets,Electronics,2026-01-13,223,33450.0,0.0179,0.0014,0.0121,0.0304,4.3,0.49,89.8
FutureGadgets,Electronics,2026-01-20,176,26400.0,0.006,0.0017,0.0106,0.0287,4.51,0.75,92.0
FutureGadgets,Electronics,2026-01-27,222,33300.0,0.0059,0.0022,0.008,0.0296,4.38,0.45,93.1
FutureGadgets,Electronics,2026-02-03,273,40950.0,0.0062,0.0048,0.0075,0.0458,4.38,0.41,90.2
FutureGadgets,Electronics,2026-02-10,110,16500.0,0.0107,0.0026,0.0104,0.0248,4.65,0.52,91.3
FutureGadgets,Electronics,2026-02-17,165,24750.0,0.0107,0.0027,0.0054,0.0282,4.78,0.54,93.3
FutureGadgets,Electronics,2026-02-24,278,41700.0,0.0165,0.0014,0.0148,0.0314,4.69,0.65,89.2
FutureGadgets,Electronics,2026-03-03,162,24300.0,0.006,0.0023,0.0081,0.0391,4.48,0.64,90.3
FutureGadgets,Electronics,2026-03-10,125,18750.0,0.0095,0.0036,0.011,0.0409,4.48,0.48,90.0
FutureGadgets,Electronics,2026-03-17,240,36000.0,0.0054,0.0038,0.0082,0.0217,4.6,0.55,92.9
FutureGadgets,Electronics,2026-03-24,182,27300.0,0.0051,0.0029,0.0062,0.0292,4.76,0.79,92.2
FutureGadgets,Electronics,2026-03-31,236,35400.0,0.0075,0.0047,0.0083,0.0312,4.68,0.78,91.1
FutureGadgets,Electronics,2026-04-07,226,33900.0,0.012,0.0019,0.0124,0.0476,4.51,0.78,87.8
FutureGadgets,Electronics,2026-04-14,254,38100.0,0.0101,0.0027,0.0135,0.0309,4.7,0.65,91.3
FutureGadgets,Electronics,2026-04-21,226,33900.0,0.011,0.0037,0.0095,0.0425,4.48,0.47,89.4
FutureGadgets,Electronics,2026-04-28,184,27600.0,0.0195,0.0039,0.0146,0.0328,4.54,0.61,89.1
FutureGadgets,Electronics,2026-05-05,147,22050.0,0.005,0.0012,0.0148,0.0273,4.63,0.62,92.6
FutureGadgets,Electronics,2026-05-12,293,43950.0,0.006,0.0046,0.0062,0.0298,4.71,0.56,92.4
FutureGadgets,Electronics,2026-05-19,231,34650.0,0.0167,0.0044,0.0068,0.0329,4.38,0.61,90.5
FutureGadgets,Electronics,2026-05-26,135,20250.0,0.015,0.0027,0.0145,0.0416,4.77,0.5,88.0
FutureGadgets,Electronics,2026-06-02,160,24000.0,0.0135,0.0034,0.0067,0.0314,4.61,0.69,92.0
FutureGadgets,Electronics,2026-06-09,246,36900.0,0.0123,0.0031,0.0083,0.0356,4.4,0.47,91.0
FutureGadgets,Electronics,2026-06-16,270,40500.0,0.0134,0.0024,0.0143,0.0477,4.55,0.69,87.0
FutureGadgets,Electronics,2026-06-23,228,34200.0,0.0123,0.0013,0.0147,0.0355,4.61,0.59,89.0
ByteSize,Electronics,2025-07-01,257,38550.0,0.0165,0.0012,0.0108,0.0236,4.32,0.73,90.6
ByteSize,Electronics,2025-07-08,291,43650.0,0.0136,0.0023,0.0082,0.0232,4.48,0.71,91.5
ByteSize,Electronics,2025-07-15,293,43950.0,0.0118,0.0029,0.0126,0.0285,4.46,0.42,91.6
ByteSize,Electronics,2025-07-22,234,35100.0,0.0134,0.0031,0.006,0.0205,4.78,0.64,92.7
ByteSize,Electronics,2025-07-29,115,17250.0,0.0137,0.0041,0.0091,0.0464,4.62,0.65,89.0
ByteSize,Electronics,2025-08-05,142,21300.0,0.0078,0.004,0.0097,0.0268,4.61,0.53,90.9
ByteSize,Electronics,2025-08-12,249,37350.0,0.0114,0.0033,0.0052,0.021,4.52,0.75,93.9
ByteSize,Electronics,2025-08-19,133,19950.0,0.0163,0.0048,0.0118,0.0309,4.77,0.53,88.9
ByteSize,Electronics,2025-08-26,218,32700.0,0.0108,0.0021,0.008,0.0495,4.62,0.79,89.2
ByteSize,Electronics,2025-09-02,290,43500.0,0.0109,0.0034,0.0094,0.0423,4.41,0.52,88.4
ByteSize,Electronics,2025-09-09,279,41850.0,0.0137,0.0045,0.0065,0.0379,4.63,0.68,89.6
ByteSize,Electronics,2025-09-16,173,25950.0,0.0197,0.0027,0.01,0.0473,4.66,0.72,87.4
ByteSize,Electronics,2025-09-23,197,29550.0,0.0155,0.0013,0.0136,0.0344,4.33,0.57,89.6
ByteSize,Electronics,2025-09-30,267,40050.0,0.0179,0.0022,0.0069,0.0239,4.45,0.59,92.4
ByteSize,Electronics,2025-10-07,132,19800.0,0.0198,0.0029,0.0068,0.0467,4.53,0.79,88.3
ByteSize,Electronics,2025-10-14,284,42600.0,0.0114,0.0011,0.0128,0.0203,4.68,0.57,93.2
ByteSize,Electronics,2025-10-21,217,32550.0,0.01,0.0035,0.0143,0.0489,4.55,0.51,87.4
ByteSize,Electronics,2025-10-28,269,40350.0,0.0116,0.003,0.0076,0.0295,4.34,0.79,91.2
ByteSize,Electronics,2025-11-04,125,18750.0,0.0172,0.0048,0.0059,0.0248,4.78,0.41,91.4
ByteSize,Electronics,2025-11-11,289,43350.0,0.0075,0.0049,0.0135,0.0349,4.6,0.62,89.1
ByteSize,Electronics,2025-11-18,293,43950.0,0.0166,0.0017,0.0088,0.0304,4.52,0.59,91.3
ByteSize,Electronics,2025-11-25,247,37050.0,0.0089,0.001,0.0115,0.0353,4.52,0.63,91.7
ByteSize,Electronics,2025-12-02,177,26550.0,0.0158,0.0025,0.0059,0.0337,4.5,0.5,91.5
ByteSize,Electronics,2025-12-09,170,25500.0,0.0153,0.0021,0.0124,0.0215,4.32,0.54,91.2
ByteSize,Electronics,2025-12-16,273,40950.0,0.0196,0.0026,0.0094,0.0373,4.79,0.67,88.4
ByteSize,Electronics,2025-12-23,271,40650.0,0.0082,0.0044,0.0053,0.0453,4.53,0.45,89.3
ByteSize,Electronics,2025-12-30,138,20700.0,0.0093,0.002,0.0071,0.0323,4.65,0.55,91.3
ByteSize,Electronics,2026-01-06,157,23550.0,0.0167,0.0044,0.0134,0.0308,4.64,0.42,88.7
ByteSize,Electronics,2026-01-13,205,30750.0,0.0165,0.0022,0.0131,0.0288,4.52,0.68,90.5
ByteSize,Electronics,2026-01-20,165,24750.0,0.0121,0.0023,0.0108,0.0467,4.58,0.61,88.7
ByteSize,Electronics,2026-01-27,237,35550.0,0.0126,0.0023,0.0076,0.0339,4.37,0.75,91.8
ByteSize,Electronics,2026-02-03,110,16500.0,0.0175,0.0033,0.0115,0.0338,4.56,0.66,88.3
ByteSize,Electronics,2026-02-10,222,33300.0,0.0154,0.0042,0.0066,0.0231,4.37,0.61,92.6
ByteSize,Electronics,2026-02-17,289,43350.0,0.0067,0.0012,0.0076,0.0241,4.43,0.78,93.3
ByteSize,Electronics,2026-02-24,152,22800.0,0.0091,0.0036,0.0084,0.0499,4.43,0.77,88.1
ByteSize,Electronics,2026-03-03,219,32850.0,0.0148,0.0049,0.0141,0.0332,4.32,0.73,88.5
ByteSize,Electronics,2026-03-10,231,34650.0,0.0189,0.0036,0.0081,0.0358,4.33,0.54,90.2
ByteSize,Electronics,2026-03-17,152,22800.0,0.0069,0.0036,0.0054,0.0379,4.73,0.58,92.1
ByteSize,Electronics,2026-03-24,289,43350.0,0.0113,0.0044,0.0138,0.0273,4.58,0.44,89.7
ByteSize,Electronics,2026-03-31,284,42600.0,0.0078,0.0018,0.0068,0.0217,4.59,0.41,94.4
ByteSize,Electronics,2026-04-07,197,29550.0,0.0139,0.0021,0.0053,0.0421,4.61,0.7,90.2
ByteSize,Electronics,2026-04-14,295,44250.0,0.0194,0.0035,0.0068,0.0232,4.71,0.65,91.5
ByteSize,Electronics,2026-04-21,190,28500.0,0.0178,0.0021,0.0114,0.0294,4.78,0.63,89.2
ByteSize,Electronics,2026-04-28,264,39600.0,0.0072,0.004,0.01,0.0474,4.37,0.49,89.1
ByteSize,Electronics,2026-05-05,205,30750.0,0.0117,0.0026,0.0148,0.0288,4.45,0.63,90.0
ByteSize,Electronics,2026-05-12,155,23250.0,0.0075,0.0049,0.0095,0.0484,4.64,0.48,88.1
ByteSize,Electronics,2026-05-19,270,40500.0,0.007,0.0036,0.007,0.0229,4.38,0.73,94.1
ByteSize,Electronics,2026-05-26,241,36150.0,0.0056,0.0028,0.0139,0.0371,4.72,0.47,91.1
ByteSize,Electronics,2026-06-02,173,25950.0,0.0187,0.0025,0.0113,0.0329,4.52,0.7,89.0
ByteSize,Electronics,2026-06-09,234,35100.0,0.0145,0.0039,0.0076,0.0416,4.31,0.65,88.9
ByteSize,Electronics,2026-06-16,190,28500.0,0.0139,0.0014,0.0052,0.0473,4.43,0.8,90.1
ByteSize,Electronics,2026-06-23,244,36600.0,0.007,0.0049,0.0146,0.0249,4.45,0.51,90.3
VoltEdge,Electronics,2025-07-01,266,39900.0,0.0144,0.0027,0.0067,0.0496,4.71,0.43,88.0
VoltEdge,Electronics,2025-07-08,221,33150.0,0.0076,0.0024,0.0114,0.0221,4.48,0.8,92.7
VoltEdge,Electronics,2025-07-15,227,34050.0,0.0183,0.0026,0.011,0.0389,4.51,0.44,87.8
VoltEdge,Electronics,2025-07-22,110,16500.0,0.0178,0.0045,0.0091,0.0429,4.37,0.41,87.0
VoltEdge,Electronics,2025-07-29,275,41250.0,0.0158,0.0028,0.0123,0.027,4.71,0.48,90.6
VoltEdge,Electronics,2025-08-05,180,27000.0,0.0117,0.003,0.007,0.0388,4.48,0.59,91.3
VoltEdge,Electronics,2025-08-12,176,26400.0,0.0158,0.0033,0.0099,0.0258,4.53,0.77,90.4
VoltEdge,Electronics,2025-08-19,238,35700.0,0.0065,0.0035,0.0095,0.0433,4.41,0.56,89.1
VoltEdge,Electronics,2025-08-26,290,43500.0,0.0198,0.0037,0.0079,0.0376,4.35,0.47,89.8
VoltEdge,Electronics,2025-09-02,187,28050.0,0.0062,0.0023,0.0075,0.0496,4.49,0.67,90.0
VoltEdge,Electronics,2025-09-09,262,39300.0,0.0053,0.0045,0.0147,0.0302,4.47,0.67,89.6
VoltEdge,Electronics,2025-09-16,196,29400.0,0.0096,0.0025,0.0127,0.0443,4.5,0.56,89.6
VoltEdge,Electronics,2025-09-23,297,44550.0,0.019,0.0043,0.0129,0.026,4.7,0.52,90.3
VoltEdge,Electronics,2025-09-30,168,25200.0,0.015,0.0043,0.0051,0.0363,4.53,0.43,90.2
VoltEdge,Electronics,2025-10-07,192,28800.0,0.0147,0.0017,0.0137,0.0384,4.38,0.61,89.8
VoltEdge,Electronics,2025-10-14,126,18900.0,0.007,0.0032,0.0105,0.0227,4.51,0.74,93.4
VoltEdge,Electronics,2025-10-21,242,36300.0,0.0158,0.0014,0.0112,0.0307,4.69,0.66,89.9
VoltEdge,Electronics,2025-10-28,241,36150.0,0.0114,0.0016,0.012,0.0428,4.35,0.73,89.1
VoltEdge,Electronics,2025-11-04,174,26100.0,0.0177,0.003,0.0097,0.0347,4.72,0.56,90.1
VoltEdge,Electronics,2025-11-11,246,36900.0,0.0066,0.002,0.0145,0.0292,4.38,0.52,91.2
VoltEdge,Electronics,2025-11-18,177,26550.0,0.0117,0.0049,0.0088,0.0277,4.42,0.7,91.0
VoltEdge,Electronics,2025-11-25,170,25500.0,0.0081,0.004,0.0055,0.0456,4.4,0.54,90.6
VoltEdge,Electronics,2025-12-02,163,24450.0,0.0124,0.0013,0.007,0.0483,4.79,0.77,88.9
VoltEdge,Electronics,2025-12-09,134,20100.0,0.0051,0.005,0.013,0.0436,4.55,0.46,88.4
VoltEdge,Electronics,2025-12-16,184,27600.0,0.0053,0.0014,0.0091,0.048,4.62,0.59,90.4
VoltEdge,Electronics,2025-12-23,176,26400.0,0.0144,0.0048,0.0108,0.0362,4.33,0.47,88.2
VoltEdge,Electronics,2025-12-30,201,30150.0,0.0073,0.0022,0.0075,0.0312,4.43,0.56,92.2
VoltEdge,Electronics,2026-01-06,196,29400.0,0.008,0.0023,0.0109,0.0263,4.36,0.41,93.0
VoltEdge,Electronics,2026-01-13,251,37650.0,0.0155,0.0036,0.0128,0.0481,4.65,0.5,86.3
VoltEdge,Electronics,2026-01-20,153,22950.0,0.0064,0.0048,0.0076,0.0301,4.5,0.6,90.9
VoltEdge,Electronics,2026-01-27,262,39300.0,0.0073,0.0025,0.0087,0.0245,4.7,0.48,93.3
VoltEdge,Electronics,2026-02-03,208,31200.0,0.0133,0.0017,0.0088,0.0453,4.62,0.75,89.3
VoltEdge,Electronics,2026-02-10,202,30300.0,0.0075,0.0042,0.0122,0.0226,4.53,0.53,91.3
VoltEdge,Electronics,2026-02-17,279,41850.0,0.0068,0.0044,0.0066,0.0492,4.72,0.79,89.2
VoltEdge,Electronics,2026-02-24,270,40500.0,0.006,0.0032,0.0109,0.0396,4.43,0.74,89.9
VoltEdge,Electronics,2026-03-03,273,40950.0,0.018,0.0027,0.0147,0.0336,4.37,0.78,88.4
VoltEdge,Electronics,2026-03-10,166,24900.0,0.0167,0.0028,0.0099,0.0433,4.49,0.55,88.2
VoltEdge,Electronics,2026-03-17,247,37050.0,0.0092,0.0047,0.0122,0.0373,4.62,0.65,88.5
VoltEdge,Electronics,2026-03-24,250,37500.0,0.0193,0.0026,0.0097,0.0216,4.32,0.62,91.7
VoltEdge,Electronics,2026-03-31,175,26250.0,0.0087,0.0036,0.0115,0.0447,4.51,0.51,87.9
VoltEdge,Electronics,2026-04-07,179,26850.0,0.0056,0.0033,0.0142,0.0491,4.57,0.78,88.1
VoltEdge,Electronics,2026-04-14,221,33150.0,0.0104,0.0017,0.01,0.0449,4.63,0.77,89.0
VoltEdge,Electronics,2026-04-21,111,16650.0,0.014,0.0031,0.0053,0.0274,4.53,0.62,92.2
VoltEdge,Electronics,2026-04-28,142,21300.0,0.0199,0.0021,0.01,0.0299,4.52,0.67,90.7
VoltEdge,Electronics,2026-05-05,243,36450.0,0.0099,0.0023,0.0101,0.0482,4.32,0.74,88.4
VoltEdge,Electronics,2026-05-12,263,39450.0,0.0198,0.0029,0.0056,0.0279,4.52,0.78,90.3
VoltEdge,Electronics,2026-05-19,215,32250.0,0.0182,0.0031,0.0127,0.0369,4.58,0.45,87.7
VoltEdge,Electronics,2026-05-26,171,25650.0,0.0195,0.0029,0.0056,0.0366,4.72,0.57,90.7
VoltEdge,Electronics,2026-06-02,183,27450.0,0.009,0.0037,0.0145,0.028,4.71,0.62,89.7
VoltEdge,Electronics,2026-06-09,263,39450.0,0.0129,0.0015,0.0109,0.0345,4.61,0.48,89.3
VoltEdge,Electronics,2026-06-16,129,19350.0,0.0141,0.0022,0.0091,0.0265,4.78,0.55,90.8
VoltEdge,Electronics,2026-06-23,280,42000.0,0.0178,0.0037,0.0055,0.0435,4.72,0.6,89.4
SiliconValley,Electronics,2025-07-01,130,19500.0,0.0084,0.0018,0.0129,0.0256,4.33,0.41,92.9
SiliconValley,Electronics,2025-07-08,136,20400.0,0.0119,0.0034,0.0069,0.0441,4.78,0.6,88.9
SiliconValley,Electronics,2025-07-15,198,29700.0,0.01,0.0031,0.0109,0.0203,4.68,0.55,92.9
SiliconValley,Electronics,2025-07-22,265,39750.0,0.0108,0.0027,0.0106,0.0202,4.34,0.43,93.3
SiliconValley,Electronics,2025-07-29,147,22050.0,0.0182,0.0048,0.0124,0.0226,4.63,0.59,90.0
SiliconValley,Electronics,2025-08-05,224,33600.0,0.0068,0.002,0.0142,0.0374,4.57,0.55,90.2
SiliconValley,Electronics,2025-08-12,226,33900.0,0.019,0.0022,0.0137,0.0429,4.42,0.44,86.5
SiliconValley,Electronics,2025-08-19,142,21300.0,0.0123,0.0032,0.0132,0.0252,4.7,0.62,91.3
SiliconValley,Electronics,2025-08-26,170,25500.0,0.0146,0.0024,0.0141,0.0376,4.34,0.7,88.7
SiliconValley,Electronics,2025-09-02,290,43500.0,0.0153,0.0044,0.0059,0.0459,4.46,0.5,87.9
SiliconValley,Electronics,2025-09-09,168,25200.0,0.0136,0.0028,0.0085,0.0424,4.75,0.53,89.7
SiliconValley,Electronics,2025-09-16,155,23250.0,0.007,0.0044,0.0113,0.0276,4.58,0.66,91.5
SiliconValley,Electronics,2025-09-23,167,25050.0,0.0106,0.0024,0.0104,0.0222,4.7,0.67,91.8
SiliconValley,Electronics,2025-09-30,288,43200.0,0.0136,0.004,0.0088,0.0291,4.53,0.77,91.5
SiliconValley,Electronics,2025-10-07,209,31350.0,0.0156,0.0043,0.0136,0.0325,4.34,0.49,88.9
SiliconValley,Electronics,2025-10-14,245,36750.0,0.0101,0.0014,0.0146,0.0442,4.53,0.77,88.0
SiliconValley,Electronics,2025-10-21,182,27300.0,0.0086,0.0048,0.0067,0.0234,4.59,0.59,93.4
SiliconValley,Electronics,2025-10-28,124,18600.0,0.02,0.0021,0.0078,0.0248,4.38,0.72,90.8
SiliconValley,Electronics,2025-11-04,133,19950.0,0.0145,0.0017,0.0093,0.0286,4.67,0.8,91.2
SiliconValley,Electronics,2025-11-11,136,20400.0,0.0191,0.0042,0.0135,0.0365,4.71,0.56,87.5
SiliconValley,Electronics,2025-11-18,215,32250.0,0.0065,0.0031,0.0056,0.0233,4.41,0.57,93.6
SiliconValley,Electronics,2025-11-25,171,25650.0,0.0052,0.0042,0.0098,0.0239,4.42,0.74,93.5
SiliconValley,Electronics,2025-12-02,298,44700.0,0.0082,0.0042,0.007,0.0264,4.64,0.77,92.2
SiliconValley,Electronics,2025-12-09,236,35400.0,0.0074,0.0049,0.0141,0.025,4.36,0.76,90.3
SiliconValley,Electronics,2025-12-16,182,27300.0,0.0084,0.0047,0.0141,0.0434,4.31,0.65,87.9
SiliconValley,Electronics,2025-12-23,224,33600.0,0.0109,0.0017,0.0108,0.0487,4.55,0.65,87.6
SiliconValley,Electronics,2025-12-30,300,45000.0,0.0165,0.0021,0.0127,0.0262,4.46,0.78,90.5
SiliconValley,Electronics,2026-01-06,100,15000.0,0.0171,0.001,0.0082,0.0327,4.41,0.42,90.0
SiliconValley,Electronics,2026-01-13,170,25500.0,0.0112,0.0049,0.007,0.0265,4.45,0.55,91.1
SiliconValley,Electronics,2026-01-20,270,40500.0,0.011,0.0036,0.012,0.0391,4.46,0.57,88.4
SiliconValley,Electronics,2026-01-27,279,41850.0,0.0125,0.0022,0.0131,0.046,4.64,0.63,87.1
SiliconValley,Electronics,2026-02-03,154,23100.0,0.0173,0.0024,0.0104,0.0403,4.65,0.61,89.6
SiliconValley,Electronics,2026-02-10,274,41100.0,0.0176,0.0024,0.0116,0.0341,4.4,0.42,89.5
SiliconValley,Electronics,2026-02-17,208,31200.0,0.0079,0.0031,0.0143,0.045,4.72,0.57,88.0
SiliconValley,Electronics,2026-02-24,287,43050.0,0.015,0.0046,0.0085,0.0386,4.32,0.73,88.5
SiliconValley,Electronics,2026-03-03,197,29550.0,0.0092,0.0018,0.01,0.046,4.42,0.54,88.4
SiliconValley,Electronics,2026-03-10,102,15300.0,0.0141,0.003,0.0054,0.0495,4.49,0.67,87.9
SiliconValley,Electronics,2026-03-17,154,23100.0,0.0131,0.0037,0.0128,0.0318,4.62,0.77,89.1
SiliconValley,Electronics,2026-03-24,122,18300.0,0.0189,0.0029,0.0099,0.0236,4.7,0.76,90.4
SiliconValley,Electronics,2026-03-31,209,31350.0,0.0073,0.0017,0.0087,0.033,4.61,0.6,90.9
SiliconValley,Electronics,2026-04-07,241,36150.0,0.01,0.0041,0.0093,0.0345,4.62,0.66,89.5
SiliconValley,Electronics,2026-04-14,177,26550.0,0.0104,0.0034,0.0134,0.0213,4.42,0.4,92.5
SiliconValley,Electronics,2026-04-21,200,30000.0,0.0054,0.002,0.0138,0.0325,4.66,0.56,91.9
SiliconValley,Electronics,2026-04-28,128,19200.0,0.0186,0.0015,0.0103,0.0464,4.51,0.43,87.8
SiliconValley,Electronics,2026-05-05,192,28800.0,0.0151,0.0016,0.0099,0.0422,4.73,0.67,89.3
SiliconValley,Electronics,2026-05-12,239,35850.0,0.0116,0.0035,0.0127,0.0231,4.78,0.51,92.2
SiliconValley,Electronics,2026-05-19,103,15450.0,0.0159,0.0026,0.0113,0.041,4.66,0.74,87.6
SiliconValley,Electronics,2026-05-26,173,25950.0,0.0065,0.0029,0.0149,0.0431,4.41,0.49,88.9
SiliconValley,Electronics,2026-06-02,263,39450.0,0.0139,0.0025,0.01,0.0382,4.58,0.6,89.5
SiliconValley,Electronics,2026-06-09,179,26850.0,0.0128,0.0015,0.0143,0.0255,4.43,0.55,90.8
SiliconValley,Electronics,2026-06-16,200,30000.0,0.0072,0.0034,0.0107,0.0414,4.77,0.78,90.5
SiliconValley,Electronics,2026-06-23,161,24150.0,0.0057,0.0032,0.0084,0.0342,4.61,0.66,92.3
Vogue Apparel,Apparel,2025-07-01,256,11520.0,0.015,0.0045,0.0066,0.0444,4.73,0.51,89.5
Vogue Apparel,Apparel,2025-07-08,103,4635.0,0.015,0.001,0.0131,0.0224,4.4,0.59,91.3
Vogue Apparel,Apparel,2025-07-15,233,10485.0,0.0115,0.0045,0.008,0.0228,4.68,0.63,92.3
Vogue Apparel,Apparel,2025-07-22,291,13095.0,0.0158,0.0013,0.0061,0.0348,4.38,0.46,91.8
Vogue Apparel,Apparel,2025-07-29,169,7605.0,0.0091,0.0046,0.0054,0.0474,4.72,0.72,88.9
Vogue Apparel,Apparel,2025-08-05,119,5355.0,0.0087,0.0031,0.0098,0.0411,4.33,0.49,89.2
Vogue Apparel,Apparel,2025-08-12,245,11025.0,0.0191,0.0031,0.0085,0.027,4.32,0.66,90.1
Vogue Apparel,Apparel,2025-08-19,272,12240.0,0.0118,0.0029,0.0121,0.0482,4.46,0.6,86.9
Vogue Apparel,Apparel,2025-08-26,162,7290.0,0.008,0.0045,0.012,0.0336,4.57,0.59,90.9
Vogue Apparel,Apparel,2025-09-02,109,4905.0,0.0065,0.0034,0.0062,0.0224,4.56,0.64,93.4
Vogue Apparel,Apparel,2025-09-09,206,9270.0,0.0153,0.0023,0.0059,0.0493,4.44,0.66,88.4
Vogue Apparel,Apparel,2025-09-16,228,10260.0,0.006,0.0038,0.0107,0.0321,4.48,0.67,90.6
Vogue Apparel,Apparel,2025-09-23,117,5265.0,0.0088,0.0043,0.0099,0.0363,4.45,0.43,89.6
Vogue Apparel,Apparel,2025-09-30,216,9720.0,0.0065,0.0022,0.0116,0.04,4.44,0.48,90.1
Vogue Apparel,Apparel,2025-10-07,289,13005.0,0.0146,0.0013,0.0063,0.0393,4.47,0.62,90.7
Vogue Apparel,Apparel,2025-10-14,297,13365.0,0.0181,0.005,0.0111,0.0321,4.41,0.59,88.5
Vogue Apparel,Apparel,2025-10-21,204,9180.0,0.0175,0.0036,0.0111,0.03,4.71,0.75,88.8
Vogue Apparel,Apparel,2025-10-28,100,4500.0,0.0116,0.003,0.009,0.0404,4.51,0.64,90.6
Vogue Apparel,Apparel,2025-11-04,160,7200.0,0.0179,0.0013,0.0057,0.0455,4.41,0.62,89.4
Vogue Apparel,Apparel,2025-11-11,111,4995.0,0.0176,0.005,0.0052,0.0234,4.6,0.51,92.2
Vogue Apparel,Apparel,2025-11-18,291,13095.0,0.0103,0.0035,0.0109,0.0364,4.62,0.43,89.5
Vogue Apparel,Apparel,2025-11-25,200,9000.0,0.0111,0.0026,0.0069,0.0218,4.6,0.47,94.0
Vogue Apparel,Apparel,2025-12-02,133,5985.0,0.0192,0.0026,0.0116,0.0339,4.62,0.48,88.9
Vogue Apparel,Apparel,2025-12-09,288,12960.0,0.0125,0.0046,0.0142,0.0217,4.71,0.55,90.0
Vogue Apparel,Apparel,2025-12-16,151,6795.0,0.0137,0.0039,0.0142,0.0412,4.64,0.4,87.8
Vogue Apparel,Apparel,2025-12-23,215,9675.0,0.0079,0.0044,0.0122,0.0468,4.36,0.48,89.2
Vogue Apparel,Apparel,2025-12-30,297,13365.0,0.0098,0.0037,0.0069,0.0387,4.47,0.53,89.8
Vogue Apparel,Apparel,2026-01-06,123,5535.0,0.0074,0.0038,0.0101,0.0395,4.74,0.76,89.9
Vogue Apparel,Apparel,2026-01-13,155,6975.0,0.015,0.0012,0.0083,0.0387,4.33,0.58,89.0
Vogue Apparel,Apparel,2026-01-20,201,9045.0,0.0098,0.0034,0.0057,0.0244,4.34,0.7,93.5
Vogue Apparel,Apparel,2026-01-27,203,9135.0,0.0056,0.0035,0.0128,0.035,4.48,0.66,90.0
Vogue Apparel,Apparel,2026-02-03,126,5670.0,0.0128,0.0033,0.0125,0.0489,4.34,0.78,86.5
Vogue Apparel,Apparel,2026-02-10,150,6750.0,0.0162,0.0022,0.0081,0.0451,4.34,0.5,89.4
Vogue Apparel,Apparel,2026-02-17,119,5355.0,0.02,0.004,0.0114,0.0307,4.32,0.62,88.2
Vogue Apparel,Apparel,2026-02-24,123,5535.0,0.0086,0.0028,0.0057,0.0486,4.41,0.57,90.4
Vogue Apparel,Apparel,2026-03-03,246,11070.0,0.0064,0.0027,0.0143,0.0363,4.56,0.4,89.3
Vogue Apparel,Apparel,2026-03-10,274,12330.0,0.015,0.0013,0.011,0.0249,4.67,0.59,91.1
Vogue Apparel,Apparel,2026-03-17,171,7695.0,0.0069,0.0027,0.0075,0.0425,4.43,0.76,91.2
Vogue Apparel,Apparel,2026-03-24,162,7290.0,0.0149,0.0035,0.0078,0.0313,4.35,0.6,91.1
Vogue Apparel,Apparel,2026-03-31,122,5490.0,0.0118,0.0011,0.0138,0.0204,4.77,0.54,92.1
Vogue Apparel,Apparel,2026-04-07,234,10530.0,0.0114,0.0036,0.0123,0.02,4.77,0.49,91.3
Vogue Apparel,Apparel,2026-04-14,191,8595.0,0.0083,0.0012,0.006,0.0329,4.41,0.5,92.3
Vogue Apparel,Apparel,2026-04-21,182,8190.0,0.0112,0.0039,0.0095,0.0457,4.77,0.62,88.3
Vogue Apparel,Apparel,2026-04-28,156,7020.0,0.0107,0.0045,0.0107,0.0332,4.33,0.73,90.1
Vogue Apparel,Apparel,2026-05-05,296,13320.0,0.0095,0.0038,0.0129,0.0289,4.55,0.56,90.6
Vogue Apparel,Apparel,2026-05-12,161,7245.0,0.0079,0.0024,0.0086,0.0203,4.72,0.78,92.5
Vogue Apparel,Apparel,2026-05-19,190,8550.0,0.0147,0.0012,0.0055,0.0337,4.57,0.44,92.1
Vogue Apparel,Apparel,2026-05-26,278,12510.0,0.017,0.0028,0.0099,0.0455,4.65,0.5,87.9
Vogue Apparel,Apparel,2026-06-02,244,10980.0,0.0057,0.005,0.0063,0.0439,4.5,0.75,90.1
Vogue Apparel,Apparel,2026-06-09,144,6480.0,0.0067,0.0026,0.0115,0.0414,4.39,0.78,89.0
Vogue Apparel,Apparel,2026-06-16,156,7020.0,0.014,0.0023,0.0076,0.0237,4.55,0.54,92.4
Vogue Apparel,Apparel,2026-06-23,151,6795.0,0.0144,0.0039,0.0143,0.0284,4.78,0.64,88.9
TrendFashion Co,Apparel,2025-07-01,137,6165.0,0.0073,0.0012,0.1234,0.2098,3.11,0.01,48.5
TrendFashion Co,Apparel,2025-07-08,280,12600.0,0.0164,0.0039,0.1344,0.172,3.28,0.24,45.2
TrendFashion Co,Apparel,2025-07-15,134,6030.0,0.0091,0.0023,0.1228,0.2408,3.14,0.21,49.0
TrendFashion Co,Apparel,2025-07-22,281,12645.0,0.0117,0.0035,0.1237,0.2118,3.28,0.15,48.4
TrendFashion Co,Apparel,2025-07-29,250,11250.0,0.0174,0.0019,0.1321,0.1746,3.14,0.03,46.1
TrendFashion Co,Apparel,2025-08-05,286,12870.0,0.0055,0.0045,0.148,0.2193,3.42,0.1,43.3
TrendFashion Co,Apparel,2025-08-12,146,6570.0,0.0192,0.0017,0.1167,0.1949,3.33,0.12,48.2
TrendFashion Co,Apparel,2025-08-19,227,10215.0,0.0123,0.0023,0.1342,0.2161,3.48,0.02,46.2
TrendFashion Co,Apparel,2025-08-26,142,6390.0,0.013,0.0046,0.1292,0.2316,3.5,0.01,45.8
TrendFashion Co,Apparel,2025-09-02,153,6885.0,0.0096,0.0049,0.1366,0.1742,3.17,0.09,45.1
TrendFashion Co,Apparel,2025-09-09,284,12780.0,0.0069,0.0047,0.1304,0.2471,3.25,0.02,47.1
TrendFashion Co,Apparel,2025-09-16,205,9225.0,0.0106,0.0048,0.116,0.1752,3.31,0.03,49.6
TrendFashion Co,Apparel,2025-09-23,222,9990.0,0.011,0.0041,0.124,0.1876,3.25,0.21,46.6
TrendFashion Co,Apparel,2025-09-30,166,7470.0,0.0093,0.0019,0.1003,0.1653,3.13,0.09,54.2
TrendFashion Co,Apparel,2025-10-07,119,5355.0,0.01,0.0018,0.1145,0.2077,3.13,0.12,49.5
TrendFashion Co,Apparel,2025-10-14,280,12600.0,0.0164,0.0011,0.1281,0.1813,3.22,0.26,47.1
TrendFashion Co,Apparel,2025-10-21,125,5625.0,0.0138,0.0031,0.1295,0.1597,3.32,0.24,47.7
TrendFashion Co,Apparel,2025-10-28,286,12870.0,0.015,0.0019,0.1461,0.2479,3.1,0.12,43.3
TrendFashion Co,Apparel,2025-11-04,112,5040.0,0.0164,0.0011,0.1183,0.2111,3.38,0.03,48.3
TrendFashion Co,Apparel,2025-11-11,100,4500.0,0.0054,0.0023,0.1294,0.2347,3.28,0.02,46.8
TrendFashion Co,Apparel,2025-11-18,151,6795.0,0.0054,0.0043,0.1107,0.154,3.18,0.1,52.2
TrendFashion Co,Apparel,2025-11-25,221,9945.0,0.0095,0.0045,0.1065,0.2196,3.18,0.02,51.0
TrendFashion Co,Apparel,2025-12-02,167,7515.0,0.017,0.0027,0.1243,0.1963,3.41,0.17,47.5
TrendFashion Co,Apparel,2025-12-09,147,6615.0,0.0057,0.0044,0.1141,0.2031,3.12,0.24,49.5
TrendFashion Co,Apparel,2025-12-16,168,7560.0,0.0117,0.0042,0.1219,0.1897,3.4,0.12,48.0
TrendFashion Co,Apparel,2025-12-23,188,8460.0,0.0178,0.002,0.1298,0.159,3.34,0.29,46.2
TrendFashion Co,Apparel,2025-12-30,199,8955.0,0.0179,0.0048,0.1269,0.1954,3.18,0.07,44.7
TrendFashion Co,Apparel,2026-01-06,176,7920.0,0.0057,0.0041,0.1286,0.1754,3.19,0.04,46.4
TrendFashion Co,Apparel,2026-01-13,246,11070.0,0.006,0.0044,0.1011,0.2141,3.27,0.06,52.3
TrendFashion Co,Apparel,2026-01-20,154,6930.0,0.0168,0.0037,0.1472,0.1642,3.36,0.29,42.2
TrendFashion Co,Apparel,2026-01-27,211,9495.0,0.0116,0.0031,0.1141,0.1944,3.17,0.21,50.4
TrendFashion Co,Apparel,2026-02-03,286,12870.0,0.0127,0.0019,0.1234,0.2439,3.17,0.3,48.9
TrendFashion Co,Apparel,2026-02-10,183,8235.0,0.0092,0.0049,0.1298,0.2416,3.22,0.2,45.8
TrendFashion Co,Apparel,2026-02-17,233,10485.0,0.0114,0.0016,0.1222,0.2281,3.37,0.27,48.7
TrendFashion Co,Apparel,2026-02-24,250,11250.0,0.007,0.0046,0.1337,0.2304,3.36,0.15,45.9
TrendFashion Co,Apparel,2026-03-03,237,10665.0,0.0152,0.0013,0.1085,0.2397,3.36,0.15,51.5
TrendFashion Co,Apparel,2026-03-10,255,11475.0,0.0093,0.0021,0.1086,0.1845,3.12,0.23,50.9
TrendFashion Co,Apparel,2026-03-17,258,11610.0,0.0151,0.0044,0.137,0.2043,3.31,0.16,43.9
TrendFashion Co,Apparel,2026-03-24,276,12420.0,0.0118,0.0026,0.1439,0.1918,3.46,0.03,44.8
TrendFashion Co,Apparel,2026-03-31,186,8370.0,0.0153,0.0037,0.1145,0.2309,3.42,0.18,48.8
TrendFashion Co,Apparel,2026-04-07,134,6030.0,0.013,0.0028,0.1107,0.1697,3.27,0.18,49.7
TrendFashion Co,Apparel,2026-04-14,122,5490.0,0.0125,0.0032,0.1126,0.2311,3.48,0.15,49.1
TrendFashion Co,Apparel,2026-04-21,195,8775.0,0.013,0.0016,0.1303,0.1837,3.33,0.03,46.2
TrendFashion Co,Apparel,2026-04-28,229,10305.0,0.0138,0.0029,0.1161,0.1737,3.21,0.22,49.0
TrendFashion Co,Apparel,2026-05-05,149,6705.0,0.015,0.0027,0.1346,0.2383,3.3,0.23,44.8
TrendFashion Co,Apparel,2026-05-12,150,6750.0,0.0093,0.0017,0.1193,0.2482,3.26,0.03,48.5
TrendFashion Co,Apparel,2026-05-19,107,4815.0,0.0127,0.003,0.1051,0.211,3.18,0.05,50.8
TrendFashion Co,Apparel,2026-05-26,250,11250.0,0.0171,0.0042,0.1127,0.1763,3.32,0.28,48.7
TrendFashion Co,Apparel,2026-06-02,276,12420.0,0.0096,0.0036,0.1366,0.1588,3.37,0.02,47.3
TrendFashion Co,Apparel,2026-06-09,246,11070.0,0.0121,0.0041,0.1343,0.2341,3.27,0.01,45.8
TrendFashion Co,Apparel,2026-06-16,204,9180.0,0.0148,0.0038,0.1171,0.1584,3.5,0.02,48.9
TrendFashion Co,Apparel,2026-06-23,102,4590.0,0.0112,0.0039,0.1252,0.2084,3.47,0.17,46.4
StyleVibe,Apparel,2025-07-01,196,8820.0,0.019,0.0036,0.0094,0.0213,4.76,0.41,91.1
StyleVibe,Apparel,2025-07-08,273,12285.0,0.0126,0.0043,0.0136,0.0385,4.31,0.57,88.9
StyleVibe,Apparel,2025-07-15,230,10350.0,0.0151,0.001,0.0142,0.0234,4.35,0.55,90.8
StyleVibe,Apparel,2025-07-22,275,12375.0,0.0159,0.0038,0.0081,0.023,4.44,0.79,92.3
StyleVibe,Apparel,2025-07-29,183,8235.0,0.0105,0.0047,0.0128,0.0427,4.6,0.66,88.6
StyleVibe,Apparel,2025-08-05,295,13275.0,0.0063,0.0029,0.0101,0.0449,4.52,0.61,89.7
StyleVibe,Apparel,2025-08-12,135,6075.0,0.0139,0.0017,0.0062,0.0494,4.5,0.47,88.3
StyleVibe,Apparel,2025-08-19,203,9135.0,0.0119,0.0026,0.0136,0.0479,4.45,0.71,88.4
StyleVibe,Apparel,2025-08-26,187,8415.0,0.0051,0.0033,0.0084,0.0297,4.62,0.64,93.0
StyleVibe,Apparel,2025-09-02,191,8595.0,0.0139,0.0039,0.0107,0.022,4.36,0.51,91.7
StyleVibe,Apparel,2025-09-09,175,7875.0,0.0147,0.0023,0.0125,0.0395,4.62,0.4,88.9
StyleVibe,Apparel,2025-09-16,243,10935.0,0.0101,0.0029,0.008,0.0354,4.38,0.44,91.8
StyleVibe,Apparel,2025-09-23,190,8550.0,0.0145,0.0024,0.008,0.0373,4.55,0.51,90.2
StyleVibe,Apparel,2025-09-30,166,7470.0,0.0123,0.0022,0.0102,0.0315,4.58,0.8,90.1
StyleVibe,Apparel,2025-10-07,262,11790.0,0.0118,0.0039,0.0061,0.0454,4.67,0.46,88.7
StyleVibe,Apparel,2025-10-14,228,10260.0,0.0173,0.0032,0.0054,0.0295,4.59,0.74,92.0
StyleVibe,Apparel,2025-10-21,113,5085.0,0.0166,0.0026,0.01,0.0339,4.43,0.41,89.8
StyleVibe,Apparel,2025-10-28,217,9765.0,0.0158,0.0018,0.0084,0.0341,4.47,0.53,90.9
StyleVibe,Apparel,2025-11-04,261,11745.0,0.0115,0.0013,0.0099,0.0411,4.56,0.52,90.6
StyleVibe,Apparel,2025-11-11,153,6885.0,0.0072,0.0042,0.0072,0.0415,4.77,0.62,90.2
StyleVibe,Apparel,2025-11-18,257,11565.0,0.0191,0.0044,0.0139,0.034,4.63,0.56,88.9
StyleVibe,Apparel,2025-11-25,198,8910.0,0.0166,0.0032,0.0116,0.0297,4.54,0.56,90.2
StyleVibe,Apparel,2025-12-02,182,8190.0,0.0103,0.0026,0.0091,0.0363,4.57,0.45,90.5
StyleVibe,Apparel,2025-12-09,287,12915.0,0.0186,0.0036,0.0127,0.0311,4.78,0.74,89.8
StyleVibe,Apparel,2025-12-16,198,8910.0,0.0055,0.0013,0.0077,0.026,4.42,0.63,94.0
StyleVibe,Apparel,2025-12-23,176,7920.0,0.0159,0.001,0.0145,0.0444,4.75,0.77,86.8
StyleVibe,Apparel,2025-12-30,211,9495.0,0.014,0.0029,0.0143,0.0223,4.55,0.72,91.3
StyleVibe,Apparel,2026-01-06,203,9135.0,0.0131,0.0046,0.0135,0.0238,4.35,0.61,90.8
StyleVibe,Apparel,2026-01-13,287,12915.0,0.0121,0.0015,0.0143,0.0336,4.67,0.41,89.6
StyleVibe,Apparel,2026-01-20,282,12690.0,0.0124,0.0047,0.0099,0.0335,4.4,0.42,89.6
StyleVibe,Apparel,2026-01-27,252,11340.0,0.0086,0.0017,0.0127,0.0239,4.53,0.67,92.2
StyleVibe,Apparel,2026-02-03,276,12420.0,0.0096,0.0031,0.0116,0.0314,4.66,0.52,90.4
StyleVibe,Apparel,2026-02-10,164,7380.0,0.0177,0.0039,0.0111,0.0446,4.5,0.6,86.9
StyleVibe,Apparel,2026-02-17,207,9315.0,0.0177,0.003,0.0125,0.0242,4.43,0.47,90.9
StyleVibe,Apparel,2026-02-24,279,12555.0,0.0133,0.0014,0.0131,0.0311,4.62,0.48,90.8
StyleVibe,Apparel,2026-03-03,172,7740.0,0.0154,0.0041,0.0094,0.0415,4.49,0.65,88.0
StyleVibe,Apparel,2026-03-10,299,13455.0,0.0177,0.004,0.0056,0.05,4.68,0.66,88.5
StyleVibe,Apparel,2026-03-17,141,6345.0,0.0178,0.0037,0.0102,0.0449,4.51,0.51,87.0
StyleVibe,Apparel,2026-03-24,160,7200.0,0.0167,0.0018,0.0055,0.0462,4.34,0.68,88.5
StyleVibe,Apparel,2026-03-31,226,10170.0,0.013,0.0045,0.0141,0.028,4.53,0.78,90.0
StyleVibe,Apparel,2026-04-07,264,11880.0,0.0051,0.0028,0.0099,0.0207,4.64,0.62,93.0
StyleVibe,Apparel,2026-04-14,125,5625.0,0.0074,0.0037,0.0125,0.0233,4.53,0.64,91.1
StyleVibe,Apparel,2026-04-21,289,13005.0,0.0137,0.0026,0.0145,0.0433,4.44,0.57,88.6
StyleVibe,Apparel,2026-04-28,265,11925.0,0.0159,0.0019,0.005,0.0415,4.39,0.5,89.1
StyleVibe,Apparel,2026-05-05,287,12915.0,0.0098,0.0023,0.0095,0.0388,4.37,0.74,89.6
StyleVibe,Apparel,2026-05-12,202,9090.0,0.016,0.0029,0.0131,0.0486,4.76,0.6,87.8
StyleVibe,Apparel,2026-05-19,266,11970.0,0.0188,0.0043,0.0148,0.0464,4.44,0.44,85.4
StyleVibe,Apparel,2026-05-26,126,5670.0,0.0102,0.0017,0.0115,0.0339,4.55,0.78,90.5
StyleVibe,Apparel,2026-06-02,256,11520.0,0.0107,0.0029,0.0059,0.0383,4.44,0.62,90.1
StyleVibe,Apparel,2026-06-09,224,10080.0,0.0129,0.0026,0.0082,0.0383,4.77,0.43,90.4
StyleVibe,Apparel,2026-06-16,267,12015.0,0.0145,0.0041,0.0053,0.0378,4.39,0.54,89.8
StyleVibe,Apparel,2026-06-23,244,10980.0,0.0067,0.0048,0.0123,0.0391,4.62,0.44,90.1
ClassicThread,Apparel,2025-07-01,279,12555.0,0.0154,0.0031,0.0088,0.0302,4.61,0.6,91.4
ClassicThread,Apparel,2025-07-08,188,8460.0,0.0158,0.004,0.0055,0.0266,4.44,0.46,91.6
ClassicThread,Apparel,2025-07-15,264,11880.0,0.0127,0.0015,0.0124,0.0319,4.43,0.6,90.2
ClassicThread,Apparel,2025-07-22,292,13140.0,0.0148,0.0041,0.0131,0.0348,4.4,0.68,89.4
ClassicThread,Apparel,2025-07-29,229,10305.0,0.0116,0.0013,0.0089,0.0422,4.49,0.64,89.5
ClassicThread,Apparel,2025-08-05,217,9765.0,0.019,0.0011,0.0094,0.0206,4.54,0.53,91.9
ClassicThread,Apparel,2025-08-12,180,8100.0,0.0138,0.0018,0.0079,0.0249,4.42,0.61,91.6
ClassicThread,Apparel,2025-08-19,109,4905.0,0.0089,0.0012,0.0081,0.0423,4.32,0.68,89.8
ClassicThread,Apparel,2025-08-26,263,11835.0,0.011,0.0033,0.0145,0.0221,4.55,0.6,91.0
ClassicThread,Apparel,2025-09-02,193,8685.0,0.0195,0.0028,0.0089,0.0454,4.51,0.49,87.9
ClassicThread,Apparel,2025-09-09,253,11385.0,0.0157,0.0042,0.0085,0.0252,4.3,0.54,91.0
ClassicThread,Apparel,2025-09-16,124,5580.0,0.0082,0.0021,0.0067,0.0416,4.69,0.69,90.6
ClassicThread,Apparel,2025-09-23,233,10485.0,0.0071,0.004,0.0097,0.0435,4.67,0.67,89.7
ClassicThread,Apparel,2025-09-30,135,6075.0,0.0124,0.0041,0.0072,0.0281,4.42,0.48,92.5
ClassicThread,Apparel,2025-10-07,130,5850.0,0.0198,0.0017,0.0127,0.0302,4.39,0.72,89.4
ClassicThread,Apparel,2025-10-14,293,13185.0,0.0154,0.0048,0.0104,0.0431,4.34,0.6,87.4
ClassicThread,Apparel,2025-10-21,268,12060.0,0.0127,0.0033,0.0143,0.0394,4.51,0.71,89.4
ClassicThread,Apparel,2025-10-28,288,12960.0,0.0198,0.0031,0.0061,0.0448,4.43,0.78,88.8
ClassicThread,Apparel,2025-11-04,299,13455.0,0.0145,0.004,0.0118,0.026,4.55,0.59,91.2
ClassicThread,Apparel,2025-11-11,199,8955.0,0.0179,0.005,0.0079,0.0413,4.36,0.74,88.1
ClassicThread,Apparel,2025-11-18,255,11475.0,0.0058,0.0033,0.0136,0.0344,4.34,0.53,90.5
ClassicThread,Apparel,2025-11-25,134,6030.0,0.0114,0.0018,0.0141,0.0252,4.44,0.51,91.3
ClassicThread,Apparel,2025-12-02,279,12555.0,0.0158,0.0032,0.0092,0.037,4.48,0.42,90.3
ClassicThread,Apparel,2025-12-09,153,6885.0,0.0172,0.0039,0.0123,0.023,4.66,0.73,90.9
ClassicThread,Apparel,2025-12-16,133,5985.0,0.0188,0.0026,0.0134,0.02,4.38,0.53,89.9
ClassicThread,Apparel,2025-12-23,129,5805.0,0.0141,0.0035,0.0103,0.0228,4.52,0.73,92.5
ClassicThread,Apparel,2025-12-30,281,12645.0,0.0181,0.004,0.0144,0.0216,4.31,0.52,90.5
ClassicThread,Apparel,2026-01-06,233,10485.0,0.0108,0.002,0.0067,0.0305,4.67,0.67,92.5
ClassicThread,Apparel,2026-01-13,114,5130.0,0.0124,0.0033,0.0122,0.0233,4.67,0.43,90.7
ClassicThread,Apparel,2026-01-20,115,5175.0,0.0097,0.0046,0.0137,0.0367,4.46,0.41,88.7
ClassicThread,Apparel,2026-01-27,126,5670.0,0.0069,0.0044,0.014,0.0484,4.5,0.55,87.2
ClassicThread,Apparel,2026-02-03,160,7200.0,0.0183,0.0039,0.0143,0.03,4.55,0.4,88.0
ClassicThread,Apparel,2026-02-10,199,8955.0,0.0186,0.001,0.0124,0.0246,4.76,0.66,91.6
ClassicThread,Apparel,2026-02-17,290,13050.0,0.0188,0.0016,0.0072,0.0367,4.68,0.49,90.1
ClassicThread,Apparel,2026-02-24,280,12600.0,0.0129,0.0029,0.0095,0.0433,4.56,0.5,88.6
ClassicThread,Apparel,2026-03-03,298,13410.0,0.0126,0.0046,0.0144,0.0442,4.62,0.79,87.1
ClassicThread,Apparel,2026-03-10,144,6480.0,0.0138,0.0032,0.0116,0.0349,4.32,0.69,89.8
ClassicThread,Apparel,2026-03-17,242,10890.0,0.0174,0.0025,0.0109,0.0416,4.42,0.79,87.7
ClassicThread,Apparel,2026-03-24,184,8280.0,0.0098,0.0017,0.0076,0.0211,4.65,0.44,93.4
ClassicThread,Apparel,2026-03-31,252,11340.0,0.0061,0.0043,0.0099,0.0454,4.6,0.8,89.6
ClassicThread,Apparel,2026-04-07,246,11070.0,0.0068,0.0036,0.0107,0.0366,4.32,0.77,90.4
ClassicThread,Apparel,2026-04-14,156,7020.0,0.0183,0.002,0.0078,0.0216,4.7,0.49,91.8
ClassicThread,Apparel,2026-04-21,239,10755.0,0.0187,0.0015,0.0092,0.0303,4.55,0.61,90.3
ClassicThread,Apparel,2026-04-28,269,12105.0,0.0152,0.0029,0.0089,0.0313,4.62,0.74,90.5
ClassicThread,Apparel,2026-05-05,235,10575.0,0.0053,0.0046,0.0073,0.0479,4.66,0.48,90.0
ClassicThread,Apparel,2026-05-12,161,7245.0,0.0168,0.0017,0.0053,0.0389,4.79,0.45,89.8
ClassicThread,Apparel,2026-05-19,129,5805.0,0.0131,0.0014,0.0118,0.0418,4.78,0.41,88.6
ClassicThread,Apparel,2026-05-26,232,10440.0,0.0179,0.0029,0.013,0.0374,4.69,0.73,88.0
ClassicThread,Apparel,2026-06-02,175,7875.0,0.009,0.0049,0.0066,0.0436,4.79,0.68,88.6
ClassicThread,Apparel,2026-06-09,297,13365.0,0.0152,0.0037,0.0117,0.0483,4.71,0.59,86.3
ClassicThread,Apparel,2026-06-16,271,12195.0,0.0197,0.0014,0.0142,0.0344,4.61,0.54,89.4
ClassicThread,Apparel,2026-06-23,279,12555.0,0.0143,0.0016,0.0102,0.0202,4.46,0.59,92.7
UrbanOutwear,Apparel,2025-07-01,217,9765.0,0.0187,0.0043,0.0063,0.0499,4.43,0.76,87.8
UrbanOutwear,Apparel,2025-07-08,164,7380.0,0.0122,0.0019,0.0121,0.0257,4.58,0.78,90.9
UrbanOutwear,Apparel,2025-07-15,199,8955.0,0.0124,0.0045,0.0121,0.0374,4.34,0.47,89.4
UrbanOutwear,Apparel,2025-07-22,199,8955.0,0.0186,0.0027,0.0099,0.0478,4.56,0.63,87.4
UrbanOutwear,Apparel,2025-07-29,293,13185.0,0.0065,0.0035,0.0138,0.0466,4.78,0.4,89.1
UrbanOutwear,Apparel,2025-08-05,174,7830.0,0.0125,0.0029,0.015,0.0348,4.39,0.73,89.2
UrbanOutwear,Apparel,2025-08-12,201,9045.0,0.0184,0.0018,0.0063,0.0493,4.73,0.75,88.9
UrbanOutwear,Apparel,2025-08-19,291,13095.0,0.0125,0.003,0.0067,0.0284,4.38,0.79,91.2
UrbanOutwear,Apparel,2025-08-26,273,12285.0,0.0169,0.0041,0.0074,0.0287,4.77,0.68,91.3
UrbanOutwear,Apparel,2025-09-02,110,4950.0,0.0167,0.0044,0.0082,0.0452,4.35,0.46,88.7
UrbanOutwear,Apparel,2025-09-09,121,5445.0,0.0093,0.003,0.0096,0.0303,4.65,0.74,91.9
UrbanOutwear,Apparel,2025-09-16,231,10395.0,0.0053,0.0031,0.0101,0.0358,4.79,0.46,91.9
UrbanOutwear,Apparel,2025-09-23,149,6705.0,0.0136,0.0044,0.0131,0.024,4.66,0.52,90.5
UrbanOutwear,Apparel,2025-09-30,265,11925.0,0.0057,0.0044,0.0051,0.0481,4.61,0.5,89.4
UrbanOutwear,Apparel,2025-10-07,125,5625.0,0.0129,0.0034,0.008,0.0211,4.32,0.7,91.5
UrbanOutwear,Apparel,2025-10-14,132,5940.0,0.0068,0.0032,0.0083,0.0333,4.62,0.65,91.5
UrbanOutwear,Apparel,2025-10-21,181,8145.0,0.0181,0.0027,0.0091,0.0429,4.59,0.76,87.5
UrbanOutwear,Apparel,2025-10-28,249,11205.0,0.0066,0.0034,0.0124,0.043,4.75,0.78,89.0
UrbanOutwear,Apparel,2025-11-04,143,6435.0,0.0136,0.0033,0.0125,0.0353,4.35,0.52,90.0
UrbanOutwear,Apparel,2025-11-11,192,8640.0,0.0095,0.0024,0.0141,0.047,4.79,0.45,88.9
UrbanOutwear,Apparel,2025-11-18,191,8595.0,0.0129,0.0023,0.0058,0.0469,4.7,0.71,88.6
UrbanOutwear,Apparel,2025-11-25,255,11475.0,0.0064,0.0029,0.0069,0.0263,4.63,0.56,93.8
UrbanOutwear,Apparel,2025-12-02,287,12915.0,0.013,0.004,0.0064,0.0304,4.49,0.77,91.2
UrbanOutwear,Apparel,2025-12-09,107,4815.0,0.0081,0.0031,0.0106,0.0423,4.41,0.55,89.3
UrbanOutwear,Apparel,2025-12-16,241,10845.0,0.0136,0.0046,0.0098,0.0484,4.41,0.76,86.8
UrbanOutwear,Apparel,2025-12-23,200,9000.0,0.0115,0.0032,0.0095,0.0369,4.54,0.75,89.2
UrbanOutwear,Apparel,2025-12-30,230,10350.0,0.0156,0.0014,0.0141,0.0265,4.4,0.41,89.9
UrbanOutwear,Apparel,2026-01-06,161,7245.0,0.0087,0.0039,0.0094,0.0289,4.53,0.72,90.6
UrbanOutwear,Apparel,2026-01-13,140,6300.0,0.0182,0.0042,0.0147,0.0343,4.66,0.47,87.9
UrbanOutwear,Apparel,2026-01-20,287,12915.0,0.0149,0.0015,0.0106,0.0286,4.77,0.79,91.5
UrbanOutwear,Apparel,2026-01-27,116,5220.0,0.0152,0.0019,0.0101,0.0466,4.65,0.55,88.0
UrbanOutwear,Apparel,2026-02-03,192,8640.0,0.0105,0.0018,0.0128,0.0346,4.41,0.47,89.6
UrbanOutwear,Apparel,2026-02-10,182,8190.0,0.0182,0.0045,0.0095,0.0205,4.51,0.62,91.4
UrbanOutwear,Apparel,2026-02-17,167,7515.0,0.0057,0.0026,0.0121,0.0268,4.7,0.64,92.3
UrbanOutwear,Apparel,2026-02-24,196,8820.0,0.0115,0.0018,0.0071,0.0202,4.45,0.72,93.9
UrbanOutwear,Apparel,2026-03-03,157,7065.0,0.0173,0.0015,0.0067,0.0302,4.5,0.71,90.8
UrbanOutwear,Apparel,2026-03-10,254,11430.0,0.0198,0.0014,0.0079,0.0312,4.69,0.66,90.6
UrbanOutwear,Apparel,2026-03-17,119,5355.0,0.008,0.0027,0.0099,0.0217,4.78,0.68,92.1
UrbanOutwear,Apparel,2026-03-24,140,6300.0,0.0105,0.002,0.0101,0.049,4.59,0.66,89.3
UrbanOutwear,Apparel,2026-03-31,184,8280.0,0.0138,0.0046,0.0144,0.0216,4.55,0.65,90.4
UrbanOutwear,Apparel,2026-04-07,141,6345.0,0.0172,0.0034,0.0145,0.0302,4.35,0.43,89.1
UrbanOutwear,Apparel,2026-04-14,251,11295.0,0.0187,0.0022,0.0095,0.0363,4.35,0.55,90.2
UrbanOutwear,Apparel,2026-04-21,114,5130.0,0.0058,0.0021,0.0132,0.0224,4.73,0.73,91.8
UrbanOutwear,Apparel,2026-04-28,244,10980.0,0.0127,0.0034,0.0129,0.0397,4.6,0.59,88.5
UrbanOutwear,Apparel,2026-05-05,255,11475.0,0.008,0.0046,0.0136,0.0223,4.35,0.64,91.6
UrbanOutwear,Apparel,2026-05-12,136,6120.0,0.0137,0.0045,0.0136,0.0311,4.4,0.57,90.0
UrbanOutwear,Apparel,2026-05-19,142,6390.0,0.0101,0.0037,0.0056,0.0479,4.41,0.47,90.3
UrbanOutwear,Apparel,2026-05-26,196,8820.0,0.0134,0.0044,0.0082,0.0357,4.54,0.76,89.6
UrbanOutwear,Apparel,2026-06-02,229,10305.0,0.0109,0.0048,0.0075,0.0401,4.67,0.78,89.6
UrbanOutwear,Apparel,2026-06-09,257,11565.0,0.0095,0.0019,0.0054,0.0213,4.74,0.66,94.2
UrbanOutwear,Apparel,2026-06-16,223,10035.0,0.0189,0.0038,0.0076,0.0369,4.57,0.64,88.4
UrbanOutwear,Apparel,2026-06-23,207,9315.0,0.0127,0.0037,0.0146,0.0276,4.74,0.67,91.0
DrapeStyle,Apparel,2025-07-01,296,13320.0,0.0186,0.0029,0.0096,0.037,4.37,0.73,88.9
DrapeStyle,Apparel,2025-07-08,208,9360.0,0.0136,0.0038,0.0142,0.0414,4.48,0.42,88.4
DrapeStyle,Apparel,2025-07-15,253,11385.0,0.0148,0.0042,0.0149,0.0304,4.6,0.47,90.1
DrapeStyle,Apparel,2025-07-22,290,13050.0,0.009,0.0046,0.0087,0.0214,4.45,0.56,92.6
DrapeStyle,Apparel,2025-07-29,196,8820.0,0.0107,0.0035,0.0122,0.0318,4.75,0.58,90.4
DrapeStyle,Apparel,2025-08-05,139,6255.0,0.0155,0.0043,0.0123,0.0497,4.44,0.71,87.4
DrapeStyle,Apparel,2025-08-12,208,9360.0,0.0094,0.0036,0.0114,0.0263,4.32,0.63,91.3
DrapeStyle,Apparel,2025-08-19,205,9225.0,0.0053,0.0039,0.0134,0.032,4.52,0.71,91.5
DrapeStyle,Apparel,2025-08-26,242,10890.0,0.0096,0.0046,0.0119,0.0496,4.68,0.49,88.5
DrapeStyle,Apparel,2025-09-02,201,9045.0,0.0175,0.0022,0.0144,0.0254,4.63,0.5,90.5
DrapeStyle,Apparel,2025-09-09,300,13500.0,0.0059,0.0018,0.0099,0.0226,4.72,0.78,93.7
DrapeStyle,Apparel,2025-09-16,240,10800.0,0.0159,0.0046,0.013,0.0375,4.64,0.44,89.2
DrapeStyle,Apparel,2025-09-23,101,4545.0,0.0081,0.0035,0.0063,0.028,4.72,0.6,92.1
DrapeStyle,Apparel,2025-09-30,116,5220.0,0.0054,0.0025,0.0064,0.0413,4.63,0.73,90.2
DrapeStyle,Apparel,2025-10-07,285,12825.0,0.006,0.0026,0.0126,0.0475,4.51,0.68,88.7
DrapeStyle,Apparel,2025-10-14,282,12690.0,0.0129,0.0045,0.0096,0.0284,4.42,0.47,91.5
DrapeStyle,Apparel,2025-10-21,102,4590.0,0.0104,0.0044,0.0105,0.0415,4.75,0.53,89.8
DrapeStyle,Apparel,2025-10-28,300,13500.0,0.0159,0.0046,0.0117,0.0261,4.77,0.46,89.7
DrapeStyle,Apparel,2025-11-04,143,6435.0,0.0092,0.0034,0.0132,0.0428,4.43,0.79,88.2
DrapeStyle,Apparel,2025-11-11,122,5490.0,0.0056,0.001,0.0096,0.024,4.63,0.57,92.8
DrapeStyle,Apparel,2025-11-18,250,11250.0,0.0193,0.0016,0.0121,0.022,4.35,0.59,91.0
DrapeStyle,Apparel,2025-11-25,240,10800.0,0.0085,0.0012,0.0145,0.0294,4.52,0.73,90.4
DrapeStyle,Apparel,2025-12-02,170,7650.0,0.0075,0.0033,0.0081,0.0253,4.73,0.56,92.4
DrapeStyle,Apparel,2025-12-09,101,4545.0,0.0109,0.001,0.0077,0.0379,4.7,0.44,90.1
DrapeStyle,Apparel,2025-12-16,118,5310.0,0.0164,0.0025,0.0074,0.0419,4.51,0.54,90.1
DrapeStyle,Apparel,2025-12-23,237,10665.0,0.0084,0.0018,0.0093,0.0427,4.6,0.51,90.4
DrapeStyle,Apparel,2025-12-30,297,13365.0,0.0148,0.0034,0.0129,0.0276,4.68,0.53,90.6
DrapeStyle,Apparel,2026-01-06,107,4815.0,0.0079,0.0033,0.0101,0.032,4.36,0.43,91.0
DrapeStyle,Apparel,2026-01-13,156,7020.0,0.0164,0.0031,0.012,0.0278,4.77,0.73,90.2
DrapeStyle,Apparel,2026-01-20,102,4590.0,0.0197,0.0029,0.0132,0.0352,4.55,0.76,89.3
DrapeStyle,Apparel,2026-01-27,291,13095.0,0.0123,0.0043,0.014,0.0324,4.31,0.47,90.1
DrapeStyle,Apparel,2026-02-03,190,8550.0,0.0186,0.0045,0.0074,0.0224,4.61,0.67,90.9
DrapeStyle,Apparel,2026-02-10,288,12960.0,0.0059,0.0019,0.015,0.033,4.65,0.64,90.1
DrapeStyle,Apparel,2026-02-17,151,6795.0,0.0075,0.0026,0.0084,0.032,4.68,0.78,91.7
DrapeStyle,Apparel,2026-02-24,120,5400.0,0.0058,0.0026,0.0077,0.05,4.45,0.67,90.2
DrapeStyle,Apparel,2026-03-03,195,8775.0,0.0056,0.0034,0.0135,0.0314,4.67,0.55,91.1
DrapeStyle,Apparel,2026-03-10,146,6570.0,0.0082,0.0013,0.0107,0.0427,4.36,0.62,90.6
DrapeStyle,Apparel,2026-03-17,113,5085.0,0.0175,0.0015,0.0131,0.0344,4.53,0.6,89.1
DrapeStyle,Apparel,2026-03-24,188,8460.0,0.0172,0.0037,0.0111,0.0369,4.73,0.45,89.4
DrapeStyle,Apparel,2026-03-31,232,10440.0,0.0051,0.003,0.006,0.0426,4.44,0.43,90.8
DrapeStyle,Apparel,2026-04-07,248,11160.0,0.0152,0.0042,0.0061,0.0275,4.75,0.66,91.7
DrapeStyle,Apparel,2026-04-14,240,10800.0,0.01,0.0022,0.0137,0.0439,4.56,0.49,87.9
DrapeStyle,Apparel,2026-04-21,193,8685.0,0.0107,0.0042,0.0085,0.025,4.32,0.76,91.7
DrapeStyle,Apparel,2026-04-28,292,13140.0,0.0188,0.0016,0.0105,0.0282,4.33,0.45,89.6
DrapeStyle,Apparel,2026-05-05,246,11070.0,0.0189,0.0046,0.0122,0.0465,4.46,0.65,86.3
DrapeStyle,Apparel,2026-05-12,242,10890.0,0.009,0.0014,0.0085,0.0321,4.31,0.54,92.4
DrapeStyle,Apparel,2026-05-19,102,4590.0,0.0106,0.0022,0.0136,0.05,4.61,0.71,88.2
DrapeStyle,Apparel,2026-05-26,284,12780.0,0.0056,0.0019,0.0081,0.0385,4.57,0.47,90.7
DrapeStyle,Apparel,2026-06-02,112,5040.0,0.0059,0.0039,0.0083,0.0396,4.44,0.71,90.7
DrapeStyle,Apparel,2026-06-09,221,9945.0,0.0072,0.0035,0.0145,0.0499,4.49,0.74,87.8
DrapeStyle,Apparel,2026-06-16,243,10935.0,0.0061,0.0038,0.0075,0.0293,4.36,0.6,93.0
DrapeStyle,Apparel,2026-06-23,189,8505.0,0.0157,0.0018,0.0081,0.0343,4.52,0.65,90.9
SilkRoad,Apparel,2025-07-01,299,13455.0,0.0096,0.0049,0.0131,0.0249,4.3,0.5,90.0
SilkRoad,Apparel,2025-07-08,298,13410.0,0.0172,0.0044,0.0141,0.0353,4.65,0.63,87.5
SilkRoad,Apparel,2025-07-15,261,11745.0,0.0052,0.0011,0.0051,0.0233,4.42,0.79,93.9
SilkRoad,Apparel,2025-07-22,203,9135.0,0.0157,0.0039,0.0117,0.0461,4.74,0.57,87.6
SilkRoad,Apparel,2025-07-29,181,8145.0,0.007,0.0026,0.0068,0.0309,4.49,0.8,93.3
SilkRoad,Apparel,2025-08-05,213,9585.0,0.0135,0.0019,0.0126,0.0293,4.76,0.57,90.9
SilkRoad,Apparel,2025-08-12,142,6390.0,0.0075,0.0012,0.0095,0.044,4.69,0.61,90.9
SilkRoad,Apparel,2025-08-19,164,7380.0,0.0197,0.0013,0.014,0.0444,4.46,0.52,88.2
SilkRoad,Apparel,2025-08-26,116,5220.0,0.013,0.0024,0.0129,0.0427,4.76,0.72,87.5
SilkRoad,Apparel,2025-09-02,295,13275.0,0.0174,0.0047,0.013,0.0328,4.62,0.6,89.4
SilkRoad,Apparel,2025-09-09,267,12015.0,0.0134,0.0026,0.0117,0.0217,4.36,0.53,91.7
SilkRoad,Apparel,2025-09-16,260,11700.0,0.0167,0.0029,0.0093,0.0203,4.76,0.48,92.1
SilkRoad,Apparel,2025-09-23,269,12105.0,0.0065,0.0049,0.008,0.0461,4.3,0.59,88.3
SilkRoad,Apparel,2025-09-30,240,10800.0,0.0169,0.0027,0.0059,0.0345,4.35,0.5,89.7
SilkRoad,Apparel,2025-10-07,216,9720.0,0.0199,0.0015,0.0055,0.0408,4.72,0.67,90.1
SilkRoad,Apparel,2025-10-14,188,8460.0,0.0132,0.0028,0.0138,0.023,4.43,0.44,91.6
SilkRoad,Apparel,2025-10-21,193,8685.0,0.0117,0.0047,0.0097,0.0283,4.37,0.61,89.9
SilkRoad,Apparel,2025-10-28,233,10485.0,0.0065,0.0016,0.0146,0.0211,4.79,0.75,91.5
SilkRoad,Apparel,2025-11-04,276,12420.0,0.0086,0.0041,0.0103,0.0478,4.51,0.58,89.2
SilkRoad,Apparel,2025-11-11,252,11340.0,0.0076,0.0013,0.009,0.0373,4.73,0.58,92.1
SilkRoad,Apparel,2025-11-18,243,10935.0,0.0125,0.0024,0.0126,0.0363,4.74,0.5,89.7
SilkRoad,Apparel,2025-11-25,156,7020.0,0.0159,0.0014,0.009,0.0495,4.7,0.51,87.4
SilkRoad,Apparel,2025-12-02,295,13275.0,0.0172,0.0027,0.0062,0.0369,4.78,0.63,90.5
SilkRoad,Apparel,2025-12-09,205,9225.0,0.0072,0.0048,0.009,0.0463,4.39,0.41,89.1
SilkRoad,Apparel,2025-12-16,263,11835.0,0.0061,0.0022,0.0113,0.037,4.61,0.51,90.8
SilkRoad,Apparel,2025-12-23,148,6660.0,0.0161,0.0036,0.0091,0.0279,4.79,0.52,91.3
SilkRoad,Apparel,2025-12-30,147,6615.0,0.0067,0.0039,0.0077,0.0446,4.8,0.59,89.0
SilkRoad,Apparel,2026-01-06,102,4590.0,0.0099,0.0047,0.0077,0.0497,4.64,0.65,88.3
SilkRoad,Apparel,2026-01-13,187,8415.0,0.0164,0.0034,0.006,0.0456,4.6,0.67,89.6
SilkRoad,Apparel,2026-01-20,108,4860.0,0.0071,0.0037,0.011,0.0288,4.31,0.56,90.7
SilkRoad,Apparel,2026-01-27,118,5310.0,0.0102,0.0035,0.0136,0.0426,4.58,0.55,88.2
SilkRoad,Apparel,2026-02-03,103,4635.0,0.0132,0.0027,0.0057,0.0414,4.65,0.6,90.2
SilkRoad,Apparel,2026-02-10,288,12960.0,0.0097,0.0028,0.0131,0.0248,4.45,0.53,91.9
SilkRoad,Apparel,2026-02-17,270,12150.0,0.0143,0.003,0.0149,0.0495,4.62,0.6,86.6
SilkRoad,Apparel,2026-02-24,140,6300.0,0.0079,0.0029,0.0128,0.0346,4.47,0.62,89.5
SilkRoad,Apparel,2026-03-03,223,10035.0,0.0166,0.0046,0.0083,0.0498,4.35,0.74,86.3
SilkRoad,Apparel,2026-03-10,160,7200.0,0.017,0.0034,0.0081,0.0368,4.57,0.79,90.1
SilkRoad,Apparel,2026-03-17,130,5850.0,0.0142,0.0015,0.0142,0.0223,4.77,0.53,91.7
SilkRoad,Apparel,2026-03-24,221,9945.0,0.0123,0.005,0.0071,0.0325,4.45,0.71,91.1
SilkRoad,Apparel,2026-03-31,227,10215.0,0.0088,0.0046,0.0099,0.038,4.35,0.78,89.6
SilkRoad,Apparel,2026-04-07,191,8595.0,0.0126,0.0048,0.0067,0.0416,4.61,0.54,89.7
SilkRoad,Apparel,2026-04-14,159,7155.0,0.0071,0.0033,0.007,0.0437,4.69,0.76,89.4
SilkRoad,Apparel,2026-04-21,276,12420.0,0.0101,0.0014,0.0069,0.035,4.7,0.66,90.8
SilkRoad,Apparel,2026-04-28,280,12600.0,0.006,0.0018,0.0116,0.0456,4.43,0.61,89.2
SilkRoad,Apparel,2026-05-05,245,11025.0,0.0166,0.0023,0.0113,0.0215,4.6,0.73,90.7
SilkRoad,Apparel,2026-05-12,253,11385.0,0.0187,0.004,0.0056,0.0414,4.56,0.53,89.7
SilkRoad,Apparel,2026-05-19,167,7515.0,0.0163,0.0028,0.0146,0.0278,4.64,0.67,90.6
SilkRoad,Apparel,2026-05-26,287,12915.0,0.0162,0.0031,0.0091,0.0281,4.8,0.42,89.9
SilkRoad,Apparel,2026-06-02,182,8190.0,0.0071,0.0014,0.0061,0.0372,4.69,0.79,91.5
SilkRoad,Apparel,2026-06-09,274,12330.0,0.009,0.0036,0.0149,0.0215,4.74,0.5,91.7
SilkRoad,Apparel,2026-06-16,204,9180.0,0.0175,0.0035,0.0141,0.027,4.36,0.6,88.7
SilkRoad,Apparel,2026-06-23,133,5985.0,0.0084,0.0029,0.0092,0.0287,4.39,0.8,92.4
VelvetLoom,Apparel,2025-07-01,125,5625.0,0.0133,0.0034,0.0121,0.0404,4.45,0.67,88.3
VelvetLoom,Apparel,2025-07-08,259,11655.0,0.0161,0.0018,0.0089,0.0219,4.41,0.72,92.6
VelvetLoom,Apparel,2025-07-15,283,12735.0,0.0148,0.0032,0.0127,0.0452,4.7,0.47,86.7
VelvetLoom,Apparel,2025-07-22,219,9855.0,0.0074,0.0031,0.0129,0.033,4.53,0.57,91.6
VelvetLoom,Apparel,2025-07-29,281,12645.0,0.0052,0.001,0.0112,0.0257,4.4,0.42,93.2
VelvetLoom,Apparel,2025-08-05,118,5310.0,0.0062,0.0027,0.0145,0.0265,4.43,0.64,90.7
VelvetLoom,Apparel,2025-08-12,285,12825.0,0.0093,0.0036,0.0111,0.0359,4.64,0.75,90.3
VelvetLoom,Apparel,2025-08-19,268,12060.0,0.0159,0.0012,0.0108,0.0239,4.78,0.44,92.2
VelvetLoom,Apparel,2025-08-26,291,13095.0,0.0108,0.0014,0.013,0.0475,4.68,0.49,88.9
VelvetLoom,Apparel,2025-09-02,270,12150.0,0.0108,0.0027,0.0058,0.0209,4.65,0.62,93.3
VelvetLoom,Apparel,2025-09-09,229,10305.0,0.0173,0.0028,0.011,0.0469,4.73,0.51,88.2
VelvetLoom,Apparel,2025-09-16,190,8550.0,0.0191,0.0018,0.0081,0.0272,4.48,0.63,91.8
VelvetLoom,Apparel,2025-09-23,210,9450.0,0.0158,0.0019,0.0122,0.0443,4.51,0.56,88.6
VelvetLoom,Apparel,2025-09-30,196,8820.0,0.0154,0.0047,0.0089,0.0254,4.44,0.52,90.8
VelvetLoom,Apparel,2025-10-07,201,9045.0,0.015,0.0036,0.0095,0.0304,4.72,0.53,90.9
VelvetLoom,Apparel,2025-10-14,232,10440.0,0.0162,0.002,0.0123,0.0424,4.5,0.61,87.7
VelvetLoom,Apparel,2025-10-21,180,8100.0,0.0139,0.0039,0.0101,0.0444,4.66,0.46,88.5
VelvetLoom,Apparel,2025-10-28,246,11070.0,0.0077,0.0042,0.0096,0.0298,4.38,0.66,90.7
VelvetLoom,Apparel,2025-11-04,139,6255.0,0.0134,0.0013,0.014,0.0472,4.65,0.72,88.6
VelvetLoom,Apparel,2025-11-11,165,7425.0,0.0089,0.0029,0.0073,0.0377,4.76,0.67,91.3
VelvetLoom,Apparel,2025-11-18,287,12915.0,0.0064,0.004,0.0068,0.0312,4.31,0.47,91.3
VelvetLoom,Apparel,2025-11-25,276,12420.0,0.0073,0.0035,0.0092,0.0384,4.68,0.65,90.5
VelvetLoom,Apparel,2025-12-02,287,12915.0,0.0077,0.0025,0.0097,0.0326,4.39,0.7,92.2
VelvetLoom,Apparel,2025-12-09,211,9495.0,0.0055,0.0049,0.0095,0.0308,4.45,0.72,90.8
VelvetLoom,Apparel,2025-12-16,262,11790.0,0.0151,0.0027,0.0106,0.0217,4.65,0.73,90.8
VelvetLoom,Apparel,2025-12-23,238,10710.0,0.0095,0.0012,0.005,0.023,4.7,0.57,94.7
VelvetLoom,Apparel,2025-12-30,112,5040.0,0.019,0.0018,0.0126,0.0207,4.49,0.54,90.3
VelvetLoom,Apparel,2026-01-06,156,7020.0,0.0079,0.0021,0.0135,0.0371,4.53,0.58,89.3
VelvetLoom,Apparel,2026-01-13,121,5445.0,0.0182,0.0031,0.0083,0.0262,4.7,0.59,91.1
VelvetLoom,Apparel,2026-01-20,121,5445.0,0.0101,0.0017,0.0108,0.04,4.66,0.55,90.7
VelvetLoom,Apparel,2026-01-27,223,10035.0,0.0132,0.0018,0.0126,0.0441,4.58,0.45,88.4
VelvetLoom,Apparel,2026-02-03,243,10935.0,0.0075,0.0049,0.0088,0.0232,4.55,0.75,93.2
VelvetLoom,Apparel,2026-02-10,168,7560.0,0.018,0.0034,0.0107,0.0444,4.69,0.62,88.4
VelvetLoom,Apparel,2026-02-17,205,9225.0,0.0114,0.0048,0.0093,0.0308,4.52,0.65,90.7
VelvetLoom,Apparel,2026-02-24,252,11340.0,0.0149,0.0039,0.0106,0.0217,4.38,0.51,91.0
VelvetLoom,Apparel,2026-03-03,259,11655.0,0.0117,0.0044,0.0112,0.0288,4.51,0.79,91.0
VelvetLoom,Apparel,2026-03-10,195,8775.0,0.0114,0.0039,0.0112,0.0271,4.55,0.73,91.8
VelvetLoom,Apparel,2026-03-17,258,11610.0,0.0064,0.0047,0.0084,0.0472,4.77,0.59,88.1
VelvetLoom,Apparel,2026-03-24,215,9675.0,0.0108,0.0048,0.0119,0.046,4.48,0.79,87.0
VelvetLoom,Apparel,2026-03-31,152,6840.0,0.0112,0.0049,0.0108,0.046,4.78,0.62,88.4
VelvetLoom,Apparel,2026-04-07,286,12870.0,0.0113,0.0014,0.0054,0.0402,4.57,0.65,90.7
VelvetLoom,Apparel,2026-04-14,234,10530.0,0.0077,0.0032,0.0148,0.0355,4.76,0.8,89.6
VelvetLoom,Apparel,2026-04-21,278,12510.0,0.0173,0.0021,0.013,0.0286,4.4,0.54,90.9
VelvetLoom,Apparel,2026-04-28,199,8955.0,0.0077,0.0032,0.0145,0.0388,4.71,0.74,89.6
VelvetLoom,Apparel,2026-05-05,266,11970.0,0.0084,0.001,0.0084,0.0491,4.65,0.48,89.2
VelvetLoom,Apparel,2026-05-12,224,10080.0,0.0081,0.0022,0.007,0.0432,4.66,0.55,90.6
VelvetLoom,Apparel,2026-05-19,217,9765.0,0.0137,0.0031,0.0083,0.0363,4.78,0.66,89.5
VelvetLoom,Apparel,2026-05-26,178,8010.0,0.015,0.0017,0.0111,0.0324,4.63,0.78,91.2
VelvetLoom,Apparel,2026-06-02,188,8460.0,0.0192,0.0034,0.0122,0.0429,4.43,0.4,86.5
VelvetLoom,Apparel,2026-06-09,115,5175.0,0.0132,0.0014,0.0082,0.0215,4.5,0.62,92.2
VelvetLoom,Apparel,2026-06-16,138,6210.0,0.0083,0.0039,0.0126,0.0326,4.45,0.44,90.3
VelvetLoom,Apparel,2026-06-23,273,12285.0,0.0134,0.0044,0.015,0.0352,4.47,0.4,88.0
DenimCo,Apparel,2025-07-01,139,6255.0,0.0144,0.0044,0.0065,0.0457,4.64,0.48,87.9
DenimCo,Apparel,2025-07-08,133,5985.0,0.0168,0.0046,0.0094,0.027,4.51,0.44,90.8
DenimCo,Apparel,2025-07-15,151,6795.0,0.0151,0.0047,0.0074,0.0408,4.79,0.49,89.9
DenimCo,Apparel,2025-07-22,267,12015.0,0.0159,0.0028,0.0084,0.0288,4.41,0.44,90.5
DenimCo,Apparel,2025-07-29,284,12780.0,0.0137,0.0048,0.0052,0.0422,4.78,0.47,90.1
DenimCo,Apparel,2025-08-05,205,9225.0,0.0113,0.0044,0.0127,0.0219,4.61,0.62,90.8
DenimCo,Apparel,2025-08-12,299,13455.0,0.013,0.0015,0.0105,0.02,4.46,0.79,92.0
DenimCo,Apparel,2025-08-19,257,11565.0,0.0142,0.0035,0.0104,0.0478,4.77,0.52,87.8
DenimCo,Apparel,2025-08-26,159,7155.0,0.008,0.0029,0.0139,0.037,4.64,0.63,89.4
DenimCo,Apparel,2025-09-02,299,13455.0,0.0077,0.0022,0.0101,0.0459,4.51,0.74,89.9
DenimCo,Apparel,2025-09-09,266,11970.0,0.0096,0.0037,0.0107,0.0331,4.57,0.57,89.9
DenimCo,Apparel,2025-09-16,141,6345.0,0.0103,0.0025,0.0082,0.0386,4.38,0.72,91.1
DenimCo,Apparel,2025-09-23,205,9225.0,0.0119,0.0033,0.014,0.0491,4.62,0.43,87.8
DenimCo,Apparel,2025-09-30,212,9540.0,0.0144,0.0017,0.0056,0.0299,4.42,0.42,92.6
DenimCo,Apparel,2025-10-07,203,9135.0,0.0198,0.0036,0.0087,0.0341,4.43,0.66,89.0
DenimCo,Apparel,2025-10-14,256,11520.0,0.0182,0.004,0.0143,0.0266,4.72,0.75,89.8
DenimCo,Apparel,2025-10-21,127,5715.0,0.0066,0.0047,0.0079,0.0356,4.5,0.53,91.8
DenimCo,Apparel,2025-10-28,201,9045.0,0.0084,0.0046,0.0089,0.0373,4.72,0.71,89.6
DenimCo,Apparel,2025-11-04,174,7830.0,0.0199,0.0021,0.0148,0.0255,4.48,0.66,90.2
DenimCo,Apparel,2025-11-11,208,9360.0,0.0088,0.0023,0.0097,0.0208,4.35,0.57,93.4
DenimCo,Apparel,2025-11-18,218,9810.0,0.013,0.0037,0.0074,0.0331,4.73,0.51,90.0
DenimCo,Apparel,2025-11-25,278,12510.0,0.0084,0.0036,0.0066,0.0217,4.36,0.62,94.1
DenimCo,Apparel,2025-12-02,106,4770.0,0.0162,0.0039,0.0055,0.0365,4.53,0.5,90.9
DenimCo,Apparel,2025-12-09,123,5535.0,0.0175,0.0021,0.0105,0.0225,4.76,0.56,91.2
DenimCo,Apparel,2025-12-16,129,5805.0,0.0175,0.0022,0.0097,0.0462,4.33,0.49,88.7
DenimCo,Apparel,2025-12-23,198,8910.0,0.0172,0.0019,0.013,0.032,4.39,0.44,90.1
DenimCo,Apparel,2025-12-30,111,4995.0,0.0111,0.0027,0.0073,0.0337,4.78,0.46,91.9
DenimCo,Apparel,2026-01-06,137,6165.0,0.0073,0.0015,0.007,0.043,4.45,0.78,89.7
DenimCo,Apparel,2026-01-13,286,12870.0,0.0119,0.0026,0.0106,0.0273,4.33,0.47,92.2
DenimCo,Apparel,2026-01-20,100,4500.0,0.0084,0.0027,0.0106,0.0467,4.46,0.6,88.2
DenimCo,Apparel,2026-01-27,239,10755.0,0.0122,0.0022,0.0135,0.0381,4.53,0.6,89.0
DenimCo,Apparel,2026-02-03,268,12060.0,0.0127,0.0029,0.0115,0.0367,4.62,0.69,89.8
DenimCo,Apparel,2026-02-10,253,11385.0,0.005,0.0032,0.0109,0.0492,4.48,0.48,88.7
DenimCo,Apparel,2026-02-17,242,10890.0,0.0184,0.0044,0.0066,0.0208,4.34,0.79,91.3
DenimCo,Apparel,2026-02-24,189,8505.0,0.0191,0.0044,0.0134,0.0354,4.69,0.63,87.4
DenimCo,Apparel,2026-03-03,176,7920.0,0.0192,0.0022,0.0073,0.0239,4.77,0.7,92.0
DenimCo,Apparel,2026-03-10,141,6345.0,0.0197,0.0042,0.0091,0.0245,4.69,0.48,89.7
DenimCo,Apparel,2026-03-17,216,9720.0,0.0083,0.0019,0.0145,0.0486,4.8,0.48,88.7
DenimCo,Apparel,2026-03-24,194,8730.0,0.0159,0.0017,0.0141,0.0448,4.38,0.51,88.4
DenimCo,Apparel,2026-03-31,220,9900.0,0.0062,0.0021,0.0075,0.027,4.4,0.53,93.1
DenimCo,Apparel,2026-04-07,234,10530.0,0.0058,0.0049,0.0129,0.0347,4.34,0.7,90.3
DenimCo,Apparel,2026-04-14,246,11070.0,0.0111,0.0033,0.0129,0.0409,4.8,0.54,87.8
DenimCo,Apparel,2026-04-21,173,7785.0,0.0161,0.0038,0.0075,0.0276,4.61,0.75,91.5
DenimCo,Apparel,2026-04-28,259,11655.0,0.0109,0.0021,0.0079,0.0237,4.7,0.53,91.7
DenimCo,Apparel,2026-05-05,286,12870.0,0.0148,0.0015,0.0068,0.0274,4.79,0.64,91.7
DenimCo,Apparel,2026-05-12,174,7830.0,0.0153,0.005,0.009,0.0387,4.78,0.59,89.5
DenimCo,Apparel,2026-05-19,130,5850.0,0.0114,0.0015,0.012,0.0337,4.57,0.46,89.8
DenimCo,Apparel,2026-05-26,189,8505.0,0.0096,0.0022,0.0081,0.0465,4.66,0.72,89.8
DenimCo,Apparel,2026-06-02,172,7740.0,0.0146,0.0045,0.009,0.022,4.56,0.67,91.3
DenimCo,Apparel,2026-06-09,182,8190.0,0.015,0.0011,0.007,0.0405,4.68,0.52,90.7
DenimCo,Apparel,2026-06-16,245,11025.0,0.0194,0.0015,0.0075,0.0444,4.61,0.61,89.2
DenimCo,Apparel,2026-06-23,272,12240.0,0.0137,0.0046,0.0097,0.0424,4.7,0.77,89.0
ChicBoutique,Apparel,2025-07-01,139,6255.0,0.0056,0.0011,0.0133,0.0377,4.48,0.43,91.3
ChicBoutique,Apparel,2025-07-08,114,5130.0,0.0073,0.0021,0.0059,0.0263,4.42,0.43,94.1
ChicBoutique,Apparel,2025-07-15,237,10665.0,0.0196,0.0041,0.0146,0.0412,4.34,0.66,86.7
ChicBoutique,Apparel,2025-07-22,116,5220.0,0.0165,0.0046,0.0129,0.0259,4.6,0.4,89.6
ChicBoutique,Apparel,2025-07-29,236,10620.0,0.0051,0.0021,0.0062,0.0231,4.34,0.48,94.2
ChicBoutique,Apparel,2025-08-05,129,5805.0,0.0061,0.0014,0.0115,0.0346,4.7,0.56,92.1
ChicBoutique,Apparel,2025-08-12,205,9225.0,0.0088,0.0041,0.0077,0.0263,4.77,0.79,91.2
ChicBoutique,Apparel,2025-08-19,155,6975.0,0.0149,0.0011,0.0056,0.023,4.51,0.76,93.6
ChicBoutique,Apparel,2025-08-26,299,13455.0,0.0129,0.0015,0.0053,0.0246,4.61,0.48,92.1
ChicBoutique,Apparel,2025-09-02,228,10260.0,0.0084,0.0044,0.0099,0.0447,4.5,0.71,89.9
ChicBoutique,Apparel,2025-09-09,298,13410.0,0.0195,0.0023,0.013,0.0263,4.57,0.54,89.3
ChicBoutique,Apparel,2025-09-16,285,12825.0,0.0196,0.0019,0.0069,0.0336,4.67,0.41,89.7
ChicBoutique,Apparel,2025-09-23,101,4545.0,0.0154,0.0039,0.0106,0.0492,4.64,0.68,88.0
ChicBoutique,Apparel,2025-09-30,111,4995.0,0.0173,0.0014,0.0133,0.0381,4.39,0.51,88.8
ChicBoutique,Apparel,2025-10-07,263,11835.0,0.0149,0.0025,0.0115,0.0307,4.64,0.68,90.7
ChicBoutique,Apparel,2025-10-14,236,10620.0,0.0156,0.0022,0.0082,0.0218,4.64,0.54,92.3
ChicBoutique,Apparel,2025-10-21,170,7650.0,0.0149,0.0022,0.0064,0.0247,4.62,0.56,93.0
ChicBoutique,Apparel,2025-10-28,152,6840.0,0.0066,0.0014,0.0121,0.0221,4.55,0.52,92.9
ChicBoutique,Apparel,2025-11-04,280,12600.0,0.0151,0.0043,0.0143,0.0463,4.46,0.43,87.0
ChicBoutique,Apparel,2025-11-11,256,11520.0,0.0119,0.0049,0.008,0.0388,4.51,0.6,88.7
ChicBoutique,Apparel,2025-11-18,220,9900.0,0.012,0.0046,0.0127,0.0444,4.71,0.58,88.2
ChicBoutique,Apparel,2025-11-25,200,9000.0,0.0155,0.0049,0.0094,0.0355,4.56,0.61,89.3
ChicBoutique,Apparel,2025-12-02,191,8595.0,0.0189,0.0049,0.0144,0.0282,4.55,0.72,88.2
ChicBoutique,Apparel,2025-12-09,293,13185.0,0.0065,0.0044,0.0098,0.0448,4.71,0.52,90.1
ChicBoutique,Apparel,2025-12-16,216,9720.0,0.0159,0.0018,0.0145,0.0218,4.75,0.6,90.6
ChicBoutique,Apparel,2025-12-23,136,6120.0,0.017,0.0033,0.0139,0.0391,4.64,0.58,88.3
ChicBoutique,Apparel,2025-12-30,270,12150.0,0.0083,0.0013,0.0128,0.0427,4.71,0.6,88.5
ChicBoutique,Apparel,2026-01-06,221,9945.0,0.0072,0.0017,0.007,0.0272,4.41,0.66,92.8
ChicBoutique,Apparel,2026-01-13,296,13320.0,0.0182,0.0013,0.0065,0.0207,4.61,0.79,92.7
ChicBoutique,Apparel,2026-01-20,203,9135.0,0.0137,0.005,0.0087,0.0337,4.46,0.46,89.3
ChicBoutique,Apparel,2026-01-27,236,10620.0,0.0069,0.0028,0.0077,0.0306,4.35,0.79,92.0
ChicBoutique,Apparel,2026-02-03,162,7290.0,0.0061,0.0029,0.0149,0.0431,4.78,0.75,89.5
ChicBoutique,Apparel,2026-02-10,153,6885.0,0.0177,0.0037,0.008,0.0211,4.77,0.52,91.8
ChicBoutique,Apparel,2026-02-17,277,12465.0,0.0051,0.0043,0.0059,0.0389,4.55,0.77,91.2
ChicBoutique,Apparel,2026-02-24,129,5805.0,0.0129,0.0011,0.0054,0.0384,4.7,0.62,90.8
ChicBoutique,Apparel,2026-03-03,213,9585.0,0.0195,0.0018,0.0145,0.0362,4.64,0.55,87.5
ChicBoutique,Apparel,2026-03-10,275,12375.0,0.0053,0.0044,0.0142,0.0306,4.66,0.66,90.5
ChicBoutique,Apparel,2026-03-17,155,6975.0,0.0184,0.003,0.0104,0.0487,4.74,0.59,86.4
ChicBoutique,Apparel,2026-03-24,236,10620.0,0.0161,0.0041,0.0147,0.0432,4.42,0.79,86.2
ChicBoutique,Apparel,2026-03-31,152,6840.0,0.0063,0.0044,0.0089,0.0357,4.76,0.5,91.8
ChicBoutique,Apparel,2026-04-07,283,12735.0,0.0061,0.0026,0.0054,0.0451,4.4,0.75,90.2
ChicBoutique,Apparel,2026-04-14,203,9135.0,0.0102,0.0028,0.0125,0.0471,4.32,0.41,88.3
ChicBoutique,Apparel,2026-04-21,100,4500.0,0.019,0.004,0.006,0.0269,4.5,0.6,90.2
ChicBoutique,Apparel,2026-04-28,210,9450.0,0.011,0.0024,0.0133,0.0336,4.56,0.42,91.0
ChicBoutique,Apparel,2026-05-05,197,8865.0,0.018,0.0023,0.0083,0.0379,4.39,0.57,88.9
ChicBoutique,Apparel,2026-05-12,135,6075.0,0.0164,0.0044,0.0076,0.0322,4.55,0.66,90.2
ChicBoutique,Apparel,2026-05-19,173,7785.0,0.0118,0.0016,0.0149,0.0467,4.69,0.47,87.7
ChicBoutique,Apparel,2026-05-26,284,12780.0,0.0122,0.0012,0.0096,0.0326,4.69,0.79,90.8
ChicBoutique,Apparel,2026-06-02,264,11880.0,0.0173,0.0032,0.0098,0.0451,4.77,0.56,88.9
ChicBoutique,Apparel,2026-06-09,216,9720.0,0.0127,0.0038,0.0089,0.0452,4.64,0.61,89.0
ChicBoutique,Apparel,2026-06-16,157,7065.0,0.0183,0.0024,0.0087,0.0467,4.53,0.53,87.9
ChicBoutique,Apparel,2026-06-23,287,12915.0,0.014,0.0017,0.0077,0.0323,4.65,0.61,91.4
DecoSpace,Home & Kitchen,2025-07-01,247,16055.0,0.0182,0.0035,0.0132,0.0364,4.41,0.55,88.4
DecoSpace,Home & Kitchen,2025-07-08,194,12610.0,0.0176,0.0042,0.0083,0.0361,4.37,0.46,89.3
DecoSpace,Home & Kitchen,2025-07-15,286,18590.0,0.0066,0.0042,0.0067,0.0211,4.39,0.56,94.0
DecoSpace,Home & Kitchen,2025-07-22,256,16640.0,0.0102,0.004,0.0145,0.0311,4.71,0.72,89.3
DecoSpace,Home & Kitchen,2025-07-29,262,17030.0,0.0081,0.0036,0.0149,0.0204,4.57,0.77,92.0
DecoSpace,Home & Kitchen,2025-08-05,236,15340.0,0.0133,0.0022,0.0103,0.024,4.77,0.48,92.6
DecoSpace,Home & Kitchen,2025-08-12,287,18655.0,0.0187,0.0044,0.0108,0.0356,4.77,0.79,89.5
DecoSpace,Home & Kitchen,2025-08-19,109,7085.0,0.0171,0.0027,0.0061,0.033,4.53,0.44,90.7
DecoSpace,Home & Kitchen,2025-08-26,115,7475.0,0.0116,0.0041,0.0102,0.0383,4.66,0.63,88.5
DecoSpace,Home & Kitchen,2025-09-02,174,11310.0,0.0175,0.004,0.0077,0.0205,4.54,0.76,92.5
DecoSpace,Home & Kitchen,2025-09-09,229,14885.0,0.0161,0.0032,0.0059,0.0478,4.53,0.65,88.2
DecoSpace,Home & Kitchen,2025-09-16,170,11050.0,0.0195,0.0042,0.0144,0.0242,4.34,0.52,89.6
DecoSpace,Home & Kitchen,2025-09-23,289,18785.0,0.0139,0.0028,0.0095,0.0309,4.31,0.53,90.7
DecoSpace,Home & Kitchen,2025-09-30,300,19500.0,0.0118,0.0031,0.0131,0.0328,4.65,0.57,89.8
DecoSpace,Home & Kitchen,2025-10-07,121,7865.0,0.0085,0.0033,0.013,0.0436,4.48,0.64,89.7
DecoSpace,Home & Kitchen,2025-10-14,160,10400.0,0.0126,0.0037,0.0109,0.0453,4.44,0.45,88.4
DecoSpace,Home & Kitchen,2025-10-21,188,12220.0,0.0079,0.0027,0.0088,0.0422,4.69,0.41,90.3
DecoSpace,Home & Kitchen,2025-10-28,218,14170.0,0.0113,0.0046,0.0094,0.0223,4.77,0.67,92.8
DecoSpace,Home & Kitchen,2025-11-04,197,12805.0,0.0071,0.0016,0.0058,0.0262,4.66,0.58,94.1
DecoSpace,Home & Kitchen,2025-11-11,103,6695.0,0.0109,0.0015,0.0128,0.0309,4.67,0.7,90.8
DecoSpace,Home & Kitchen,2025-11-18,274,17810.0,0.019,0.0028,0.0063,0.033,4.36,0.62,90.2
DecoSpace,Home & Kitchen,2025-11-25,256,16640.0,0.0123,0.0018,0.0062,0.0304,4.37,0.42,92.9
DecoSpace,Home & Kitchen,2025-12-02,267,17355.0,0.0168,0.0023,0.0109,0.0415,4.74,0.64,89.2
DecoSpace,Home & Kitchen,2025-12-09,272,17680.0,0.0115,0.0023,0.0091,0.0381,4.8,0.48,90.1
DecoSpace,Home & Kitchen,2025-12-16,240,15600.0,0.0154,0.004,0.0076,0.0303,4.8,0.7,90.4
DecoSpace,Home & Kitchen,2025-12-23,125,8125.0,0.0164,0.0036,0.0068,0.0215,4.64,0.6,91.6
DecoSpace,Home & Kitchen,2025-12-30,172,11180.0,0.0089,0.0033,0.01,0.0261,4.33,0.79,91.3
DecoSpace,Home & Kitchen,2026-01-06,114,7410.0,0.0091,0.0043,0.0058,0.0432,4.35,0.52,90.7
DecoSpace,Home & Kitchen,2026-01-13,130,8450.0,0.0056,0.0047,0.0111,0.0442,4.49,0.75,89.1
DecoSpace,Home & Kitchen,2026-01-20,128,8320.0,0.0071,0.0028,0.0086,0.0349,4.74,0.43,91.8
DecoSpace,Home & Kitchen,2026-01-27,216,14040.0,0.0085,0.0028,0.0052,0.0245,4.35,0.44,92.8
DecoSpace,Home & Kitchen,2026-02-03,170,11050.0,0.019,0.0031,0.0054,0.0303,4.34,0.67,90.5
DecoSpace,Home & Kitchen,2026-02-10,167,10855.0,0.0171,0.0015,0.011,0.0303,4.41,0.58,90.6
DecoSpace,Home & Kitchen,2026-02-17,200,13000.0,0.012,0.0012,0.0069,0.0368,4.73,0.43,91.8
DecoSpace,Home & Kitchen,2026-02-24,296,19240.0,0.0186,0.001,0.0072,0.0448,4.64,0.42,89.6
DecoSpace,Home & Kitchen,2026-03-03,283,18395.0,0.0146,0.0029,0.0136,0.0303,4.43,0.76,90.8
DecoSpace,Home & Kitchen,2026-03-10,286,18590.0,0.009,0.0043,0.0121,0.0494,4.66,0.68,87.6
DecoSpace,Home & Kitchen,2026-03-17,263,17095.0,0.0087,0.0034,0.0076,0.03,4.52,0.58,91.9
DecoSpace,Home & Kitchen,2026-03-24,184,11960.0,0.0137,0.0041,0.0067,0.0233,4.67,0.78,91.7
DecoSpace,Home & Kitchen,2026-03-31,211,13715.0,0.0052,0.0037,0.0092,0.0353,4.41,0.79,91.3
DecoSpace,Home & Kitchen,2026-04-07,198,12870.0,0.0173,0.0047,0.007,0.0363,4.62,0.57,89.4
DecoSpace,Home & Kitchen,2026-04-14,274,17810.0,0.0186,0.0031,0.0136,0.0217,4.56,0.74,90.5
DecoSpace,Home & Kitchen,2026-04-21,236,15340.0,0.0199,0.0048,0.0051,0.0214,4.37,0.73,91.3
DecoSpace,Home & Kitchen,2026-04-28,241,15665.0,0.0116,0.0011,0.0149,0.0363,4.54,0.46,90.5
DecoSpace,Home & Kitchen,2026-05-05,261,16965.0,0.0055,0.0031,0.007,0.0427,4.62,0.71,91.5
DecoSpace,Home & Kitchen,2026-05-12,148,9620.0,0.0145,0.0022,0.0068,0.0385,4.42,0.4,89.3
DecoSpace,Home & Kitchen,2026-05-19,225,14625.0,0.0111,0.0036,0.0086,0.0489,4.77,0.77,89.1
DecoSpace,Home & Kitchen,2026-05-26,236,15340.0,0.0102,0.0043,0.012,0.0407,4.46,0.76,89.4
DecoSpace,Home & Kitchen,2026-06-02,284,18460.0,0.0084,0.0025,0.0115,0.0223,4.6,0.74,93.3
DecoSpace,Home & Kitchen,2026-06-09,273,17745.0,0.0167,0.004,0.0055,0.0468,4.41,0.66,88.5
DecoSpace,Home & Kitchen,2026-06-16,288,18720.0,0.0138,0.0038,0.0103,0.045,4.32,0.59,87.7
DecoSpace,Home & Kitchen,2026-06-23,162,10530.0,0.0084,0.0035,0.0051,0.0347,4.62,0.55,92.5
KitchenPro,Home & Kitchen,2025-07-01,124,8060.0,0.0183,0.0012,0.0064,0.0225,4.2,0.58,93.0
KitchenPro,Home & Kitchen,2025-07-08,129,8385.0,0.0158,0.0043,0.007,0.0467,4.21,0.78,88.8
KitchenPro,Home & Kitchen,2025-07-15,209,13585.0,0.0072,0.0043,0.0079,0.0443,4.37,0.72,89.3
KitchenPro,Home & Kitchen,2025-07-22,247,16055.0,0.0088,0.0039,0.0078,0.0295,4.5,0.75,91.8
KitchenPro,Home & Kitchen,2025-07-29,144,9360.0,0.0122,0.0024,0.0082,0.0406,4.48,0.63,90.7
KitchenPro,Home & Kitchen,2025-08-05,143,9295.0,0.0159,0.0028,0.0056,0.0439,4.48,0.74,88.3
KitchenPro,Home & Kitchen,2025-08-12,110,7150.0,0.012,0.0022,0.0094,0.0308,4.3,0.6,92.1
KitchenPro,Home & Kitchen,2025-08-19,224,14560.0,0.0173,0.0025,0.0079,0.0448,4.56,0.7,88.7
KitchenPro,Home & Kitchen,2025-08-26,266,17290.0,0.016,0.0032,0.0145,0.0255,4.28,0.69,90.3
KitchenPro,Home & Kitchen,2025-09-02,132,8580.0,0.0079,0.0032,0.0091,0.0317,4.36,0.42,90.5
KitchenPro,Home & Kitchen,2025-09-09,161,10465.0,0.0149,0.0044,0.0127,0.0314,4.27,0.71,89.0
KitchenPro,Home & Kitchen,2025-09-16,227,14755.0,0.0141,0.001,0.0149,0.0309,4.41,0.72,89.3
KitchenPro,Home & Kitchen,2025-09-23,242,15730.0,0.0187,0.0014,0.0076,0.0471,4.46,0.64,88.3
KitchenPro,Home & Kitchen,2025-09-30,192,12480.0,0.0087,0.0011,0.0131,0.0347,4.24,0.54,89.7
KitchenPro,Home & Kitchen,2025-10-07,113,7345.0,0.009,0.0019,0.0101,0.0297,4.38,0.63,92.4
KitchenPro,Home & Kitchen,2025-10-14,116,7540.0,0.1911,0.0973,0.009,0.1366,2.84,-0.68,27.6
KitchenPro,Home & Kitchen,2025-10-21,122,7930.0,0.2141,0.138,0.0134,0.1675,3.08,0.06,16.8
KitchenPro,Home & Kitchen,2025-10-28,100,6500.0,0.28,0.1061,0.0081,0.1542,3.11,0.22,24.3
KitchenPro,Home & Kitchen,2025-11-04,103,6695.0,0.2207,0.0816,0.0096,0.1652,2.66,-0.32,28.6
KitchenPro,Home & Kitchen,2025-11-11,120,7800.0,0.2529,0.0951,0.0074,0.1516,3.19,0.11,26.5
KitchenPro,Home & Kitchen,2025-11-18,230,14950.0,0.2416,0.1211,0.0053,0.1358,3.09,0.24,24.4
KitchenPro,Home & Kitchen,2025-11-25,179,11635.0,0.233,0.085,0.014,0.1428,2.91,-0.35,30.2
KitchenPro,Home & Kitchen,2025-12-02,159,10335.0,0.2389,0.113,0.0093,0.1262,3.17,0.26,25.2
KitchenPro,Home & Kitchen,2025-12-09,152,9880.0,0.2306,0.1018,0.0128,0.1406,3.05,0.13,25.6
KitchenPro,Home & Kitchen,2025-12-16,196,12740.0,0.2257,0.1296,0.0056,0.145,2.83,-0.28,22.9
KitchenPro,Home & Kitchen,2025-12-23,114,7410.0,0.2351,0.095,0.0068,0.1497,2.66,-0.25,26.9
KitchenPro,Home & Kitchen,2025-12-30,197,12805.0,0.2446,0.1062,0.0118,0.14,2.8,-0.22,24.8
KitchenPro,Home & Kitchen,2026-01-06,124,8060.0,0.2369,0.1071,0.0062,0.1548,2.67,-0.29,23.0
KitchenPro,Home & Kitchen,2026-01-13,168,10920.0,0.1865,0.0915,0.0118,0.1255,3.12,0.17,31.5
KitchenPro,Home & Kitchen,2026-01-20,164,10660.0,0.2702,0.1097,0.0063,0.1953,3.14,0.28,21.5
KitchenPro,Home & Kitchen,2026-01-27,166,10790.0,0.1958,0.1342,0.0094,0.1385,2.77,-0.47,23.0
KitchenPro,Home & Kitchen,2026-02-03,193,12545.0,0.2126,0.0821,0.0143,0.1721,2.92,-0.25,26.5
KitchenPro,Home & Kitchen,2026-02-10,128,8320.0,0.1837,0.11,0.0085,0.1884,2.95,-0.5,20.4
KitchenPro,Home & Kitchen,2026-02-17,173,11245.0,0.2004,0.0948,0.0063,0.1946,3.05,0.03,25.6
KitchenPro,Home & Kitchen,2026-02-24,162,10530.0,0.1815,0.1328,0.0143,0.1324,3.12,0.11,21.9
KitchenPro,Home & Kitchen,2026-03-03,94,6110.0,0.2389,0.0885,0.0138,0.1408,2.93,-0.36,28.5
KitchenPro,Home & Kitchen,2026-03-10,233,15145.0,0.2356,0.1275,0.0098,0.1659,2.76,-0.52,18.5
KitchenPro,Home & Kitchen,2026-03-17,148,9620.0,0.2457,0.1322,0.0133,0.1914,2.99,-0.53,17.4
KitchenPro,Home & Kitchen,2026-03-24,175,11375.0,0.2373,0.123,0.0107,0.1796,3.14,0.0,16.9
KitchenPro,Home & Kitchen,2026-03-31,194,12610.0,0.2008,0.1127,0.0084,0.199,3.08,0.29,21.1
KitchenPro,Home & Kitchen,2026-04-07,190,12350.0,0.226,0.0926,0.0125,0.1892,2.85,-0.43,24.9
KitchenPro,Home & Kitchen,2026-04-14,122,7930.0,0.2425,0.1255,0.0126,0.1873,3.06,0.3,17.2
KitchenPro,Home & Kitchen,2026-04-21,90,5850.0,0.1893,0.0838,0.0119,0.1414,2.94,-0.26,31.4
KitchenPro,Home & Kitchen,2026-04-28,104,6760.0,0.2445,0.1368,0.0134,0.1425,2.96,-0.5,21.3
KitchenPro,Home & Kitchen,2026-05-05,172,11180.0,0.2579,0.0997,0.0054,0.1578,3.08,0.05,24.4
KitchenPro,Home & Kitchen,2026-05-12,116,7540.0,0.2307,0.1117,0.0118,0.1911,2.83,-0.48,20.5
KitchenPro,Home & Kitchen,2026-05-19,110,7150.0,0.2279,0.0862,0.0069,0.1828,3.02,0.27,26.8
KitchenPro,Home & Kitchen,2026-05-26,176,11440.0,0.2409,0.1033,0.007,0.1537,3.1,0.3,24.7
KitchenPro,Home & Kitchen,2026-06-02,118,7670.0,0.2364,0.0894,0.0078,0.1885,3.15,0.08,26.0
KitchenPro,Home & Kitchen,2026-06-09,198,12870.0,0.251,0.0834,0.0113,0.1705,3.06,0.23,27.5
KitchenPro,Home & Kitchen,2026-06-16,196,12740.0,0.1931,0.123,0.0093,0.1984,3.08,0.11,18.9
KitchenPro,Home & Kitchen,2026-06-23,237,15405.0,0.2301,0.1163,0.0143,0.1442,2.72,-0.48,21.5
ComfyHome,Home & Kitchen,2025-07-01,258,16770.0,0.0112,0.0014,0.0074,0.0215,4.8,0.43,93.7
ComfyHome,Home & Kitchen,2025-07-08,281,18265.0,0.0137,0.0037,0.0084,0.0314,4.67,0.65,91.5
ComfyHome,Home & Kitchen,2025-07-15,247,16055.0,0.0145,0.0022,0.0129,0.0442,4.53,0.66,87.4
ComfyHome,Home & Kitchen,2025-07-22,243,15795.0,0.0186,0.003,0.0116,0.0325,4.62,0.54,89.0
ComfyHome,Home & Kitchen,2025-07-29,214,13910.0,0.0112,0.0035,0.0141,0.0211,4.42,0.6,90.8
ComfyHome,Home & Kitchen,2025-08-05,203,13195.0,0.0051,0.0038,0.0144,0.0256,4.62,0.77,92.1
ComfyHome,Home & Kitchen,2025-08-12,289,18785.0,0.0108,0.001,0.0123,0.0426,4.67,0.61,89.0
ComfyHome,Home & Kitchen,2025-08-19,174,11310.0,0.0138,0.0024,0.0134,0.0308,4.43,0.55,90.7
ComfyHome,Home & Kitchen,2025-08-26,276,17940.0,0.0059,0.0034,0.0126,0.0324,4.51,0.48,90.1
ComfyHome,Home & Kitchen,2025-09-02,241,15665.0,0.0127,0.0045,0.0071,0.0212,4.64,0.41,92.1
ComfyHome,Home & Kitchen,2025-09-09,214,13910.0,0.0122,0.0028,0.0147,0.0214,4.78,0.72,91.5
ComfyHome,Home & Kitchen,2025-09-16,149,9685.0,0.0185,0.0023,0.0115,0.0412,4.69,0.56,88.3
ComfyHome,Home & Kitchen,2025-09-23,121,7865.0,0.0089,0.002,0.0121,0.0356,4.64,0.64,89.9
ComfyHome,Home & Kitchen,2025-09-30,225,14625.0,0.0149,0.0038,0.012,0.0405,4.5,0.5,88.1
ComfyHome,Home & Kitchen,2025-10-07,192,12480.0,0.0179,0.0046,0.0091,0.0454,4.38,0.71,86.6
ComfyHome,Home & Kitchen,2025-10-14,103,6695.0,0.006,0.0029,0.0067,0.0419,4.42,0.63,90.4
ComfyHome,Home & Kitchen,2025-10-21,122,7930.0,0.0099,0.0027,0.0104,0.0312,4.69,0.57,90.2
ComfyHome,Home & Kitchen,2025-10-28,173,11245.0,0.0115,0.0024,0.0062,0.0289,4.74,0.69,91.7
ComfyHome,Home & Kitchen,2025-11-04,250,16250.0,0.0103,0.0019,0.0062,0.0464,4.52,0.6,90.1
ComfyHome,Home & Kitchen,2025-11-11,234,15210.0,0.0168,0.0043,0.0105,0.0366,4.62,0.67,88.7
ComfyHome,Home & Kitchen,2025-11-18,204,13260.0,0.0149,0.0035,0.0088,0.0384,4.71,0.58,88.4
ComfyHome,Home & Kitchen,2025-11-25,245,15925.0,0.0107,0.0016,0.0146,0.0484,4.47,0.61,88.1
ComfyHome,Home & Kitchen,2025-12-02,225,14625.0,0.0186,0.0031,0.0111,0.0499,4.45,0.47,86.4
ComfyHome,Home & Kitchen,2025-12-09,289,18785.0,0.0126,0.0038,0.0104,0.04,4.71,0.74,88.8
ComfyHome,Home & Kitchen,2025-12-16,176,11440.0,0.0116,0.0036,0.0055,0.0254,4.61,0.71,92.7
ComfyHome,Home & Kitchen,2025-12-23,276,17940.0,0.02,0.0018,0.0102,0.0304,4.56,0.42,89.4
ComfyHome,Home & Kitchen,2025-12-30,253,16445.0,0.0193,0.0033,0.0131,0.0327,4.75,0.63,88.7
ComfyHome,Home & Kitchen,2026-01-06,260,16900.0,0.0064,0.0026,0.0101,0.0448,4.34,0.73,89.3
ComfyHome,Home & Kitchen,2026-01-13,247,16055.0,0.0196,0.0048,0.0086,0.0242,4.46,0.41,89.6
ComfyHome,Home & Kitchen,2026-01-20,181,11765.0,0.0054,0.004,0.0065,0.0461,4.62,0.46,89.4
ComfyHome,Home & Kitchen,2026-01-27,169,10985.0,0.0097,0.005,0.0125,0.0384,4.51,0.54,89.3
ComfyHome,Home & Kitchen,2026-02-03,235,15275.0,0.0137,0.0032,0.0099,0.0415,4.46,0.47,89.5
ComfyHome,Home & Kitchen,2026-02-10,253,16445.0,0.0062,0.0044,0.0056,0.0245,4.59,0.43,93.7
ComfyHome,Home & Kitchen,2026-02-17,275,17875.0,0.0189,0.002,0.0073,0.0289,4.52,0.55,90.5
ComfyHome,Home & Kitchen,2026-02-24,103,6695.0,0.0057,0.0042,0.0103,0.0373,4.33,0.66,89.9
ComfyHome,Home & Kitchen,2026-03-03,187,12155.0,0.0186,0.0019,0.0102,0.0453,4.36,0.47,88.5
ComfyHome,Home & Kitchen,2026-03-10,148,9620.0,0.0145,0.0027,0.014,0.0356,4.55,0.77,88.1
ComfyHome,Home & Kitchen,2026-03-17,293,19045.0,0.0135,0.0044,0.0139,0.0395,4.66,0.55,88.3
ComfyHome,Home & Kitchen,2026-03-24,104,6760.0,0.0115,0.0013,0.01,0.0348,4.59,0.65,90.5
ComfyHome,Home & Kitchen,2026-03-31,213,13845.0,0.0075,0.0012,0.014,0.0362,4.65,0.72,91.0
ComfyHome,Home & Kitchen,2026-04-07,290,18850.0,0.0061,0.0037,0.0119,0.0472,4.49,0.4,88.9
ComfyHome,Home & Kitchen,2026-04-14,158,10270.0,0.0068,0.003,0.0058,0.0376,4.32,0.62,90.6
ComfyHome,Home & Kitchen,2026-04-21,276,17940.0,0.007,0.0034,0.0117,0.0211,4.73,0.74,93.4
ComfyHome,Home & Kitchen,2026-04-28,150,9750.0,0.0106,0.0046,0.0052,0.041,4.78,0.8,90.5
ComfyHome,Home & Kitchen,2026-05-05,130,8450.0,0.0115,0.0025,0.0113,0.0444,4.45,0.67,88.2
ComfyHome,Home & Kitchen,2026-05-12,300,19500.0,0.0115,0.0019,0.0075,0.0351,4.71,0.64,91.5
ComfyHome,Home & Kitchen,2026-05-19,271,17615.0,0.0085,0.0034,0.0102,0.0202,4.72,0.66,93.2
ComfyHome,Home & Kitchen,2026-05-26,189,12285.0,0.0103,0.0037,0.0147,0.0309,4.33,0.42,90.7
ComfyHome,Home & Kitchen,2026-06-02,229,14885.0,0.0123,0.0028,0.0083,0.0487,4.71,0.47,88.8
ComfyHome,Home & Kitchen,2026-06-09,155,10075.0,0.0169,0.0035,0.0081,0.0249,4.32,0.58,90.6
ComfyHome,Home & Kitchen,2026-06-16,125,8125.0,0.0055,0.0025,0.0098,0.0256,4.36,0.78,93.5
ComfyHome,Home & Kitchen,2026-06-23,212,13780.0,0.0121,0.0017,0.007,0.0467,4.76,0.71,89.6
SmartLiving,Home & Kitchen,2025-07-01,231,15015.0,0.0086,0.004,0.0097,0.0288,4.7,0.77,91.8
SmartLiving,Home & Kitchen,2025-07-08,128,8320.0,0.0103,0.0048,0.0135,0.0288,4.3,0.51,89.8
SmartLiving,Home & Kitchen,2025-07-15,284,18460.0,0.0098,0.0031,0.0116,0.0411,4.37,0.67,89.9
SmartLiving,Home & Kitchen,2025-07-22,172,11180.0,0.0157,0.0047,0.013,0.0383,4.36,0.79,87.7
SmartLiving,Home & Kitchen,2025-07-29,241,15665.0,0.0095,0.0029,0.0052,0.0437,4.46,0.72,91.0
SmartLiving,Home & Kitchen,2025-08-05,273,17745.0,0.0175,0.0014,0.0064,0.0493,4.59,0.61,88.4
SmartLiving,Home & Kitchen,2025-08-12,126,8190.0,0.0187,0.0031,0.0064,0.0372,4.35,0.41,89.0
SmartLiving,Home & Kitchen,2025-08-19,136,8840.0,0.0151,0.0046,0.0053,0.0444,4.58,0.78,89.0
SmartLiving,Home & Kitchen,2025-08-26,193,12545.0,0.0098,0.0033,0.0074,0.0243,4.49,0.77,93.1
SmartLiving,Home & Kitchen,2025-09-02,159,10335.0,0.0088,0.0031,0.0146,0.0227,4.64,0.52,92.5
SmartLiving,Home & Kitchen,2025-09-09,169,10985.0,0.0055,0.0043,0.0135,0.039,4.48,0.7,88.7
SmartLiving,Home & Kitchen,2025-09-16,224,14560.0,0.0185,0.0036,0.009,0.0225,4.45,0.51,91.2
SmartLiving,Home & Kitchen,2025-09-23,164,10660.0,0.0136,0.0016,0.0082,0.0323,4.7,0.49,91.6
SmartLiving,Home & Kitchen,2025-09-30,125,8125.0,0.0158,0.0038,0.0146,0.0379,4.62,0.67,88.8
SmartLiving,Home & Kitchen,2025-10-07,197,12805.0,0.0118,0.005,0.0111,0.0436,4.47,0.65,88.9
SmartLiving,Home & Kitchen,2025-10-14,259,16835.0,0.0196,0.0037,0.0147,0.045,4.44,0.5,86.3
SmartLiving,Home & Kitchen,2025-10-21,175,11375.0,0.0175,0.0049,0.0114,0.0338,4.45,0.49,88.2
SmartLiving,Home & Kitchen,2025-10-28,238,15470.0,0.013,0.0014,0.0129,0.037,4.66,0.55,89.4
SmartLiving,Home & Kitchen,2025-11-04,215,13975.0,0.0175,0.004,0.0064,0.0387,4.34,0.55,89.7
SmartLiving,Home & Kitchen,2025-11-11,145,9425.0,0.007,0.0033,0.013,0.0358,4.35,0.64,90.3
SmartLiving,Home & Kitchen,2025-11-18,210,13650.0,0.0111,0.0041,0.0145,0.0224,4.57,0.49,90.7
SmartLiving,Home & Kitchen,2025-11-25,272,17680.0,0.01,0.0033,0.0128,0.0207,4.78,0.7,92.6
SmartLiving,Home & Kitchen,2025-12-02,220,14300.0,0.0077,0.0022,0.0105,0.0296,4.51,0.74,91.8
SmartLiving,Home & Kitchen,2025-12-09,167,10855.0,0.0083,0.0025,0.0086,0.0318,4.7,0.6,91.3
SmartLiving,Home & Kitchen,2025-12-16,182,11830.0,0.0171,0.002,0.0138,0.0368,4.6,0.73,89.4
SmartLiving,Home & Kitchen,2025-12-23,189,12285.0,0.0092,0.0033,0.011,0.0433,4.55,0.69,89.1
SmartLiving,Home & Kitchen,2025-12-30,188,12220.0,0.0051,0.0035,0.0053,0.0351,4.7,0.51,92.2
SmartLiving,Home & Kitchen,2026-01-06,160,10400.0,0.0089,0.0028,0.0116,0.0332,4.65,0.45,90.9
SmartLiving,Home & Kitchen,2026-01-13,129,8385.0,0.0109,0.0021,0.0073,0.0442,4.62,0.49,89.9
SmartLiving,Home & Kitchen,2026-01-20,217,14105.0,0.0122,0.0049,0.0074,0.0416,4.68,0.6,88.7
SmartLiving,Home & Kitchen,2026-01-27,278,18070.0,0.0085,0.004,0.0137,0.0464,4.69,0.79,87.8
SmartLiving,Home & Kitchen,2026-02-03,199,12935.0,0.0165,0.0041,0.0117,0.0288,4.54,0.59,89.1
SmartLiving,Home & Kitchen,2026-02-10,272,17680.0,0.0188,0.0031,0.009,0.0361,4.61,0.47,90.0
SmartLiving,Home & Kitchen,2026-02-17,257,16705.0,0.0122,0.0026,0.0111,0.0332,4.77,0.68,90.4
SmartLiving,Home & Kitchen,2026-02-24,119,7735.0,0.0127,0.0023,0.0092,0.0495,4.38,0.44,88.3
SmartLiving,Home & Kitchen,2026-03-03,246,15990.0,0.0084,0.0035,0.0057,0.0339,4.6,0.41,91.5
SmartLiving,Home & Kitchen,2026-03-10,248,16120.0,0.0108,0.0024,0.0052,0.0308,4.74,0.46,92.5
SmartLiving,Home & Kitchen,2026-03-17,235,15275.0,0.0129,0.0044,0.0143,0.0479,4.3,0.42,87.8
SmartLiving,Home & Kitchen,2026-03-24,176,11440.0,0.019,0.002,0.0077,0.0476,4.34,0.67,88.2
SmartLiving,Home & Kitchen,2026-03-31,202,13130.0,0.0132,0.0037,0.0144,0.0422,4.57,0.59,88.8
SmartLiving,Home & Kitchen,2026-04-07,104,6760.0,0.0133,0.0039,0.014,0.0465,4.55,0.56,87.5
SmartLiving,Home & Kitchen,2026-04-14,290,18850.0,0.0167,0.0032,0.0149,0.0337,4.66,0.6,89.2
SmartLiving,Home & Kitchen,2026-04-21,286,18590.0,0.016,0.0047,0.0075,0.0307,4.38,0.78,90.7
SmartLiving,Home & Kitchen,2026-04-28,161,10465.0,0.0185,0.0041,0.0128,0.0478,4.79,0.44,86.6
SmartLiving,Home & Kitchen,2026-05-05,116,7540.0,0.016,0.0023,0.0077,0.0396,4.58,0.66,89.3
SmartLiving,Home & Kitchen,2026-05-12,275,17875.0,0.0067,0.0044,0.0128,0.0298,4.63,0.6,90.1
SmartLiving,Home & Kitchen,2026-05-19,149,9685.0,0.0117,0.0012,0.0086,0.0427,4.48,0.55,90.3
SmartLiving,Home & Kitchen,2026-05-26,211,13715.0,0.0198,0.0029,0.0097,0.0393,4.58,0.75,88.7
SmartLiving,Home & Kitchen,2026-06-02,107,6955.0,0.0119,0.0011,0.0067,0.0347,4.71,0.61,91.0
SmartLiving,Home & Kitchen,2026-06-09,224,14560.0,0.0199,0.0022,0.0074,0.037,4.72,0.68,88.8
SmartLiving,Home & Kitchen,2026-06-16,116,7540.0,0.0199,0.0036,0.0063,0.0352,4.56,0.63,89.6
SmartLiving,Home & Kitchen,2026-06-23,128,8320.0,0.0092,0.003,0.0127,0.0412,4.36,0.79,89.3
CookMaster,Home & Kitchen,2025-07-01,248,16120.0,0.0093,0.0046,0.0086,0.0219,4.6,0.72,91.7
CookMaster,Home & Kitchen,2025-07-08,131,8515.0,0.0196,0.0039,0.0052,0.0464,4.35,0.69,87.4
CookMaster,Home & Kitchen,2025-07-15,290,18850.0,0.0099,0.002,0.0111,0.047,4.45,0.74,88.1
CookMaster,Home & Kitchen,2025-07-22,154,10010.0,0.014,0.0017,0.0098,0.0397,4.52,0.58,89.9
CookMaster,Home & Kitchen,2025-07-29,225,14625.0,0.0177,0.0024,0.0055,0.0496,4.43,0.55,87.5
CookMaster,Home & Kitchen,2025-08-05,221,14365.0,0.0142,0.0015,0.0066,0.0392,4.71,0.64,90.0
CookMaster,Home & Kitchen,2025-08-12,194,12610.0,0.0174,0.0021,0.0069,0.0492,4.66,0.41,88.8
CookMaster,Home & Kitchen,2025-08-19,271,17615.0,0.0093,0.0014,0.0113,0.0273,4.44,0.59,92.7
CookMaster,Home & Kitchen,2025-08-26,279,18135.0,0.0142,0.0023,0.0127,0.0491,4.77,0.49,86.9
CookMaster,Home & Kitchen,2025-09-02,199,12935.0,0.0074,0.0013,0.0077,0.0382,4.36,0.65,91.2
CookMaster,Home & Kitchen,2025-09-09,176,11440.0,0.0115,0.0015,0.0121,0.0265,4.39,0.66,91.2
CookMaster,Home & Kitchen,2025-09-16,204,13260.0,0.0114,0.0042,0.0122,0.0458,4.3,0.54,88.9
CookMaster,Home & Kitchen,2025-09-23,205,13325.0,0.0176,0.004,0.0149,0.0384,4.53,0.8,86.8
CookMaster,Home & Kitchen,2025-09-30,166,10790.0,0.0059,0.0013,0.008,0.0354,4.5,0.78,91.0
CookMaster,Home & Kitchen,2025-10-07,240,15600.0,0.0089,0.003,0.0092,0.0287,4.7,0.66,91.7
CookMaster,Home & Kitchen,2025-10-14,213,13845.0,0.0154,0.0048,0.0113,0.0245,4.64,0.75,89.8
CookMaster,Home & Kitchen,2025-10-21,247,16055.0,0.0053,0.0029,0.0143,0.0318,4.51,0.59,91.0
CookMaster,Home & Kitchen,2025-10-28,296,19240.0,0.0182,0.0012,0.0144,0.0368,4.63,0.71,88.3
CookMaster,Home & Kitchen,2025-11-04,288,18720.0,0.0128,0.0033,0.0063,0.0452,4.69,0.59,89.5
CookMaster,Home & Kitchen,2025-11-11,172,11180.0,0.0136,0.0027,0.0076,0.0428,4.57,0.55,88.5
CookMaster,Home & Kitchen,2025-11-18,196,12740.0,0.0194,0.002,0.0051,0.033,4.48,0.72,90.7
CookMaster,Home & Kitchen,2025-11-25,256,16640.0,0.016,0.0032,0.007,0.0362,4.39,0.72,89.9
CookMaster,Home & Kitchen,2025-12-02,143,9295.0,0.0122,0.0028,0.0135,0.0413,4.32,0.75,88.2
CookMaster,Home & Kitchen,2025-12-09,138,8970.0,0.0173,0.0036,0.009,0.0342,4.66,0.51,90.3
CookMaster,Home & Kitchen,2025-12-16,283,18395.0,0.0199,0.0043,0.0125,0.0262,4.74,0.76,89.6
CookMaster,Home & Kitchen,2025-12-23,157,10205.0,0.0166,0.0044,0.0121,0.0352,4.61,0.5,89.1
CookMaster,Home & Kitchen,2025-12-30,133,8645.0,0.0149,0.0032,0.0138,0.0335,4.33,0.67,89.9
CookMaster,Home & Kitchen,2026-01-06,273,17745.0,0.0114,0.0027,0.0094,0.0225,4.75,0.8,93.1
CookMaster,Home & Kitchen,2026-01-13,174,11310.0,0.0185,0.0043,0.0144,0.0461,4.73,0.74,85.5
CookMaster,Home & Kitchen,2026-01-20,249,16185.0,0.0187,0.0043,0.0095,0.0316,4.42,0.44,89.2
CookMaster,Home & Kitchen,2026-01-27,277,18005.0,0.013,0.0011,0.0145,0.0283,4.31,0.63,89.8
CookMaster,Home & Kitchen,2026-02-03,208,13520.0,0.0063,0.0012,0.0102,0.0274,4.35,0.77,92.5
CookMaster,Home & Kitchen,2026-02-10,113,7345.0,0.0141,0.0025,0.0068,0.0406,4.8,0.69,89.7
CookMaster,Home & Kitchen,2026-02-17,253,16445.0,0.0182,0.0019,0.014,0.0302,4.45,0.52,89.9
CookMaster,Home & Kitchen,2026-02-24,177,11505.0,0.0149,0.0039,0.014,0.033,4.38,0.57,88.7
CookMaster,Home & Kitchen,2026-03-03,248,16120.0,0.0116,0.0049,0.0107,0.0261,4.45,0.77,91.4
CookMaster,Home & Kitchen,2026-03-10,219,14235.0,0.0099,0.0045,0.0061,0.0211,4.4,0.45,92.6
CookMaster,Home & Kitchen,2026-03-17,136,8840.0,0.0164,0.0037,0.0095,0.0467,4.61,0.73,88.7
CookMaster,Home & Kitchen,2026-03-24,171,11115.0,0.0168,0.0021,0.0068,0.0216,4.59,0.53,92.7
CookMaster,Home & Kitchen,2026-03-31,232,15080.0,0.0178,0.0017,0.0099,0.042,4.69,0.49,89.2
CookMaster,Home & Kitchen,2026-04-07,242,15730.0,0.0158,0.0022,0.0067,0.0244,4.46,0.54,92.3
CookMaster,Home & Kitchen,2026-04-14,146,9490.0,0.006,0.0037,0.0096,0.0449,4.35,0.52,88.8
CookMaster,Home & Kitchen,2026-04-21,129,8385.0,0.0191,0.0032,0.0129,0.0398,4.56,0.66,87.0
CookMaster,Home & Kitchen,2026-04-28,217,14105.0,0.0102,0.0012,0.0122,0.0486,4.43,0.59,87.6
CookMaster,Home & Kitchen,2026-05-05,152,9880.0,0.007,0.0047,0.0095,0.0312,4.53,0.66,91.9
CookMaster,Home & Kitchen,2026-05-12,244,15860.0,0.0148,0.003,0.0123,0.0344,4.44,0.74,89.1
CookMaster,Home & Kitchen,2026-05-19,146,9490.0,0.0086,0.002,0.0081,0.0379,4.39,0.67,90.1
CookMaster,Home & Kitchen,2026-05-26,106,6890.0,0.0081,0.0025,0.0104,0.0384,4.53,0.71,90.9
CookMaster,Home & Kitchen,2026-06-02,127,8255.0,0.009,0.0021,0.0139,0.0432,4.76,0.65,88.0
CookMaster,Home & Kitchen,2026-06-09,268,17420.0,0.0075,0.0048,0.0082,0.03,4.72,0.68,91.8
CookMaster,Home & Kitchen,2026-06-16,111,7215.0,0.0083,0.0048,0.0103,0.0314,4.68,0.41,90.8
CookMaster,Home & Kitchen,2026-06-23,154,10010.0,0.014,0.0025,0.0085,0.0448,4.3,0.63,89.4
Cozydwell,Home & Kitchen,2025-07-01,118,7670.0,0.0176,0.0024,0.0112,0.0347,4.78,0.79,90.2
Cozydwell,Home & Kitchen,2025-07-08,145,9425.0,0.0153,0.0019,0.0089,0.038,4.49,0.45,89.5
Cozydwell,Home & Kitchen,2025-07-15,199,12935.0,0.0141,0.0028,0.0128,0.0328,4.38,0.5,90.7
Cozydwell,Home & Kitchen,2025-07-22,210,13650.0,0.0134,0.0037,0.0056,0.0461,4.39,0.66,88.5
Cozydwell,Home & Kitchen,2025-07-29,124,8060.0,0.007,0.0025,0.0131,0.0371,4.35,0.5,89.9
Cozydwell,Home & Kitchen,2025-08-05,221,14365.0,0.0089,0.0034,0.0108,0.0319,4.8,0.7,91.6
Cozydwell,Home & Kitchen,2025-08-12,194,12610.0,0.0118,0.0045,0.0065,0.0353,4.62,0.76,90.5
Cozydwell,Home & Kitchen,2025-08-19,110,7150.0,0.0131,0.0014,0.0091,0.0364,4.53,0.76,91.2
Cozydwell,Home & Kitchen,2025-08-26,275,17875.0,0.0101,0.0013,0.0083,0.0338,4.78,0.76,91.0
Cozydwell,Home & Kitchen,2025-09-02,174,11310.0,0.0127,0.0016,0.0139,0.0288,4.67,0.79,91.1
Cozydwell,Home & Kitchen,2025-09-09,132,8580.0,0.0116,0.0044,0.0055,0.0465,4.73,0.6,89.1
Cozydwell,Home & Kitchen,2025-09-16,112,7280.0,0.0106,0.0016,0.0138,0.0425,4.68,0.6,89.2
Cozydwell,Home & Kitchen,2025-09-23,208,13520.0,0.0155,0.0038,0.0096,0.0241,4.46,0.68,90.8
Cozydwell,Home & Kitchen,2025-09-30,190,12350.0,0.0085,0.0025,0.0129,0.0421,4.76,0.4,88.3
Cozydwell,Home & Kitchen,2025-10-07,289,18785.0,0.0146,0.0023,0.0113,0.045,4.39,0.61,89.1
Cozydwell,Home & Kitchen,2025-10-14,206,13390.0,0.0083,0.0034,0.0112,0.0332,4.54,0.69,91.6
Cozydwell,Home & Kitchen,2025-10-21,215,13975.0,0.0157,0.0022,0.0105,0.0388,4.54,0.73,89.8
Cozydwell,Home & Kitchen,2025-10-28,120,7800.0,0.0126,0.0016,0.0119,0.0301,4.43,0.71,91.7
Cozydwell,Home & Kitchen,2025-11-04,101,6565.0,0.0194,0.0018,0.0144,0.032,4.56,0.62,88.2
Cozydwell,Home & Kitchen,2025-11-11,277,18005.0,0.0158,0.0035,0.0059,0.0234,4.35,0.46,92.5
Cozydwell,Home & Kitchen,2025-11-18,258,16770.0,0.0127,0.0029,0.009,0.0459,4.47,0.7,88.2
Cozydwell,Home & Kitchen,2025-11-25,134,8710.0,0.0173,0.0049,0.0096,0.0447,4.65,0.72,88.5
Cozydwell,Home & Kitchen,2025-12-02,153,9945.0,0.0188,0.0047,0.013,0.0495,4.7,0.52,85.0
Cozydwell,Home & Kitchen,2025-12-09,260,16900.0,0.0183,0.0028,0.0078,0.0475,4.49,0.53,87.9
Cozydwell,Home & Kitchen,2025-12-16,221,14365.0,0.0133,0.0022,0.0063,0.0432,4.41,0.51,89.2
Cozydwell,Home & Kitchen,2025-12-23,279,18135.0,0.0168,0.0035,0.0084,0.041,4.72,0.71,89.0
Cozydwell,Home & Kitchen,2025-12-30,162,10530.0,0.0167,0.0042,0.0132,0.0342,4.4,0.7,87.9
Cozydwell,Home & Kitchen,2026-01-06,102,6630.0,0.0167,0.0039,0.0147,0.0234,4.59,0.76,90.4
Cozydwell,Home & Kitchen,2026-01-13,248,16120.0,0.0113,0.002,0.0132,0.0496,4.43,0.73,86.8
Cozydwell,Home & Kitchen,2026-01-20,202,13130.0,0.0069,0.0019,0.0061,0.0486,4.44,0.76,89.9
Cozydwell,Home & Kitchen,2026-01-27,224,14560.0,0.0146,0.0046,0.0104,0.0283,4.74,0.76,90.4
Cozydwell,Home & Kitchen,2026-02-03,247,16055.0,0.018,0.0041,0.0113,0.0495,4.64,0.42,87.5
Cozydwell,Home & Kitchen,2026-02-10,129,8385.0,0.0196,0.0023,0.0093,0.0282,4.59,0.46,89.5
Cozydwell,Home & Kitchen,2026-02-17,141,9165.0,0.0102,0.0038,0.0059,0.0467,4.75,0.8,88.6
Cozydwell,Home & Kitchen,2026-02-24,159,10335.0,0.0157,0.0024,0.0123,0.0482,4.35,0.59,86.9
Cozydwell,Home & Kitchen,2026-03-03,283,18395.0,0.0122,0.0024,0.0099,0.0477,4.54,0.58,87.5
Cozydwell,Home & Kitchen,2026-03-10,272,17680.0,0.0135,0.005,0.0114,0.0408,4.55,0.73,88.0
Cozydwell,Home & Kitchen,2026-03-17,276,17940.0,0.0103,0.004,0.0099,0.0209,4.61,0.77,92.2
Cozydwell,Home & Kitchen,2026-03-24,140,9100.0,0.0186,0.0011,0.0095,0.0404,4.35,0.78,88.8
Cozydwell,Home & Kitchen,2026-03-31,160,10400.0,0.0069,0.0046,0.0119,0.0278,4.75,0.73,91.1
Cozydwell,Home & Kitchen,2026-04-07,191,12415.0,0.0079,0.0026,0.0067,0.0207,4.41,0.59,93.8
Cozydwell,Home & Kitchen,2026-04-14,210,13650.0,0.0157,0.0021,0.005,0.046,4.71,0.55,88.5
Cozydwell,Home & Kitchen,2026-04-21,224,14560.0,0.0065,0.0026,0.0052,0.0469,4.56,0.42,91.0
Cozydwell,Home & Kitchen,2026-04-28,138,8970.0,0.0062,0.004,0.0094,0.0418,4.64,0.46,89.2
Cozydwell,Home & Kitchen,2026-05-05,217,14105.0,0.0093,0.001,0.0073,0.0326,4.36,0.76,91.2
Cozydwell,Home & Kitchen,2026-05-12,110,7150.0,0.005,0.0047,0.0105,0.0478,4.47,0.56,88.4
Cozydwell,Home & Kitchen,2026-05-19,192,12480.0,0.01,0.0017,0.0101,0.0352,4.37,0.56,90.2
Cozydwell,Home & Kitchen,2026-05-26,227,14755.0,0.006,0.0015,0.0142,0.0389,4.72,0.58,90.9
Cozydwell,Home & Kitchen,2026-06-02,151,9815.0,0.0117,0.0024,0.0097,0.0329,4.62,0.44,91.7
Cozydwell,Home & Kitchen,2026-06-09,173,11245.0,0.0184,0.0042,0.0125,0.0211,4.7,0.49,89.8
Cozydwell,Home & Kitchen,2026-06-16,293,19045.0,0.0148,0.0047,0.0066,0.0379,4.47,0.51,89.5
Cozydwell,Home & Kitchen,2026-06-23,158,10270.0,0.0107,0.0024,0.0096,0.0283,4.39,0.74,91.7
WoodCraft,Home & Kitchen,2025-07-01,274,17810.0,0.0094,0.002,0.0114,0.0313,4.61,0.65,90.7
WoodCraft,Home & Kitchen,2025-07-08,232,15080.0,0.0188,0.0031,0.0122,0.0233,4.43,0.51,91.4
WoodCraft,Home & Kitchen,2025-07-15,211,13715.0,0.0118,0.0032,0.0062,0.0441,4.69,0.55,88.6
WoodCraft,Home & Kitchen,2025-07-22,114,7410.0,0.0058,0.0039,0.0104,0.0449,4.44,0.8,90.2
WoodCraft,Home & Kitchen,2025-07-29,284,18460.0,0.0152,0.0039,0.0149,0.0362,4.44,0.79,88.7
WoodCraft,Home & Kitchen,2025-08-05,137,8905.0,0.0198,0.0027,0.0145,0.0211,4.67,0.5,90.6
WoodCraft,Home & Kitchen,2025-08-12,266,17290.0,0.0199,0.004,0.0146,0.0289,4.38,0.6,88.8
WoodCraft,Home & Kitchen,2025-08-19,177,11505.0,0.0122,0.0031,0.0064,0.0474,4.76,0.41,89.4
WoodCraft,Home & Kitchen,2025-08-26,284,18460.0,0.0119,0.0016,0.0086,0.0457,4.32,0.45,88.5
WoodCraft,Home & Kitchen,2025-09-02,230,14950.0,0.0199,0.0012,0.0073,0.0319,4.52,0.62,91.3
WoodCraft,Home & Kitchen,2025-09-09,107,6955.0,0.0145,0.0039,0.0127,0.0391,4.42,0.69,89.2
WoodCraft,Home & Kitchen,2025-09-16,208,13520.0,0.0176,0.004,0.0122,0.0499,4.43,0.62,86.9
WoodCraft,Home & Kitchen,2025-09-23,229,14885.0,0.0101,0.0025,0.0147,0.0202,4.79,0.8,92.8
WoodCraft,Home & Kitchen,2025-09-30,176,11440.0,0.0093,0.0014,0.0136,0.0377,4.75,0.79,90.3
WoodCraft,Home & Kitchen,2025-10-07,290,18850.0,0.0147,0.0042,0.0129,0.0257,4.63,0.63,89.7
WoodCraft,Home & Kitchen,2025-10-14,176,11440.0,0.0063,0.0012,0.0135,0.0419,4.65,0.55,89.4
WoodCraft,Home & Kitchen,2025-10-21,196,12740.0,0.0158,0.0038,0.0103,0.0433,4.59,0.69,87.7
WoodCraft,Home & Kitchen,2025-10-28,249,16185.0,0.0117,0.0046,0.0129,0.0238,4.61,0.64,91.9
WoodCraft,Home & Kitchen,2025-11-04,208,13520.0,0.0125,0.0033,0.0121,0.0433,4.44,0.52,87.7
WoodCraft,Home & Kitchen,2025-11-11,221,14365.0,0.0113,0.0021,0.014,0.0255,4.64,0.62,92.0
WoodCraft,Home & Kitchen,2025-11-18,250,16250.0,0.0116,0.0025,0.0117,0.0481,4.34,0.58,87.7
WoodCraft,Home & Kitchen,2025-11-25,262,17030.0,0.0137,0.0017,0.0072,0.0271,4.52,0.61,92.9
WoodCraft,Home & Kitchen,2025-12-02,136,8840.0,0.0109,0.0033,0.0074,0.0224,4.31,0.44,92.2
WoodCraft,Home & Kitchen,2025-12-09,280,18200.0,0.011,0.0026,0.0091,0.0229,4.79,0.54,91.7
WoodCraft,Home & Kitchen,2025-12-16,221,14365.0,0.0199,0.0019,0.0078,0.0492,4.39,0.5,87.6
WoodCraft,Home & Kitchen,2025-12-23,254,16510.0,0.0115,0.0035,0.0089,0.0307,4.3,0.76,91.6
WoodCraft,Home & Kitchen,2025-12-30,110,7150.0,0.0138,0.0037,0.0118,0.0454,4.3,0.67,87.3
WoodCraft,Home & Kitchen,2026-01-06,177,11505.0,0.0094,0.0047,0.0105,0.0437,4.41,0.75,88.4
WoodCraft,Home & Kitchen,2026-01-13,112,7280.0,0.0083,0.0047,0.0107,0.0231,4.4,0.48,93.0
WoodCraft,Home & Kitchen,2026-01-20,131,8515.0,0.0117,0.0047,0.01,0.0408,4.33,0.54,89.4
WoodCraft,Home & Kitchen,2026-01-27,246,15990.0,0.0159,0.0013,0.0109,0.0345,4.79,0.58,90.6
WoodCraft,Home & Kitchen,2026-02-03,284,18460.0,0.0124,0.004,0.0102,0.0226,4.67,0.76,92.4
WoodCraft,Home & Kitchen,2026-02-10,270,17550.0,0.0061,0.0023,0.0097,0.0499,4.52,0.68,89.5
WoodCraft,Home & Kitchen,2026-02-17,259,16835.0,0.014,0.0012,0.0058,0.0206,4.49,0.47,93.8
WoodCraft,Home & Kitchen,2026-02-24,111,7215.0,0.0129,0.0021,0.0131,0.0256,4.44,0.67,90.4
WoodCraft,Home & Kitchen,2026-03-03,281,18265.0,0.0138,0.0018,0.0063,0.0322,4.41,0.76,90.9
WoodCraft,Home & Kitchen,2026-03-10,243,15795.0,0.0175,0.0033,0.0065,0.0289,4.54,0.5,91.3
WoodCraft,Home & Kitchen,2026-03-17,245,15925.0,0.0061,0.001,0.0088,0.038,4.61,0.45,91.3
WoodCraft,Home & Kitchen,2026-03-24,268,17420.0,0.0114,0.0038,0.0104,0.0206,4.78,0.5,92.9
WoodCraft,Home & Kitchen,2026-03-31,280,18200.0,0.0107,0.0013,0.0057,0.0213,4.5,0.48,94.2
WoodCraft,Home & Kitchen,2026-04-07,202,13130.0,0.012,0.0023,0.0112,0.0493,4.51,0.59,87.8
WoodCraft,Home & Kitchen,2026-04-14,146,9490.0,0.0066,0.0011,0.0132,0.0475,4.4,0.51,89.0
WoodCraft,Home & Kitchen,2026-04-21,123,7995.0,0.0058,0.0041,0.0117,0.035,4.53,0.57,90.5
WoodCraft,Home & Kitchen,2026-04-28,146,9490.0,0.0106,0.0031,0.0095,0.0467,4.65,0.68,89.5
WoodCraft,Home & Kitchen,2026-05-05,143,9295.0,0.0137,0.0049,0.0092,0.0264,4.56,0.53,91.2
WoodCraft,Home & Kitchen,2026-05-12,114,7410.0,0.0105,0.0045,0.0143,0.0207,4.79,0.61,91.8
WoodCraft,Home & Kitchen,2026-05-19,182,11830.0,0.0143,0.0021,0.0052,0.0366,4.59,0.43,90.7
WoodCraft,Home & Kitchen,2026-05-26,292,18980.0,0.0171,0.004,0.007,0.0459,4.47,0.43,89.0
WoodCraft,Home & Kitchen,2026-06-02,198,12870.0,0.0053,0.0034,0.0099,0.0259,4.8,0.52,93.3
WoodCraft,Home & Kitchen,2026-06-09,204,13260.0,0.0109,0.0048,0.0101,0.034,4.64,0.53,89.6
WoodCraft,Home & Kitchen,2026-06-16,168,10920.0,0.0196,0.0023,0.0066,0.0353,4.49,0.76,89.2
WoodCraft,Home & Kitchen,2026-06-23,132,8580.0,0.0061,0.001,0.0081,0.0318,4.42,0.61,91.6
UrbanNest,Home & Kitchen,2025-07-01,228,14820.0,0.0199,0.0041,0.0123,0.0308,4.57,0.65,89.2
UrbanNest,Home & Kitchen,2025-07-08,237,15405.0,0.0105,0.003,0.0056,0.0484,4.68,0.47,89.8
UrbanNest,Home & Kitchen,2025-07-15,258,16770.0,0.0178,0.0016,0.0052,0.0407,4.35,0.7,89.0
UrbanNest,Home & Kitchen,2025-07-22,169,10985.0,0.0059,0.0014,0.0093,0.0296,4.65,0.71,93.2
UrbanNest,Home & Kitchen,2025-07-29,230,14950.0,0.0176,0.0024,0.0072,0.0461,4.75,0.54,88.1
UrbanNest,Home & Kitchen,2025-08-05,117,7605.0,0.0161,0.0042,0.0075,0.0415,4.71,0.47,88.5
UrbanNest,Home & Kitchen,2025-08-12,285,18525.0,0.013,0.0021,0.0066,0.0345,4.53,0.78,91.1
UrbanNest,Home & Kitchen,2025-08-19,181,11765.0,0.0125,0.0031,0.0069,0.0407,4.75,0.43,89.2
UrbanNest,Home & Kitchen,2025-08-26,162,10530.0,0.0172,0.0032,0.0137,0.0429,4.73,0.5,86.5
UrbanNest,Home & Kitchen,2025-09-02,104,6760.0,0.0184,0.0027,0.0129,0.0271,4.77,0.7,90.1
UrbanNest,Home & Kitchen,2025-09-09,102,6630.0,0.0096,0.0028,0.0067,0.0419,4.39,0.67,89.9
UrbanNest,Home & Kitchen,2025-09-16,237,15405.0,0.0055,0.0015,0.0082,0.0303,4.75,0.79,93.1
UrbanNest,Home & Kitchen,2025-09-23,213,13845.0,0.0151,0.0031,0.0089,0.0245,4.31,0.44,91.0
UrbanNest,Home & Kitchen,2025-09-30,145,9425.0,0.0057,0.0018,0.0125,0.0413,4.44,0.74,89.1
UrbanNest,Home & Kitchen,2025-10-07,102,6630.0,0.0165,0.0033,0.0093,0.0423,4.78,0.46,88.0
UrbanNest,Home & Kitchen,2025-10-14,123,7995.0,0.0114,0.0022,0.0114,0.0325,4.6,0.46,90.4
UrbanNest,Home & Kitchen,2025-10-21,226,14690.0,0.0112,0.0041,0.0091,0.0409,4.55,0.72,88.8
UrbanNest,Home & Kitchen,2025-10-28,101,6565.0,0.0162,0.0039,0.0091,0.039,4.59,0.64,88.8
UrbanNest,Home & Kitchen,2025-11-04,228,14820.0,0.007,0.0045,0.0133,0.0396,4.53,0.73,90.1
UrbanNest,Home & Kitchen,2025-11-11,274,17810.0,0.0104,0.0038,0.0145,0.0489,4.58,0.47,87.5
UrbanNest,Home & Kitchen,2025-11-18,290,18850.0,0.0057,0.0043,0.0081,0.0219,4.34,0.47,92.7
UrbanNest,Home & Kitchen,2025-11-25,286,18590.0,0.014,0.0047,0.0073,0.0348,4.74,0.42,89.2
UrbanNest,Home & Kitchen,2025-12-02,164,10660.0,0.0142,0.002,0.008,0.0384,4.77,0.71,90.4
UrbanNest,Home & Kitchen,2025-12-09,210,13650.0,0.0061,0.0012,0.0065,0.0315,4.37,0.41,93.5
UrbanNest,Home & Kitchen,2025-12-16,226,14690.0,0.0085,0.0018,0.0072,0.0413,4.32,0.64,89.7
UrbanNest,Home & Kitchen,2025-12-23,171,11115.0,0.0193,0.0012,0.0089,0.0346,4.37,0.51,90.6
UrbanNest,Home & Kitchen,2025-12-30,149,9685.0,0.0057,0.002,0.0085,0.045,4.48,0.58,90.7
UrbanNest,Home & Kitchen,2026-01-06,208,13520.0,0.0061,0.0031,0.0149,0.0421,4.46,0.71,89.7
UrbanNest,Home & Kitchen,2026-01-13,116,7540.0,0.0167,0.0034,0.0074,0.0358,4.42,0.55,90.4
UrbanNest,Home & Kitchen,2026-01-20,260,16900.0,0.0192,0.0033,0.0101,0.0452,4.73,0.77,87.5
UrbanNest,Home & Kitchen,2026-01-27,187,12155.0,0.0099,0.0026,0.0132,0.0378,4.8,0.51,90.1
UrbanNest,Home & Kitchen,2026-02-03,258,16770.0,0.0084,0.0019,0.0136,0.0468,4.43,0.73,88.4
UrbanNest,Home & Kitchen,2026-02-10,115,7475.0,0.0074,0.0038,0.0104,0.0456,4.34,0.52,89.7
UrbanNest,Home & Kitchen,2026-02-17,115,7475.0,0.0175,0.0023,0.0075,0.0284,4.77,0.4,90.8
UrbanNest,Home & Kitchen,2026-02-24,126,8190.0,0.0125,0.0025,0.014,0.0273,4.44,0.7,89.8
UrbanNest,Home & Kitchen,2026-03-03,124,8060.0,0.0102,0.004,0.0053,0.0365,4.78,0.51,91.9
UrbanNest,Home & Kitchen,2026-03-10,216,14040.0,0.013,0.0021,0.0085,0.0281,4.6,0.74,92.5
UrbanNest,Home & Kitchen,2026-03-17,186,12090.0,0.0127,0.001,0.0088,0.0233,4.51,0.58,93.2
UrbanNest,Home & Kitchen,2026-03-24,127,8255.0,0.0173,0.0033,0.008,0.0289,4.48,0.49,90.9
UrbanNest,Home & Kitchen,2026-03-31,149,9685.0,0.0115,0.0015,0.0092,0.0452,4.61,0.54,89.8
UrbanNest,Home & Kitchen,2026-04-07,223,14495.0,0.0136,0.0038,0.0092,0.0267,4.66,0.6,91.4
UrbanNest,Home & Kitchen,2026-04-14,115,7475.0,0.0171,0.0034,0.0105,0.0478,4.57,0.42,87.4
UrbanNest,Home & Kitchen,2026-04-21,293,19045.0,0.0141,0.0022,0.0133,0.025,4.33,0.51,90.3
UrbanNest,Home & Kitchen,2026-04-28,220,14300.0,0.0195,0.0036,0.0118,0.0388,4.61,0.62,87.3
UrbanNest,Home & Kitchen,2026-05-05,232,15080.0,0.006,0.0049,0.0062,0.0278,4.75,0.45,92.4
UrbanNest,Home & Kitchen,2026-05-12,243,15795.0,0.0141,0.0018,0.0084,0.0454,4.34,0.59,89.7
UrbanNest,Home & Kitchen,2026-05-19,151,9815.0,0.0084,0.0049,0.0058,0.0221,4.6,0.78,93.5
UrbanNest,Home & Kitchen,2026-05-26,277,18005.0,0.0123,0.0027,0.0121,0.0394,4.39,0.5,88.6
UrbanNest,Home & Kitchen,2026-06-02,257,16705.0,0.0187,0.0049,0.01,0.0287,4.69,0.71,88.9
UrbanNest,Home & Kitchen,2026-06-09,110,7150.0,0.0137,0.0027,0.0071,0.0327,4.63,0.53,90.1
UrbanNest,Home & Kitchen,2026-06-16,158,10270.0,0.0053,0.0034,0.0128,0.0436,4.32,0.77,90.1
UrbanNest,Home & Kitchen,2026-06-23,296,19240.0,0.0153,0.0014,0.0063,0.0242,4.32,0.72,92.5
TableWare,Home & Kitchen,2025-07-01,101,6565.0,0.0097,0.0038,0.0066,0.0204,4.6,0.64,94.1
TableWare,Home & Kitchen,2025-07-08,129,8385.0,0.0084,0.0028,0.0139,0.0304,4.49,0.61,91.4
TableWare,Home & Kitchen,2025-07-15,111,7215.0,0.0077,0.0026,0.0099,0.049,4.79,0.53,89.6
TableWare,Home & Kitchen,2025-07-22,167,10855.0,0.0125,0.0046,0.0113,0.0319,4.36,0.79,89.5
TableWare,Home & Kitchen,2025-07-29,145,9425.0,0.0154,0.0026,0.0053,0.0479,4.77,0.78,89.7
TableWare,Home & Kitchen,2025-08-05,267,17355.0,0.0103,0.0045,0.0059,0.03,4.48,0.45,90.8
TableWare,Home & Kitchen,2025-08-12,194,12610.0,0.0081,0.0039,0.0131,0.0242,4.54,0.47,91.1
TableWare,Home & Kitchen,2025-08-19,282,18330.0,0.0107,0.0013,0.009,0.0378,4.44,0.46,91.3
TableWare,Home & Kitchen,2025-08-26,236,15340.0,0.011,0.0029,0.0104,0.0282,4.56,0.53,91.3
TableWare,Home & Kitchen,2025-09-02,262,17030.0,0.0149,0.0049,0.0113,0.0464,4.46,0.76,87.1
TableWare,Home & Kitchen,2025-09-09,175,11375.0,0.0088,0.0027,0.0102,0.0229,4.67,0.56,91.7
TableWare,Home & Kitchen,2025-09-16,230,14950.0,0.0125,0.0048,0.0101,0.0342,4.52,0.61,89.5
TableWare,Home & Kitchen,2025-09-23,269,17485.0,0.0194,0.0036,0.0148,0.0294,4.39,0.59,88.6
TableWare,Home & Kitchen,2025-09-30,292,18980.0,0.0187,0.0044,0.0109,0.0313,4.34,0.7,89.2
TableWare,Home & Kitchen,2025-10-07,182,11830.0,0.0065,0.0035,0.0062,0.0453,4.8,0.58,89.9
TableWare,Home & Kitchen,2025-10-14,168,10920.0,0.007,0.003,0.0128,0.0266,4.74,0.71,90.8
TableWare,Home & Kitchen,2025-10-21,156,10140.0,0.0105,0.0037,0.011,0.0358,4.75,0.51,88.9
TableWare,Home & Kitchen,2025-10-28,208,13520.0,0.0134,0.001,0.0087,0.0242,4.64,0.52,92.3
TableWare,Home & Kitchen,2025-11-04,121,7865.0,0.0092,0.0034,0.0149,0.0464,4.57,0.68,88.8
TableWare,Home & Kitchen,2025-11-11,158,10270.0,0.0182,0.0022,0.015,0.0486,4.77,0.49,87.1
TableWare,Home & Kitchen,2025-11-18,209,13585.0,0.0195,0.0047,0.0088,0.0355,4.53,0.68,89.6
TableWare,Home & Kitchen,2025-11-25,181,11765.0,0.0135,0.0013,0.011,0.0204,4.46,0.52,93.3
TableWare,Home & Kitchen,2025-12-02,167,10855.0,0.0125,0.0045,0.0054,0.0477,4.4,0.56,89.5
TableWare,Home & Kitchen,2025-12-09,239,15535.0,0.0066,0.0019,0.01,0.0449,4.37,0.68,89.9
TableWare,Home & Kitchen,2025-12-16,192,12480.0,0.0199,0.0039,0.0052,0.0349,4.61,0.69,90.1
TableWare,Home & Kitchen,2025-12-23,184,11960.0,0.0183,0.0026,0.0054,0.0215,4.44,0.63,92.6
TableWare,Home & Kitchen,2025-12-30,292,18980.0,0.0146,0.0043,0.0125,0.0445,4.63,0.51,88.0
TableWare,Home & Kitchen,2026-01-06,300,19500.0,0.0196,0.0038,0.0144,0.0295,4.47,0.46,89.5
TableWare,Home & Kitchen,2026-01-13,267,17355.0,0.0122,0.0035,0.01,0.049,4.65,0.76,87.4
TableWare,Home & Kitchen,2026-01-20,291,18915.0,0.0171,0.0016,0.0127,0.0474,4.34,0.62,88.0
TableWare,Home & Kitchen,2026-01-27,293,19045.0,0.0055,0.0028,0.0065,0.0447,4.46,0.57,90.4
TableWare,Home & Kitchen,2026-02-03,148,9620.0,0.0061,0.0012,0.0066,0.0392,4.5,0.43,92.2
TableWare,Home & Kitchen,2026-02-10,242,15730.0,0.0192,0.0024,0.0121,0.0357,4.41,0.73,89.4
TableWare,Home & Kitchen,2026-02-17,288,18720.0,0.0052,0.0021,0.0069,0.0352,4.4,0.5,92.6
TableWare,Home & Kitchen,2026-02-24,208,13520.0,0.0164,0.0025,0.0125,0.0487,4.31,0.49,87.2
TableWare,Home & Kitchen,2026-03-03,105,6825.0,0.0098,0.0028,0.0097,0.0284,4.49,0.63,91.8
TableWare,Home & Kitchen,2026-03-10,261,16965.0,0.0088,0.0012,0.0057,0.0273,4.31,0.66,92.6
TableWare,Home & Kitchen,2026-03-17,200,13000.0,0.0061,0.005,0.0137,0.034,4.63,0.48,90.3
TableWare,Home & Kitchen,2026-03-24,184,11960.0,0.0059,0.0029,0.0114,0.0406,4.33,0.63,89.9
TableWare,Home & Kitchen,2026-03-31,272,17680.0,0.0073,0.0027,0.013,0.0285,4.61,0.49,91.2
TableWare,Home & Kitchen,2026-04-07,106,6890.0,0.0169,0.0018,0.0124,0.0485,4.31,0.66,87.1
TableWare,Home & Kitchen,2026-04-14,159,10335.0,0.0153,0.0026,0.0127,0.0492,4.44,0.77,87.5
TableWare,Home & Kitchen,2026-04-21,194,12610.0,0.0155,0.005,0.0053,0.022,4.34,0.45,92.6
TableWare,Home & Kitchen,2026-04-28,140,9100.0,0.0136,0.0015,0.0067,0.0497,4.66,0.68,87.9
TableWare,Home & Kitchen,2026-05-05,117,7605.0,0.0093,0.0022,0.0066,0.0352,4.31,0.77,91.0
TableWare,Home & Kitchen,2026-05-12,281,18265.0,0.0164,0.0039,0.0059,0.0206,4.6,0.63,93.0
TableWare,Home & Kitchen,2026-05-19,151,9815.0,0.0054,0.0026,0.0108,0.0412,4.7,0.44,90.4
TableWare,Home & Kitchen,2026-05-26,136,8840.0,0.0147,0.0028,0.0059,0.0422,4.7,0.48,90.0
TableWare,Home & Kitchen,2026-06-02,184,11960.0,0.0103,0.003,0.0145,0.0482,4.39,0.47,86.9
TableWare,Home & Kitchen,2026-06-09,288,18720.0,0.0197,0.0015,0.0087,0.048,4.74,0.68,87.5
TableWare,Home & Kitchen,2026-06-16,256,16640.0,0.0139,0.0036,0.0053,0.0365,4.6,0.48,89.9
TableWare,Home & Kitchen,2026-06-23,210,13650.0,0.0109,0.0014,0.0076,0.0487,4.46,0.48,88.9
LuxeDecor,Home & Kitchen,2025-07-01,200,13000.0,0.0112,0.003,0.0131,0.0446,4.7,0.72,87.5
LuxeDecor,Home & Kitchen,2025-07-08,270,17550.0,0.0075,0.004,0.0084,0.0241,4.46,0.79,92.3
LuxeDecor,Home & Kitchen,2025-07-15,131,8515.0,0.0186,0.0026,0.0073,0.027,4.63,0.66,91.1
LuxeDecor,Home & Kitchen,2025-07-22,215,13975.0,0.0146,0.0043,0.015,0.0452,4.58,0.67,86.3
LuxeDecor,Home & Kitchen,2025-07-29,106,6890.0,0.0111,0.0013,0.0137,0.0367,4.47,0.52,89.5
LuxeDecor,Home & Kitchen,2025-08-05,202,13130.0,0.0176,0.0013,0.0058,0.0367,4.62,0.7,89.8
LuxeDecor,Home & Kitchen,2025-08-12,281,18265.0,0.0108,0.0044,0.005,0.0356,4.41,0.42,91.4
LuxeDecor,Home & Kitchen,2025-08-19,121,7865.0,0.016,0.0014,0.0103,0.0287,4.79,0.69,91.6
LuxeDecor,Home & Kitchen,2025-08-26,220,14300.0,0.016,0.0011,0.0086,0.0206,4.8,0.62,91.8
LuxeDecor,Home & Kitchen,2025-09-02,145,9425.0,0.0082,0.0032,0.0091,0.0476,4.74,0.54,89.0
LuxeDecor,Home & Kitchen,2025-09-09,119,7735.0,0.0079,0.0029,0.0057,0.041,4.56,0.52,90.8
LuxeDecor,Home & Kitchen,2025-09-16,145,9425.0,0.0162,0.0039,0.0116,0.043,4.59,0.76,87.4
LuxeDecor,Home & Kitchen,2025-09-23,213,13845.0,0.006,0.0036,0.0146,0.0366,4.55,0.5,89.4
LuxeDecor,Home & Kitchen,2025-09-30,276,17940.0,0.0067,0.0037,0.0128,0.0418,4.78,0.68,89.7
LuxeDecor,Home & Kitchen,2025-10-07,297,19305.0,0.005,0.0043,0.0076,0.0465,4.65,0.55,90.0
LuxeDecor,Home & Kitchen,2025-10-14,123,7995.0,0.0179,0.0011,0.0148,0.026,4.36,0.43,90.3
LuxeDecor,Home & Kitchen,2025-10-21,274,17810.0,0.0188,0.0014,0.0137,0.0363,4.32,0.73,88.6
LuxeDecor,Home & Kitchen,2025-10-28,142,9230.0,0.0151,0.0032,0.0086,0.0371,4.43,0.51,89.5
LuxeDecor,Home & Kitchen,2025-11-04,243,15795.0,0.0076,0.0027,0.0061,0.0242,4.61,0.49,93.5
LuxeDecor,Home & Kitchen,2025-11-11,130,8450.0,0.0141,0.0029,0.0093,0.0372,4.35,0.65,90.6
LuxeDecor,Home & Kitchen,2025-11-18,103,6695.0,0.0147,0.0033,0.0068,0.0381,4.33,0.62,90.1
LuxeDecor,Home & Kitchen,2025-11-25,217,14105.0,0.0176,0.003,0.0131,0.0294,4.5,0.77,90.0
LuxeDecor,Home & Kitchen,2025-12-02,111,7215.0,0.0057,0.0011,0.0098,0.0229,4.4,0.63,94.2
LuxeDecor,Home & Kitchen,2025-12-09,126,8190.0,0.016,0.0039,0.0061,0.0281,4.33,0.46,90.2
LuxeDecor,Home & Kitchen,2025-12-16,183,11895.0,0.0198,0.0044,0.0053,0.0484,4.66,0.67,86.8
LuxeDecor,Home & Kitchen,2025-12-23,294,19110.0,0.0163,0.0016,0.0084,0.0248,4.68,0.74,90.9
LuxeDecor,Home & Kitchen,2025-12-30,255,16575.0,0.0141,0.0037,0.0105,0.0305,4.75,0.59,89.4
LuxeDecor,Home & Kitchen,2026-01-06,250,16250.0,0.0194,0.0036,0.008,0.0479,4.67,0.55,87.0
LuxeDecor,Home & Kitchen,2026-01-13,160,10400.0,0.0179,0.0012,0.0148,0.0474,4.48,0.7,87.5
LuxeDecor,Home & Kitchen,2026-01-20,195,12675.0,0.0057,0.0041,0.0071,0.0286,4.55,0.61,92.3
LuxeDecor,Home & Kitchen,2026-01-27,264,17160.0,0.0126,0.0036,0.0141,0.0412,4.32,0.8,88.9
LuxeDecor,Home & Kitchen,2026-02-03,171,11115.0,0.0066,0.0011,0.0079,0.0319,4.58,0.79,92.0
LuxeDecor,Home & Kitchen,2026-02-10,173,11245.0,0.0134,0.004,0.007,0.031,4.31,0.71,91.6
LuxeDecor,Home & Kitchen,2026-02-17,238,15470.0,0.0197,0.005,0.0127,0.0321,4.55,0.79,88.1
LuxeDecor,Home & Kitchen,2026-02-24,197,12805.0,0.0128,0.0017,0.0052,0.0306,4.76,0.78,93.0
LuxeDecor,Home & Kitchen,2026-03-03,225,14625.0,0.0068,0.0021,0.0134,0.0471,4.57,0.77,87.8
LuxeDecor,Home & Kitchen,2026-03-10,132,8580.0,0.0183,0.0016,0.006,0.0201,4.46,0.49,91.9
LuxeDecor,Home & Kitchen,2026-03-17,229,14885.0,0.0192,0.001,0.013,0.0306,4.33,0.53,89.3
LuxeDecor,Home & Kitchen,2026-03-24,150,9750.0,0.0096,0.0025,0.015,0.0433,4.79,0.56,88.8
LuxeDecor,Home & Kitchen,2026-03-31,173,11245.0,0.0178,0.0027,0.0117,0.0218,4.56,0.41,90.1
LuxeDecor,Home & Kitchen,2026-04-07,192,12480.0,0.0159,0.0031,0.0061,0.0395,4.6,0.77,89.7
LuxeDecor,Home & Kitchen,2026-04-14,229,14885.0,0.0154,0.0029,0.006,0.0341,4.34,0.72,91.0
LuxeDecor,Home & Kitchen,2026-04-21,295,19175.0,0.0144,0.0016,0.0094,0.0396,4.65,0.47,90.4
LuxeDecor,Home & Kitchen,2026-04-28,139,9035.0,0.0117,0.0038,0.0115,0.0296,4.42,0.72,90.2
LuxeDecor,Home & Kitchen,2026-05-05,178,11570.0,0.0116,0.0039,0.0143,0.0425,4.52,0.72,87.4
LuxeDecor,Home & Kitchen,2026-05-12,118,7670.0,0.0183,0.001,0.0119,0.043,4.4,0.44,88.2
LuxeDecor,Home & Kitchen,2026-05-19,101,6565.0,0.005,0.0047,0.0105,0.0386,4.63,0.74,90.3
LuxeDecor,Home & Kitchen,2026-05-26,201,13065.0,0.0198,0.0013,0.0093,0.0272,4.62,0.79,91.4
LuxeDecor,Home & Kitchen,2026-06-02,204,13260.0,0.0198,0.0036,0.0139,0.026,4.42,0.45,90.4
LuxeDecor,Home & Kitchen,2026-06-09,295,19175.0,0.0109,0.0027,0.012,0.0399,4.49,0.54,89.1
LuxeDecor,Home & Kitchen,2026-06-16,276,17940.0,0.0106,0.0041,0.0051,0.0343,4.7,0.59,91.5
LuxeDecor,Home & Kitchen,2026-06-23,288,18720.0,0.0135,0.0042,0.0094,0.0488,4.44,0.57,88.2
DailyGrocery,Grocery,2025-07-01,280,5600.0,0.0129,0.0042,0.0147,0.0217,4.57,0.78,91.8
DailyGrocery,Grocery,2025-07-08,274,5480.0,0.0157,0.0027,0.0123,0.0243,4.37,0.43,91.6
DailyGrocery,Grocery,2025-07-15,141,2820.0,0.0082,0.0021,0.0142,0.0328,4.48,0.49,90.2
DailyGrocery,Grocery,2025-07-22,280,5600.0,0.008,0.001,0.0137,0.0298,4.48,0.54,92.0
DailyGrocery,Grocery,2025-07-29,209,4180.0,0.0144,0.0028,0.0141,0.0347,4.47,0.57,89.7
DailyGrocery,Grocery,2025-08-05,197,3940.0,0.0055,0.0042,0.0063,0.0417,4.45,0.61,89.7
DailyGrocery,Grocery,2025-08-12,262,5240.0,0.017,0.0047,0.0147,0.0469,4.69,0.73,86.9
DailyGrocery,Grocery,2025-08-19,201,4020.0,0.0176,0.0013,0.0092,0.0313,4.42,0.47,89.9
DailyGrocery,Grocery,2025-08-26,117,2340.0,0.0175,0.0049,0.0085,0.0287,4.61,0.65,90.1
DailyGrocery,Grocery,2025-09-02,210,4200.0,0.0123,0.0031,0.007,0.0481,4.46,0.61,88.1
DailyGrocery,Grocery,2025-09-09,224,4480.0,0.0146,0.0024,0.0055,0.046,4.67,0.54,89.2
DailyGrocery,Grocery,2025-09-16,147,2940.0,0.0087,0.0017,0.0073,0.0279,4.56,0.55,91.8
DailyGrocery,Grocery,2025-09-23,212,4240.0,0.0175,0.0036,0.0056,0.0317,4.53,0.59,90.6
DailyGrocery,Grocery,2025-09-30,196,3920.0,0.0088,0.004,0.0055,0.0389,4.61,0.55,91.5
DailyGrocery,Grocery,2025-10-07,160,3200.0,0.0184,0.0016,0.0114,0.0467,4.62,0.73,86.9
DailyGrocery,Grocery,2025-10-14,292,5840.0,0.0179,0.0011,0.0144,0.0213,4.58,0.42,90.2
DailyGrocery,Grocery,2025-10-21,233,4660.0,0.0138,0.0016,0.0052,0.041,4.56,0.57,91.0
DailyGrocery,Grocery,2025-10-28,221,4420.0,0.0152,0.0026,0.0106,0.0325,4.49,0.74,90.7
DailyGrocery,Grocery,2025-11-04,187,3740.0,0.0176,0.003,0.0063,0.0235,4.6,0.48,92.3
DailyGrocery,Grocery,2025-11-11,256,5120.0,0.0176,0.0011,0.0147,0.0394,4.55,0.61,87.5
DailyGrocery,Grocery,2025-11-18,278,5560.0,0.0081,0.0029,0.0148,0.0259,4.53,0.65,91.4
DailyGrocery,Grocery,2025-11-25,235,4700.0,0.0197,0.0048,0.014,0.0248,4.65,0.56,89.1
DailyGrocery,Grocery,2025-12-02,275,5500.0,0.0116,0.0021,0.0126,0.0232,4.66,0.7,92.5
DailyGrocery,Grocery,2025-12-09,263,5260.0,0.0188,0.004,0.0117,0.034,4.34,0.62,89.5
DailyGrocery,Grocery,2025-12-16,213,4260.0,0.0172,0.0012,0.0075,0.0463,4.48,0.47,88.5
DailyGrocery,Grocery,2025-12-23,189,3780.0,0.0124,0.0026,0.0139,0.0203,4.55,0.42,91.0
DailyGrocery,Grocery,2025-12-30,255,5100.0,0.0133,0.0013,0.0103,0.0437,4.66,0.78,89.2
DailyGrocery,Grocery,2026-01-06,229,4580.0,0.0053,0.0012,0.0111,0.0384,4.42,0.61,91.0
DailyGrocery,Grocery,2026-01-13,240,4800.0,0.0199,0.0022,0.0138,0.0381,4.39,0.76,88.5
DailyGrocery,Grocery,2026-01-20,238,4760.0,0.0108,0.0044,0.0127,0.0377,4.68,0.79,89.4
DailyGrocery,Grocery,2026-01-27,211,4220.0,0.0053,0.0041,0.0147,0.0302,4.52,0.75,91.2
DailyGrocery,Grocery,2026-02-03,284,5680.0,0.0152,0.0026,0.013,0.0211,4.56,0.69,92.2
DailyGrocery,Grocery,2026-02-10,134,2680.0,0.0162,0.0027,0.0121,0.046,4.68,0.57,87.2
DailyGrocery,Grocery,2026-02-17,247,4940.0,0.0077,0.0022,0.0095,0.0309,4.63,0.75,91.7
DailyGrocery,Grocery,2026-02-24,264,5280.0,0.0066,0.0021,0.009,0.0425,4.56,0.66,90.7
DailyGrocery,Grocery,2026-03-03,174,3480.0,0.01,0.0038,0.0142,0.0203,4.39,0.74,91.6
DailyGrocery,Grocery,2026-03-10,290,5800.0,0.0115,0.004,0.01,0.0444,4.31,0.57,88.9
DailyGrocery,Grocery,2026-03-17,247,4940.0,0.0056,0.0011,0.0058,0.0331,4.69,0.66,92.8
DailyGrocery,Grocery,2026-03-24,199,3980.0,0.0128,0.0034,0.0127,0.0227,4.53,0.53,91.6
DailyGrocery,Grocery,2026-03-31,269,5380.0,0.0126,0.0012,0.014,0.0446,4.54,0.8,88.5
DailyGrocery,Grocery,2026-04-07,237,4740.0,0.3507,0.0034,0.08,0.2505,2.16,-0.62,33.9
DailyGrocery,Grocery,2026-04-14,253,5060.0,0.3615,0.0036,0.129,0.2985,2.66,-0.5,23.0
DailyGrocery,Grocery,2026-04-21,276,5520.0,0.3765,0.0018,0.0933,0.2664,2.3,-0.46,30.0
DailyGrocery,Grocery,2026-04-28,174,3480.0,0.3605,0.0049,0.0929,0.2754,2.62,-0.53,29.5
DailyGrocery,Grocery,2026-05-05,157,3140.0,0.3636,0.0024,0.0893,0.2823,2.18,-0.25,31.4
DailyGrocery,Grocery,2026-05-12,240,4800.0,0.2598,0.0013,0.1229,0.2736,2.7,-0.51,25.6
DailyGrocery,Grocery,2026-05-19,235,4700.0,0.2819,0.0046,0.0953,0.2095,2.27,-0.41,30.0
DailyGrocery,Grocery,2026-05-26,133,2660.0,0.346,0.0029,0.0817,0.2555,2.12,-0.27,32.0
DailyGrocery,Grocery,2026-06-02,135,2700.0,0.3503,0.0045,0.135,0.285,2.56,-0.35,22.8
DailyGrocery,Grocery,2026-06-09,155,3100.0,0.3693,0.0032,0.1016,0.2856,2.63,-0.48,28.9
DailyGrocery,Grocery,2026-06-16,273,5460.0,0.3391,0.0022,0.1356,0.2784,2.51,-0.54,22.2
DailyGrocery,Grocery,2026-06-23,221,4420.0,0.3084,0.003,0.0898,0.2095,2.33,-0.37,31.2
FreshCart,Grocery,2025-07-01,284,5680.0,0.0153,0.0034,0.0125,0.0245,4.77,0.74,90.9
FreshCart,Grocery,2025-07-08,225,4500.0,0.016,0.0012,0.0069,0.0399,4.35,0.75,90.9
FreshCart,Grocery,2025-07-15,271,5420.0,0.0134,0.0039,0.0053,0.0287,4.6,0.71,91.4
FreshCart,Grocery,2025-07-22,102,2040.0,0.0095,0.0014,0.0105,0.0429,4.59,0.45,90.3
FreshCart,Grocery,2025-07-29,271,5420.0,0.0148,0.0014,0.012,0.0417,4.8,0.67,89.2
FreshCart,Grocery,2025-08-05,222,4440.0,0.0156,0.0041,0.0062,0.0396,4.45,0.5,90.0
FreshCart,Grocery,2025-08-12,223,4460.0,0.0195,0.0019,0.0131,0.0306,4.75,0.43,89.9
FreshCart,Grocery,2025-08-19,116,2320.0,0.0191,0.0027,0.0122,0.0449,4.75,0.52,86.4
FreshCart,Grocery,2025-08-26,242,4840.0,0.0125,0.0037,0.0057,0.0463,4.77,0.75,89.4
FreshCart,Grocery,2025-09-02,237,4740.0,0.0146,0.0025,0.0136,0.039,4.41,0.74,88.3
FreshCart,Grocery,2025-09-09,146,2920.0,0.0121,0.0019,0.0078,0.0219,4.45,0.78,92.5
FreshCart,Grocery,2025-09-16,132,2640.0,0.0111,0.0032,0.0134,0.0218,4.6,0.79,92.0
FreshCart,Grocery,2025-09-23,292,5840.0,0.0173,0.0046,0.006,0.0231,4.7,0.42,91.1
FreshCart,Grocery,2025-09-30,239,4780.0,0.018,0.004,0.0074,0.0357,4.39,0.61,89.0
FreshCart,Grocery,2025-10-07,232,4640.0,0.0191,0.005,0.0103,0.0286,4.7,0.5,88.9
FreshCart,Grocery,2025-10-14,225,4500.0,0.0083,0.0025,0.0126,0.0414,4.63,0.46,88.4
FreshCart,Grocery,2025-10-21,153,3060.0,0.0163,0.0042,0.0107,0.0227,4.75,0.48,91.9
FreshCart,Grocery,2025-10-28,136,2720.0,0.0189,0.004,0.0074,0.0376,4.64,0.54,88.3
FreshCart,Grocery,2025-11-04,251,5020.0,0.0132,0.0023,0.0113,0.0221,4.37,0.42,92.0
FreshCart,Grocery,2025-11-11,119,2380.0,0.0139,0.004,0.0111,0.0385,4.69,0.55,89.8
FreshCart,Grocery,2025-11-18,216,4320.0,0.0127,0.0039,0.0052,0.0339,4.75,0.41,90.4
FreshCart,Grocery,2025-11-25,152,3040.0,0.0073,0.0026,0.0116,0.0449,4.7,0.54,89.7
FreshCart,Grocery,2025-12-02,195,3900.0,0.0061,0.0031,0.0115,0.0413,4.62,0.54,90.3
FreshCart,Grocery,2025-12-09,139,2780.0,0.0184,0.0044,0.0075,0.024,4.4,0.62,92.0
FreshCart,Grocery,2025-12-16,119,2380.0,0.0109,0.003,0.0139,0.0461,4.59,0.56,87.4
FreshCart,Grocery,2025-12-23,116,2320.0,0.0178,0.003,0.0098,0.0302,4.39,0.53,91.0
FreshCart,Grocery,2025-12-30,137,2740.0,0.0185,0.0017,0.0113,0.0432,4.44,0.71,88.6
FreshCart,Grocery,2026-01-06,196,3920.0,0.0112,0.0016,0.0068,0.0223,4.61,0.41,93.9
FreshCart,Grocery,2026-01-13,225,4500.0,0.0085,0.0026,0.0072,0.0306,4.66,0.43,92.3
FreshCart,Grocery,2026-01-20,241,4820.0,0.0185,0.003,0.0118,0.0244,4.43,0.53,90.6
FreshCart,Grocery,2026-01-27,292,5840.0,0.0147,0.0027,0.0084,0.0228,4.41,0.77,91.5
FreshCart,Grocery,2026-02-03,252,5040.0,0.0106,0.0042,0.0082,0.0337,4.66,0.72,90.5
FreshCart,Grocery,2026-02-10,275,5500.0,0.0186,0.0017,0.0098,0.0473,4.46,0.44,88.7
FreshCart,Grocery,2026-02-17,196,3920.0,0.0067,0.0028,0.0068,0.0424,4.36,0.48,90.1
FreshCart,Grocery,2026-02-24,299,5980.0,0.017,0.0015,0.0057,0.0256,4.67,0.62,92.3
FreshCart,Grocery,2026-03-03,212,4240.0,0.012,0.0048,0.0092,0.0459,4.43,0.74,88.4
FreshCart,Grocery,2026-03-10,233,4660.0,0.0092,0.0014,0.0078,0.0296,4.78,0.57,92.6
FreshCart,Grocery,2026-03-17,123,2460.0,0.0094,0.0035,0.0091,0.0244,4.64,0.48,91.5
FreshCart,Grocery,2026-03-24,114,2280.0,0.0154,0.004,0.0101,0.0491,4.78,0.73,87.1
FreshCart,Grocery,2026-03-31,208,4160.0,0.0074,0.0024,0.0073,0.0295,4.59,0.62,92.1
FreshCart,Grocery,2026-04-07,275,5500.0,0.005,0.0043,0.015,0.0418,4.31,0.79,88.4
FreshCart,Grocery,2026-04-14,148,2960.0,0.0199,0.0017,0.0121,0.0247,4.57,0.71,89.6
FreshCart,Grocery,2026-04-21,188,3760.0,0.0062,0.0015,0.0149,0.0346,4.42,0.51,91.1
FreshCart,Grocery,2026-04-28,255,5100.0,0.0075,0.0028,0.0101,0.036,4.71,0.49,90.8
FreshCart,Grocery,2026-05-05,193,3860.0,0.0101,0.0046,0.0141,0.0373,4.65,0.78,89.6
FreshCart,Grocery,2026-05-12,197,3940.0,0.0184,0.0012,0.0103,0.0232,4.4,0.6,92.2
FreshCart,Grocery,2026-05-19,296,5920.0,0.0099,0.0013,0.0115,0.0491,4.71,0.74,89.5
FreshCart,Grocery,2026-05-26,154,3080.0,0.0192,0.001,0.0148,0.0419,4.46,0.73,88.0
FreshCart,Grocery,2026-06-02,264,5280.0,0.0081,0.0018,0.0057,0.0418,4.49,0.5,91.7
FreshCart,Grocery,2026-06-09,191,3820.0,0.0062,0.0028,0.0129,0.0209,4.59,0.77,92.9
FreshCart,Grocery,2026-06-16,127,2540.0,0.0146,0.004,0.0132,0.0477,4.52,0.49,88.0
FreshCart,Grocery,2026-06-23,125,2500.0,0.0081,0.0049,0.0119,0.0368,4.48,0.55,88.7
OrganicBite,Grocery,2025-07-01,139,2780.0,0.0086,0.0033,0.014,0.0342,4.73,0.44,90.8
OrganicBite,Grocery,2025-07-08,164,3280.0,0.0195,0.0019,0.0142,0.0233,4.42,0.8,89.7
OrganicBite,Grocery,2025-07-15,209,4180.0,0.0194,0.0046,0.0093,0.0372,4.78,0.58,89.5
OrganicBite,Grocery,2025-07-22,212,4240.0,0.0085,0.0026,0.0087,0.0496,4.73,0.77,88.7
OrganicBite,Grocery,2025-07-29,191,3820.0,0.0094,0.0021,0.0107,0.0494,4.53,0.77,89.4
OrganicBite,Grocery,2025-08-05,201,4020.0,0.0063,0.003,0.0143,0.0469,4.47,0.68,88.5
OrganicBite,Grocery,2025-08-12,150,3000.0,0.0064,0.0018,0.0085,0.0362,4.45,0.75,91.0
OrganicBite,Grocery,2025-08-19,240,4800.0,0.0147,0.0035,0.0061,0.0339,4.76,0.58,90.0
OrganicBite,Grocery,2025-08-26,285,5700.0,0.0061,0.0024,0.0118,0.0411,4.78,0.65,89.9
OrganicBite,Grocery,2025-09-02,139,2780.0,0.0131,0.002,0.0069,0.0243,4.53,0.58,91.6
OrganicBite,Grocery,2025-09-09,273,5460.0,0.0093,0.0046,0.0068,0.0338,4.59,0.73,91.1
OrganicBite,Grocery,2025-09-16,222,4440.0,0.0196,0.0035,0.0136,0.0355,4.42,0.66,87.2
OrganicBite,Grocery,2025-09-23,258,5160.0,0.0114,0.0021,0.0098,0.0462,4.32,0.8,89.8
OrganicBite,Grocery,2025-09-30,296,5920.0,0.0158,0.0025,0.007,0.0363,4.79,0.6,90.6
OrganicBite,Grocery,2025-10-07,221,4420.0,0.0095,0.0048,0.0078,0.0478,4.78,0.79,87.9
OrganicBite,Grocery,2025-10-14,251,5020.0,0.0065,0.0036,0.0068,0.0277,4.74,0.63,92.3
OrganicBite,Grocery,2025-10-21,170,3400.0,0.0099,0.0025,0.0128,0.0428,4.7,0.72,89.8
OrganicBite,Grocery,2025-10-28,123,2460.0,0.0078,0.0013,0.0139,0.0479,4.59,0.47,89.2
OrganicBite,Grocery,2025-11-04,262,5240.0,0.0057,0.0022,0.0056,0.0271,4.43,0.49,94.4
OrganicBite,Grocery,2025-11-11,230,4600.0,0.0099,0.0034,0.0087,0.0402,4.42,0.54,90.3
OrganicBite,Grocery,2025-11-18,193,3860.0,0.0158,0.0019,0.0147,0.0399,4.53,0.61,87.5
OrganicBite,Grocery,2025-11-25,146,2920.0,0.0117,0.0041,0.0113,0.0292,4.49,0.64,90.2
OrganicBite,Grocery,2025-12-02,173,3460.0,0.0083,0.0026,0.0102,0.0352,4.68,0.78,90.2
OrganicBite,Grocery,2025-12-09,164,3280.0,0.0165,0.0011,0.0133,0.0432,4.63,0.79,88.6
OrganicBite,Grocery,2025-12-16,271,5420.0,0.0138,0.0022,0.0119,0.0447,4.51,0.43,89.1
OrganicBite,Grocery,2025-12-23,289,5780.0,0.0099,0.0034,0.0064,0.0341,4.8,0.78,90.6
OrganicBite,Grocery,2025-12-30,160,3200.0,0.0095,0.0015,0.0092,0.0227,4.43,0.74,92.7
OrganicBite,Grocery,2026-01-06,133,2660.0,0.0143,0.0035,0.0118,0.0315,4.73,0.75,89.2
OrganicBite,Grocery,2026-01-13,280,5600.0,0.0115,0.0037,0.0081,0.0263,4.49,0.66,92.0
OrganicBite,Grocery,2026-01-20,177,3540.0,0.0128,0.0033,0.0125,0.0491,4.74,0.54,86.6
OrganicBite,Grocery,2026-01-27,132,2640.0,0.0157,0.0039,0.0052,0.0319,4.75,0.54,90.9
OrganicBite,Grocery,2026-02-03,188,3760.0,0.0167,0.0012,0.0081,0.0372,4.5,0.51,89.6
OrganicBite,Grocery,2026-02-10,207,4140.0,0.0164,0.0032,0.0128,0.0409,4.75,0.72,88.8
OrganicBite,Grocery,2026-02-17,278,5560.0,0.0118,0.0035,0.0074,0.033,4.41,0.6,91.7
OrganicBite,Grocery,2026-02-24,148,2960.0,0.013,0.0022,0.0116,0.0283,4.71,0.8,90.6
OrganicBite,Grocery,2026-03-03,212,4240.0,0.0103,0.0021,0.0111,0.0303,4.45,0.56,90.6
OrganicBite,Grocery,2026-03-10,169,3380.0,0.0145,0.0037,0.0097,0.0217,4.76,0.57,92.7
OrganicBite,Grocery,2026-03-17,251,5020.0,0.0137,0.0045,0.0072,0.0255,4.69,0.48,91.1
OrganicBite,Grocery,2026-03-24,177,3540.0,0.013,0.0048,0.0061,0.0262,4.78,0.47,92.6
OrganicBite,Grocery,2026-03-31,157,3140.0,0.0103,0.005,0.0103,0.0313,4.49,0.6,89.8
OrganicBite,Grocery,2026-04-07,137,2740.0,0.0059,0.0016,0.0145,0.0363,4.33,0.42,90.8
OrganicBite,Grocery,2026-04-14,236,4720.0,0.0101,0.0048,0.01,0.049,4.34,0.42,87.9
OrganicBite,Grocery,2026-04-21,183,3660.0,0.007,0.0011,0.009,0.0494,4.36,0.7,88.7
OrganicBite,Grocery,2026-04-28,256,5120.0,0.0164,0.0031,0.0143,0.0279,4.42,0.65,90.0
OrganicBite,Grocery,2026-05-05,156,3120.0,0.0133,0.001,0.0114,0.0425,4.42,0.79,89.0
OrganicBite,Grocery,2026-05-12,299,5980.0,0.0146,0.0035,0.011,0.0248,4.62,0.41,90.9
OrganicBite,Grocery,2026-05-19,262,5240.0,0.0139,0.0041,0.0112,0.0378,4.76,0.49,88.9
OrganicBite,Grocery,2026-05-26,168,3360.0,0.0139,0.004,0.0083,0.0373,4.35,0.53,90.5
OrganicBite,Grocery,2026-06-02,286,5720.0,0.0168,0.0049,0.0111,0.0357,4.56,0.59,88.5
OrganicBite,Grocery,2026-06-09,146,2920.0,0.0146,0.0028,0.0058,0.0313,4.8,0.68,90.3
OrganicBite,Grocery,2026-06-16,286,5720.0,0.0064,0.0048,0.0093,0.04,4.57,0.78,89.1
OrganicBite,Grocery,2026-06-23,145,2900.0,0.0134,0.0013,0.0104,0.0366,4.74,0.5,90.5
PantryStop,Grocery,2025-07-01,118,2360.0,0.019,0.0041,0.0144,0.0291,4.73,0.47,88.9
PantryStop,Grocery,2025-07-08,285,5700.0,0.0079,0.0026,0.0146,0.0429,4.46,0.66,89.7
PantryStop,Grocery,2025-07-15,198,3960.0,0.0129,0.0031,0.0126,0.0308,4.66,0.78,90.3
PantryStop,Grocery,2025-07-22,163,3260.0,0.0066,0.0033,0.0083,0.0329,4.61,0.58,92.4
PantryStop,Grocery,2025-07-29,102,2040.0,0.0058,0.0029,0.0065,0.033,4.67,0.47,92.1
PantryStop,Grocery,2025-08-05,135,2700.0,0.0112,0.0023,0.0106,0.0304,4.51,0.46,91.7
PantryStop,Grocery,2025-08-12,222,4440.0,0.0122,0.0037,0.013,0.0492,4.61,0.4,88.0
PantryStop,Grocery,2025-08-19,239,4780.0,0.0123,0.0027,0.0079,0.0315,4.47,0.45,91.5
PantryStop,Grocery,2025-08-26,126,2520.0,0.0112,0.0042,0.0139,0.0411,4.33,0.5,88.7
PantryStop,Grocery,2025-09-02,158,3160.0,0.0117,0.0035,0.0114,0.0438,4.44,0.58,89.1
PantryStop,Grocery,2025-09-09,275,5500.0,0.0136,0.0017,0.0057,0.044,4.38,0.79,89.2
PantryStop,Grocery,2025-09-16,157,3140.0,0.0082,0.0036,0.0054,0.0221,4.66,0.63,92.5
PantryStop,Grocery,2025-09-23,130,2600.0,0.0158,0.0033,0.0073,0.0205,4.65,0.74,91.7
PantryStop,Grocery,2025-09-30,209,4180.0,0.0192,0.0043,0.0121,0.0399,4.35,0.4,87.2
PantryStop,Grocery,2025-10-07,270,5400.0,0.0061,0.002,0.0132,0.0441,4.77,0.79,90.3
PantryStop,Grocery,2025-10-14,227,4540.0,0.0091,0.003,0.0106,0.0483,4.43,0.72,89.4
PantryStop,Grocery,2025-10-21,137,2740.0,0.018,0.0039,0.0071,0.0385,4.52,0.61,88.4
PantryStop,Grocery,2025-10-28,128,2560.0,0.0055,0.0015,0.0064,0.0255,4.7,0.46,93.6
PantryStop,Grocery,2025-11-04,132,2640.0,0.0111,0.0032,0.0053,0.0388,4.5,0.67,89.7
PantryStop,Grocery,2025-11-11,223,4460.0,0.0062,0.0036,0.0119,0.0311,4.74,0.47,91.8
PantryStop,Grocery,2025-11-18,207,4140.0,0.011,0.0047,0.0073,0.0277,4.48,0.78,92.3
PantryStop,Grocery,2025-11-25,237,4740.0,0.0195,0.0035,0.0119,0.0265,4.75,0.75,90.2
PantryStop,Grocery,2025-12-02,247,4940.0,0.0148,0.0022,0.0074,0.0346,4.41,0.78,90.5
PantryStop,Grocery,2025-12-09,152,3040.0,0.0056,0.0016,0.0147,0.0339,4.73,0.66,90.7
PantryStop,Grocery,2025-12-16,115,2300.0,0.0165,0.0025,0.0132,0.0229,4.64,0.72,90.4
PantryStop,Grocery,2025-12-23,241,4820.0,0.0056,0.0018,0.0092,0.045,4.54,0.75,90.3
PantryStop,Grocery,2025-12-30,135,2700.0,0.0197,0.0049,0.0072,0.022,4.44,0.58,90.9
PantryStop,Grocery,2026-01-06,208,4160.0,0.0185,0.002,0.0121,0.0291,4.32,0.73,90.1
PantryStop,Grocery,2026-01-13,222,4440.0,0.016,0.003,0.0125,0.0348,4.36,0.6,89.3
PantryStop,Grocery,2026-01-20,120,2400.0,0.0193,0.0036,0.0078,0.0359,4.61,0.63,89.5
PantryStop,Grocery,2026-01-27,295,5900.0,0.0172,0.0024,0.0141,0.0246,4.33,0.48,90.3
PantryStop,Grocery,2026-02-03,176,3520.0,0.012,0.0043,0.0137,0.0215,4.38,0.64,90.7
PantryStop,Grocery,2026-02-10,128,2560.0,0.0067,0.002,0.0068,0.0252,4.61,0.47,93.5
PantryStop,Grocery,2026-02-17,141,2820.0,0.0192,0.0028,0.0094,0.035,4.65,0.75,89.0
PantryStop,Grocery,2026-02-24,282,5640.0,0.0114,0.0029,0.0119,0.0432,4.67,0.8,88.4
PantryStop,Grocery,2026-03-03,140,2800.0,0.0178,0.0021,0.0109,0.0285,4.35,0.46,90.7
PantryStop,Grocery,2026-03-10,154,3080.0,0.02,0.0044,0.0125,0.0399,4.51,0.69,87.9
PantryStop,Grocery,2026-03-17,290,5800.0,0.0053,0.0025,0.0131,0.0363,4.3,0.52,90.5
PantryStop,Grocery,2026-03-24,180,3600.0,0.0178,0.0048,0.0068,0.0359,4.32,0.45,89.4
PantryStop,Grocery,2026-03-31,208,4160.0,0.0163,0.0038,0.0111,0.0212,4.68,0.79,91.5
PantryStop,Grocery,2026-04-07,254,5080.0,0.0156,0.0018,0.0066,0.0223,4.76,0.54,92.0
PantryStop,Grocery,2026-04-14,127,2540.0,0.0197,0.0022,0.0051,0.0355,4.38,0.68,89.2
PantryStop,Grocery,2026-04-21,241,4820.0,0.014,0.0037,0.007,0.0281,4.52,0.71,91.3
PantryStop,Grocery,2026-04-28,245,4900.0,0.0112,0.0046,0.0148,0.0401,4.73,0.77,88.2
PantryStop,Grocery,2026-05-05,180,3600.0,0.0184,0.0012,0.0109,0.0312,4.49,0.74,90.8
PantryStop,Grocery,2026-05-12,228,4560.0,0.0095,0.0036,0.0082,0.0329,4.33,0.6,92.1
PantryStop,Grocery,2026-05-19,279,5580.0,0.0071,0.0036,0.0127,0.0372,4.75,0.5,89.5
PantryStop,Grocery,2026-05-26,228,4560.0,0.0087,0.0043,0.0061,0.0346,4.62,0.61,90.4
PantryStop,Grocery,2026-06-02,109,2180.0,0.0197,0.0019,0.0149,0.0414,4.71,0.52,86.6
PantryStop,Grocery,2026-06-09,260,5200.0,0.008,0.0015,0.0084,0.0431,4.35,0.4,89.7
PantryStop,Grocery,2026-06-16,141,2820.0,0.0139,0.0015,0.009,0.0371,4.58,0.41,89.4
PantryStop,Grocery,2026-06-23,214,4280.0,0.0088,0.003,0.0074,0.0387,4.36,0.43,89.9
GreenGrocer,Grocery,2025-07-01,110,2200.0,0.0119,0.0049,0.0096,0.0234,4.8,0.62,90.6
GreenGrocer,Grocery,2025-07-08,139,2780.0,0.0108,0.0021,0.0132,0.0417,4.74,0.43,88.3
GreenGrocer,Grocery,2025-07-15,296,5920.0,0.0194,0.0012,0.0143,0.0254,4.76,0.78,89.2
GreenGrocer,Grocery,2025-07-22,180,3600.0,0.0144,0.0028,0.0139,0.0316,4.64,0.5,89.1
GreenGrocer,Grocery,2025-07-29,193,3860.0,0.006,0.0045,0.0063,0.022,4.58,0.6,93.4
GreenGrocer,Grocery,2025-08-05,221,4420.0,0.0109,0.0044,0.0142,0.0361,4.41,0.48,89.8
GreenGrocer,Grocery,2025-08-12,110,2200.0,0.0193,0.0014,0.0056,0.0381,4.78,0.42,89.9
GreenGrocer,Grocery,2025-08-19,133,2660.0,0.006,0.0012,0.0109,0.0466,4.56,0.72,90.4
GreenGrocer,Grocery,2025-08-26,121,2420.0,0.0113,0.0028,0.0141,0.0231,4.44,0.68,91.4
GreenGrocer,Grocery,2025-09-02,264,5280.0,0.0176,0.0048,0.0111,0.0358,4.31,0.46,87.7
GreenGrocer,Grocery,2025-09-09,139,2780.0,0.0139,0.0029,0.0078,0.0486,4.34,0.52,89.2
GreenGrocer,Grocery,2025-09-16,118,2360.0,0.0092,0.0026,0.0141,0.0457,4.56,0.48,87.8
GreenGrocer,Grocery,2025-09-23,219,4380.0,0.0105,0.0024,0.0114,0.0488,4.79,0.7,88.6
GreenGrocer,Grocery,2025-09-30,146,2920.0,0.0184,0.0024,0.0071,0.0337,4.4,0.76,90.2
GreenGrocer,Grocery,2025-10-07,116,2320.0,0.0055,0.0035,0.0145,0.0224,4.59,0.4,92.9
GreenGrocer,Grocery,2025-10-14,289,5780.0,0.0175,0.0047,0.0137,0.0357,4.74,0.56,88.9
GreenGrocer,Grocery,2025-10-21,139,2780.0,0.015,0.0015,0.0064,0.0339,4.78,0.75,90.7
GreenGrocer,Grocery,2025-10-28,253,5060.0,0.0192,0.0032,0.0143,0.0418,4.43,0.67,88.1
GreenGrocer,Grocery,2025-11-04,113,2260.0,0.0174,0.0039,0.0073,0.0487,4.31,0.5,87.3
GreenGrocer,Grocery,2025-11-11,145,2900.0,0.012,0.0041,0.0098,0.0316,4.56,0.69,90.8
GreenGrocer,Grocery,2025-11-18,176,3520.0,0.0079,0.0037,0.0091,0.0207,4.47,0.72,93.6
GreenGrocer,Grocery,2025-11-25,113,2260.0,0.01,0.0037,0.0114,0.0314,4.3,0.65,90.1
GreenGrocer,Grocery,2025-12-02,189,3780.0,0.0123,0.0048,0.0145,0.0292,4.7,0.79,89.9
GreenGrocer,Grocery,2025-12-09,211,4220.0,0.0114,0.0048,0.01,0.0391,4.61,0.56,88.5
GreenGrocer,Grocery,2025-12-16,300,6000.0,0.0131,0.0019,0.0073,0.0433,4.78,0.68,89.2
GreenGrocer,Grocery,2025-12-23,137,2740.0,0.0094,0.002,0.0108,0.0412,4.32,0.47,89.9
GreenGrocer,Grocery,2025-12-30,137,2740.0,0.0147,0.0029,0.0146,0.0306,4.67,0.6,89.1
GreenGrocer,Grocery,2026-01-06,233,4660.0,0.0111,0.0011,0.0074,0.0434,4.6,0.5,89.5
GreenGrocer,Grocery,2026-01-13,248,4960.0,0.0119,0.0046,0.0072,0.0422,4.38,0.75,89.5
GreenGrocer,Grocery,2026-01-20,278,5560.0,0.0078,0.0015,0.0076,0.0231,4.56,0.49,92.6
GreenGrocer,Grocery,2026-01-27,153,3060.0,0.0062,0.0012,0.0092,0.0213,4.67,0.78,93.2
GreenGrocer,Grocery,2026-02-03,104,2080.0,0.0171,0.0025,0.0134,0.0278,4.44,0.49,90.3
GreenGrocer,Grocery,2026-02-10,216,4320.0,0.0174,0.0032,0.0057,0.023,4.58,0.49,91.7
GreenGrocer,Grocery,2026-02-17,233,4660.0,0.0094,0.0036,0.0136,0.0374,4.69,0.64,89.2
GreenGrocer,Grocery,2026-02-24,145,2900.0,0.018,0.0026,0.0076,0.0369,4.51,0.59,89.9
GreenGrocer,Grocery,2026-03-03,172,3440.0,0.0107,0.0036,0.0092,0.0485,4.75,0.66,88.4
GreenGrocer,Grocery,2026-03-10,122,2440.0,0.0187,0.0027,0.0115,0.021,4.51,0.56,91.7
GreenGrocer,Grocery,2026-03-17,227,4540.0,0.0192,0.0046,0.005,0.048,4.37,0.42,86.9
GreenGrocer,Grocery,2026-03-24,248,4960.0,0.0116,0.004,0.0078,0.0265,4.43,0.64,91.3
GreenGrocer,Grocery,2026-03-31,298,5960.0,0.0199,0.004,0.0118,0.0322,4.58,0.41,88.3
GreenGrocer,Grocery,2026-04-07,131,2620.0,0.0113,0.004,0.0134,0.0228,4.58,0.71,91.7
GreenGrocer,Grocery,2026-04-14,195,3900.0,0.0179,0.0022,0.005,0.027,4.34,0.68,90.9
GreenGrocer,Grocery,2026-04-21,206,4120.0,0.0154,0.0028,0.0063,0.0464,4.51,0.61,87.9
GreenGrocer,Grocery,2026-04-28,139,2780.0,0.0091,0.0033,0.0081,0.0423,4.32,0.72,88.9
GreenGrocer,Grocery,2026-05-05,246,4920.0,0.0078,0.0048,0.0109,0.0317,4.7,0.5,90.7
GreenGrocer,Grocery,2026-05-12,264,5280.0,0.0144,0.0019,0.0111,0.0315,4.35,0.67,90.6
GreenGrocer,Grocery,2026-05-19,199,3980.0,0.0154,0.0036,0.0109,0.0247,4.41,0.77,90.4
GreenGrocer,Grocery,2026-05-26,159,3180.0,0.0099,0.004,0.0111,0.0434,4.34,0.53,88.4
GreenGrocer,Grocery,2026-06-02,247,4940.0,0.016,0.0034,0.0115,0.0263,4.46,0.44,89.5
GreenGrocer,Grocery,2026-06-09,152,3040.0,0.0185,0.0015,0.0082,0.0227,4.5,0.71,92.6
GreenGrocer,Grocery,2026-06-16,297,5940.0,0.0176,0.0021,0.0055,0.0238,4.6,0.5,92.4
GreenGrocer,Grocery,2026-06-23,246,4920.0,0.0097,0.0029,0.0052,0.0289,4.54,0.45,91.7
SuperFoods,Grocery,2025-07-01,161,3220.0,0.0108,0.0018,0.0065,0.0438,4.53,0.68,90.7
SuperFoods,Grocery,2025-07-08,299,5980.0,0.0186,0.0011,0.0064,0.0225,4.43,0.66,92.2
SuperFoods,Grocery,2025-07-15,260,5200.0,0.0168,0.0014,0.0138,0.0401,4.74,0.61,89.3
SuperFoods,Grocery,2025-07-22,252,5040.0,0.0124,0.0031,0.0053,0.0406,4.54,0.73,90.8
SuperFoods,Grocery,2025-07-29,123,2460.0,0.0089,0.0016,0.0079,0.0298,4.51,0.51,92.5
SuperFoods,Grocery,2025-08-05,225,4500.0,0.0079,0.0038,0.0104,0.0381,4.68,0.42,90.5
SuperFoods,Grocery,2025-08-12,275,5500.0,0.0072,0.0027,0.0084,0.0305,4.35,0.46,91.3
SuperFoods,Grocery,2025-08-19,146,2920.0,0.0079,0.0018,0.0149,0.0371,4.37,0.47,89.3
SuperFoods,Grocery,2025-08-26,255,5100.0,0.0133,0.002,0.0081,0.0396,4.38,0.74,90.2
SuperFoods,Grocery,2025-09-02,253,5060.0,0.0076,0.0042,0.0056,0.0465,4.64,0.48,89.5
SuperFoods,Grocery,2025-09-09,149,2980.0,0.0101,0.0014,0.0141,0.0316,4.47,0.76,90.0
SuperFoods,Grocery,2025-09-16,294,5880.0,0.0106,0.0038,0.0075,0.0207,4.77,0.73,91.9
SuperFoods,Grocery,2025-09-23,183,3660.0,0.0125,0.0025,0.0116,0.0302,4.47,0.52,91.1
SuperFoods,Grocery,2025-09-30,170,3400.0,0.0113,0.005,0.0065,0.0378,4.74,0.75,90.5
SuperFoods,Grocery,2025-10-07,175,3500.0,0.0072,0.004,0.0105,0.0281,4.55,0.4,92.0
SuperFoods,Grocery,2025-10-14,149,2980.0,0.0151,0.0047,0.0064,0.0319,4.33,0.58,91.0
SuperFoods,Grocery,2025-10-21,126,2520.0,0.0062,0.0031,0.0127,0.038,4.31,0.52,91.0
SuperFoods,Grocery,2025-10-28,224,4480.0,0.0109,0.0047,0.0135,0.0336,4.3,0.45,90.3
SuperFoods,Grocery,2025-11-04,259,5180.0,0.0193,0.0019,0.0099,0.0493,4.71,0.48,87.7
SuperFoods,Grocery,2025-11-11,190,3800.0,0.006,0.0028,0.0116,0.0289,4.46,0.57,91.0
SuperFoods,Grocery,2025-11-18,230,4600.0,0.0185,0.0025,0.0137,0.0212,4.37,0.54,90.3
SuperFoods,Grocery,2025-11-25,235,4700.0,0.0073,0.0018,0.0113,0.0497,4.75,0.62,88.9
SuperFoods,Grocery,2025-12-02,209,4180.0,0.0065,0.0035,0.006,0.0312,4.51,0.8,92.4
SuperFoods,Grocery,2025-12-09,195,3900.0,0.0143,0.0032,0.0067,0.0322,4.52,0.74,91.9
SuperFoods,Grocery,2025-12-16,276,5520.0,0.0118,0.004,0.0108,0.0253,4.47,0.5,90.9
SuperFoods,Grocery,2025-12-23,182,3640.0,0.019,0.0013,0.0124,0.0313,4.77,0.73,89.5
SuperFoods,Grocery,2025-12-30,154,3080.0,0.019,0.0041,0.013,0.0331,4.49,0.79,87.9
SuperFoods,Grocery,2026-01-06,255,5100.0,0.0175,0.0014,0.0085,0.0486,4.65,0.7,88.6
SuperFoods,Grocery,2026-01-13,181,3620.0,0.0167,0.0011,0.0116,0.02,4.33,0.74,91.7
SuperFoods,Grocery,2026-01-20,170,3400.0,0.0074,0.0035,0.0109,0.0208,4.35,0.45,92.0
SuperFoods,Grocery,2026-01-27,183,3660.0,0.0181,0.0031,0.0059,0.0339,4.71,0.44,89.6
SuperFoods,Grocery,2026-02-03,104,2080.0,0.0145,0.0031,0.0105,0.0275,4.56,0.57,89.9
SuperFoods,Grocery,2026-02-10,109,2180.0,0.0102,0.0049,0.0085,0.0338,4.63,0.78,90.8
SuperFoods,Grocery,2026-02-17,220,4400.0,0.0197,0.0014,0.0094,0.0493,4.49,0.41,87.9
SuperFoods,Grocery,2026-02-24,202,4040.0,0.0184,0.0039,0.0061,0.0216,4.7,0.45,92.4
SuperFoods,Grocery,2026-03-03,200,4000.0,0.0191,0.0026,0.0073,0.0298,4.73,0.54,90.5
SuperFoods,Grocery,2026-03-10,258,5160.0,0.0189,0.0026,0.0124,0.0222,4.33,0.58,89.9
SuperFoods,Grocery,2026-03-17,126,2520.0,0.0061,0.0019,0.0056,0.0386,4.7,0.55,91.4
SuperFoods,Grocery,2026-03-24,148,2960.0,0.014,0.0039,0.0056,0.0328,4.42,0.75,91.4
SuperFoods,Grocery,2026-03-31,300,6000.0,0.011,0.0019,0.0067,0.0252,4.4,0.42,93.3
SuperFoods,Grocery,2026-04-07,184,3680.0,0.0121,0.0023,0.0077,0.0478,4.45,0.54,88.8
SuperFoods,Grocery,2026-04-14,249,4980.0,0.0161,0.0035,0.011,0.0422,4.33,0.51,88.6
SuperFoods,Grocery,2026-04-21,205,4100.0,0.0169,0.0046,0.0123,0.0245,4.73,0.64,90.4
SuperFoods,Grocery,2026-04-28,247,4940.0,0.0118,0.0034,0.0132,0.0254,4.65,0.58,91.5
SuperFoods,Grocery,2026-05-05,223,4460.0,0.0155,0.0041,0.0089,0.0399,4.66,0.44,88.5
SuperFoods,Grocery,2026-05-12,242,4840.0,0.0196,0.0048,0.0136,0.0203,4.74,0.74,89.2
SuperFoods,Grocery,2026-05-19,226,4520.0,0.0112,0.0043,0.012,0.0202,4.5,0.67,90.9
SuperFoods,Grocery,2026-05-26,198,3960.0,0.018,0.0024,0.0116,0.0365,4.44,0.62,88.5
SuperFoods,Grocery,2026-06-02,294,5880.0,0.011,0.0039,0.0145,0.0426,4.39,0.56,89.0
SuperFoods,Grocery,2026-06-09,139,2780.0,0.017,0.0041,0.008,0.0404,4.65,0.64,88.9
SuperFoods,Grocery,2026-06-16,215,4300.0,0.0179,0.0011,0.0075,0.0236,4.32,0.8,91.5
SuperFoods,Grocery,2026-06-23,171,3420.0,0.0177,0.0017,0.0095,0.0296,4.44,0.57,91.3
NatureChoice,Grocery,2025-07-01,218,4360.0,0.0111,0.0022,0.0055,0.0356,4.71,0.49,92.0
NatureChoice,Grocery,2025-07-08,147,2940.0,0.0077,0.0018,0.0141,0.0479,4.33,0.63,88.6
NatureChoice,Grocery,2025-07-15,190,3800.0,0.0055,0.0025,0.0084,0.0329,4.55,0.56,92.5
NatureChoice,Grocery,2025-07-22,154,3080.0,0.0099,0.0028,0.0069,0.0254,4.51,0.74,93.1
NatureChoice,Grocery,2025-07-29,113,2260.0,0.0092,0.0027,0.0068,0.0489,4.35,0.74,90.2
NatureChoice,Grocery,2025-08-05,197,3940.0,0.0131,0.0029,0.0094,0.0349,4.52,0.76,90.3
NatureChoice,Grocery,2025-08-12,252,5040.0,0.0054,0.005,0.0053,0.0319,4.35,0.72,91.3
NatureChoice,Grocery,2025-08-19,127,2540.0,0.0118,0.0025,0.0147,0.0235,4.54,0.44,90.9
NatureChoice,Grocery,2025-08-26,113,2260.0,0.0155,0.0046,0.0059,0.0299,4.65,0.79,91.8
NatureChoice,Grocery,2025-09-02,125,2500.0,0.0066,0.0039,0.0113,0.0226,4.47,0.64,91.7
NatureChoice,Grocery,2025-09-09,200,4000.0,0.02,0.0022,0.0091,0.0461,4.62,0.76,87.5
NatureChoice,Grocery,2025-09-16,152,3040.0,0.0154,0.0014,0.0074,0.0379,4.44,0.56,91.1
NatureChoice,Grocery,2025-09-23,287,5740.0,0.0139,0.0045,0.0119,0.0314,4.36,0.78,90.3
NatureChoice,Grocery,2025-09-30,289,5780.0,0.0147,0.0011,0.0109,0.0285,4.63,0.69,90.3
NatureChoice,Grocery,2025-10-07,117,2340.0,0.0138,0.0046,0.0141,0.0245,4.49,0.59,89.4
NatureChoice,Grocery,2025-10-14,270,5400.0,0.0098,0.004,0.0123,0.0474,4.49,0.59,88.0
NatureChoice,Grocery,2025-10-21,119,2380.0,0.0115,0.0011,0.0056,0.0403,4.49,0.69,91.6
NatureChoice,Grocery,2025-10-28,249,4980.0,0.0112,0.003,0.012,0.0209,4.75,0.5,92.6
NatureChoice,Grocery,2025-11-04,104,2080.0,0.0073,0.0021,0.006,0.046,4.45,0.73,90.7
NatureChoice,Grocery,2025-11-11,142,2840.0,0.0104,0.0047,0.0096,0.0489,4.67,0.44,88.7
NatureChoice,Grocery,2025-11-18,225,4500.0,0.0056,0.0031,0.0107,0.0224,4.55,0.42,93.3
NatureChoice,Grocery,2025-11-25,193,3860.0,0.0156,0.0011,0.0051,0.0287,4.37,0.67,92.3
NatureChoice,Grocery,2025-12-02,298,5960.0,0.0127,0.003,0.011,0.0488,4.74,0.51,87.0
NatureChoice,Grocery,2025-12-09,263,5260.0,0.0183,0.0037,0.0067,0.0411,4.67,0.49,89.6
NatureChoice,Grocery,2025-12-16,227,4540.0,0.0121,0.0046,0.0115,0.0349,4.36,0.45,88.5
NatureChoice,Grocery,2025-12-23,152,3040.0,0.0149,0.0036,0.0121,0.0498,4.49,0.72,86.9
NatureChoice,Grocery,2025-12-30,260,5200.0,0.0084,0.0011,0.0092,0.0293,4.46,0.67,92.1
NatureChoice,Grocery,2026-01-06,189,3780.0,0.0124,0.0027,0.0116,0.0475,4.77,0.5,87.4
NatureChoice,Grocery,2026-01-13,148,2960.0,0.0196,0.0033,0.0097,0.0363,4.7,0.66,89.1
NatureChoice,Grocery,2026-01-20,131,2620.0,0.0167,0.0028,0.0148,0.0288,4.35,0.62,89.4
NatureChoice,Grocery,2026-01-27,102,2040.0,0.0167,0.004,0.0088,0.037,4.52,0.75,89.9
NatureChoice,Grocery,2026-02-03,174,3480.0,0.015,0.0048,0.0115,0.0248,4.59,0.75,90.6
NatureChoice,Grocery,2026-02-10,116,2320.0,0.0056,0.0033,0.0062,0.0295,4.63,0.52,92.0
NatureChoice,Grocery,2026-02-17,251,5020.0,0.0066,0.005,0.0067,0.0434,4.71,0.57,90.9
NatureChoice,Grocery,2026-02-24,190,3800.0,0.0081,0.0042,0.0054,0.0442,4.31,0.43,90.4
NatureChoice,Grocery,2026-03-03,228,4560.0,0.0109,0.0016,0.0093,0.0432,4.69,0.47,89.1
NatureChoice,Grocery,2026-03-10,287,5740.0,0.0095,0.0027,0.0116,0.0263,4.48,0.66,92.2
NatureChoice,Grocery,2026-03-17,108,2160.0,0.0061,0.0033,0.0132,0.0317,4.4,0.73,91.0
NatureChoice,Grocery,2026-03-24,202,4040.0,0.0145,0.0015,0.0073,0.0386,4.31,0.67,90.5
NatureChoice,Grocery,2026-03-31,244,4880.0,0.0144,0.0011,0.0058,0.0224,4.69,0.49,92.7
NatureChoice,Grocery,2026-04-07,296,5920.0,0.0138,0.0024,0.0089,0.0459,4.74,0.75,89.3
NatureChoice,Grocery,2026-04-14,177,3540.0,0.0164,0.0043,0.0069,0.0281,4.45,0.45,90.9
NatureChoice,Grocery,2026-04-21,146,2920.0,0.0053,0.0033,0.0054,0.0226,4.65,0.73,94.4
NatureChoice,Grocery,2026-04-28,277,5540.0,0.0073,0.0035,0.0058,0.0213,4.35,0.68,92.7
NatureChoice,Grocery,2026-05-05,219,4380.0,0.0155,0.0028,0.0074,0.0491,4.58,0.56,87.4
NatureChoice,Grocery,2026-05-12,296,5920.0,0.0081,0.0034,0.012,0.0396,4.65,0.79,90.0
NatureChoice,Grocery,2026-05-19,248,4960.0,0.0177,0.0036,0.0053,0.0414,4.73,0.41,89.5
NatureChoice,Grocery,2026-05-26,175,3500.0,0.0065,0.0045,0.0053,0.0473,4.45,0.45,89.8
NatureChoice,Grocery,2026-06-02,295,5900.0,0.0096,0.0029,0.0111,0.0478,4.49,0.78,88.8
NatureChoice,Grocery,2026-06-09,266,5320.0,0.0123,0.0028,0.0072,0.029,4.78,0.49,91.3
NatureChoice,Grocery,2026-06-16,223,4460.0,0.0109,0.0041,0.014,0.0381,4.33,0.43,88.6
NatureChoice,Grocery,2026-06-23,230,4600.0,0.0132,0.0022,0.0085,0.0384,4.55,0.62,90.4
FarmFresh,Grocery,2025-07-01,289,5780.0,0.0108,0.0035,0.0053,0.0331,4.6,0.75,92.4
FarmFresh,Grocery,2025-07-08,260,5200.0,0.0192,0.0043,0.0128,0.0459,4.67,0.61,85.8
FarmFresh,Grocery,2025-07-15,151,3020.0,0.0091,0.0019,0.0139,0.0394,4.58,0.66,89.5
FarmFresh,Grocery,2025-07-22,233,4660.0,0.0186,0.0046,0.0133,0.0322,4.38,0.71,88.2
FarmFresh,Grocery,2025-07-29,229,4580.0,0.0149,0.0041,0.0108,0.045,4.43,0.77,87.2
FarmFresh,Grocery,2025-08-05,223,4460.0,0.0118,0.0032,0.0113,0.0487,4.63,0.62,88.6
FarmFresh,Grocery,2025-08-12,212,4240.0,0.0182,0.0049,0.0065,0.0318,4.63,0.51,89.6
FarmFresh,Grocery,2025-08-19,136,2720.0,0.0186,0.004,0.0118,0.0485,4.44,0.73,85.7
FarmFresh,Grocery,2025-08-26,221,4420.0,0.0131,0.0021,0.0142,0.0335,4.75,0.55,89.2
FarmFresh,Grocery,2025-09-02,226,4520.0,0.0059,0.0038,0.01,0.0203,4.61,0.44,93.9
FarmFresh,Grocery,2025-09-09,127,2540.0,0.0169,0.0016,0.0134,0.0397,4.47,0.79,88.5
FarmFresh,Grocery,2025-09-16,217,4340.0,0.02,0.0012,0.0093,0.0208,4.37,0.56,91.4
FarmFresh,Grocery,2025-09-23,108,2160.0,0.0185,0.0013,0.0146,0.0239,4.6,0.46,91.4
FarmFresh,Grocery,2025-09-30,285,5700.0,0.0186,0.0017,0.0054,0.0376,4.47,0.45,89.9
FarmFresh,Grocery,2025-10-07,228,4560.0,0.0167,0.0022,0.0053,0.0264,4.64,0.41,92.9
FarmFresh,Grocery,2025-10-14,144,2880.0,0.0127,0.0012,0.0145,0.0225,4.6,0.43,92.3
FarmFresh,Grocery,2025-10-21,135,2700.0,0.0155,0.0044,0.0059,0.0233,4.62,0.59,92.8
FarmFresh,Grocery,2025-10-28,223,4460.0,0.0101,0.0038,0.0079,0.035,4.71,0.79,90.0
FarmFresh,Grocery,2025-11-04,281,5620.0,0.0072,0.0039,0.0054,0.0346,4.7,0.48,91.8
FarmFresh,Grocery,2025-11-11,182,3640.0,0.013,0.0021,0.0104,0.0412,4.67,0.7,88.6
FarmFresh,Grocery,2025-11-18,117,2340.0,0.0074,0.0048,0.0123,0.0358,4.77,0.69,90.1
FarmFresh,Grocery,2025-11-25,127,2540.0,0.0107,0.0043,0.0116,0.0353,4.42,0.42,90.6
FarmFresh,Grocery,2025-12-02,160,3200.0,0.0181,0.0043,0.0144,0.0292,4.49,0.78,88.0
FarmFresh,Grocery,2025-12-09,256,5120.0,0.0188,0.0032,0.0076,0.0209,4.47,0.42,91.9
FarmFresh,Grocery,2025-12-16,295,5900.0,0.0128,0.0025,0.0147,0.0248,4.57,0.61,90.4
FarmFresh,Grocery,2025-12-23,278,5560.0,0.0148,0.0015,0.0118,0.0218,4.47,0.71,92.5
FarmFresh,Grocery,2025-12-30,151,3020.0,0.0154,0.0034,0.0091,0.0471,4.45,0.48,87.0
FarmFresh,Grocery,2026-01-06,151,3020.0,0.0127,0.0024,0.0136,0.0295,4.35,0.69,89.9
FarmFresh,Grocery,2026-01-13,106,2120.0,0.0105,0.0044,0.0148,0.0262,4.59,0.69,89.5
FarmFresh,Grocery,2026-01-20,298,5960.0,0.0132,0.0033,0.013,0.0359,4.61,0.75,89.2
FarmFresh,Grocery,2026-01-27,274,5480.0,0.0102,0.0049,0.0143,0.0492,4.37,0.53,87.8
FarmFresh,Grocery,2026-02-03,228,4560.0,0.0103,0.0024,0.0142,0.0215,4.52,0.76,91.3
FarmFresh,Grocery,2026-02-10,212,4240.0,0.0147,0.0015,0.0145,0.0378,4.61,0.54,88.7
FarmFresh,Grocery,2026-02-17,132,2640.0,0.0119,0.0039,0.0122,0.0344,4.56,0.52,88.7
FarmFresh,Grocery,2026-02-24,113,2260.0,0.0085,0.0041,0.0052,0.0415,4.35,0.61,90.9
FarmFresh,Grocery,2026-03-03,164,3280.0,0.0089,0.0031,0.0112,0.0326,4.74,0.41,90.8
FarmFresh,Grocery,2026-03-10,119,2380.0,0.0098,0.0031,0.0052,0.0465,4.69,0.77,89.1
FarmFresh,Grocery,2026-03-17,179,3580.0,0.013,0.0013,0.0134,0.0488,4.5,0.41,87.2
FarmFresh,Grocery,2026-03-24,220,4400.0,0.0154,0.0021,0.0107,0.0415,4.72,0.7,88.7
FarmFresh,Grocery,2026-03-31,166,3320.0,0.0093,0.0033,0.0082,0.0325,4.66,0.51,90.3
FarmFresh,Grocery,2026-04-07,287,5740.0,0.0086,0.0043,0.0136,0.0312,4.49,0.52,90.7
FarmFresh,Grocery,2026-04-14,244,4880.0,0.0061,0.0028,0.0121,0.0217,4.33,0.48,92.5
FarmFresh,Grocery,2026-04-21,253,5060.0,0.007,0.0019,0.0114,0.0216,4.44,0.48,92.4
FarmFresh,Grocery,2026-04-28,285,5700.0,0.0113,0.0018,0.0065,0.0353,4.76,0.42,91.0
FarmFresh,Grocery,2026-05-05,266,5320.0,0.0173,0.0034,0.0082,0.0293,4.36,0.66,91.4
FarmFresh,Grocery,2026-05-12,114,2280.0,0.0155,0.0032,0.0053,0.0394,4.62,0.54,89.2
FarmFresh,Grocery,2026-05-19,275,5500.0,0.0093,0.0042,0.0057,0.0284,4.32,0.54,91.2
FarmFresh,Grocery,2026-05-26,278,5560.0,0.0132,0.0028,0.0063,0.0472,4.58,0.73,89.7
FarmFresh,Grocery,2026-06-02,212,4240.0,0.0129,0.0014,0.0064,0.0444,4.76,0.4,89.2
FarmFresh,Grocery,2026-06-09,211,4220.0,0.0083,0.0041,0.012,0.0308,4.46,0.43,89.7
FarmFresh,Grocery,2026-06-16,158,3160.0,0.0108,0.0016,0.0132,0.0373,4.35,0.57,90.0
FarmFresh,Grocery,2026-06-23,284,5680.0,0.0185,0.0018,0.006,0.0407,4.71,0.66,90.2
QuickStore,Grocery,2025-07-01,146,2920.0,0.0085,0.0026,0.0081,0.0296,4.38,0.41,91.6
QuickStore,Grocery,2025-07-08,162,3240.0,0.0058,0.0037,0.0115,0.044,4.61,0.74,88.6
QuickStore,Grocery,2025-07-15,131,2620.0,0.0076,0.0014,0.0074,0.0338,4.75,0.69,92.7
QuickStore,Grocery,2025-07-22,280,5600.0,0.0154,0.0011,0.0065,0.0413,4.66,0.59,90.2
QuickStore,Grocery,2025-07-29,299,5980.0,0.0068,0.0017,0.0132,0.0441,4.61,0.41,89.2
QuickStore,Grocery,2025-08-05,278,5560.0,0.0199,0.0044,0.0094,0.05,4.56,0.62,85.9
QuickStore,Grocery,2025-08-12,280,5600.0,0.0095,0.0013,0.0079,0.0228,4.55,0.7,93.7
QuickStore,Grocery,2025-08-19,233,4660.0,0.0182,0.0028,0.0125,0.0244,4.75,0.48,89.7
QuickStore,Grocery,2025-08-26,285,5700.0,0.0107,0.0033,0.0112,0.0447,4.67,0.67,88.8
QuickStore,Grocery,2025-09-02,295,5900.0,0.0082,0.0027,0.0088,0.0479,4.44,0.47,89.1
QuickStore,Grocery,2025-09-09,171,3420.0,0.0061,0.004,0.0076,0.0253,4.6,0.56,93.2
QuickStore,Grocery,2025-09-16,256,5120.0,0.0081,0.0041,0.008,0.0374,4.44,0.48,90.4
QuickStore,Grocery,2025-09-23,111,2220.0,0.0077,0.0033,0.0091,0.0396,4.78,0.71,90.3
QuickStore,Grocery,2025-09-30,113,2260.0,0.0193,0.0035,0.0088,0.0438,4.45,0.62,87.3
QuickStore,Grocery,2025-10-07,293,5860.0,0.0136,0.0018,0.0089,0.0457,4.41,0.51,89.5
QuickStore,Grocery,2025-10-14,285,5700.0,0.0192,0.0023,0.0068,0.031,4.63,0.77,90.9
QuickStore,Grocery,2025-10-21,241,4820.0,0.0101,0.0028,0.014,0.0308,4.54,0.72,91.2
QuickStore,Grocery,2025-10-28,246,4920.0,0.0108,0.0035,0.0111,0.0344,4.77,0.68,89.2
QuickStore,Grocery,2025-11-04,290,5800.0,0.0078,0.0017,0.0123,0.0272,4.54,0.63,91.4
QuickStore,Grocery,2025-11-11,163,3260.0,0.0068,0.0032,0.0073,0.0446,4.32,0.61,89.2
QuickStore,Grocery,2025-11-18,257,5140.0,0.0125,0.004,0.0102,0.0221,4.46,0.8,90.9
QuickStore,Grocery,2025-11-25,297,5940.0,0.0184,0.0044,0.0118,0.022,4.4,0.45,91.2
QuickStore,Grocery,2025-12-02,182,3640.0,0.0106,0.0016,0.0103,0.0316,4.67,0.65,90.4
QuickStore,Grocery,2025-12-09,102,2040.0,0.0192,0.0033,0.009,0.028,4.77,0.67,90.7
QuickStore,Grocery,2025-12-16,204,4080.0,0.0115,0.001,0.0131,0.0237,4.55,0.54,91.5
QuickStore,Grocery,2025-12-23,180,3600.0,0.0058,0.0011,0.0093,0.0328,4.39,0.45,92.6
QuickStore,Grocery,2025-12-30,226,4520.0,0.0117,0.0021,0.0123,0.0346,4.37,0.69,89.3
QuickStore,Grocery,2026-01-06,112,2240.0,0.0072,0.0035,0.0146,0.0452,4.33,0.46,88.0
QuickStore,Grocery,2026-01-13,248,4960.0,0.0052,0.0026,0.014,0.0471,4.36,0.56,88.1
QuickStore,Grocery,2026-01-20,282,5640.0,0.0063,0.0031,0.008,0.0362,4.59,0.74,91.4
QuickStore,Grocery,2026-01-27,283,5660.0,0.0172,0.0021,0.0051,0.0246,4.79,0.44,91.8
QuickStore,Grocery,2026-02-03,229,4580.0,0.0114,0.0034,0.0056,0.032,4.45,0.64,91.0
QuickStore,Grocery,2026-02-10,183,3660.0,0.0131,0.0028,0.0083,0.0436,4.35,0.45,90.1
QuickStore,Grocery,2026-02-17,136,2720.0,0.0198,0.0018,0.0113,0.0361,4.38,0.8,88.3
QuickStore,Grocery,2026-02-24,266,5320.0,0.01,0.0028,0.0067,0.0298,4.34,0.48,92.8
QuickStore,Grocery,2026-03-03,194,3880.0,0.0086,0.0037,0.007,0.0392,4.35,0.61,90.7
QuickStore,Grocery,2026-03-10,255,5100.0,0.0124,0.0014,0.0146,0.04,4.35,0.53,89.5
QuickStore,Grocery,2026-03-17,282,5640.0,0.0107,0.0016,0.0084,0.0405,4.72,0.49,89.9
QuickStore,Grocery,2026-03-24,285,5700.0,0.0168,0.0011,0.011,0.0377,4.49,0.57,89.9
QuickStore,Grocery,2026-03-31,228,4560.0,0.0144,0.0048,0.006,0.0303,4.37,0.75,91.6
QuickStore,Grocery,2026-04-07,287,5740.0,0.0154,0.0022,0.009,0.0206,4.61,0.77,92.1
QuickStore,Grocery,2026-04-14,234,4680.0,0.0081,0.0043,0.007,0.0274,4.4,0.78,91.5
QuickStore,Grocery,2026-04-21,175,3500.0,0.014,0.003,0.0098,0.0219,4.53,0.51,91.5
QuickStore,Grocery,2026-04-28,180,3600.0,0.0103,0.0028,0.0146,0.0383,4.41,0.48,89.5
QuickStore,Grocery,2026-05-05,120,2400.0,0.0094,0.0013,0.0059,0.0367,4.8,0.44,90.9
QuickStore,Grocery,2026-05-12,223,4460.0,0.0056,0.0019,0.0131,0.045,4.36,0.68,90.2
QuickStore,Grocery,2026-05-19,132,2640.0,0.0137,0.0043,0.0086,0.0304,4.53,0.7,90.9
QuickStore,Grocery,2026-05-26,135,2700.0,0.0183,0.0033,0.0147,0.0231,4.53,0.64,89.9
QuickStore,Grocery,2026-06-02,120,2400.0,0.0108,0.0043,0.0142,0.0347,4.66,0.46,89.0
QuickStore,Grocery,2026-06-09,261,5220.0,0.0111,0.0013,0.005,0.047,4.41,0.79,89.8
QuickStore,Grocery,2026-06-16,207,4140.0,0.0164,0.0028,0.0068,0.0339,4.62,0.43,90.6
QuickStore,Grocery,2026-06-23,108,2160.0,0.0118,0.0047,0.0078,0.0398,4.36,0.7,89.3
ValueMart,Grocery,2025-07-01,235,4700.0,0.0151,0.0015,0.0142,0.0268,4.36,0.47,89.9
ValueMart,Grocery,2025-07-08,242,4840.0,0.0125,0.0022,0.0102,0.0401,4.69,0.48,90.0
ValueMart,Grocery,2025-07-15,251,5020.0,0.0099,0.004,0.0081,0.0494,4.68,0.6,87.6
ValueMart,Grocery,2025-07-22,289,5780.0,0.0098,0.0013,0.0067,0.0457,4.59,0.72,90.6
ValueMart,Grocery,2025-07-29,211,4220.0,0.0105,0.0032,0.01,0.0381,4.32,0.69,89.0
ValueMart,Grocery,2025-08-05,296,5920.0,0.0068,0.0025,0.0123,0.0387,4.54,0.72,89.4
ValueMart,Grocery,2025-08-12,251,5020.0,0.0085,0.0046,0.0132,0.0372,4.53,0.59,89.7
ValueMart,Grocery,2025-08-19,145,2900.0,0.0076,0.0013,0.012,0.046,4.7,0.46,89.5
ValueMart,Grocery,2025-08-26,176,3520.0,0.0164,0.0033,0.0053,0.0363,4.7,0.76,89.8
ValueMart,Grocery,2025-09-02,248,4960.0,0.0122,0.0042,0.0092,0.0441,4.35,0.68,88.9
ValueMart,Grocery,2025-09-09,293,5860.0,0.0066,0.0015,0.0134,0.0425,4.49,0.43,90.2
ValueMart,Grocery,2025-09-16,232,4640.0,0.013,0.0041,0.0058,0.0377,4.58,0.68,90.4
ValueMart,Grocery,2025-09-23,172,3440.0,0.0143,0.0045,0.006,0.0455,4.7,0.52,88.7
ValueMart,Grocery,2025-09-30,157,3140.0,0.0125,0.0031,0.0054,0.0487,4.39,0.56,89.1
ValueMart,Grocery,2025-10-07,270,5400.0,0.0169,0.0028,0.0067,0.0294,4.41,0.55,90.3
ValueMart,Grocery,2025-10-14,293,5860.0,0.0175,0.0041,0.0126,0.0445,4.41,0.54,87.6
ValueMart,Grocery,2025-10-21,149,2980.0,0.0064,0.0015,0.0093,0.0287,4.7,0.59,92.4
ValueMart,Grocery,2025-10-28,246,4920.0,0.0094,0.0037,0.0133,0.0258,4.58,0.6,90.9
ValueMart,Grocery,2025-11-04,175,3500.0,0.0109,0.0017,0.0062,0.0368,4.45,0.56,92.2
ValueMart,Grocery,2025-11-11,122,2440.0,0.0082,0.0046,0.0129,0.03,4.39,0.53,90.1
ValueMart,Grocery,2025-11-18,156,3120.0,0.0176,0.0035,0.0073,0.0462,4.7,0.74,88.6
ValueMart,Grocery,2025-11-25,216,4320.0,0.0188,0.0024,0.012,0.0395,4.64,0.49,88.6
ValueMart,Grocery,2025-12-02,210,4200.0,0.0162,0.0046,0.009,0.0369,4.75,0.79,90.1
ValueMart,Grocery,2025-12-09,269,5380.0,0.0146,0.0023,0.0095,0.0315,4.76,0.63,90.1
ValueMart,Grocery,2025-12-16,196,3920.0,0.0083,0.0041,0.0087,0.025,4.55,0.42,92.6
ValueMart,Grocery,2025-12-23,224,4480.0,0.0174,0.0037,0.0097,0.0475,4.5,0.66,86.9
ValueMart,Grocery,2025-12-30,262,5240.0,0.0157,0.0036,0.0094,0.0319,4.48,0.43,89.6
ValueMart,Grocery,2026-01-06,225,4500.0,0.0198,0.0045,0.0112,0.038,4.36,0.64,88.4
ValueMart,Grocery,2026-01-13,207,4140.0,0.0158,0.0045,0.0134,0.0436,4.31,0.51,88.1
ValueMart,Grocery,2026-01-20,263,5260.0,0.0132,0.0021,0.0115,0.0261,4.65,0.62,90.3
ValueMart,Grocery,2026-01-27,159,3180.0,0.0175,0.0039,0.0098,0.0318,4.32,0.74,89.4
ValueMart,Grocery,2026-02-03,191,3820.0,0.0141,0.0032,0.013,0.0425,4.69,0.54,88.1
ValueMart,Grocery,2026-02-10,293,5860.0,0.0134,0.0029,0.0092,0.0356,4.38,0.52,89.3
ValueMart,Grocery,2026-02-17,208,4160.0,0.0185,0.0034,0.012,0.0339,4.68,0.42,89.1
ValueMart,Grocery,2026-02-24,278,5560.0,0.0156,0.0038,0.0142,0.0305,4.58,0.79,89.6
ValueMart,Grocery,2026-03-03,205,4100.0,0.0062,0.0013,0.0109,0.0381,4.75,0.43,90.8
ValueMart,Grocery,2026-03-10,300,6000.0,0.0194,0.0014,0.0062,0.0411,4.63,0.73,88.8
ValueMart,Grocery,2026-03-17,181,3620.0,0.0054,0.0049,0.0132,0.0222,4.52,0.48,92.3
ValueMart,Grocery,2026-03-24,113,2260.0,0.0098,0.002,0.0124,0.0421,4.44,0.68,90.0
ValueMart,Grocery,2026-03-31,214,4280.0,0.0141,0.0032,0.007,0.0323,4.57,0.66,91.4
ValueMart,Grocery,2026-04-07,299,5980.0,0.0056,0.0017,0.0079,0.0405,4.74,0.47,91.7
ValueMart,Grocery,2026-04-14,238,4760.0,0.008,0.0026,0.0099,0.0305,4.77,0.74,91.7
ValueMart,Grocery,2026-04-21,185,3700.0,0.0103,0.0015,0.0094,0.0421,4.78,0.62,89.6
ValueMart,Grocery,2026-04-28,153,3060.0,0.0191,0.0027,0.0143,0.0248,4.38,0.6,90.8
ValueMart,Grocery,2026-05-05,283,5660.0,0.0135,0.0045,0.0101,0.0382,4.68,0.43,89.0
ValueMart,Grocery,2026-05-12,155,3100.0,0.0155,0.0044,0.0052,0.027,4.77,0.78,91.3
ValueMart,Grocery,2026-05-19,293,5860.0,0.0197,0.0048,0.0135,0.0454,4.63,0.48,87.0
ValueMart,Grocery,2026-05-26,140,2800.0,0.0197,0.0016,0.0143,0.0357,4.62,0.56,89.2
ValueMart,Grocery,2026-06-02,169,3380.0,0.0189,0.0014,0.0096,0.0484,4.75,0.64,88.0
ValueMart,Grocery,2026-06-09,119,2380.0,0.012,0.0032,0.013,0.0263,4.5,0.43,90.1
ValueMart,Grocery,2026-06-16,238,4760.0,0.0068,0.0029,0.0117,0.0392,4.37,0.56,90.3
ValueMart,Grocery,2026-06-23,149,2980.0,0.0156,0.0037,0.013,0.0255,4.48,0.62,89.6
GlowCosmetics,Beauty,2025-07-01,105,3675.0,0.0199,0.0027,0.0055,0.0292,4.64,0.52,90.1
GlowCosmetics,Beauty,2025-07-08,267,9345.0,0.0162,0.0015,0.0129,0.0208,4.52,0.78,91.7
GlowCosmetics,Beauty,2025-07-15,156,5460.0,0.008,0.003,0.0065,0.0423,4.6,0.76,89.6
GlowCosmetics,Beauty,2025-07-22,236,8260.0,0.0056,0.0048,0.0146,0.0208,4.66,0.68,91.4
GlowCosmetics,Beauty,2025-07-29,200,7000.0,0.0054,0.0042,0.008,0.0348,4.69,0.57,91.3
GlowCosmetics,Beauty,2025-08-05,106,3710.0,0.0143,0.0021,0.0077,0.0459,4.31,0.64,88.3
GlowCosmetics,Beauty,2025-08-12,127,4445.0,0.0143,0.0043,0.0149,0.0209,4.63,0.4,90.5
GlowCosmetics,Beauty,2025-08-19,243,8505.0,0.0133,0.002,0.0114,0.0456,4.41,0.66,88.4
GlowCosmetics,Beauty,2025-08-26,136,4760.0,0.013,0.0011,0.0101,0.0396,4.68,0.8,89.0
GlowCosmetics,Beauty,2025-09-02,115,4025.0,0.0104,0.0026,0.0079,0.0412,4.48,0.55,89.4
GlowCosmetics,Beauty,2025-09-09,109,3815.0,0.0057,0.0015,0.0062,0.0226,4.63,0.66,94.3
GlowCosmetics,Beauty,2025-09-16,168,5880.0,0.0059,0.0036,0.0124,0.0285,4.59,0.78,90.6
GlowCosmetics,Beauty,2025-09-23,266,9310.0,0.0089,0.0035,0.0054,0.0316,4.45,0.66,91.4
GlowCosmetics,Beauty,2025-09-30,242,8470.0,0.0157,0.0032,0.0143,0.0272,4.46,0.72,89.5
GlowCosmetics,Beauty,2025-10-07,132,4620.0,0.0127,0.0013,0.0101,0.0488,4.79,0.61,88.5
GlowCosmetics,Beauty,2025-10-14,150,5250.0,0.0136,0.0021,0.0131,0.0201,4.47,0.76,92.1
GlowCosmetics,Beauty,2025-10-21,260,9100.0,0.0114,0.0017,0.0052,0.0244,4.79,0.77,92.6
GlowCosmetics,Beauty,2025-10-28,202,7070.0,0.015,0.0041,0.0083,0.0477,4.77,0.41,87.0
GlowCosmetics,Beauty,2025-11-04,273,9555.0,0.014,0.0017,0.0138,0.0404,4.48,0.45,89.0
GlowCosmetics,Beauty,2025-11-11,266,9310.0,0.0072,0.0011,0.0129,0.0201,4.47,0.73,93.0
GlowCosmetics,Beauty,2025-11-18,282,9870.0,0.0082,0.0032,0.0118,0.0216,4.33,0.74,92.9
GlowCosmetics,Beauty,2025-11-25,153,5355.0,0.0113,0.0021,0.0084,0.0355,4.38,0.46,91.4
GlowCosmetics,Beauty,2025-12-02,221,7735.0,0.0177,0.005,0.0113,0.0438,4.31,0.78,88.0
GlowCosmetics,Beauty,2025-12-09,117,4095.0,0.0149,0.0044,0.0123,0.0263,4.53,0.62,91.2
GlowCosmetics,Beauty,2025-12-16,217,7595.0,0.0147,0.0027,0.013,0.0428,4.46,0.6,88.5
GlowCosmetics,Beauty,2025-12-23,140,4900.0,0.0132,0.0016,0.0132,0.0268,4.6,0.79,90.2
GlowCosmetics,Beauty,2025-12-30,103,3605.0,0.0065,0.0037,0.0077,0.0436,4.78,0.45,90.8
GlowCosmetics,Beauty,2026-01-06,178,6230.0,0.0149,0.0048,0.0109,0.022,4.55,0.55,92.1
GlowCosmetics,Beauty,2026-01-13,264,9240.0,0.0195,0.0013,0.0132,0.0302,4.72,0.54,90.6
GlowCosmetics,Beauty,2026-01-20,155,5425.0,0.0179,0.0027,0.0111,0.0393,4.67,0.6,88.6
GlowCosmetics,Beauty,2026-01-27,233,8155.0,0.0132,0.0024,0.0104,0.0322,4.72,0.63,89.6
GlowCosmetics,Beauty,2026-02-03,254,8890.0,0.0148,0.0041,0.0111,0.0358,4.78,0.46,88.7
GlowCosmetics,Beauty,2026-02-10,143,5005.0,0.0177,0.002,0.0081,0.0218,4.43,0.78,91.9
GlowCosmetics,Beauty,2026-02-17,136,4760.0,0.0163,0.0025,0.0114,0.0234,4.65,0.73,91.8
GlowCosmetics,Beauty,2026-02-24,135,4725.0,0.0104,0.0041,0.0142,0.0278,4.72,0.54,89.9
GlowCosmetics,Beauty,2026-03-03,177,6195.0,0.0137,0.0033,0.0058,0.0426,4.75,0.69,89.6
GlowCosmetics,Beauty,2026-03-10,298,10430.0,0.0137,0.0044,0.008,0.0469,4.61,0.65,88.1
GlowCosmetics,Beauty,2026-03-17,181,6335.0,0.0072,0.0039,0.0064,0.0452,4.6,0.75,90.8
GlowCosmetics,Beauty,2026-03-24,171,5985.0,0.0069,0.0033,0.0055,0.0462,4.7,0.41,90.7
GlowCosmetics,Beauty,2026-03-31,164,5740.0,0.0147,0.0014,0.0097,0.04,4.55,0.73,89.9
GlowCosmetics,Beauty,2026-04-07,106,3710.0,0.0076,0.0043,0.0071,0.0479,4.31,0.64,90.0
GlowCosmetics,Beauty,2026-04-14,257,8995.0,0.0153,0.0045,0.0116,0.0369,4.66,0.47,89.2
GlowCosmetics,Beauty,2026-04-21,102,3570.0,0.0194,0.0023,0.0126,0.0359,4.41,0.79,88.8
GlowCosmetics,Beauty,2026-04-28,250,8750.0,0.0119,0.0046,0.008,0.0426,4.54,0.72,89.8
GlowCosmetics,Beauty,2026-05-05,103,3605.0,0.0126,0.001,0.0076,0.0297,4.73,0.44,92.6
GlowCosmetics,Beauty,2026-05-12,222,7770.0,0.0107,0.0025,0.0074,0.0463,4.64,0.5,88.9
GlowCosmetics,Beauty,2026-05-19,107,3745.0,0.0112,0.0023,0.0144,0.0279,4.5,0.5,90.5
GlowCosmetics,Beauty,2026-05-26,291,10185.0,0.009,0.0013,0.0083,0.0349,4.33,0.51,90.6
GlowCosmetics,Beauty,2026-06-02,282,9870.0,0.006,0.0023,0.0057,0.0411,4.49,0.45,90.9
GlowCosmetics,Beauty,2026-06-09,130,4550.0,0.0066,0.0038,0.0063,0.0333,4.62,0.79,91.9
GlowCosmetics,Beauty,2026-06-16,171,5985.0,0.02,0.0026,0.0149,0.0243,4.45,0.59,89.1
GlowCosmetics,Beauty,2026-06-23,272,9520.0,0.0166,0.002,0.0078,0.038,4.75,0.66,89.9
AuraBeauty,Beauty,2025-07-01,103,3605.0,0.0103,0.002,0.0073,0.0285,4.39,0.63,92.6
AuraBeauty,Beauty,2025-07-08,137,4795.0,0.0099,0.0042,0.0139,0.0423,4.39,0.77,87.9
AuraBeauty,Beauty,2025-07-15,255,8925.0,0.0149,0.001,0.009,0.0473,4.74,0.56,88.0
AuraBeauty,Beauty,2025-07-22,291,10185.0,0.0098,0.0024,0.0131,0.0421,4.64,0.76,88.0
AuraBeauty,Beauty,2025-07-29,187,6545.0,0.0135,0.0035,0.0055,0.0287,4.73,0.49,90.9
AuraBeauty,Beauty,2025-08-05,129,4515.0,0.0152,0.002,0.0113,0.0267,4.49,0.7,91.7
AuraBeauty,Beauty,2025-08-12,260,9100.0,0.0089,0.0029,0.0128,0.0247,4.36,0.78,91.2
AuraBeauty,Beauty,2025-08-19,120,4200.0,0.0111,0.0037,0.008,0.0331,4.75,0.69,91.7
AuraBeauty,Beauty,2025-08-26,113,3955.0,0.0115,0.0027,0.0118,0.043,4.54,0.71,88.2
AuraBeauty,Beauty,2025-09-02,244,8540.0,0.0101,0.0049,0.0065,0.0212,4.32,0.43,92.7
AuraBeauty,Beauty,2025-09-09,145,5075.0,0.0165,0.0033,0.0141,0.0309,4.79,0.79,89.4
AuraBeauty,Beauty,2025-09-16,190,6650.0,0.0056,0.0015,0.0078,0.039,4.79,0.46,90.6
AuraBeauty,Beauty,2025-09-23,261,9135.0,0.0089,0.0026,0.0083,0.0441,4.76,0.58,90.2
AuraBeauty,Beauty,2025-09-30,245,8575.0,0.015,0.0047,0.0142,0.0416,4.32,0.66,88.2
AuraBeauty,Beauty,2025-10-07,187,6545.0,0.0085,0.0011,0.009,0.0345,4.38,0.48,90.6
AuraBeauty,Beauty,2025-10-14,166,5810.0,0.0076,0.0024,0.0083,0.0425,4.34,0.73,91.0
AuraBeauty,Beauty,2025-10-21,268,9380.0,0.0057,0.0048,0.0081,0.0475,4.44,0.76,90.0
AuraBeauty,Beauty,2025-10-28,195,6825.0,0.0095,0.004,0.0057,0.0357,4.36,0.5,90.7
AuraBeauty,Beauty,2025-11-04,126,4410.0,0.0085,0.0019,0.0096,0.0203,4.57,0.46,94.2
AuraBeauty,Beauty,2025-11-11,186,6510.0,0.0191,0.003,0.0085,0.0324,4.47,0.65,89.2
AuraBeauty,Beauty,2025-11-18,239,8365.0,0.0067,0.0035,0.009,0.0218,4.48,0.65,93.6
AuraBeauty,Beauty,2025-11-25,247,8645.0,0.0158,0.0046,0.0127,0.0473,4.52,0.65,87.7
AuraBeauty,Beauty,2025-12-02,285,9975.0,0.0149,0.0043,0.0079,0.0322,4.58,0.42,90.3
AuraBeauty,Beauty,2025-12-09,110,3850.0,0.0156,0.0045,0.0055,0.0416,4.57,0.6,89.9
AuraBeauty,Beauty,2025-12-16,247,8645.0,0.006,0.0048,0.0085,0.046,4.78,0.75,90.2
AuraBeauty,Beauty,2025-12-23,176,6160.0,0.0134,0.0045,0.0111,0.0372,4.52,0.78,89.0
AuraBeauty,Beauty,2025-12-30,133,4655.0,0.0093,0.0019,0.0084,0.0462,4.55,0.55,89.0
AuraBeauty,Beauty,2026-01-06,217,7595.0,0.0141,0.0022,0.0094,0.0446,4.42,0.74,88.4
AuraBeauty,Beauty,2026-01-13,144,5040.0,0.0187,0.0046,0.0148,0.0321,4.71,0.58,88.1
AuraBeauty,Beauty,2026-01-20,211,7385.0,0.02,0.0025,0.0075,0.0387,4.7,0.65,88.2
AuraBeauty,Beauty,2026-01-27,101,3535.0,0.0189,0.0038,0.0144,0.0398,4.3,0.76,86.9
AuraBeauty,Beauty,2026-02-03,275,9625.0,0.0097,0.0013,0.0121,0.0338,4.58,0.76,90.6
AuraBeauty,Beauty,2026-02-10,280,9800.0,0.0128,0.0031,0.0119,0.0267,4.63,0.67,91.5
AuraBeauty,Beauty,2026-02-17,202,7070.0,0.0077,0.0011,0.0066,0.0313,4.35,0.71,92.0
AuraBeauty,Beauty,2026-02-24,118,4130.0,0.0129,0.0029,0.0122,0.0264,4.69,0.45,90.8
AuraBeauty,Beauty,2026-03-03,145,5075.0,0.0154,0.0035,0.0133,0.0451,4.59,0.77,87.7
AuraBeauty,Beauty,2026-03-10,256,8960.0,0.0081,0.0041,0.0144,0.0216,4.37,0.72,91.9
AuraBeauty,Beauty,2026-03-17,227,7945.0,0.0137,0.0049,0.013,0.041,4.33,0.71,87.2
AuraBeauty,Beauty,2026-03-24,186,6510.0,0.0093,0.0035,0.0126,0.0203,4.46,0.8,91.6
AuraBeauty,Beauty,2026-03-31,179,6265.0,0.0197,0.0028,0.008,0.0305,4.56,0.69,91.1
AuraBeauty,Beauty,2026-04-07,145,5075.0,0.0163,0.0019,0.006,0.0315,4.76,0.53,91.2
AuraBeauty,Beauty,2026-04-14,188,6580.0,0.0152,0.004,0.0057,0.0455,4.71,0.62,88.7
AuraBeauty,Beauty,2026-04-21,132,4620.0,0.0101,0.004,0.0094,0.0313,4.47,0.71,91.8
AuraBeauty,Beauty,2026-04-28,224,7840.0,0.0117,0.0018,0.0055,0.0355,4.47,0.78,91.4
AuraBeauty,Beauty,2026-05-05,289,10115.0,0.0103,0.0022,0.0088,0.0383,4.38,0.63,90.9
AuraBeauty,Beauty,2026-05-12,282,9870.0,0.0082,0.0047,0.0114,0.0463,4.46,0.55,89.0
AuraBeauty,Beauty,2026-05-19,236,8260.0,0.0164,0.001,0.01,0.0421,4.69,0.57,88.3
AuraBeauty,Beauty,2026-05-26,281,9835.0,0.0055,0.0034,0.0124,0.0428,4.66,0.42,89.9
AuraBeauty,Beauty,2026-06-02,216,7560.0,0.0157,0.0026,0.0144,0.043,4.78,0.59,88.5
AuraBeauty,Beauty,2026-06-09,225,7875.0,0.0173,0.0042,0.01,0.0374,4.71,0.42,88.4
AuraBeauty,Beauty,2026-06-16,208,7280.0,0.015,0.0027,0.0062,0.0473,4.44,0.73,88.2
AuraBeauty,Beauty,2026-06-23,145,5075.0,0.0078,0.0031,0.0101,0.0381,4.46,0.58,91.1
SkinCare Co,Beauty,2025-07-01,176,6160.0,0.0185,0.0045,0.0065,0.0225,4.45,0.41,92.4
SkinCare Co,Beauty,2025-07-08,289,10115.0,0.0061,0.0014,0.0107,0.0319,4.45,0.48,91.4
SkinCare Co,Beauty,2025-07-15,132,4620.0,0.0063,0.0048,0.0133,0.0404,4.76,0.47,88.4
SkinCare Co,Beauty,2025-07-22,217,7595.0,0.0141,0.0049,0.0102,0.0328,4.48,0.43,90.3
SkinCare Co,Beauty,2025-07-29,119,4165.0,0.0146,0.0011,0.0125,0.0301,4.49,0.61,89.8
SkinCare Co,Beauty,2025-08-05,263,9205.0,0.0193,0.0041,0.007,0.0493,4.76,0.62,86.6
SkinCare Co,Beauty,2025-08-12,263,9205.0,0.0081,0.0031,0.0128,0.0274,4.5,0.7,92.2
SkinCare Co,Beauty,2025-08-19,165,5775.0,0.0064,0.0011,0.0105,0.0267,4.34,0.6,93.1
SkinCare Co,Beauty,2025-08-26,177,6195.0,0.014,0.0018,0.0132,0.0357,4.41,0.78,89.7
SkinCare Co,Beauty,2025-09-02,246,8610.0,0.0198,0.0029,0.0058,0.0487,4.3,0.41,88.4
SkinCare Co,Beauty,2025-09-09,228,7980.0,0.0124,0.0017,0.0117,0.0311,4.46,0.62,90.6
SkinCare Co,Beauty,2025-09-16,101,3535.0,0.0056,0.0035,0.0074,0.0252,4.79,0.76,92.6
SkinCare Co,Beauty,2025-09-23,168,5880.0,0.0184,0.0017,0.0123,0.0334,4.68,0.41,89.8
SkinCare Co,Beauty,2025-09-30,104,3640.0,0.0186,0.0016,0.0076,0.0499,4.38,0.69,88.3
SkinCare Co,Beauty,2025-10-07,282,9870.0,0.0149,0.003,0.0089,0.029,4.77,0.62,90.9
SkinCare Co,Beauty,2025-10-14,238,8330.0,0.0178,0.0021,0.0091,0.0418,4.35,0.44,89.2
SkinCare Co,Beauty,2025-10-21,181,6335.0,0.0111,0.0029,0.005,0.0467,4.3,0.59,90.2
SkinCare Co,Beauty,2025-10-28,236,8260.0,0.006,0.0011,0.0072,0.0404,4.46,0.45,91.0
SkinCare Co,Beauty,2025-11-04,269,9415.0,0.0091,0.003,0.0075,0.0471,4.68,0.79,89.3
SkinCare Co,Beauty,2025-11-11,153,5355.0,0.0164,0.0026,0.0098,0.0404,4.74,0.41,89.4
SkinCare Co,Beauty,2025-11-18,272,9520.0,0.0186,0.0046,0.0128,0.0263,4.67,0.76,88.7
SkinCare Co,Beauty,2025-11-25,259,9065.0,0.0107,0.0023,0.0149,0.0377,4.66,0.71,89.2
SkinCare Co,Beauty,2025-12-02,242,8470.0,0.0119,0.0049,0.0053,0.0301,4.54,0.76,90.4
SkinCare Co,Beauty,2025-12-09,255,8925.0,0.0167,0.0014,0.0058,0.0292,4.32,0.56,91.6
SkinCare Co,Beauty,2025-12-16,246,8610.0,0.0147,0.0037,0.0133,0.0462,4.65,0.42,87.6
SkinCare Co,Beauty,2025-12-23,204,7140.0,0.0089,0.0028,0.0065,0.0403,4.66,0.71,90.3
SkinCare Co,Beauty,2025-12-30,297,10395.0,0.0064,0.0021,0.0062,0.0251,4.47,0.76,93.3
SkinCare Co,Beauty,2026-01-06,237,8295.0,0.019,0.0025,0.0054,0.0429,4.59,0.43,89.6
SkinCare Co,Beauty,2026-01-13,173,6055.0,0.0063,0.0011,0.0074,0.03,4.61,0.57,92.1
SkinCare Co,Beauty,2026-01-20,236,8260.0,0.0184,0.0013,0.0134,0.0434,4.75,0.76,87.4
SkinCare Co,Beauty,2026-01-27,248,8680.0,0.0103,0.0042,0.0113,0.0407,4.42,0.66,90.0
SkinCare Co,Beauty,2026-02-03,157,5495.0,0.0102,0.0048,0.0079,0.0247,4.8,0.67,91.6
SkinCare Co,Beauty,2026-02-10,246,8610.0,0.0138,0.0048,0.0149,0.023,4.72,0.64,90.1
SkinCare Co,Beauty,2026-02-17,245,8575.0,0.0196,0.0039,0.0098,0.0475,4.59,0.62,86.3
SkinCare Co,Beauty,2026-02-24,253,8855.0,0.0169,0.0035,0.0056,0.0452,4.39,0.55,89.7
SkinCare Co,Beauty,2026-03-03,194,6790.0,0.0189,0.0049,0.0095,0.037,4.72,0.74,87.9
SkinCare Co,Beauty,2026-03-10,133,4655.0,0.0171,0.003,0.0077,0.0486,4.68,0.55,88.8
SkinCare Co,Beauty,2026-03-17,217,7595.0,0.0194,0.0019,0.015,0.0409,4.69,0.76,87.3
SkinCare Co,Beauty,2026-03-24,218,7630.0,0.0077,0.004,0.0053,0.0478,4.79,0.44,89.4
SkinCare Co,Beauty,2026-03-31,162,5670.0,0.0052,0.0035,0.0106,0.027,4.62,0.51,92.9
SkinCare Co,Beauty,2026-04-07,273,9555.0,0.016,0.0021,0.0148,0.0405,4.49,0.47,87.2
SkinCare Co,Beauty,2026-04-14,283,9905.0,0.011,0.0041,0.009,0.0451,4.79,0.46,89.0
SkinCare Co,Beauty,2026-04-21,106,3710.0,0.0178,0.0021,0.0137,0.0396,4.44,0.78,89.1
SkinCare Co,Beauty,2026-04-28,296,10360.0,0.0082,0.0037,0.0062,0.0219,4.49,0.53,93.2
SkinCare Co,Beauty,2026-05-05,266,9310.0,0.0084,0.0037,0.0064,0.0306,4.46,0.57,92.8
SkinCare Co,Beauty,2026-05-12,294,10290.0,0.01,0.0014,0.0112,0.0304,4.61,0.79,90.4
SkinCare Co,Beauty,2026-05-19,186,6510.0,0.0073,0.002,0.0067,0.0402,4.51,0.42,91.1
SkinCare Co,Beauty,2026-05-26,184,6440.0,0.0152,0.0032,0.0145,0.0352,4.52,0.44,88.2
SkinCare Co,Beauty,2026-06-02,175,6125.0,0.02,0.0023,0.0134,0.0462,4.8,0.7,86.5
SkinCare Co,Beauty,2026-06-09,170,5950.0,0.0082,0.0032,0.0136,0.049,4.67,0.45,86.9
SkinCare Co,Beauty,2026-06-16,106,3710.0,0.0182,0.0035,0.013,0.0311,4.51,0.58,88.8
SkinCare Co,Beauty,2026-06-23,283,9905.0,0.016,0.0036,0.0125,0.0223,4.33,0.46,90.2
LuxeScent,Beauty,2025-07-01,175,6125.0,0.006,0.0034,0.0062,0.0423,4.7,0.46,90.8
LuxeScent,Beauty,2025-07-08,198,6930.0,0.0058,0.0013,0.012,0.0257,4.46,0.53,91.8
LuxeScent,Beauty,2025-07-15,177,6195.0,0.0154,0.0038,0.0138,0.0289,4.45,0.49,90.1
LuxeScent,Beauty,2025-07-22,230,8050.0,0.015,0.0015,0.0076,0.0355,4.73,0.44,89.9
LuxeScent,Beauty,2025-07-29,264,9240.0,0.0154,0.0043,0.0131,0.0436,4.36,0.79,87.3
LuxeScent,Beauty,2025-08-05,196,6860.0,0.0194,0.0038,0.013,0.0327,4.35,0.79,88.0
LuxeScent,Beauty,2025-08-12,223,7805.0,0.0142,0.005,0.0053,0.0453,4.42,0.55,88.5
LuxeScent,Beauty,2025-08-19,152,5320.0,0.0083,0.0042,0.0079,0.0481,4.43,0.6,88.2
LuxeScent,Beauty,2025-08-26,150,5250.0,0.0094,0.0029,0.0089,0.0241,4.59,0.67,92.9
LuxeScent,Beauty,2025-09-02,300,10500.0,0.0192,0.004,0.0081,0.0289,4.75,0.61,89.5
LuxeScent,Beauty,2025-09-09,260,9100.0,0.0128,0.0043,0.0106,0.0483,4.75,0.53,87.6
LuxeScent,Beauty,2025-09-16,236,8260.0,0.0087,0.0028,0.0146,0.0388,4.77,0.69,89.7
LuxeScent,Beauty,2025-09-23,163,5705.0,0.009,0.0019,0.0112,0.0353,4.31,0.72,89.9
LuxeScent,Beauty,2025-09-30,276,9660.0,0.0169,0.002,0.0091,0.0459,4.48,0.61,88.4
LuxeScent,Beauty,2025-10-07,171,5985.0,0.0067,0.0029,0.0108,0.0412,4.51,0.45,90.4
LuxeScent,Beauty,2025-10-14,233,8155.0,0.0131,0.0018,0.0145,0.0469,4.32,0.72,87.8
LuxeScent,Beauty,2025-10-21,294,10290.0,0.0199,0.0025,0.0105,0.0298,4.74,0.47,90.5
LuxeScent,Beauty,2025-10-28,181,6335.0,0.0119,0.0021,0.0055,0.0226,4.7,0.46,94.0
LuxeScent,Beauty,2025-11-04,221,7735.0,0.0126,0.0048,0.0064,0.0492,4.52,0.58,89.2
LuxeScent,Beauty,2025-11-11,224,7840.0,0.0051,0.0034,0.0137,0.0396,4.7,0.7,90.5
LuxeScent,Beauty,2025-11-18,284,9940.0,0.0064,0.0022,0.0127,0.0463,4.76,0.55,88.7
LuxeScent,Beauty,2025-11-25,100,3500.0,0.0054,0.0029,0.0071,0.0336,4.44,0.8,92.2
LuxeScent,Beauty,2025-12-02,145,5075.0,0.0092,0.0026,0.0115,0.0201,4.73,0.76,91.8
LuxeScent,Beauty,2025-12-09,176,6160.0,0.0188,0.0011,0.0069,0.0327,4.65,0.67,90.9
LuxeScent,Beauty,2025-12-16,243,8505.0,0.0117,0.0011,0.0056,0.0236,4.47,0.57,92.6
LuxeScent,Beauty,2025-12-23,101,3535.0,0.0199,0.0016,0.0136,0.0349,4.31,0.79,89.6
LuxeScent,Beauty,2025-12-30,116,4060.0,0.0107,0.001,0.0091,0.0268,4.64,0.74,91.7
LuxeScent,Beauty,2026-01-06,263,9205.0,0.0183,0.0013,0.0133,0.025,4.34,0.44,89.9
LuxeScent,Beauty,2026-01-13,178,6230.0,0.0184,0.0011,0.0127,0.0276,4.49,0.52,90.1
LuxeScent,Beauty,2026-01-20,275,9625.0,0.0076,0.0049,0.0068,0.037,4.58,0.78,90.5
LuxeScent,Beauty,2026-01-27,140,4900.0,0.0079,0.0029,0.0143,0.0251,4.72,0.45,91.3
LuxeScent,Beauty,2026-02-03,140,4900.0,0.0181,0.0047,0.0145,0.0282,4.76,0.46,89.5
LuxeScent,Beauty,2026-02-10,299,10465.0,0.0077,0.0048,0.0118,0.0229,4.39,0.59,92.2
LuxeScent,Beauty,2026-02-17,137,4795.0,0.0057,0.005,0.0066,0.0415,4.57,0.47,89.9
LuxeScent,Beauty,2026-02-24,178,6230.0,0.0116,0.0026,0.0087,0.0358,4.6,0.76,90.4
LuxeScent,Beauty,2026-03-03,114,3990.0,0.0196,0.0031,0.0069,0.0296,4.71,0.69,90.2
LuxeScent,Beauty,2026-03-10,280,9800.0,0.0153,0.0017,0.0077,0.0396,4.63,0.72,89.8
LuxeScent,Beauty,2026-03-17,182,6370.0,0.0077,0.0031,0.0062,0.0284,4.64,0.66,91.7
LuxeScent,Beauty,2026-03-24,151,5285.0,0.0188,0.0018,0.0143,0.0358,4.35,0.53,88.4
LuxeScent,Beauty,2026-03-31,119,4165.0,0.0098,0.001,0.0141,0.0428,4.35,0.41,89.4
LuxeScent,Beauty,2026-04-07,251,8785.0,0.0147,0.0013,0.0082,0.0312,4.54,0.63,90.5
LuxeScent,Beauty,2026-04-14,171,5985.0,0.0185,0.0038,0.0069,0.0371,4.77,0.47,89.0
LuxeScent,Beauty,2026-04-21,263,9205.0,0.0177,0.0026,0.0053,0.0334,4.39,0.56,89.9
LuxeScent,Beauty,2026-04-28,128,4480.0,0.0193,0.0038,0.006,0.0227,4.67,0.58,91.0
LuxeScent,Beauty,2026-05-05,138,4830.0,0.0162,0.0024,0.015,0.0284,4.6,0.44,89.3
LuxeScent,Beauty,2026-05-12,212,7420.0,0.0172,0.0023,0.0094,0.0348,4.73,0.44,90.1
LuxeScent,Beauty,2026-05-19,235,8225.0,0.0122,0.0039,0.0138,0.0467,4.53,0.44,88.1
LuxeScent,Beauty,2026-05-26,282,9870.0,0.0178,0.004,0.0088,0.0498,4.63,0.67,87.7
LuxeScent,Beauty,2026-06-02,182,6370.0,0.0139,0.0035,0.0084,0.0329,4.58,0.71,91.1
LuxeScent,Beauty,2026-06-09,273,9555.0,0.0109,0.0033,0.0121,0.0486,4.76,0.5,87.0
LuxeScent,Beauty,2026-06-16,130,4550.0,0.0118,0.005,0.005,0.0233,4.45,0.71,91.5
LuxeScent,Beauty,2026-06-23,115,4025.0,0.0148,0.0026,0.0064,0.022,4.69,0.56,92.9
PureRadiance,Beauty,2025-07-01,229,8015.0,0.0127,0.0037,0.0091,0.0394,4.43,0.48,89.3
PureRadiance,Beauty,2025-07-08,262,9170.0,0.0076,0.0012,0.0102,0.0446,4.32,0.67,89.5
PureRadiance,Beauty,2025-07-15,299,10465.0,0.0123,0.0026,0.014,0.0222,4.58,0.8,92.1
PureRadiance,Beauty,2025-07-22,219,7665.0,0.0112,0.0039,0.0142,0.0476,4.65,0.61,87.6
PureRadiance,Beauty,2025-07-29,219,7665.0,0.0147,0.0031,0.0054,0.0217,4.36,0.8,92.0
PureRadiance,Beauty,2025-08-05,146,5110.0,0.017,0.0019,0.0099,0.0338,4.47,0.44,90.6
PureRadiance,Beauty,2025-08-12,202,7070.0,0.0065,0.0035,0.0067,0.0222,4.51,0.54,92.9
PureRadiance,Beauty,2025-08-19,102,3570.0,0.0172,0.0021,0.0125,0.045,4.42,0.41,88.6
PureRadiance,Beauty,2025-08-26,249,8715.0,0.0194,0.0029,0.0147,0.0323,4.41,0.66,88.6
PureRadiance,Beauty,2025-09-02,190,6650.0,0.0164,0.0024,0.0132,0.0217,4.47,0.43,90.3
PureRadiance,Beauty,2025-09-09,146,5110.0,0.0158,0.0035,0.013,0.0393,4.38,0.56,88.6
PureRadiance,Beauty,2025-09-16,238,8330.0,0.014,0.0026,0.0089,0.0446,4.31,0.72,88.4
PureRadiance,Beauty,2025-09-23,153,5355.0,0.0177,0.0046,0.0072,0.0218,4.35,0.7,91.0
PureRadiance,Beauty,2025-09-30,297,10395.0,0.0082,0.0044,0.012,0.0204,4.42,0.6,92.4
PureRadiance,Beauty,2025-10-07,106,3710.0,0.0105,0.0037,0.0059,0.0262,4.4,0.48,91.6
PureRadiance,Beauty,2025-10-14,212,7420.0,0.0155,0.0019,0.0082,0.0209,4.61,0.69,92.7
PureRadiance,Beauty,2025-10-21,123,4305.0,0.0146,0.003,0.0062,0.0226,4.69,0.47,91.8
PureRadiance,Beauty,2025-10-28,141,4935.0,0.0083,0.0019,0.0056,0.0397,4.57,0.55,90.4
PureRadiance,Beauty,2025-11-04,291,10185.0,0.0088,0.001,0.0121,0.0341,4.8,0.61,91.3
PureRadiance,Beauty,2025-11-11,192,6720.0,0.0084,0.0021,0.0051,0.0475,4.64,0.63,90.4
PureRadiance,Beauty,2025-11-18,101,3535.0,0.0178,0.0044,0.014,0.0202,4.45,0.58,89.7
PureRadiance,Beauty,2025-11-25,179,6265.0,0.0143,0.0034,0.0058,0.0454,4.6,0.75,89.8
PureRadiance,Beauty,2025-12-02,264,9240.0,0.0158,0.0021,0.0084,0.0406,4.54,0.46,88.5
PureRadiance,Beauty,2025-12-09,136,4760.0,0.0139,0.004,0.0065,0.0312,4.74,0.58,91.8
PureRadiance,Beauty,2025-12-16,139,4865.0,0.0137,0.0015,0.0139,0.0386,4.6,0.65,90.0
PureRadiance,Beauty,2025-12-23,153,5355.0,0.0054,0.0038,0.0096,0.0407,4.54,0.53,91.2
PureRadiance,Beauty,2025-12-30,144,5040.0,0.0168,0.0042,0.0059,0.0447,4.41,0.49,87.6
PureRadiance,Beauty,2026-01-06,128,4480.0,0.0167,0.0049,0.0104,0.0325,4.73,0.45,90.2
PureRadiance,Beauty,2026-01-13,260,9100.0,0.0091,0.0024,0.0149,0.0391,4.74,0.66,89.8
PureRadiance,Beauty,2026-01-20,184,6440.0,0.0093,0.0034,0.0147,0.0486,4.41,0.41,87.1
PureRadiance,Beauty,2026-01-27,111,3885.0,0.0171,0.0036,0.0129,0.0375,4.43,0.4,87.8
PureRadiance,Beauty,2026-02-03,140,4900.0,0.0172,0.0037,0.0065,0.0268,4.44,0.52,90.4
PureRadiance,Beauty,2026-02-10,116,4060.0,0.0112,0.0038,0.0102,0.0202,4.76,0.78,91.4
PureRadiance,Beauty,2026-02-17,134,4690.0,0.0103,0.0012,0.0118,0.0284,4.33,0.59,91.9
PureRadiance,Beauty,2026-02-24,165,5775.0,0.0097,0.0014,0.0126,0.0357,4.45,0.41,90.1
PureRadiance,Beauty,2026-03-03,283,9905.0,0.0113,0.0026,0.0062,0.0434,4.68,0.75,89.4
PureRadiance,Beauty,2026-03-10,132,4620.0,0.0063,0.0028,0.0149,0.0415,4.57,0.42,89.2
PureRadiance,Beauty,2026-03-17,121,4235.0,0.0132,0.0011,0.0124,0.0257,4.71,0.54,91.1
PureRadiance,Beauty,2026-03-24,163,5705.0,0.0198,0.0048,0.0124,0.0491,4.35,0.5,85.5
PureRadiance,Beauty,2026-03-31,281,9835.0,0.0138,0.0041,0.0088,0.0248,4.7,0.51,91.1
PureRadiance,Beauty,2026-04-07,168,5880.0,0.0082,0.0018,0.0139,0.049,4.65,0.59,87.4
PureRadiance,Beauty,2026-04-14,288,10080.0,0.0106,0.0031,0.0148,0.0299,4.64,0.45,89.5
PureRadiance,Beauty,2026-04-21,146,5110.0,0.0187,0.0022,0.0132,0.0286,4.77,0.42,90.6
PureRadiance,Beauty,2026-04-28,182,6370.0,0.0076,0.0011,0.0107,0.0355,4.64,0.76,91.4
PureRadiance,Beauty,2026-05-05,260,9100.0,0.0072,0.0037,0.0075,0.0337,4.55,0.64,91.4
PureRadiance,Beauty,2026-05-12,167,5845.0,0.0107,0.0034,0.0117,0.0394,4.73,0.65,88.7
PureRadiance,Beauty,2026-05-19,296,10360.0,0.0174,0.0016,0.0093,0.048,4.55,0.73,88.4
PureRadiance,Beauty,2026-05-26,224,7840.0,0.0174,0.0027,0.0143,0.0499,4.69,0.56,86.7
PureRadiance,Beauty,2026-06-02,167,5845.0,0.012,0.004,0.009,0.0245,4.53,0.72,92.6
PureRadiance,Beauty,2026-06-09,132,4620.0,0.0112,0.0013,0.0113,0.023,4.6,0.6,92.3
PureRadiance,Beauty,2026-06-16,282,9870.0,0.0141,0.0011,0.0063,0.0271,4.64,0.7,92.5
PureRadiance,Beauty,2026-06-23,241,8435.0,0.0079,0.0047,0.0091,0.0264,4.65,0.78,91.4
FloraEssence,Beauty,2025-07-01,136,4760.0,0.0168,0.0044,0.006,0.0477,4.61,0.67,88.8
FloraEssence,Beauty,2025-07-08,253,8855.0,0.0185,0.0046,0.0129,0.0408,4.63,0.76,86.6
FloraEssence,Beauty,2025-07-15,192,6720.0,0.0195,0.0029,0.0114,0.0312,4.62,0.65,89.8
FloraEssence,Beauty,2025-07-22,125,4375.0,0.0119,0.0042,0.0066,0.0314,4.53,0.55,90.7
FloraEssence,Beauty,2025-07-29,256,8960.0,0.0102,0.0013,0.0106,0.0383,4.73,0.51,90.9
FloraEssence,Beauty,2025-08-05,199,6965.0,0.0136,0.0035,0.0096,0.0277,4.59,0.55,91.5
FloraEssence,Beauty,2025-08-12,284,9940.0,0.0155,0.0011,0.0117,0.0231,4.33,0.66,92.0
FloraEssence,Beauty,2025-08-19,179,6265.0,0.0086,0.0023,0.0144,0.0441,4.77,0.57,89.6
FloraEssence,Beauty,2025-08-26,293,10255.0,0.007,0.0027,0.0089,0.0306,4.74,0.79,91.0
FloraEssence,Beauty,2025-09-02,200,7000.0,0.0067,0.0037,0.0071,0.04,4.73,0.45,90.9
FloraEssence,Beauty,2025-09-09,163,5705.0,0.0161,0.0015,0.0098,0.0295,4.79,0.53,91.8
FloraEssence,Beauty,2025-09-16,131,4585.0,0.0108,0.0038,0.0117,0.0353,4.65,0.45,89.7
FloraEssence,Beauty,2025-09-23,272,9520.0,0.0153,0.0028,0.0075,0.0246,4.53,0.48,92.6
FloraEssence,Beauty,2025-09-30,179,6265.0,0.0181,0.0031,0.0133,0.0486,4.55,0.64,86.8
FloraEssence,Beauty,2025-10-07,212,7420.0,0.0056,0.0028,0.0132,0.048,4.41,0.72,88.8
FloraEssence,Beauty,2025-10-14,139,4865.0,0.0115,0.005,0.0127,0.0374,4.77,0.73,89.7
FloraEssence,Beauty,2025-10-21,165,5775.0,0.0137,0.002,0.0142,0.0367,4.56,0.42,89.0
FloraEssence,Beauty,2025-10-28,281,9835.0,0.0092,0.0031,0.0129,0.033,4.4,0.67,89.5
FloraEssence,Beauty,2025-11-04,287,10045.0,0.0096,0.0047,0.0073,0.0326,4.78,0.66,90.7
FloraEssence,Beauty,2025-11-11,210,7350.0,0.0112,0.0035,0.0076,0.0313,4.52,0.54,92.0
FloraEssence,Beauty,2025-11-18,263,9205.0,0.0119,0.0023,0.0141,0.0241,4.66,0.68,91.6
FloraEssence,Beauty,2025-11-25,121,4235.0,0.0061,0.0038,0.0123,0.0453,4.58,0.52,89.3
FloraEssence,Beauty,2025-12-02,156,5460.0,0.0125,0.0041,0.0125,0.0263,4.37,0.59,90.3
FloraEssence,Beauty,2025-12-09,255,8925.0,0.0112,0.0025,0.0067,0.0343,4.49,0.58,90.6
FloraEssence,Beauty,2025-12-16,254,8890.0,0.0068,0.0012,0.0103,0.0387,4.5,0.67,91.4
FloraEssence,Beauty,2025-12-23,295,10325.0,0.0087,0.0016,0.0082,0.0385,4.79,0.61,91.0
FloraEssence,Beauty,2025-12-30,200,7000.0,0.0199,0.0022,0.0077,0.0235,4.6,0.71,90.6
FloraEssence,Beauty,2026-01-06,109,3815.0,0.017,0.0021,0.0113,0.0202,4.5,0.77,91.1
FloraEssence,Beauty,2026-01-13,245,8575.0,0.0093,0.0037,0.0105,0.0379,4.3,0.77,89.4
FloraEssence,Beauty,2026-01-20,107,3745.0,0.0099,0.0023,0.0106,0.0307,4.76,0.6,91.0
FloraEssence,Beauty,2026-01-27,163,5705.0,0.0191,0.0042,0.0052,0.0446,4.6,0.4,88.4
FloraEssence,Beauty,2026-02-03,262,9170.0,0.0122,0.0021,0.0149,0.0374,4.58,0.56,88.5
FloraEssence,Beauty,2026-02-10,182,6370.0,0.0198,0.0017,0.005,0.0378,4.78,0.43,90.2
FloraEssence,Beauty,2026-02-17,190,6650.0,0.0155,0.0042,0.0142,0.0308,4.32,0.67,88.9
FloraEssence,Beauty,2026-02-24,284,9940.0,0.0159,0.0024,0.0125,0.0332,4.39,0.68,88.7
FloraEssence,Beauty,2026-03-03,263,9205.0,0.0137,0.0042,0.007,0.0287,4.35,0.57,90.8
FloraEssence,Beauty,2026-03-10,186,6510.0,0.0089,0.002,0.0108,0.0302,4.73,0.54,92.4
FloraEssence,Beauty,2026-03-17,128,4480.0,0.0105,0.0028,0.0136,0.0242,4.33,0.42,91.2
FloraEssence,Beauty,2026-03-24,293,10255.0,0.0162,0.0047,0.0069,0.035,4.8,0.75,90.1
FloraEssence,Beauty,2026-03-31,119,4165.0,0.0117,0.0047,0.0096,0.0261,4.38,0.53,92.2
FloraEssence,Beauty,2026-04-07,203,7105.0,0.0127,0.0044,0.0082,0.0493,4.34,0.66,88.4
FloraEssence,Beauty,2026-04-14,134,4690.0,0.0071,0.0031,0.0149,0.0463,4.47,0.62,88.3
FloraEssence,Beauty,2026-04-21,182,6370.0,0.0061,0.0029,0.0142,0.0346,4.33,0.63,89.8
FloraEssence,Beauty,2026-04-28,270,9450.0,0.0138,0.0018,0.0111,0.0402,4.34,0.74,89.9
FloraEssence,Beauty,2026-05-05,157,5495.0,0.0195,0.0032,0.0143,0.0403,4.31,0.69,86.5
FloraEssence,Beauty,2026-05-12,162,5670.0,0.0195,0.0045,0.0082,0.0447,4.38,0.47,87.0
FloraEssence,Beauty,2026-05-19,241,8435.0,0.017,0.0014,0.0114,0.0417,4.66,0.47,89.0
FloraEssence,Beauty,2026-05-26,202,7070.0,0.0112,0.0025,0.0107,0.0224,4.79,0.77,93.1
FloraEssence,Beauty,2026-06-02,210,7350.0,0.0099,0.003,0.0149,0.0331,4.56,0.47,90.2
FloraEssence,Beauty,2026-06-09,119,4165.0,0.0162,0.0016,0.0136,0.0488,4.58,0.74,87.5
FloraEssence,Beauty,2026-06-16,124,4340.0,0.0169,0.0033,0.013,0.0246,4.57,0.8,90.9
FloraEssence,Beauty,2026-06-23,254,8890.0,0.0113,0.0032,0.0067,0.028,4.37,0.64,91.8
GlamourSpade,Beauty,2025-07-01,219,7665.0,0.0187,0.0036,0.0054,0.0204,4.4,0.59,91.8
GlamourSpade,Beauty,2025-07-08,227,7945.0,0.0124,0.0047,0.006,0.0332,4.31,0.66,91.3
GlamourSpade,Beauty,2025-07-15,214,7490.0,0.0154,0.0031,0.0069,0.0295,4.35,0.64,91.0
GlamourSpade,Beauty,2025-07-22,137,4795.0,0.0066,0.0026,0.0117,0.0372,4.61,0.72,90.6
GlamourSpade,Beauty,2025-07-29,164,5740.0,0.019,0.0011,0.0072,0.0345,4.5,0.48,90.5
GlamourSpade,Beauty,2025-08-05,295,10325.0,0.0165,0.0014,0.007,0.0422,4.44,0.53,89.5
GlamourSpade,Beauty,2025-08-12,237,8295.0,0.0135,0.0033,0.01,0.0442,4.33,0.63,89.3
GlamourSpade,Beauty,2025-08-19,136,4760.0,0.0134,0.004,0.0058,0.0355,4.61,0.78,90.1
GlamourSpade,Beauty,2025-08-26,113,3955.0,0.0135,0.0034,0.0064,0.0381,4.78,0.76,91.1
GlamourSpade,Beauty,2025-09-02,235,8225.0,0.0122,0.0036,0.0095,0.0336,4.41,0.59,91.3
GlamourSpade,Beauty,2025-09-09,253,8855.0,0.0091,0.001,0.0107,0.0316,4.75,0.42,90.6
GlamourSpade,Beauty,2025-09-16,130,4550.0,0.0172,0.0017,0.0089,0.0258,4.65,0.62,91.7
GlamourSpade,Beauty,2025-09-23,275,9625.0,0.0073,0.0027,0.012,0.0407,4.65,0.66,89.3
GlamourSpade,Beauty,2025-09-30,187,6545.0,0.0104,0.0027,0.0082,0.0396,4.77,0.62,89.4
GlamourSpade,Beauty,2025-10-07,210,7350.0,0.0127,0.0011,0.0061,0.0376,4.36,0.71,90.3
GlamourSpade,Beauty,2025-10-14,151,5285.0,0.0198,0.0045,0.0102,0.0293,4.58,0.53,89.7
GlamourSpade,Beauty,2025-10-21,234,8190.0,0.0179,0.0013,0.0102,0.0248,4.75,0.77,91.9
GlamourSpade,Beauty,2025-10-28,274,9590.0,0.0084,0.0015,0.0098,0.0247,4.65,0.7,92.8
GlamourSpade,Beauty,2025-11-04,101,3535.0,0.0062,0.0033,0.014,0.0367,4.6,0.41,89.6
GlamourSpade,Beauty,2025-11-11,195,6825.0,0.008,0.0043,0.0076,0.0285,4.8,0.57,91.6
GlamourSpade,Beauty,2025-11-18,146,5110.0,0.0085,0.0027,0.012,0.0213,4.49,0.5,92.1
GlamourSpade,Beauty,2025-11-25,195,6825.0,0.0058,0.0035,0.0117,0.025,4.61,0.43,93.1
GlamourSpade,Beauty,2025-12-02,138,4830.0,0.0128,0.0011,0.0123,0.0346,4.53,0.54,89.5
GlamourSpade,Beauty,2025-12-09,179,6265.0,0.0114,0.0037,0.0092,0.0446,4.66,0.75,88.9
GlamourSpade,Beauty,2025-12-16,232,8120.0,0.0131,0.0036,0.0114,0.0402,4.64,0.48,88.0
GlamourSpade,Beauty,2025-12-23,256,8960.0,0.009,0.0026,0.0053,0.0211,4.35,0.75,93.9
GlamourSpade,Beauty,2025-12-30,271,9485.0,0.0195,0.0037,0.0148,0.033,4.75,0.45,87.6
GlamourSpade,Beauty,2026-01-06,161,5635.0,0.0168,0.0022,0.0103,0.0207,4.7,0.48,92.0
GlamourSpade,Beauty,2026-01-13,222,7770.0,0.0154,0.0046,0.0054,0.0325,4.6,0.41,90.8
GlamourSpade,Beauty,2026-01-20,244,8540.0,0.0132,0.0041,0.0133,0.04,4.45,0.7,89.0
GlamourSpade,Beauty,2026-01-27,264,9240.0,0.0132,0.0022,0.0118,0.0414,4.64,0.55,89.8
GlamourSpade,Beauty,2026-02-03,174,6090.0,0.006,0.0036,0.0118,0.0347,4.64,0.69,91.5
GlamourSpade,Beauty,2026-02-10,106,3710.0,0.0058,0.0024,0.008,0.0316,4.76,0.77,91.9
GlamourSpade,Beauty,2026-02-17,199,6965.0,0.0093,0.0017,0.0084,0.0387,4.49,0.79,91.1
GlamourSpade,Beauty,2026-02-24,110,3850.0,0.0083,0.0017,0.0088,0.0446,4.61,0.76,90.8
GlamourSpade,Beauty,2026-03-03,144,5040.0,0.0182,0.0048,0.0076,0.0291,4.48,0.67,90.2
GlamourSpade,Beauty,2026-03-10,177,6195.0,0.0189,0.0039,0.0128,0.0425,4.46,0.71,87.8
GlamourSpade,Beauty,2026-03-17,211,7385.0,0.0085,0.0039,0.0069,0.0228,4.59,0.41,93.8
GlamourSpade,Beauty,2026-03-24,278,9730.0,0.0165,0.0044,0.0068,0.0291,4.42,0.46,91.2
GlamourSpade,Beauty,2026-03-31,282,9870.0,0.0051,0.0021,0.0088,0.0228,4.58,0.42,93.3
GlamourSpade,Beauty,2026-04-07,263,9205.0,0.0187,0.0032,0.0094,0.0201,4.66,0.78,91.6
GlamourSpade,Beauty,2026-04-14,129,4515.0,0.0066,0.003,0.0143,0.0352,4.69,0.69,89.2
GlamourSpade,Beauty,2026-04-21,199,6965.0,0.0077,0.0026,0.0066,0.0349,4.57,0.57,92.5
GlamourSpade,Beauty,2026-04-28,253,8855.0,0.0125,0.0024,0.0077,0.0492,4.55,0.48,89.3
GlamourSpade,Beauty,2026-05-05,260,9100.0,0.0139,0.0042,0.0135,0.0223,4.75,0.64,91.7
GlamourSpade,Beauty,2026-05-12,205,7175.0,0.0094,0.0018,0.014,0.0245,4.64,0.63,91.3
GlamourSpade,Beauty,2026-05-19,102,3570.0,0.0115,0.0035,0.0091,0.0229,4.77,0.54,92.0
GlamourSpade,Beauty,2026-05-26,263,9205.0,0.0144,0.0035,0.005,0.0476,4.71,0.54,89.8
GlamourSpade,Beauty,2026-06-02,237,8295.0,0.0124,0.0034,0.0106,0.0231,4.51,0.75,92.6
GlamourSpade,Beauty,2026-06-09,237,8295.0,0.0119,0.0015,0.0094,0.0249,4.68,0.59,91.6
GlamourSpade,Beauty,2026-06-16,201,7035.0,0.0099,0.003,0.0143,0.0341,4.8,0.68,89.1
GlamourSpade,Beauty,2026-06-23,232,8120.0,0.0069,0.0022,0.011,0.0454,4.49,0.5,90.3
HerbalTouch,Beauty,2025-07-01,109,3815.0,0.0057,0.0046,0.0145,0.0421,4.66,0.43,88.3
HerbalTouch,Beauty,2025-07-08,211,7385.0,0.0118,0.0043,0.0094,0.0265,4.39,0.63,91.8
HerbalTouch,Beauty,2025-07-15,252,8820.0,0.0094,0.0026,0.01,0.0252,4.5,0.51,91.9
HerbalTouch,Beauty,2025-07-22,181,6335.0,0.0071,0.0023,0.0084,0.0319,4.49,0.68,91.7
HerbalTouch,Beauty,2025-07-29,144,5040.0,0.007,0.003,0.0073,0.0463,4.39,0.58,88.8
HerbalTouch,Beauty,2025-08-05,197,6895.0,0.0138,0.0044,0.0076,0.0396,4.36,0.66,89.0
HerbalTouch,Beauty,2025-08-12,260,9100.0,0.0181,0.003,0.0115,0.0349,4.53,0.52,89.7
HerbalTouch,Beauty,2025-08-19,162,5670.0,0.014,0.0011,0.0113,0.0402,4.54,0.44,88.7
HerbalTouch,Beauty,2025-08-26,240,8400.0,0.0157,0.0028,0.0084,0.0453,4.69,0.55,89.4
HerbalTouch,Beauty,2025-09-02,232,8120.0,0.0186,0.001,0.0113,0.0324,4.55,0.49,90.3
HerbalTouch,Beauty,2025-09-09,182,6370.0,0.0119,0.0038,0.005,0.0376,4.6,0.76,91.1
HerbalTouch,Beauty,2025-09-16,197,6895.0,0.0068,0.0044,0.0138,0.028,4.61,0.49,90.4
HerbalTouch,Beauty,2025-09-23,157,5495.0,0.0097,0.0037,0.007,0.0466,4.44,0.49,88.9
HerbalTouch,Beauty,2025-09-30,221,7735.0,0.0118,0.0019,0.0122,0.0491,4.71,0.53,87.0
HerbalTouch,Beauty,2025-10-07,215,7525.0,0.0166,0.0016,0.0066,0.0388,4.59,0.74,89.3
HerbalTouch,Beauty,2025-10-14,262,9170.0,0.0186,0.0022,0.012,0.0304,4.52,0.7,89.2
HerbalTouch,Beauty,2025-10-21,136,4760.0,0.0148,0.0029,0.0124,0.0209,4.6,0.74,91.5
HerbalTouch,Beauty,2025-10-28,194,6790.0,0.0061,0.0032,0.0061,0.0208,4.64,0.64,94.3
HerbalTouch,Beauty,2025-11-04,205,7175.0,0.0184,0.0038,0.0129,0.0285,4.44,0.65,90.2
HerbalTouch,Beauty,2025-11-11,203,7105.0,0.0151,0.0016,0.0072,0.0464,4.64,0.48,88.9
HerbalTouch,Beauty,2025-11-18,199,6965.0,0.0122,0.0014,0.0061,0.0489,4.79,0.72,89.1
HerbalTouch,Beauty,2025-11-25,285,9975.0,0.0169,0.0044,0.0139,0.044,4.47,0.63,86.4
HerbalTouch,Beauty,2025-12-02,149,5215.0,0.0118,0.0044,0.0052,0.0239,4.72,0.57,93.0
HerbalTouch,Beauty,2025-12-09,264,9240.0,0.0078,0.0017,0.0098,0.0228,4.75,0.65,92.2
HerbalTouch,Beauty,2025-12-16,238,8330.0,0.006,0.0033,0.0149,0.0407,4.67,0.41,88.2
HerbalTouch,Beauty,2025-12-23,155,5425.0,0.0147,0.0041,0.0124,0.0343,4.47,0.67,88.7
HerbalTouch,Beauty,2025-12-30,210,7350.0,0.0178,0.0035,0.0143,0.0377,4.42,0.62,87.4
HerbalTouch,Beauty,2026-01-06,245,8575.0,0.008,0.0015,0.0111,0.0406,4.65,0.78,90.2
HerbalTouch,Beauty,2026-01-13,300,10500.0,0.0101,0.0014,0.0118,0.0241,4.45,0.67,92.1
HerbalTouch,Beauty,2026-01-20,289,10115.0,0.0109,0.0029,0.0093,0.0443,4.78,0.59,88.8
HerbalTouch,Beauty,2026-01-27,288,10080.0,0.0133,0.0027,0.0069,0.0211,4.64,0.77,93.8
HerbalTouch,Beauty,2026-02-03,102,3570.0,0.0179,0.0031,0.0129,0.0483,4.41,0.51,87.3
HerbalTouch,Beauty,2026-02-10,290,10150.0,0.0175,0.0021,0.0134,0.0442,4.59,0.42,87.8
HerbalTouch,Beauty,2026-02-17,180,6300.0,0.0187,0.0016,0.0056,0.036,4.3,0.6,90.9
HerbalTouch,Beauty,2026-02-24,177,6195.0,0.0063,0.003,0.0065,0.0434,4.44,0.49,89.7
HerbalTouch,Beauty,2026-03-03,130,4550.0,0.0079,0.0015,0.0113,0.0441,4.78,0.57,88.6
HerbalTouch,Beauty,2026-03-10,260,9100.0,0.0074,0.0039,0.0124,0.0453,4.49,0.5,87.7
HerbalTouch,Beauty,2026-03-17,269,9415.0,0.0116,0.0042,0.0119,0.0233,4.54,0.43,91.7
HerbalTouch,Beauty,2026-03-24,221,7735.0,0.0114,0.001,0.0063,0.0374,4.55,0.77,90.9
HerbalTouch,Beauty,2026-03-31,192,6720.0,0.0118,0.0031,0.0116,0.022,4.69,0.66,91.9
HerbalTouch,Beauty,2026-04-07,225,7875.0,0.0149,0.0014,0.0052,0.0229,4.46,0.65,92.0
HerbalTouch,Beauty,2026-04-14,145,5075.0,0.0199,0.0021,0.0122,0.0266,4.74,0.76,89.8
HerbalTouch,Beauty,2026-04-21,128,4480.0,0.0085,0.0041,0.0054,0.0347,4.57,0.41,91.8
HerbalTouch,Beauty,2026-04-28,254,8890.0,0.0144,0.005,0.0149,0.0306,4.55,0.44,89.8
HerbalTouch,Beauty,2026-05-05,193,6755.0,0.0108,0.0043,0.0099,0.0462,4.43,0.5,87.8
HerbalTouch,Beauty,2026-05-12,225,7875.0,0.019,0.0037,0.0102,0.0465,4.58,0.55,86.5
HerbalTouch,Beauty,2026-05-19,178,6230.0,0.0096,0.0039,0.007,0.0322,4.7,0.73,91.6
HerbalTouch,Beauty,2026-05-26,291,10185.0,0.0104,0.0037,0.0106,0.0365,4.56,0.77,90.8
HerbalTouch,Beauty,2026-06-02,133,4655.0,0.0085,0.0019,0.0114,0.0315,4.39,0.75,92.0
HerbalTouch,Beauty,2026-06-09,151,5285.0,0.0198,0.0043,0.0123,0.0377,4.68,0.64,88.7
HerbalTouch,Beauty,2026-06-16,196,6860.0,0.0142,0.0037,0.0051,0.035,4.52,0.55,91.1
HerbalTouch,Beauty,2026-06-23,187,6545.0,0.0065,0.0035,0.0097,0.0389,4.64,0.52,90.6
SilkSkin,Beauty,2025-07-01,172,6020.0,0.0129,0.0037,0.0063,0.0306,4.7,0.6,90.8
SilkSkin,Beauty,2025-07-08,181,6335.0,0.0095,0.0049,0.0137,0.0287,4.64,0.57,90.8
SilkSkin,Beauty,2025-07-15,119,4165.0,0.0115,0.0039,0.0112,0.0226,4.45,0.69,91.6
SilkSkin,Beauty,2025-07-22,299,10465.0,0.012,0.0037,0.0146,0.05,4.78,0.7,87.3
SilkSkin,Beauty,2025-07-29,187,6545.0,0.0166,0.0045,0.0096,0.0309,4.79,0.49,89.3
SilkSkin,Beauty,2025-08-05,184,6440.0,0.0119,0.0018,0.0127,0.0294,4.47,0.57,90.3
SilkSkin,Beauty,2025-08-12,290,10150.0,0.0056,0.0034,0.0059,0.0413,4.5,0.78,91.6
SilkSkin,Beauty,2025-08-19,210,7350.0,0.0164,0.0019,0.0064,0.0369,4.64,0.66,90.4
SilkSkin,Beauty,2025-08-26,182,6370.0,0.0095,0.0048,0.0148,0.0447,4.34,0.56,87.8
SilkSkin,Beauty,2025-09-02,280,9800.0,0.0182,0.0016,0.0076,0.0347,4.33,0.56,89.4
SilkSkin,Beauty,2025-09-09,213,7455.0,0.0107,0.0018,0.0058,0.0402,4.59,0.71,90.3
SilkSkin,Beauty,2025-09-16,167,5845.0,0.0111,0.0035,0.0097,0.0346,4.67,0.43,90.5
SilkSkin,Beauty,2025-09-23,294,10290.0,0.0079,0.0038,0.0127,0.0237,4.63,0.48,92.7
SilkSkin,Beauty,2025-09-30,201,7035.0,0.0171,0.0031,0.0076,0.0242,4.38,0.45,92.2
SilkSkin,Beauty,2025-10-07,173,6055.0,0.0161,0.0044,0.006,0.0276,4.37,0.69,91.1
SilkSkin,Beauty,2025-10-14,101,3535.0,0.0131,0.0036,0.0078,0.0284,4.7,0.63,91.8
SilkSkin,Beauty,2025-10-21,226,7910.0,0.0153,0.0049,0.0081,0.0205,4.67,0.75,90.8
SilkSkin,Beauty,2025-10-28,272,9520.0,0.0093,0.0039,0.0134,0.0415,4.62,0.74,88.2
SilkSkin,Beauty,2025-11-04,278,9730.0,0.0161,0.0044,0.0101,0.0387,4.73,0.58,88.1
SilkSkin,Beauty,2025-11-11,181,6335.0,0.0139,0.0045,0.0114,0.0272,4.73,0.49,90.7
SilkSkin,Beauty,2025-11-18,295,10325.0,0.017,0.0022,0.0127,0.0394,4.43,0.45,87.9
SilkSkin,Beauty,2025-11-25,250,8750.0,0.0187,0.0019,0.0109,0.0224,4.36,0.59,91.5
SilkSkin,Beauty,2025-12-02,183,6405.0,0.0078,0.0021,0.015,0.0325,4.55,0.65,91.0
SilkSkin,Beauty,2025-12-09,288,10080.0,0.0153,0.0035,0.0126,0.0368,4.38,0.62,88.4
SilkSkin,Beauty,2025-12-16,261,9135.0,0.0175,0.0035,0.0068,0.0442,4.63,0.55,88.2
SilkSkin,Beauty,2025-12-23,144,5040.0,0.0082,0.0016,0.0065,0.0486,4.65,0.53,90.0
SilkSkin,Beauty,2025-12-30,200,7000.0,0.0089,0.0019,0.0105,0.0221,4.34,0.77,92.9
SilkSkin,Beauty,2026-01-06,227,7945.0,0.0061,0.0012,0.0111,0.0211,4.67,0.43,93.8
SilkSkin,Beauty,2026-01-13,148,5180.0,0.0107,0.0015,0.0127,0.0351,4.76,0.68,89.6
SilkSkin,Beauty,2026-01-20,224,7840.0,0.0106,0.0039,0.0052,0.0204,4.31,0.55,92.8
SilkSkin,Beauty,2026-01-27,222,7770.0,0.007,0.0014,0.0136,0.0263,4.62,0.62,92.0
SilkSkin,Beauty,2026-02-03,155,5425.0,0.0121,0.0011,0.0058,0.0382,4.4,0.71,91.4
SilkSkin,Beauty,2026-02-10,261,9135.0,0.0068,0.003,0.0142,0.0332,4.72,0.44,90.4
SilkSkin,Beauty,2026-02-17,253,8855.0,0.0189,0.0031,0.0098,0.0499,4.49,0.74,87.7
SilkSkin,Beauty,2026-02-24,132,4620.0,0.0187,0.0048,0.0053,0.0414,4.41,0.72,88.1
SilkSkin,Beauty,2026-03-03,194,6790.0,0.0109,0.0029,0.0144,0.0397,4.45,0.57,88.1
SilkSkin,Beauty,2026-03-10,262,9170.0,0.0134,0.0035,0.0071,0.0448,4.61,0.6,89.3
SilkSkin,Beauty,2026-03-17,278,9730.0,0.0139,0.0047,0.0145,0.0454,4.73,0.49,87.3
SilkSkin,Beauty,2026-03-24,281,9835.0,0.0154,0.0018,0.0122,0.0376,4.61,0.46,88.8
SilkSkin,Beauty,2026-03-31,220,7700.0,0.0165,0.0044,0.0101,0.0358,4.4,0.57,89.5
SilkSkin,Beauty,2026-04-07,259,9065.0,0.0089,0.0021,0.0143,0.0397,4.36,0.51,88.6
SilkSkin,Beauty,2026-04-14,286,10010.0,0.007,0.0046,0.012,0.0222,4.54,0.77,92.1
SilkSkin,Beauty,2026-04-21,282,9870.0,0.0062,0.005,0.0077,0.0242,4.65,0.43,93.3
SilkSkin,Beauty,2026-04-28,262,9170.0,0.0188,0.0029,0.0129,0.0322,4.52,0.44,89.7
SilkSkin,Beauty,2026-05-05,137,4795.0,0.0089,0.0046,0.0087,0.044,4.32,0.54,88.6
SilkSkin,Beauty,2026-05-12,151,5285.0,0.0165,0.0026,0.0091,0.049,4.52,0.52,88.6
SilkSkin,Beauty,2026-05-19,115,4025.0,0.0169,0.003,0.0051,0.0377,4.7,0.42,89.5
SilkSkin,Beauty,2026-05-26,208,7280.0,0.0119,0.0048,0.0079,0.0347,4.49,0.48,90.5
SilkSkin,Beauty,2026-06-02,106,3710.0,0.0119,0.0039,0.0089,0.023,4.5,0.56,91.3
SilkSkin,Beauty,2026-06-09,298,10430.0,0.0153,0.0037,0.0145,0.0311,4.45,0.51,88.6
SilkSkin,Beauty,2026-06-16,213,7455.0,0.0065,0.0047,0.0137,0.0293,4.42,0.4,91.5
SilkSkin,Beauty,2026-06-23,280,9800.0,0.0176,0.0029,0.0073,0.038,4.43,0.72,89.0
VelvetTouch,Beauty,2025-07-01,182,6370.0,0.0144,0.0037,0.0077,0.0315,4.61,0.52,89.8
VelvetTouch,Beauty,2025-07-08,194,6790.0,0.0129,0.001,0.0081,0.046,4.47,0.62,88.8
VelvetTouch,Beauty,2025-07-15,211,7385.0,0.0149,0.0028,0.0108,0.043,4.67,0.52,87.8
VelvetTouch,Beauty,2025-07-22,264,9240.0,0.0141,0.004,0.0085,0.034,4.33,0.54,90.3
VelvetTouch,Beauty,2025-07-29,114,3990.0,0.0053,0.0035,0.0138,0.0431,4.79,0.49,88.4
VelvetTouch,Beauty,2025-08-05,126,4410.0,0.0086,0.0015,0.0063,0.0442,4.66,0.49,89.7
VelvetTouch,Beauty,2025-08-12,186,6510.0,0.0093,0.0023,0.0127,0.0252,4.49,0.73,90.8
VelvetTouch,Beauty,2025-08-19,239,8365.0,0.012,0.0014,0.0135,0.0364,4.6,0.62,90.6
VelvetTouch,Beauty,2025-08-26,139,4865.0,0.0095,0.0037,0.0093,0.0388,4.71,0.63,89.6
VelvetTouch,Beauty,2025-09-02,295,10325.0,0.0155,0.0015,0.0147,0.0434,4.45,0.68,86.9
VelvetTouch,Beauty,2025-09-09,113,3955.0,0.0069,0.0038,0.0103,0.0487,4.32,0.43,88.2
VelvetTouch,Beauty,2025-09-16,139,4865.0,0.0166,0.0012,0.0115,0.0447,4.75,0.51,88.7
VelvetTouch,Beauty,2025-09-23,271,9485.0,0.0135,0.0019,0.0111,0.0264,4.36,0.74,91.4
VelvetTouch,Beauty,2025-09-30,271,9485.0,0.009,0.002,0.0107,0.0224,4.77,0.53,92.2
VelvetTouch,Beauty,2025-10-07,109,3815.0,0.01,0.0047,0.0061,0.0423,4.59,0.43,89.5
VelvetTouch,Beauty,2025-10-14,279,9765.0,0.016,0.0047,0.0147,0.0484,4.74,0.55,87.2
VelvetTouch,Beauty,2025-10-21,154,5390.0,0.0167,0.0035,0.0072,0.0423,4.37,0.72,89.5
VelvetTouch,Beauty,2025-10-28,168,5880.0,0.011,0.003,0.0082,0.0493,4.66,0.7,88.5
VelvetTouch,Beauty,2025-11-04,293,10255.0,0.0056,0.003,0.006,0.0245,4.61,0.7,93.0
VelvetTouch,Beauty,2025-11-11,200,7000.0,0.0173,0.0024,0.0093,0.0235,4.38,0.44,91.5
VelvetTouch,Beauty,2025-11-18,254,8890.0,0.0189,0.0011,0.0113,0.0451,4.46,0.42,87.1
VelvetTouch,Beauty,2025-11-25,199,6965.0,0.0087,0.0037,0.0062,0.0408,4.42,0.47,90.6
VelvetTouch,Beauty,2025-12-02,291,10185.0,0.0134,0.0049,0.0116,0.0312,4.37,0.55,89.1
VelvetTouch,Beauty,2025-12-09,218,7630.0,0.0101,0.004,0.0099,0.0391,4.78,0.57,89.6
VelvetTouch,Beauty,2025-12-16,230,8050.0,0.0159,0.0019,0.0111,0.0475,4.78,0.53,86.8
VelvetTouch,Beauty,2025-12-23,152,5320.0,0.0148,0.0025,0.0127,0.0471,4.44,0.65,88.5
VelvetTouch,Beauty,2025-12-30,200,7000.0,0.0076,0.0045,0.0092,0.0489,4.59,0.62,87.9
VelvetTouch,Beauty,2026-01-06,173,6055.0,0.0099,0.0021,0.0143,0.0474,4.56,0.44,87.5
VelvetTouch,Beauty,2026-01-13,258,9030.0,0.0162,0.0046,0.0109,0.0417,4.48,0.69,88.0
VelvetTouch,Beauty,2026-01-20,197,6895.0,0.0067,0.0031,0.0146,0.0308,4.45,0.49,90.9
VelvetTouch,Beauty,2026-01-27,265,9275.0,0.0107,0.002,0.0083,0.035,4.42,0.68,91.6
VelvetTouch,Beauty,2026-02-03,267,9345.0,0.0179,0.0016,0.0057,0.0203,4.78,0.58,92.3
VelvetTouch,Beauty,2026-02-10,167,5845.0,0.0117,0.0032,0.01,0.0441,4.43,0.7,88.2
VelvetTouch,Beauty,2026-02-17,144,5040.0,0.0146,0.0021,0.0145,0.0296,4.38,0.7,90.9
VelvetTouch,Beauty,2026-02-24,248,8680.0,0.0176,0.0022,0.0139,0.0213,4.57,0.74,91.7
VelvetTouch,Beauty,2026-03-03,116,4060.0,0.0175,0.0028,0.0067,0.0486,4.43,0.48,88.6
VelvetTouch,Beauty,2026-03-10,109,3815.0,0.0127,0.0029,0.0071,0.0496,4.73,0.67,89.3
VelvetTouch,Beauty,2026-03-17,247,8645.0,0.0107,0.0049,0.0122,0.029,4.6,0.64,89.9
VelvetTouch,Beauty,2026-03-24,222,7770.0,0.0154,0.0042,0.0116,0.0493,4.71,0.74,87.5
VelvetTouch,Beauty,2026-03-31,160,5600.0,0.0084,0.0024,0.0125,0.0368,4.78,0.75,89.6
VelvetTouch,Beauty,2026-04-07,279,9765.0,0.0103,0.0016,0.0136,0.0316,4.79,0.48,91.4
VelvetTouch,Beauty,2026-04-14,253,8855.0,0.0183,0.0039,0.0137,0.0402,4.32,0.77,88.5
VelvetTouch,Beauty,2026-04-21,268,9380.0,0.007,0.003,0.0084,0.0306,4.62,0.62,92.7
VelvetTouch,Beauty,2026-04-28,288,10080.0,0.0174,0.0033,0.0141,0.0466,4.76,0.69,86.2
VelvetTouch,Beauty,2026-05-05,219,7665.0,0.0175,0.0042,0.0071,0.0255,4.66,0.62,91.2
VelvetTouch,Beauty,2026-05-12,238,8330.0,0.0066,0.0019,0.0145,0.0339,4.51,0.42,89.6
VelvetTouch,Beauty,2026-05-19,135,4725.0,0.0172,0.0017,0.0138,0.0236,4.38,0.78,90.6
VelvetTouch,Beauty,2026-05-26,142,4970.0,0.0154,0.0049,0.0062,0.032,4.41,0.45,89.9
VelvetTouch,Beauty,2026-06-02,187,6545.0,0.0098,0.0024,0.0073,0.0243,4.54,0.78,93.5
VelvetTouch,Beauty,2026-06-09,277,9695.0,0.0198,0.002,0.0052,0.0354,4.49,0.65,89.7
VelvetTouch,Beauty,2026-06-16,110,3850.0,0.0082,0.0039,0.0081,0.0249,4.59,0.51,91.9
VelvetTouch,Beauty,2026-06-23,270,9450.0,0.0073,0.0037,0.0091,0.0413,4.43,0.76,89.6
